{"type":"FeatureCollection","metadata":{"note":"OpenStreetMap chairlifts, gondolas, mixed lifts, and aerial tramways in New England. Not live cabins.","sourceUrl":"https://www.openstreetmap.org/copyright","fetchedAt":"2026-10-06","featureCount":388},"features":[{"type":"Feature","id":"aerialway-11388583","geometry":{"type":"LineString","coordinates":[[-70.81683,44.05898],[-70.81729,44.05875],[-70.81802,44.05838],[-70.81873,44.05801],[-70.81957,44.05758],[-70.82005,44.05734]]},"properties":{"group":"aerialway","dataStatus":"reference","color":"#c4b5fd","title":"Rabbit Run Triple","status":"Chairlift","details":"OpenStreetMap aerial lift. This is the lift line, not a live cabin.","provider":"OpenStreetMap","sourceUrl":"https://www.openstreetmap.org/way/11388583","aerialway":"chair_lift","osmId":11388583}},{"type":"Feature","id":"aerialway-11388584","geometry":{"type":"LineString","coordinates":[[-70.81638,44.05876],[-70.81653,44.05845],[-70.81675,44.05801],[-70.81711,44.0573],[-70.8174,44.05672],[-70.81771,44.05609],[-70.818,44.05551],[-70.81826,44.05499],[-70.81858,44.05436],[-70.81887,44.05378],[-70.81906,44.0534],[-70.8193,44.05292]]},"properties":{"group":"aerialway","dataStatus":"reference","color":"#c4b5fd","title":"Pine Quad","status":"Chairlift","details":"OpenStreetMap aerial lift. This is the lift line, not a live cabin.","provider":"OpenStreetMap","sourceUrl":"https://www.openstreetmap.org/way/11388584","aerialway":"chair_lift","osmId":11388584}},{"type":"Feature","id":"aerialway-11388586","geometry":{"type":"LineString","coordinates":[[-70.81471,44.05794],[-70.81529,44.05696],[-70.8157,44.05627],[-70.81622,44.05539],[-70.81674,44.0545],[-70.81743,44.05333],[-70.81795,44.05245],[-70.81834,44.05179],[-70.81866,44.05125],[-70.81869,44.0512],[-70.81873,44.05114],[-70.81876,44.05107],[-70.81897,44.05073],[-70.81948,44.04987],[-70.82,44.04898],[-70.82035,44.0484],[-70.82065,44.04789],[-70.82072,44.04776],[-70.82086,44.04753]]},"properties":{"group":"aerialway","dataStatus":"reference","color":"#c4b5fd","title":"Summit Express","status":"Chairlift","details":"OpenStreetMap aerial lift. This is the lift line, not a live cabin.","provider":"OpenStreetMap","sourceUrl":"https://www.openstreetmap.org/way/11388586","aerialway":"chair_lift","osmId":11388586}},{"type":"Feature","id":"aerialway-11388587","geometry":{"type":"LineString","coordinates":[[-70.80598,44.04902],[-70.80669,44.04894],[-70.80878,44.04868],[-70.80969,44.04857],[-70.81038,44.04849],[-70.81149,44.04835],[-70.81238,44.04825],[-70.81305,44.04816],[-70.81313,44.04815],[-70.81369,44.04809],[-70.8145,44.04799],[-70.81531,44.04789],[-70.81634,44.04776],[-70.81703,44.04768],[-70.81785,44.04758],[-70.81885,44.04746],[-70.81913,44.04743],[-70.82033,44.04728],[-70.82072,44.04723],[-70.82109,44.04719]]},"properties":{"group":"aerialway","dataStatus":"reference","color":"#c4b5fd","title":"Sunnyside Triple","status":"Chairlift","details":"OpenStreetMap aerial lift. This is the lift line, not a live cabin.","provider":"OpenStreetMap","sourceUrl":"https://www.openstreetmap.org/way/11388587","aerialway":"chair_lift","osmId":11388587}},{"type":"Feature","id":"aerialway-11460464","geometry":{"type":"LineString","coordinates":[[-70.70663,44.37933],[-70.70696,44.37884],[-70.70734,44.37828],[-70.70767,44.37778],[-70.70801,44.37729],[-70.70849,44.37658],[-70.70892,44.37594],[-70.70938,44.37526],[-70.70975,44.37471],[-70.71009,44.37422],[-70.71047,44.37365],[-70.71088,44.37304],[-70.71184,44.37162],[-70.71224,44.37103],[-70.71271,44.37033],[-70.71296,44.36996],[-70.71315,44.36957]]},"properties":{"group":"aerialway","dataStatus":"reference","color":"#c4b5fd","title":"Way Back Machine","status":"Chairlift","details":"OpenStreetMap aerial lift. This is the lift line, not a live cabin.","provider":"OpenStreetMap","sourceUrl":"https://www.openstreetmap.org/way/11460464","aerialway":"chair_lift","osmId":11460464}},{"type":"Feature","id":"aerialway-11460836","geometry":{"type":"LineString","coordinates":[[-70.39747,44.22354],[-70.39646,44.22303],[-70.39578,44.22262],[-70.39521,44.22223]]},"properties":{"group":"aerialway","dataStatus":"reference","color":"#c4b5fd","title":"Chairlift","status":"Chairlift","details":"OpenStreetMap aerial lift. This is the lift line, not a live cabin.","provider":"OpenStreetMap","sourceUrl":"https://www.openstreetmap.org/way/11460836","aerialway":"chair_lift","osmId":11460836}},{"type":"Feature","id":"aerialway-18796615","geometry":{"type":"LineString","coordinates":[[-71.36608,43.54058],[-71.36697,43.53957],[-71.36754,43.53893],[-71.36801,43.53838],[-71.36861,43.53769],[-71.36909,43.53713],[-71.36963,43.5365],[-71.37022,43.53579],[-71.37091,43.535],[-71.37159,43.5342],[-71.3723,43.53336],[-71.37306,43.53247],[-71.37374,43.53169],[-71.37416,43.53119],[-71.37476,43.5305],[-71.37552,43.52961],[-71.37602,43.52903],[-71.37684,43.52805],[-71.37749,43.52729],[-71.37806,43.52662],[-71.37844,43.52616]]},"properties":{"group":"aerialway","dataStatus":"reference","color":"#c4b5fd","title":"Panorama High Speed Quad","status":"Chairlift","details":"OpenStreetMap aerial lift. This is the lift line, not a live cabin.","provider":"OpenStreetMap","sourceUrl":"https://www.openstreetmap.org/way/18796615","aerialway":"chair_lift","osmId":18796615}},{"type":"Feature","id":"aerialway-18796617","geometry":{"type":"LineString","coordinates":[[-71.36718,43.54082],[-71.36793,43.54037],[-71.36832,43.54009],[-71.36891,43.53965],[-71.3694,43.53932],[-71.36999,43.53891],[-71.37065,43.53846],[-71.37207,43.53747]]},"properties":{"group":"aerialway","dataStatus":"reference","color":"#c4b5fd","title":"Ramrod Quad","status":"Chairlift","details":"OpenStreetMap aerial lift. This is the lift line, not a live cabin.","provider":"OpenStreetMap","sourceUrl":"https://www.openstreetmap.org/way/18796617","aerialway":"chair_lift","osmId":18796617}},{"type":"Feature","id":"aerialway-18805701","geometry":{"type":"LineString","coordinates":[[-71.36769,43.54219],[-71.36801,43.54226],[-71.36856,43.5424],[-71.36943,43.54259],[-71.37026,43.54275],[-71.3709,43.5429],[-71.37207,43.5431]]},"properties":{"group":"aerialway","dataStatus":"reference","color":"#c4b5fd","title":"Penny Pitou Silver Medal Quad","status":"Chairlift","details":"OpenStreetMap aerial lift. This is the lift line, not a live cabin.","provider":"OpenStreetMap","sourceUrl":"https://www.openstreetmap.org/way/18805701","aerialway":"chair_lift","osmId":18805701}},{"type":"Feature","id":"aerialway-18831702","geometry":{"type":"LineString","coordinates":[[-71.32556,44.8607],[-71.32258,44.85798],[-71.32176,44.85723],[-71.3176,44.85344]]},"properties":{"group":"aerialway","dataStatus":"reference","color":"#c4b5fd","title":"Chairlift","status":"Chairlift","details":"OpenStreetMap aerial lift. This is the lift line, not a live cabin.","provider":"OpenStreetMap","sourceUrl":"https://www.openstreetmap.org/way/18831702","aerialway":"chair_lift","osmId":18831702}},{"type":"Feature","id":"aerialway-18835574","geometry":{"type":"LineString","coordinates":[[-71.23788,44.26397],[-71.23744,44.26344],[-71.23681,44.26269],[-71.23619,44.262],[-71.23563,44.26138],[-71.23483,44.26049],[-71.23409,44.25968],[-71.23329,44.25879],[-71.23262,44.25805],[-71.23235,44.25774],[-71.23194,44.25728],[-71.2315,44.25678],[-71.23083,44.25601],[-71.23017,44.25526],[-71.22953,44.25454],[-71.22869,44.25359],[-71.22767,44.25247],[-71.22693,44.25165],[-71.22621,44.25082],[-71.22564,44.25021],[-71.22524,44.24978],[-71.22511,44.24964],[-71.22487,44.24938]]},"properties":{"group":"aerialway","dataStatus":"reference","color":"#c4b5fd","title":"Wildcat Express Quad","status":"Chairlift","details":"OpenStreetMap aerial lift. This is the lift line, not a live cabin.","provider":"OpenStreetMap","sourceUrl":"https://www.openstreetmap.org/way/18835574","aerialway":"chair_lift","osmId":18835574}},{"type":"Feature","id":"aerialway-18836420","geometry":{"type":"LineString","coordinates":[[-71.52879,43.96537],[-71.52944,43.96518],[-71.53006,43.96501],[-71.53094,43.96477],[-71.53202,43.96447],[-71.533,43.9642],[-71.53352,43.96405],[-71.53436,43.96382],[-71.53554,43.96349],[-71.53642,43.96325],[-71.53742,43.96297],[-71.53808,43.96279],[-71.5385,43.96267],[-71.53918,43.96248],[-71.54006,43.96224],[-71.54098,43.96199],[-71.54195,43.96171],[-71.54301,43.96142],[-71.54506,43.96085],[-71.54614,43.96055],[-71.54678,43.96038],[-71.54738,43.96021],[-71.54754,43.96017],[-71.54769,43.96012],[-71.54814,43.96]]},"properties":{"group":"aerialway","dataStatus":"reference","color":"#c4b5fd","title":"Tecumseh Express","status":"Chairlift","details":"OpenStreetMap aerial lift. This is the lift line, not a live cabin.","provider":"OpenStreetMap","sourceUrl":"https://www.openstreetmap.org/way/18836420","aerialway":"chair_lift","osmId":18836420}},{"type":"Feature","id":"aerialway-18836422","geometry":{"type":"LineString","coordinates":[[-71.52883,43.96458],[-71.52919,43.96428],[-71.53002,43.96372],[-71.53065,43.9633],[-71.53101,43.96305],[-71.53142,43.96277],[-71.53215,43.96228],[-71.53268,43.96192],[-71.53313,43.96162],[-71.53381,43.96115],[-71.53457,43.96064],[-71.53512,43.96027],[-71.53568,43.95989],[-71.53629,43.95947],[-71.53692,43.95905],[-71.53774,43.95849],[-71.53858,43.95793],[-71.53916,43.95753],[-71.53953,43.95728],[-71.53975,43.95713]]},"properties":{"group":"aerialway","dataStatus":"reference","color":"#c4b5fd","title":"Valley Run High Speed Quad","status":"Chairlift","details":"OpenStreetMap aerial lift. This is the lift line, not a live cabin.","provider":"OpenStreetMap","sourceUrl":"https://www.openstreetmap.org/way/18836422","aerialway":"chair_lift","osmId":18836422}},{"type":"Feature","id":"aerialway-18840637","geometry":{"type":"LineString","coordinates":[[-71.62894,44.05613],[-71.62891,44.05581],[-71.62889,44.05549],[-71.62885,44.05507],[-71.62882,44.05474],[-71.62876,44.05396],[-71.6287,44.05328],[-71.62863,44.05244],[-71.62857,44.05174],[-71.62851,44.05096],[-71.62845,44.0502],[-71.62838,44.04942],[-71.62833,44.04878],[-71.62829,44.04829],[-71.62823,44.04755],[-71.62818,44.04705]]},"properties":{"group":"aerialway","dataStatus":"reference","color":"#c4b5fd","title":"Seven Brothers Express Quad","status":"Chairlift","details":"OpenStreetMap aerial lift. This is the lift line, not a live cabin.","provider":"OpenStreetMap","sourceUrl":"https://www.openstreetmap.org/way/18840637","aerialway":"chair_lift","osmId":18840637}},{"type":"Feature","id":"aerialway-18840853","geometry":{"type":"LineString","coordinates":[[-71.62974,44.05652],[-71.62968,44.05611],[-71.62962,44.0556],[-71.62951,44.05478],[-71.62939,44.05386],[-71.62926,44.05288],[-71.62914,44.05195],[-71.62902,44.05107],[-71.62889,44.05001],[-71.62875,44.04893],[-71.62858,44.04768],[-71.62844,44.04656],[-71.62828,44.04534],[-71.62817,44.0445],[-71.62786,44.04213],[-71.6277,44.04089],[-71.62753,44.03961],[-71.62738,44.03849],[-71.62736,44.0383],[-71.62734,44.03817],[-71.62729,44.03778]]},"properties":{"group":"aerialway","dataStatus":"reference","color":"#c4b5fd","title":"White Mountain Express","status":"Gondola","details":"OpenStreetMap aerial lift. This is the lift line, not a live cabin.","provider":"OpenStreetMap","sourceUrl":"https://www.openstreetmap.org/way/18840853","aerialway":"gondola","osmId":18840853}},{"type":"Feature","id":"aerialway-19699124","geometry":{"type":"LineString","coordinates":[[-72.77567,44.53586],[-72.77581,44.53624],[-72.77597,44.53667],[-72.77621,44.53732],[-72.77656,44.53828],[-72.77664,44.5385],[-72.77698,44.53944],[-72.77713,44.53985],[-72.77717,44.53996],[-72.77728,44.54025],[-72.77738,44.54052],[-72.77762,44.54118],[-72.77787,44.54188],[-72.77806,44.5424],[-72.77852,44.54365],[-72.77886,44.54457],[-72.77909,44.54522],[-72.77942,44.5461],[-72.77954,44.54644],[-72.77986,44.54733],[-72.78006,44.54786],[-72.78019,44.54823],[-72.7804,44.54879],[-72.78051,44.54909],[-72.78074,44.54973],[-72.78078,44.54985],[-72.78108,44.55065],[-72.7811,44.55072],[-72.78112,44.55078],[-72.7812,44.551]]},"properties":{"group":"aerialway","dataStatus":"reference","color":"#c4b5fd","title":"Sensation Quad","status":"Chairlift","details":"OpenStreetMap aerial lift. This is the lift line, not a live cabin.","provider":"OpenStreetMap","sourceUrl":"https://www.openstreetmap.org/way/19699124","aerialway":"chair_lift","osmId":19699124}},{"type":"Feature","id":"aerialway-19699972","geometry":{"type":"LineString","coordinates":[[-72.77477,44.57295],[-72.7743,44.57262],[-72.77377,44.57224],[-72.77321,44.57183],[-72.77253,44.57134],[-72.77186,44.57085],[-72.77117,44.57035],[-72.7706,44.56994],[-72.7699,44.56943],[-72.76916,44.5689],[-72.76864,44.56853],[-72.76797,44.56804],[-72.76729,44.56755],[-72.76687,44.56725],[-72.76655,44.56701],[-72.76642,44.56692],[-72.76549,44.56625],[-72.76519,44.56603],[-72.7649,44.56583],[-72.76387,44.56509],[-72.76371,44.56497],[-72.76353,44.56484],[-72.76324,44.56463],[-72.76268,44.56423],[-72.76262,44.56418],[-72.76207,44.56379],[-72.76156,44.56342],[-72.76151,44.56338],[-72.76145,44.56334],[-72.7608,44.56287],[-72.7604,44.56258],[-72.76002,44.56231],[-72.7597,44.56208],[-72.75915,44.56169],[-72.75909,44.56164],[-72.75899,44.56157],[-72.75885,44.56147]]},"properties":{"group":"aerialway","dataStatus":"reference","color":"#c4b5fd","title":"Madonna 1 Lift","status":"Chairlift","details":"OpenStreetMap aerial lift. This is the lift line, not a live cabin.","provider":"OpenStreetMap","sourceUrl":"https://www.openstreetmap.org/way/19699972","aerialway":"chair_lift","osmId":19699972}},{"type":"Feature","id":"aerialway-19699974","geometry":{"type":"LineString","coordinates":[[-72.7762,44.57179],[-72.77617,44.57142],[-72.77611,44.57076],[-72.77604,44.57004],[-72.77598,44.56936],[-72.77591,44.56865],[-72.77584,44.56783],[-72.77576,44.56696],[-72.77571,44.5664],[-72.77561,44.56539],[-72.77557,44.56491],[-72.7755,44.56418],[-72.77546,44.56374],[-72.77544,44.56352],[-72.77541,44.56315],[-72.77535,44.5625],[-72.77528,44.5618],[-72.77527,44.56161],[-72.77519,44.56077],[-72.77514,44.56026],[-72.77508,44.55956],[-72.77504,44.55912],[-72.775,44.55877],[-72.77495,44.55816],[-72.77492,44.55787],[-72.7749,44.55766]]},"properties":{"group":"aerialway","dataStatus":"reference","color":"#c4b5fd","title":"Sterling Lift","status":"Chairlift","details":"OpenStreetMap aerial lift. This is the lift line, not a live cabin.","provider":"OpenStreetMap","sourceUrl":"https://www.openstreetmap.org/way/19699974","aerialway":"chair_lift","osmId":19699974}},{"type":"Feature","id":"aerialway-19699989","geometry":{"type":"LineString","coordinates":[[-72.78753,44.53116],[-72.78801,44.53127],[-72.78812,44.5313],[-72.78842,44.53137],[-72.78907,44.53153],[-72.79004,44.53177],[-72.79108,44.53202],[-72.79206,44.53226],[-72.79243,44.53235],[-72.79294,44.53247],[-72.79431,44.5328],[-72.79614,44.53324],[-72.79715,44.53349],[-72.79803,44.5337],[-72.79927,44.534],[-72.8007,44.53436],[-72.80223,44.53473],[-72.80334,44.53499],[-72.80442,44.53525],[-72.80577,44.53557],[-72.80683,44.53583],[-72.80827,44.53618],[-72.80986,44.53657],[-72.81046,44.53671],[-72.81062,44.53675],[-72.81195,44.53708],[-72.81366,44.53749],[-72.81383,44.53753],[-72.81421,44.53763]]},"properties":{"group":"aerialway","dataStatus":"reference","color":"#c4b5fd","title":"Gondola Skyride","status":"Gondola","details":"OpenStreetMap aerial lift. This is the lift line, not a live cabin.","provider":"OpenStreetMap","sourceUrl":"https://www.openstreetmap.org/way/19699989","aerialway":"gondola","osmId":19699989}},{"type":"Feature","id":"aerialway-19699990","geometry":{"type":"LineString","coordinates":[[-72.78603,44.52891],[-72.78636,44.52884],[-72.78677,44.52875],[-72.7872,44.52865],[-72.78822,44.52842],[-72.78968,44.52807],[-72.79061,44.52786],[-72.7919,44.52758],[-72.79318,44.52729],[-72.79414,44.52707],[-72.7956,44.52675],[-72.79658,44.52652],[-72.7978,44.52624],[-72.79965,44.52583],[-72.80115,44.52548],[-72.80216,44.52525],[-72.80322,44.52502],[-72.80411,44.52483],[-72.80502,44.52463],[-72.80594,44.52441],[-72.80657,44.52427],[-72.80726,44.52412],[-72.80758,44.52404],[-72.80794,44.52395]]},"properties":{"group":"aerialway","dataStatus":"reference","color":"#c4b5fd","title":"FourRunner Quad","status":"Chairlift","details":"OpenStreetMap aerial lift. This is the lift line, not a live cabin.","provider":"OpenStreetMap","sourceUrl":"https://www.openstreetmap.org/way/19699990","aerialway":"chair_lift","osmId":19699990}},{"type":"Feature","id":"aerialway-19699996","geometry":{"type":"LineString","coordinates":[[-72.76738,44.51074],[-72.76808,44.511],[-72.76892,44.51132],[-72.77006,44.51175],[-72.77135,44.51223],[-72.77252,44.51268],[-72.77393,44.51323],[-72.77553,44.51385],[-72.77697,44.51442],[-72.77842,44.51499],[-72.77965,44.51547],[-72.7806,44.51584],[-72.78192,44.51636],[-72.7835,44.51698],[-72.78507,44.51758],[-72.78635,44.51808],[-72.78725,44.51842],[-72.78888,44.51905]]},"properties":{"group":"aerialway","dataStatus":"reference","color":"#c4b5fd","title":"Toll House Double","status":"Chairlift","details":"OpenStreetMap aerial lift. This is the lift line, not a live cabin.","provider":"OpenStreetMap","sourceUrl":"https://www.openstreetmap.org/way/19699996","aerialway":"chair_lift","osmId":19699996}},{"type":"Feature","id":"aerialway-19718178","geometry":{"type":"LineString","coordinates":[[-72.9178,44.20267],[-72.91819,44.20305],[-72.91868,44.20355],[-72.91927,44.20412],[-72.91992,44.20477],[-72.92056,44.2054],[-72.92069,44.20554]]},"properties":{"group":"aerialway","dataStatus":"reference","color":"#c4b5fd","title":"Practice Slope Double","status":"Chairlift","details":"OpenStreetMap aerial lift. This is the lift line, not a live cabin.","provider":"OpenStreetMap","sourceUrl":"https://www.openstreetmap.org/way/19718178","aerialway":"chair_lift","osmId":19718178}},{"type":"Feature","id":"aerialway-19718489","geometry":{"type":"LineString","coordinates":[[-72.91942,44.20232],[-72.91952,44.20231],[-72.92003,44.20228],[-72.92136,44.20221],[-72.92259,44.20215],[-72.92305,44.20212],[-72.92414,44.20207],[-72.92559,44.20199],[-72.92687,44.20193],[-72.92835,44.20184],[-72.9291,44.20182],[-72.93009,44.20176],[-72.93153,44.20168],[-72.93313,44.20159],[-72.93413,44.20155],[-72.93456,44.20153],[-72.93476,44.20152]]},"properties":{"group":"aerialway","dataStatus":"reference","color":"#c4b5fd","title":"Sunnyside Double","status":"Chairlift","details":"OpenStreetMap aerial lift. This is the lift line, not a live cabin.","provider":"OpenStreetMap","sourceUrl":"https://www.openstreetmap.org/way/19718489","aerialway":"chair_lift","osmId":19718489}},{"type":"Feature","id":"aerialway-19720440","geometry":{"type":"LineString","coordinates":[[-72.92477,44.20241],[-72.92559,44.20274],[-72.92623,44.203],[-72.92726,44.20342],[-72.92813,44.20377],[-72.92943,44.2043],[-72.93018,44.20461],[-72.93113,44.20499],[-72.93229,44.20547]]},"properties":{"group":"aerialway","dataStatus":"reference","color":"#c4b5fd","title":"Birdland Double","status":"Chairlift","details":"OpenStreetMap aerial lift. This is the lift line, not a live cabin.","provider":"OpenStreetMap","sourceUrl":"https://www.openstreetmap.org/way/19720440","aerialway":"chair_lift","osmId":19720440}},{"type":"Feature","id":"aerialway-19721665","geometry":{"type":"LineString","coordinates":[[-72.91804,44.20227],[-72.91811,44.20222],[-72.91817,44.20216],[-72.91829,44.20206],[-72.91895,44.20151],[-72.91967,44.20091],[-72.92051,44.20021],[-72.92156,44.19932],[-72.92225,44.19875],[-72.92296,44.19816],[-72.92395,44.19733],[-72.92457,44.19681],[-72.92544,44.19608],[-72.92643,44.19524],[-72.92673,44.19499],[-72.92681,44.19493],[-72.92692,44.19483],[-72.92766,44.19422],[-72.92828,44.19369],[-72.92904,44.19306],[-72.92965,44.19255],[-72.93044,44.1919],[-72.93071,44.19167],[-72.93089,44.19153],[-72.93093,44.19149],[-72.93107,44.19138]]},"properties":{"group":"aerialway","dataStatus":"reference","color":"#c4b5fd","title":"Single Chair","status":"Chairlift","details":"OpenStreetMap aerial lift. This is the lift line, not a live cabin.","provider":"OpenStreetMap","sourceUrl":"https://www.openstreetmap.org/way/19721665","aerialway":"chair_lift","osmId":19721665}},{"type":"Feature","id":"aerialway-19723217","geometry":{"type":"LineString","coordinates":[[-72.89563,44.13646],[-72.89584,44.13656],[-72.89633,44.1368],[-72.89712,44.13718],[-72.89825,44.13774],[-72.89939,44.13829],[-72.90051,44.13884],[-72.90164,44.1394],[-72.90272,44.13992],[-72.90366,44.14038],[-72.90427,44.14068],[-72.90514,44.14111],[-72.90632,44.14168],[-72.90686,44.14195],[-72.90742,44.14222]]},"properties":{"group":"aerialway","dataStatus":"reference","color":"#c4b5fd","title":"Gate House Express Quad","status":"Chairlift","details":"OpenStreetMap aerial lift. This is the lift line, not a live cabin.","provider":"OpenStreetMap","sourceUrl":"https://www.openstreetmap.org/way/19723217","aerialway":"chair_lift","osmId":19723217}},{"type":"Feature","id":"aerialway-20061420","geometry":{"type":"LineString","coordinates":[[-73.47792,42.16906],[-73.4782,42.16875],[-73.47859,42.16832],[-73.47909,42.16776],[-73.47958,42.16721],[-73.48016,42.16656],[-73.48062,42.16605],[-73.48109,42.16552],[-73.4816,42.16495],[-73.4817,42.16484],[-73.48219,42.16429],[-73.48297,42.16343],[-73.48375,42.16255],[-73.48412,42.16214],[-73.48453,42.16169],[-73.48487,42.16131]]},"properties":{"group":"aerialway","dataStatus":"reference","color":"#c4b5fd","title":"Ridge Quad","status":"Chairlift","details":"OpenStreetMap aerial lift. This is the lift line, not a live cabin.","provider":"OpenStreetMap","sourceUrl":"https://www.openstreetmap.org/way/20061420","aerialway":"chair_lift","osmId":20061420}},{"type":"Feature","id":"aerialway-30907653","geometry":{"type":"LineString","coordinates":[[-72.89119,43.09713],[-72.89146,43.09712],[-72.89197,43.0971],[-72.89309,43.09706],[-72.89419,43.09702],[-72.89538,43.09697],[-72.89658,43.09693],[-72.8979,43.09688],[-72.89871,43.09685],[-72.89904,43.09684],[-72.90029,43.09679],[-72.90041,43.09679],[-72.90177,43.09674],[-72.90332,43.09668],[-72.9042,43.09665],[-72.90581,43.09659],[-72.90709,43.09654],[-72.90715,43.09654],[-72.90732,43.09654]]},"properties":{"group":"aerialway","dataStatus":"reference","color":"#c4b5fd","title":"Sunrise Express","status":"Chairlift","details":"OpenStreetMap aerial lift. This is the lift line, not a live cabin.","provider":"OpenStreetMap","sourceUrl":"https://www.openstreetmap.org/way/30907653","aerialway":"chair_lift","osmId":30907653}},{"type":"Feature","id":"aerialway-30907662","geometry":{"type":"LineString","coordinates":[[-72.90852,43.09623],[-72.90862,43.09622],[-72.90921,43.09617],[-72.90971,43.09613],[-72.9109,43.09602],[-72.91242,43.09588],[-72.91385,43.09575],[-72.91533,43.09562],[-72.91687,43.09548],[-72.91781,43.09539],[-72.9189,43.09529],[-72.91992,43.0952],[-72.92054,43.09514]]},"properties":{"group":"aerialway","dataStatus":"reference","color":"#c4b5fd","title":"Shooting Star","status":"Chairlift","details":"OpenStreetMap aerial lift. This is the lift line, not a live cabin.","provider":"OpenStreetMap","sourceUrl":"https://www.openstreetmap.org/way/30907662","aerialway":"chair_lift","osmId":30907662}},{"type":"Feature","id":"aerialway-30907676","geometry":{"type":"LineString","coordinates":[[-72.90819,43.10426],[-72.90867,43.1039],[-72.90878,43.10382],[-72.90952,43.10328],[-72.91042,43.10261],[-72.91123,43.10201],[-72.91209,43.10137],[-72.91312,43.10061],[-72.91413,43.09986],[-72.91509,43.09916],[-72.91557,43.0988],[-72.91609,43.09841],[-72.91717,43.09761],[-72.91804,43.09697],[-72.91923,43.09609],[-72.91956,43.09584],[-72.91984,43.09564]]},"properties":{"group":"aerialway","dataStatus":"reference","color":"#c4b5fd","title":"Ursa Express","status":"Chairlift","details":"OpenStreetMap aerial lift. This is the lift line, not a live cabin.","provider":"OpenStreetMap","sourceUrl":"https://www.openstreetmap.org/way/30907676","aerialway":"chair_lift","osmId":30907676}},{"type":"Feature","id":"aerialway-30907682","geometry":{"type":"LineString","coordinates":[[-72.90874,43.11274],[-72.9089,43.11248],[-72.90913,43.11211],[-72.90938,43.1117],[-72.90988,43.1109],[-72.91041,43.11007],[-72.91098,43.10918],[-72.91138,43.10855],[-72.91182,43.10785],[-72.91247,43.10683],[-72.91283,43.10625],[-72.91319,43.10569],[-72.91356,43.10511],[-72.91372,43.10485]]},"properties":{"group":"aerialway","dataStatus":"reference","color":"#c4b5fd","title":"American Express","status":"Chairlift","details":"OpenStreetMap aerial lift. This is the lift line, not a live cabin.","provider":"OpenStreetMap","sourceUrl":"https://www.openstreetmap.org/way/30907682","aerialway":"chair_lift","osmId":30907682}},{"type":"Feature","id":"aerialway-30907718","geometry":{"type":"LineString","coordinates":[[-72.91772,43.10778],[-72.91779,43.10756],[-72.91789,43.10724],[-72.9181,43.10658],[-72.91836,43.10572],[-72.91857,43.10505],[-72.91882,43.10425],[-72.91907,43.10343],[-72.91941,43.10235],[-72.91967,43.1015],[-72.92003,43.10034],[-72.9203,43.09946],[-72.92059,43.09854],[-72.92081,43.09783],[-72.92115,43.09673],[-72.92133,43.09614],[-72.92143,43.09581]]},"properties":{"group":"aerialway","dataStatus":"reference","color":"#c4b5fd","title":"Snow Bowl Express","status":"Chairlift","details":"OpenStreetMap aerial lift. This is the lift line, not a live cabin.","provider":"OpenStreetMap","sourceUrl":"https://www.openstreetmap.org/way/30907718","aerialway":"chair_lift","osmId":30907718}},{"type":"Feature","id":"aerialway-30907748","geometry":{"type":"LineString","coordinates":[[-72.90883,43.11347],[-72.90908,43.1131],[-72.90914,43.11301],[-72.90931,43.11275],[-72.90979,43.11207],[-72.91049,43.11105],[-72.91125,43.10995],[-72.91199,43.10886],[-72.91253,43.10809],[-72.91308,43.10728],[-72.91378,43.10626],[-72.91444,43.10531],[-72.91488,43.10466],[-72.91556,43.10368],[-72.9159,43.10319],[-72.91651,43.1023],[-72.91688,43.10176],[-72.91737,43.10105],[-72.91824,43.0998],[-72.91883,43.09893],[-72.9192,43.09839],[-72.91944,43.09804],[-72.92005,43.09716],[-72.92035,43.09673],[-72.92061,43.09635],[-72.92063,43.09631],[-72.92103,43.09575]]},"properties":{"group":"aerialway","dataStatus":"reference","color":"#c4b5fd","title":"Summit Gondola","status":"Gondola","details":"OpenStreetMap aerial lift. This is the lift line, not a live cabin.","provider":"OpenStreetMap","sourceUrl":"https://www.openstreetmap.org/way/30907748","aerialway":"gondola","osmId":30907748}},{"type":"Feature","id":"aerialway-30907754","geometry":{"type":"LineString","coordinates":[[-72.90754,43.11256],[-72.9077,43.11219],[-72.90785,43.11185],[-72.90816,43.11115],[-72.90846,43.11047],[-72.90875,43.1098],[-72.90908,43.10906],[-72.90943,43.10826],[-72.9097,43.1076],[-72.91005,43.10684],[-72.91033,43.10623],[-72.91049,43.10588],[-72.91052,43.1058],[-72.91064,43.10555],[-72.91068,43.10544]]},"properties":{"group":"aerialway","dataStatus":"reference","color":"#c4b5fd","title":"South American","status":"Chairlift","details":"OpenStreetMap aerial lift. This is the lift line, not a live cabin.","provider":"OpenStreetMap","sourceUrl":"https://www.openstreetmap.org/way/30907754","aerialway":"chair_lift","osmId":30907754}},{"type":"Feature","id":"aerialway-30922669","geometry":{"type":"LineString","coordinates":[[-72.89051,43.09831],[-72.89091,43.09839],[-72.89145,43.0985],[-72.89219,43.09864],[-72.893,43.0988],[-72.89395,43.09899],[-72.89498,43.09919],[-72.89602,43.09939],[-72.89703,43.09959],[-72.89909,43.1],[-72.90011,43.1002],[-72.90133,43.10044],[-72.90257,43.10068],[-72.90445,43.10105],[-72.90544,43.10125],[-72.9059,43.10134],[-72.90656,43.10147],[-72.90701,43.10155],[-72.90724,43.1016]]},"properties":{"group":"aerialway","dataStatus":"reference","color":"#c4b5fd","title":"Solstice","status":"Chairlift","details":"OpenStreetMap aerial lift. This is the lift line, not a live cabin.","provider":"OpenStreetMap","sourceUrl":"https://www.openstreetmap.org/way/30922669","aerialway":"chair_lift","osmId":30922669}},{"type":"Feature","id":"aerialway-30928467","geometry":{"type":"LineString","coordinates":[[-72.94591,41.88418],[-72.94544,41.88395],[-72.9453,41.88389],[-72.94471,41.88362],[-72.94422,41.8834],[-72.94325,41.88296],[-72.94309,41.8829],[-72.94231,41.88254],[-72.94217,41.88248],[-72.94156,41.88221],[-72.94137,41.88212],[-72.94079,41.88186],[-72.94055,41.88175]]},"properties":{"group":"aerialway","dataStatus":"reference","color":"#c4b5fd","title":"Triple Barrel","status":"Chairlift","details":"OpenStreetMap aerial lift. This is the lift line, not a live cabin.","provider":"OpenStreetMap","sourceUrl":"https://www.openstreetmap.org/way/30928467","aerialway":"chair_lift","osmId":30928467}},{"type":"Feature","id":"aerialway-32220826","geometry":{"type":"LineString","coordinates":[[-72.91992,44.16668],[-72.92034,44.16639],[-72.92079,44.1661],[-72.92126,44.16579],[-72.9222,44.16516],[-72.92315,44.16453],[-72.92418,44.16385],[-72.92485,44.1634],[-72.92579,44.16278],[-72.9264,44.16237],[-72.92724,44.16181],[-72.92813,44.16122],[-72.92883,44.16075],[-72.92898,44.16065],[-72.92913,44.16055]]},"properties":{"group":"aerialway","dataStatus":"reference","color":"#c4b5fd","title":"Summit Quad","status":"Chairlift","details":"OpenStreetMap aerial lift. This is the lift line, not a live cabin.","provider":"OpenStreetMap","sourceUrl":"https://www.openstreetmap.org/way/32220826","aerialway":"chair_lift","osmId":32220826}},{"type":"Feature","id":"aerialway-32220836","geometry":{"type":"LineString","coordinates":[[-72.90057,44.17718],[-72.9013,44.17679],[-72.90166,44.1766],[-72.9026,44.1761],[-72.90333,44.1757],[-72.90425,44.17522],[-72.90498,44.17482],[-72.90572,44.17443],[-72.90662,44.17395],[-72.90777,44.17333],[-72.90843,44.17298],[-72.90932,44.17251],[-72.91032,44.17197],[-72.91102,44.1716],[-72.91121,44.1715],[-72.91237,44.17088],[-72.91327,44.1704],[-72.91437,44.16981],[-72.91522,44.16936],[-72.91629,44.16879],[-72.91754,44.16812],[-72.91831,44.16771],[-72.91879,44.16745],[-72.9192,44.16723]]},"properties":{"group":"aerialway","dataStatus":"reference","color":"#c4b5fd","title":"Green Mountain Express Quad","status":"Chairlift","details":"OpenStreetMap aerial lift. This is the lift line, not a live cabin.","provider":"OpenStreetMap","sourceUrl":"https://www.openstreetmap.org/way/32220836","aerialway":"chair_lift","osmId":32220836}},{"type":"Feature","id":"aerialway-32220900","geometry":{"type":"LineString","coordinates":[[-72.91098,44.17217],[-72.91164,44.17189],[-72.91241,44.17157],[-72.91335,44.17117],[-72.9148,44.17056],[-72.91641,44.16987],[-72.91725,44.16952],[-72.91902,44.16877],[-72.9198,44.16844],[-72.92045,44.16817],[-72.92154,44.1677],[-72.92293,44.16711],[-72.92404,44.16664],[-72.92485,44.1663],[-72.92639,44.16565],[-72.92815,44.16491],[-72.9283,44.16484],[-72.92836,44.16481],[-72.92871,44.16467]]},"properties":{"group":"aerialway","dataStatus":"reference","color":"#c4b5fd","title":"North Ridge Express Quad","status":"Chairlift","details":"OpenStreetMap aerial lift. This is the lift line, not a live cabin.","provider":"OpenStreetMap","sourceUrl":"https://www.openstreetmap.org/way/32220900","aerialway":"chair_lift","osmId":32220900}},{"type":"Feature","id":"aerialway-32220921","geometry":{"type":"LineString","coordinates":[[-72.89959,44.17675],[-72.90013,44.17639],[-72.90073,44.17599],[-72.90145,44.1755],[-72.9022,44.17501],[-72.90294,44.17451],[-72.90377,44.17395],[-72.90455,44.17343],[-72.90531,44.17292],[-72.90557,44.17275]]},"properties":{"group":"aerialway","dataStatus":"reference","color":"#c4b5fd","title":"Sunshine Quad","status":"Chairlift","details":"OpenStreetMap aerial lift. This is the lift line, not a live cabin.","provider":"OpenStreetMap","sourceUrl":"https://www.openstreetmap.org/way/32220921","aerialway":"chair_lift","osmId":32220921}},{"type":"Feature","id":"aerialway-32221009","geometry":{"type":"LineString","coordinates":[[-72.90254,44.17736],[-72.90297,44.17735],[-72.90363,44.17732],[-72.90451,44.17729],[-72.90542,44.17726],[-72.90651,44.17722],[-72.9075,44.17719],[-72.90857,44.17715],[-72.90953,44.17712],[-72.91062,44.17708],[-72.91163,44.17705],[-72.91281,44.17701],[-72.91346,44.17699],[-72.91447,44.17695],[-72.91543,44.17692],[-72.91605,44.1769],[-72.91683,44.17687],[-72.91796,44.17683],[-72.91836,44.17682],[-72.91862,44.17681]]},"properties":{"group":"aerialway","dataStatus":"reference","color":"#c4b5fd","title":"Inverness Quad","status":"Chairlift","details":"OpenStreetMap aerial lift. This is the lift line, not a live cabin.","provider":"OpenStreetMap","sourceUrl":"https://www.openstreetmap.org/way/32221009","aerialway":"chair_lift","osmId":32221009}},{"type":"Feature","id":"aerialway-32504839","geometry":{"type":"LineString","coordinates":[[-72.94584,41.88472],[-72.94535,41.88449],[-72.94478,41.88422],[-72.94421,41.88394],[-72.94368,41.88369],[-72.94314,41.88344],[-72.94238,41.88307],[-72.94214,41.88296],[-72.94155,41.88268],[-72.94103,41.88243],[-72.94073,41.88229],[-72.9403,41.88208],[-72.94004,41.88196]]},"properties":{"group":"aerialway","dataStatus":"reference","color":"#c4b5fd","title":"Exhibition Quad","status":"Chairlift","details":"OpenStreetMap aerial lift. This is the lift line, not a live cabin.","provider":"OpenStreetMap","sourceUrl":"https://www.openstreetmap.org/way/32504839","aerialway":"chair_lift","osmId":32504839}},{"type":"Feature","id":"aerialway-32504851","geometry":{"type":"LineString","coordinates":[[-72.94724,41.88263],[-72.94705,41.88256],[-72.94679,41.88246],[-72.94637,41.88231],[-72.94587,41.88213],[-72.94562,41.88204],[-72.94546,41.88198]]},"properties":{"group":"aerialway","dataStatus":"reference","color":"#c4b5fd","title":"Sunnyside Express","status":"Chairlift","details":"OpenStreetMap aerial lift. This is the lift line, not a live cabin.","provider":"OpenStreetMap","sourceUrl":"https://www.openstreetmap.org/way/32504851","aerialway":"chair_lift","osmId":32504851}},{"type":"Feature","id":"aerialway-32584083","geometry":{"type":"LineString","coordinates":[[-72.89436,44.13757],[-72.8947,44.13782],[-72.89534,44.1383],[-72.89613,44.1389],[-72.89698,44.13954],[-72.89785,44.1402],[-72.89866,44.14082],[-72.89889,44.141]]},"properties":{"group":"aerialway","dataStatus":"reference","color":"#c4b5fd","title":"Village Quad","status":"Chairlift","details":"OpenStreetMap aerial lift. This is the lift line, not a live cabin.","provider":"OpenStreetMap","sourceUrl":"https://www.openstreetmap.org/way/32584083","aerialway":"chair_lift","osmId":32584083}},{"type":"Feature","id":"aerialway-32585146","geometry":{"type":"LineString","coordinates":[[-72.90846,44.1423],[-72.90916,44.1428],[-72.90981,44.14326],[-72.91042,44.14369],[-72.911,44.1441],[-72.91162,44.14454],[-72.91219,44.14494],[-72.91276,44.14536],[-72.91342,44.14582],[-72.91426,44.14643],[-72.91498,44.14694],[-72.9157,44.14745],[-72.91598,44.14764],[-72.9161,44.14773]]},"properties":{"group":"aerialway","dataStatus":"reference","color":"#c4b5fd","title":"North Lynx Triple","status":"Chairlift","details":"OpenStreetMap aerial lift. This is the lift line, not a live cabin.","provider":"OpenStreetMap","sourceUrl":"https://www.openstreetmap.org/way/32585146","aerialway":"chair_lift","osmId":32585146}},{"type":"Feature","id":"aerialway-32640398","geometry":{"type":"LineString","coordinates":[[-72.90332,43.11148],[-72.9035,43.11131],[-72.90375,43.11108],[-72.90409,43.11075],[-72.9046,43.11028],[-72.90514,43.10977],[-72.90572,43.10923],[-72.9061,43.10887],[-72.90613,43.10884],[-72.90669,43.1083],[-72.90715,43.10786],[-72.90743,43.10759],[-72.90807,43.10698],[-72.90858,43.10648],[-72.90905,43.10603],[-72.90949,43.10561],[-72.90986,43.10525]]},"properties":{"group":"aerialway","dataStatus":"reference","color":"#c4b5fd","title":"Tamarack","status":"Chairlift","details":"OpenStreetMap aerial lift. This is the lift line, not a live cabin.","provider":"OpenStreetMap","sourceUrl":"https://www.openstreetmap.org/way/32640398","aerialway":"chair_lift","osmId":32640398}},{"type":"Feature","id":"aerialway-32959270","geometry":{"type":"LineString","coordinates":[[-72.77265,43.59642],[-72.77319,43.59636],[-72.77392,43.59629],[-72.77514,43.59616],[-72.77655,43.59602],[-72.77737,43.59594],[-72.77853,43.59582],[-72.77992,43.59567],[-72.78147,43.59552],[-72.78282,43.59538],[-72.78397,43.59526],[-72.78421,43.59524]]},"properties":{"group":"aerialway","dataStatus":"reference","color":"#c4b5fd","title":"Sunrise Village Triple","status":"Chairlift","details":"OpenStreetMap aerial lift. This is the lift line, not a live cabin.","provider":"OpenStreetMap","sourceUrl":"https://www.openstreetmap.org/way/32959270","aerialway":"chair_lift","osmId":32959270}},{"type":"Feature","id":"aerialway-32959286","geometry":{"type":"LineString","coordinates":[[-72.7568,43.61456],[-72.75714,43.61456],[-72.75799,43.61458],[-72.75892,43.61461],[-72.75962,43.61463],[-72.76068,43.61465],[-72.76223,43.61469],[-72.76259,43.6147],[-72.76286,43.61471],[-72.76375,43.61473],[-72.76499,43.61476],[-72.76517,43.61477],[-72.7666,43.6148],[-72.76782,43.61483],[-72.76862,43.61485],[-72.76999,43.61489],[-72.77131,43.61492],[-72.77208,43.61494],[-72.77311,43.61497],[-72.77361,43.61498],[-72.77445,43.615],[-72.77555,43.61503],[-72.77671,43.61506],[-72.77806,43.61506],[-72.77931,43.61509],[-72.7805,43.61512],[-72.78158,43.61515],[-72.78308,43.61518],[-72.78452,43.61522],[-72.78526,43.61523],[-72.78609,43.61525]]},"properties":{"group":"aerialway","dataStatus":"reference","color":"#c4b5fd","title":"Skyeship Express Gondola Stage 1","status":"Gondola","details":"OpenStreetMap aerial lift. This is the lift line, not a live cabin.","provider":"OpenStreetMap","sourceUrl":"https://www.openstreetmap.org/way/32959286","aerialway":"gondola","osmId":32959286}},{"type":"Feature","id":"aerialway-32959391","geometry":{"type":"LineString","coordinates":[[-72.78609,43.61525],[-72.7871,43.61472],[-72.78796,43.61427],[-72.78857,43.61395],[-72.78914,43.61365],[-72.78994,43.61323],[-72.79094,43.6127],[-72.79195,43.61217],[-72.79283,43.61171],[-72.79375,43.61123],[-72.79461,43.61077],[-72.79536,43.61038],[-72.79601,43.61004],[-72.79689,43.60957],[-72.79718,43.60942],[-72.79822,43.60887],[-72.79876,43.60859],[-72.7993,43.60831],[-72.79994,43.60797],[-72.80031,43.60777],[-72.80038,43.60774],[-72.80044,43.60771],[-72.80075,43.60754]]},"properties":{"group":"aerialway","dataStatus":"reference","color":"#c4b5fd","title":"Skyeship Express Gondola Stage 2","status":"Gondola","details":"OpenStreetMap aerial lift. This is the lift line, not a live cabin.","provider":"OpenStreetMap","sourceUrl":"https://www.openstreetmap.org/way/32959391","aerialway":"gondola","osmId":32959391}},{"type":"Feature","id":"aerialway-32959705","geometry":{"type":"LineString","coordinates":[[-72.80347,43.61779],[-72.80399,43.61736],[-72.80481,43.61666],[-72.8056,43.61599],[-72.80622,43.61546],[-72.80725,43.61457],[-72.80791,43.614],[-72.80873,43.61329],[-72.80952,43.6126],[-72.81086,43.61144],[-72.81146,43.61091],[-72.81224,43.61024],[-72.81292,43.60965],[-72.8134,43.60923],[-72.81421,43.60854],[-72.81494,43.60791],[-72.81564,43.60731],[-72.81654,43.60652],[-72.81696,43.60616],[-72.81755,43.60567],[-72.81808,43.60523],[-72.81822,43.60513],[-72.81835,43.60502],[-72.81869,43.60474]]},"properties":{"group":"aerialway","dataStatus":"reference","color":"#c4b5fd","title":"K-1 Express Gondola","status":"Gondola","details":"OpenStreetMap aerial lift. This is the lift line, not a live cabin.","provider":"OpenStreetMap","sourceUrl":"https://www.openstreetmap.org/way/32959705","aerialway":"gondola","osmId":32959705}},{"type":"Feature","id":"aerialway-32959813","geometry":{"type":"LineString","coordinates":[[-72.79951,43.62588],[-72.79978,43.62588],[-72.8005,43.62586],[-72.80118,43.62585],[-72.80208,43.62584],[-72.80331,43.62581],[-72.80457,43.62579],[-72.80515,43.62578],[-72.80669,43.62575],[-72.80776,43.62573],[-72.80901,43.62571],[-72.81066,43.62568],[-72.81183,43.62565],[-72.81273,43.62563],[-72.81437,43.62561],[-72.81502,43.6256],[-72.81577,43.62558],[-72.81707,43.62556],[-72.81811,43.62554],[-72.8193,43.62552],[-72.81961,43.62552],[-72.81993,43.62551]]},"properties":{"group":"aerialway","dataStatus":"reference","color":"#c4b5fd","title":"Ramshead Express Quad","status":"Chairlift","details":"OpenStreetMap aerial lift. This is the lift line, not a live cabin.","provider":"OpenStreetMap","sourceUrl":"https://www.openstreetmap.org/way/32959813","aerialway":"chair_lift","osmId":32959813}},{"type":"Feature","id":"aerialway-32959881","geometry":{"type":"LineString","coordinates":[[-72.81792,43.61209],[-72.81815,43.61148],[-72.81843,43.6107],[-72.81873,43.6099],[-72.81901,43.60911],[-72.81909,43.60889],[-72.81925,43.60847],[-72.81956,43.60761],[-72.81975,43.60708],[-72.81996,43.6065],[-72.82004,43.6063]]},"properties":{"group":"aerialway","dataStatus":"reference","color":"#c4b5fd","title":"North Ridge Quad","status":"Chairlift","details":"OpenStreetMap aerial lift. This is the lift line, not a live cabin.","provider":"OpenStreetMap","sourceUrl":"https://www.openstreetmap.org/way/32959881","aerialway":"chair_lift","osmId":32959881}},{"type":"Feature","id":"aerialway-32959913","geometry":{"type":"LineString","coordinates":[[-72.7832,43.60267],[-72.78347,43.60275],[-72.78365,43.60281],[-72.78419,43.60297],[-72.78471,43.60313],[-72.78587,43.60349],[-72.7867,43.60375],[-72.78738,43.60396],[-72.78841,43.60428],[-72.78912,43.60449],[-72.78984,43.60472],[-72.79033,43.60487],[-72.79087,43.60503],[-72.79153,43.60524],[-72.79215,43.60543],[-72.79354,43.60586],[-72.79468,43.60621],[-72.7957,43.60653],[-72.79639,43.60674],[-72.79755,43.6071],[-72.79847,43.60738],[-72.79929,43.60764],[-72.79943,43.60768],[-72.79971,43.60777]]},"properties":{"group":"aerialway","dataStatus":"reference","color":"#c4b5fd","title":"Skye Peak Express Quad","status":"Chairlift","details":"OpenStreetMap aerial lift. This is the lift line, not a live cabin.","provider":"OpenStreetMap","sourceUrl":"https://www.openstreetmap.org/way/32959913","aerialway":"chair_lift","osmId":32959913}},{"type":"Feature","id":"aerialway-33101830","geometry":{"type":"LineString","coordinates":[[-72.79587,43.62522],[-72.79585,43.62474],[-72.79583,43.62435],[-72.7958,43.62372],[-72.79577,43.62317],[-72.79573,43.62237],[-72.7957,43.62165],[-72.79567,43.62104],[-72.79563,43.62032],[-72.7956,43.61967],[-72.79557,43.61898],[-72.79554,43.61842],[-72.79551,43.61774],[-72.79548,43.61715],[-72.79545,43.61662],[-72.79542,43.61604],[-72.7954,43.6155]]},"properties":{"group":"aerialway","dataStatus":"reference","color":"#c4b5fd","title":"Snowshed Express Quad","status":"Chairlift","details":"OpenStreetMap aerial lift. This is the lift line, not a live cabin.","provider":"OpenStreetMap","sourceUrl":"https://www.openstreetmap.org/way/33101830","aerialway":"chair_lift","osmId":33101830}},{"type":"Feature","id":"aerialway-33280742","geometry":{"type":"LineString","coordinates":[[-72.80445,43.62046],[-72.80537,43.62023],[-72.80653,43.61994],[-72.80789,43.6196],[-72.80922,43.61926],[-72.81065,43.6189],[-72.81186,43.61859],[-72.81334,43.61822],[-72.81403,43.61805],[-72.81485,43.61784],[-72.81579,43.6176],[-72.81712,43.61727],[-72.81914,43.61676],[-72.81988,43.61657]]},"properties":{"group":"aerialway","dataStatus":"reference","color":"#c4b5fd","title":"Snowdon Six","status":"Chairlift","details":"OpenStreetMap aerial lift. This is the lift line, not a live cabin.","provider":"OpenStreetMap","sourceUrl":"https://www.openstreetmap.org/way/33280742","aerialway":"chair_lift","osmId":33280742}},{"type":"Feature","id":"aerialway-43031389","geometry":{"type":"LineString","coordinates":[[-72.84832,44.4208],[-72.84774,44.42063],[-72.84691,44.42038],[-72.84627,44.42019],[-72.84504,44.41983],[-72.84392,44.4195],[-72.84326,44.4193],[-72.8426,44.4191],[-72.84215,44.41897]]},"properties":{"group":"aerialway","dataStatus":"reference","color":"#c4b5fd","title":"Mid Mountain","status":"Chairlift","details":"OpenStreetMap aerial lift. This is the lift line, not a live cabin.","provider":"OpenStreetMap","sourceUrl":"https://www.openstreetmap.org/way/43031389","aerialway":"chair_lift","osmId":43031389}},{"type":"Feature","id":"aerialway-43746400","geometry":{"type":"LineString","coordinates":[[-72.84894,44.4204],[-72.84838,44.42019],[-72.84763,44.41991],[-72.84663,44.41954],[-72.84563,44.41916],[-72.84455,44.41876],[-72.84336,44.41832],[-72.84218,44.41787],[-72.84107,44.41746],[-72.84019,44.41713],[-72.83883,44.41662],[-72.83803,44.41632],[-72.83662,44.4158],[-72.83536,44.41533],[-72.83476,44.4151],[-72.83437,44.41496]]},"properties":{"group":"aerialway","dataStatus":"reference","color":"#c4b5fd","title":"Vista Quad","status":"Chairlift","details":"OpenStreetMap aerial lift. This is the lift line, not a live cabin.","provider":"OpenStreetMap","sourceUrl":"https://www.openstreetmap.org/way/43746400","aerialway":"chair_lift","osmId":43746400}},{"type":"Feature","id":"aerialway-44077715","geometry":{"type":"LineString","coordinates":[[-72.72463,43.4155],[-72.72494,43.41543],[-72.72542,43.41533],[-72.72596,43.41521],[-72.72721,43.41492],[-72.7284,43.41466],[-72.7297,43.41437],[-72.73084,43.41411],[-72.73204,43.41384],[-72.7332,43.41358],[-72.73474,43.41324],[-72.7361,43.41293],[-72.7372,43.41269],[-72.73827,43.41245],[-72.7397,43.41213],[-72.74062,43.41192],[-72.74105,43.41183]]},"properties":{"group":"aerialway","dataStatus":"reference","color":"#c4b5fd","title":"Solitude Express Quad","status":"Chairlift","details":"OpenStreetMap aerial lift. This is the lift line, not a live cabin.","provider":"OpenStreetMap","sourceUrl":"https://www.openstreetmap.org/way/44077715","aerialway":"chair_lift","osmId":44077715}},{"type":"Feature","id":"aerialway-44077716","geometry":{"type":"LineString","coordinates":[[-72.71778,43.41865],[-72.71854,43.41842],[-72.71924,43.41822],[-72.72,43.418],[-72.7206,43.41783],[-72.72087,43.41775],[-72.72182,43.41747],[-72.72263,43.41723],[-72.72288,43.41716],[-72.72387,43.41687],[-72.72409,43.41681],[-72.72471,43.41663],[-72.72613,43.41621],[-72.72634,43.41616]]},"properties":{"group":"aerialway","dataStatus":"reference","color":"#c4b5fd","title":"Morning Star Triple","status":"Chairlift","details":"OpenStreetMap aerial lift. This is the lift line, not a live cabin.","provider":"OpenStreetMap","sourceUrl":"https://www.openstreetmap.org/way/44077716","aerialway":"chair_lift","osmId":44077716}},{"type":"Feature","id":"aerialway-44077717","geometry":{"type":"LineString","coordinates":[[-72.72537,43.4228],[-72.72564,43.42277],[-72.72575,43.42276],[-72.72629,43.4227],[-72.72676,43.42265],[-72.72788,43.42253],[-72.72885,43.42243],[-72.73037,43.42227],[-72.73188,43.42212],[-72.73321,43.42198],[-72.73417,43.42188],[-72.73591,43.42169],[-72.73738,43.42154],[-72.73843,43.42143],[-72.74033,43.42123],[-72.74068,43.42119],[-72.74112,43.42115]]},"properties":{"group":"aerialway","dataStatus":"reference","color":"#c4b5fd","title":"Quantum Six","status":"Chairlift","details":"OpenStreetMap aerial lift. This is the lift line, not a live cabin.","provider":"OpenStreetMap","sourceUrl":"https://www.openstreetmap.org/way/44077717","aerialway":"chair_lift","osmId":44077717}},{"type":"Feature","id":"aerialway-44077718","geometry":{"type":"LineString","coordinates":[[-72.71808,43.42242],[-72.71848,43.42251],[-72.71927,43.42271],[-72.72031,43.42296],[-72.72125,43.42319],[-72.72143,43.42324],[-72.72288,43.42359],[-72.72366,43.42378],[-72.725,43.42411],[-72.72579,43.42431],[-72.7265,43.42448],[-72.72704,43.42461]]},"properties":{"group":"aerialway","dataStatus":"reference","color":"#c4b5fd","title":"Coleman Brook Express Quad","status":"Chairlift","details":"OpenStreetMap aerial lift. This is the lift line, not a live cabin.","provider":"OpenStreetMap","sourceUrl":"https://www.openstreetmap.org/way/44077718","aerialway":"chair_lift","osmId":44077718}},{"type":"Feature","id":"aerialway-44077722","geometry":{"type":"LineString","coordinates":[[-72.73646,43.40179],[-72.73719,43.40197],[-72.73786,43.40213],[-72.73879,43.40235],[-72.73974,43.40258],[-72.74041,43.40274],[-72.74146,43.40299],[-72.74229,43.40319],[-72.74342,43.40347],[-72.74522,43.4039],[-72.74647,43.4042],[-72.74728,43.4044],[-72.74852,43.40469],[-72.74925,43.40487],[-72.74945,43.40492],[-72.74982,43.40501]]},"properties":{"group":"aerialway","dataStatus":"reference","color":"#c4b5fd","title":"Glades Peak Quad","status":"Chairlift","details":"OpenStreetMap aerial lift. This is the lift line, not a live cabin.","provider":"OpenStreetMap","sourceUrl":"https://www.openstreetmap.org/way/44077722","aerialway":"chair_lift","osmId":44077722}},{"type":"Feature","id":"aerialway-44077724","geometry":{"type":"LineString","coordinates":[[-72.72248,43.40398],[-72.7234,43.4041],[-72.7245,43.40424],[-72.7252,43.40434],[-72.72667,43.40453],[-72.72809,43.40471],[-72.72965,43.40492],[-72.73016,43.40498],[-72.73148,43.40516],[-72.73278,43.40533],[-72.73416,43.40551],[-72.73603,43.40576],[-72.73716,43.4059],[-72.7383,43.40605],[-72.73913,43.40616],[-72.73988,43.40626],[-72.7409,43.40639],[-72.74127,43.40644],[-72.7436,43.40675],[-72.74429,43.40684],[-72.74502,43.40693],[-72.74524,43.40696]]},"properties":{"group":"aerialway","dataStatus":"reference","color":"#c4b5fd","title":"Sunburst Six","status":"Chairlift","details":"OpenStreetMap aerial lift. This is the lift line, not a live cabin.","provider":"OpenStreetMap","sourceUrl":"https://www.openstreetmap.org/way/44077724","aerialway":"chair_lift","osmId":44077724}},{"type":"Feature","id":"aerialway-44136246","geometry":{"type":"LineString","coordinates":[[-72.84847,44.4216],[-72.84839,44.42161],[-72.84786,44.42165],[-72.84711,44.42171],[-72.84625,44.42178],[-72.84506,44.42188],[-72.84426,44.42194],[-72.84352,44.422],[-72.8426,44.42208],[-72.84139,44.42217],[-72.84045,44.42225],[-72.83943,44.42233],[-72.83835,44.42242],[-72.83702,44.42253],[-72.83608,44.4226],[-72.83435,44.42274],[-72.83401,44.42277],[-72.83394,44.42277],[-72.8336,44.4228],[-72.83226,44.42291],[-72.83186,44.42294],[-72.83096,44.42301],[-72.83081,44.42302],[-72.83067,44.42303],[-72.83047,44.42305]]},"properties":{"group":"aerialway","dataStatus":"reference","color":"#c4b5fd","title":"Wilderness","status":"Chairlift","details":"OpenStreetMap aerial lift. This is the lift line, not a live cabin.","provider":"OpenStreetMap","sourceUrl":"https://www.openstreetmap.org/way/44136246","aerialway":"chair_lift","osmId":44136246}},{"type":"Feature","id":"aerialway-44136482","geometry":{"type":"LineString","coordinates":[[-72.8501,44.42035],[-72.84957,44.41996],[-72.84892,44.41949],[-72.84835,44.41907],[-72.84742,44.4184],[-72.84704,44.41813],[-72.84673,44.41789],[-72.84628,44.41757]]},"properties":{"group":"aerialway","dataStatus":"reference","color":"#c4b5fd","title":"Snowflake","status":"Chairlift","details":"OpenStreetMap aerial lift. This is the lift line, not a live cabin.","provider":"OpenStreetMap","sourceUrl":"https://www.openstreetmap.org/way/44136482","aerialway":"chair_lift","osmId":44136482}},{"type":"Feature","id":"aerialway-44136506","geometry":{"type":"LineString","coordinates":[[-72.86404,44.41054],[-72.86355,44.41061],[-72.86275,44.41073],[-72.86203,44.41084],[-72.86115,44.41097],[-72.8604,44.41108],[-72.85935,44.41124],[-72.85834,44.41139],[-72.85713,44.41157],[-72.8563,44.41169],[-72.85528,44.41184],[-72.85459,44.41195],[-72.85444,44.41197],[-72.85335,44.41213],[-72.85261,44.41223],[-72.85167,44.41237],[-72.85081,44.4125],[-72.8504,44.41256]]},"properties":{"group":"aerialway","dataStatus":"reference","color":"#c4b5fd","title":"Timberline Quad","status":"Chairlift","details":"OpenStreetMap aerial lift. This is the lift line, not a live cabin.","provider":"OpenStreetMap","sourceUrl":"https://www.openstreetmap.org/way/44136506","aerialway":"chair_lift","osmId":44136506}},{"type":"Feature","id":"aerialway-44972460","geometry":{"type":"LineString","coordinates":[[-72.91655,44.13334],[-72.91707,44.13309],[-72.91807,44.1326],[-72.91855,44.13237],[-72.91972,44.1318],[-72.92145,44.13096],[-72.9224,44.1305],[-72.92366,44.12989],[-72.9246,44.12943],[-72.92539,44.12904],[-72.92682,44.12835],[-72.92773,44.12791],[-72.92782,44.12786],[-72.928,44.12778]]},"properties":{"group":"aerialway","dataStatus":"reference","color":"#c4b5fd","title":"Heaven's Gate Quad","status":"Chairlift","details":"OpenStreetMap aerial lift. This is the lift line, not a live cabin.","provider":"OpenStreetMap","sourceUrl":"https://www.openstreetmap.org/way/44972460","aerialway":"chair_lift","osmId":44972460}},{"type":"Feature","id":"aerialway-44972462","geometry":{"type":"LineString","coordinates":[[-72.91071,44.13605],[-72.9112,44.13619],[-72.91184,44.13638],[-72.91237,44.13654],[-72.91343,44.13686],[-72.91501,44.13733],[-72.91549,44.13748],[-72.91657,44.13779],[-72.91708,44.13793],[-72.91825,44.13826],[-72.91996,44.13875],[-72.92083,44.139],[-72.92171,44.13927],[-72.92352,44.13981],[-72.9249,44.14023],[-72.92632,44.14066],[-72.92679,44.1408],[-72.92694,44.14085],[-72.92706,44.14088],[-72.92726,44.14094]]},"properties":{"group":"aerialway","dataStatus":"reference","color":"#c4b5fd","title":"Castlerock Double","status":"Chairlift","details":"OpenStreetMap aerial lift. This is the lift line, not a live cabin.","provider":"OpenStreetMap","sourceUrl":"https://www.openstreetmap.org/way/44972462","aerialway":"chair_lift","osmId":44972462}},{"type":"Feature","id":"aerialway-44972466","geometry":{"type":"LineString","coordinates":[[-72.89615,44.13492],[-72.89665,44.13457],[-72.89737,44.13406],[-72.8981,44.13355],[-72.89896,44.13295],[-72.89987,44.13231],[-72.90076,44.13168],[-72.90174,44.13099],[-72.90272,44.13031],[-72.90372,44.12961],[-72.90472,44.12891],[-72.90565,44.12826],[-72.90568,44.12824],[-72.90572,44.12821],[-72.9059,44.12809]]},"properties":{"group":"aerialway","dataStatus":"reference","color":"#c4b5fd","title":"Valley House Quad","status":"Chairlift","details":"OpenStreetMap aerial lift. This is the lift line, not a live cabin.","provider":"OpenStreetMap","sourceUrl":"https://www.openstreetmap.org/way/44972466","aerialway":"chair_lift","osmId":44972466}},{"type":"Feature","id":"aerialway-44972468","geometry":{"type":"LineString","coordinates":[[-72.89616,44.13534],[-72.89639,44.13526],[-72.89701,44.13503],[-72.89786,44.13472],[-72.8988,44.13438],[-72.90021,44.13387],[-72.9011,44.13355],[-72.90225,44.13313],[-72.90298,44.13287],[-72.90396,44.13251],[-72.90485,44.13219],[-72.90607,44.13174],[-72.90693,44.13143],[-72.90776,44.13113],[-72.90892,44.13071],[-72.91019,44.13025],[-72.91172,44.1297],[-72.91304,44.12922],[-72.91409,44.12884],[-72.91431,44.12876],[-72.91443,44.12871],[-72.91471,44.12861]]},"properties":{"group":"aerialway","dataStatus":"reference","color":"#c4b5fd","title":"Super Bravo Express Quad","status":"Chairlift","details":"OpenStreetMap aerial lift. This is the lift line, not a live cabin.","provider":"OpenStreetMap","sourceUrl":"https://www.openstreetmap.org/way/44972468","aerialway":"chair_lift","osmId":44972468}},{"type":"Feature","id":"aerialway-44992147","geometry":{"type":"LineString","coordinates":[[-72.90958,44.17176],[-72.90957,44.17152],[-72.90953,44.17091],[-72.90949,44.1702],[-72.90947,44.16985],[-72.90946,44.16954],[-72.90944,44.16923],[-72.90941,44.16872],[-72.90934,44.16739],[-72.90928,44.1664],[-72.90923,44.16551],[-72.90915,44.16401],[-72.90914,44.16394],[-72.90912,44.16348],[-72.90905,44.16227],[-72.90904,44.16205],[-72.90903,44.16192],[-72.90895,44.16058],[-72.9089,44.15958],[-72.90882,44.15817],[-72.90882,44.15809],[-72.90874,44.15682],[-72.90868,44.15576],[-72.90864,44.15501],[-72.90856,44.1535],[-72.90849,44.15233],[-72.90847,44.15186],[-72.90842,44.15105],[-72.90837,44.15017],[-72.90836,44.14988],[-72.90834,44.14963],[-72.90833,44.1494],[-72.90828,44.14847],[-72.9082,44.14711],[-72.90817,44.14659],[-72.90812,44.14561],[-72.90804,44.14421],[-72.90799,44.14329],[-72.90797,44.14295],[-72.90796,44.14281]]},"properties":{"group":"aerialway","dataStatus":"reference","color":"#c4b5fd","title":"Slide Brook Express Quad","status":"Chairlift","details":"OpenStreetMap aerial lift. This is the lift line, not a live cabin.","provider":"OpenStreetMap","sourceUrl":"https://www.openstreetmap.org/way/44992147","aerialway":"chair_lift","osmId":44992147}},{"type":"Feature","id":"aerialway-46349729","geometry":{"type":"LineString","coordinates":[[-72.77376,44.57278],[-72.77339,44.57265],[-72.77294,44.57249],[-72.77237,44.57228],[-72.77168,44.57204],[-72.77099,44.57179],[-72.77031,44.57155],[-72.76954,44.57127],[-72.76864,44.57096],[-72.7678,44.57066],[-72.76696,44.57035],[-72.76611,44.57005],[-72.76518,44.56971],[-72.76439,44.56943],[-72.76338,44.56907],[-72.76269,44.56883],[-72.76175,44.56849],[-72.76108,44.56826],[-72.76055,44.56807],[-72.75957,44.56772],[-72.75898,44.56751],[-72.75829,44.56726],[-72.75814,44.56721],[-72.75802,44.56717]]},"properties":{"group":"aerialway","dataStatus":"reference","color":"#c4b5fd","title":"Madonna 2 Lift","status":"Chairlift","details":"OpenStreetMap aerial lift. This is the lift line, not a live cabin.","provider":"OpenStreetMap","sourceUrl":"https://www.openstreetmap.org/way/46349729","aerialway":"chair_lift","osmId":46349729}},{"type":"Feature","id":"aerialway-46349737","geometry":{"type":"LineString","coordinates":[[-72.78575,44.58852],[-72.78527,44.58832],[-72.78437,44.58795],[-72.78345,44.58757],[-72.78257,44.58721],[-72.78165,44.58683],[-72.78075,44.58646],[-72.7797,44.58603],[-72.77893,44.58571],[-72.77832,44.58546],[-72.77693,44.58489],[-72.77594,44.58448],[-72.77526,44.5842],[-72.77515,44.58416],[-72.77434,44.58382],[-72.77359,44.58352],[-72.77211,44.58291],[-72.77129,44.58257],[-72.77091,44.58241],[-72.76988,44.58199],[-72.76909,44.58166],[-72.76877,44.58154],[-72.76827,44.58136]]},"properties":{"group":"aerialway","dataStatus":"reference","color":"#c4b5fd","title":"Village Lift","status":"Chairlift","details":"OpenStreetMap aerial lift. This is the lift line, not a live cabin.","provider":"OpenStreetMap","sourceUrl":"https://www.openstreetmap.org/way/46349737","aerialway":"chair_lift","osmId":46349737}},{"type":"Feature","id":"aerialway-46350308","geometry":{"type":"LineString","coordinates":[[-72.78329,44.52848],[-72.78339,44.52841],[-72.78343,44.52838],[-72.78376,44.52818],[-72.78424,44.52786],[-72.78463,44.52761],[-72.78542,44.5271],[-72.78633,44.52652],[-72.78706,44.52605],[-72.78795,44.52548],[-72.7893,44.52462],[-72.79025,44.524],[-72.79116,44.52342],[-72.79232,44.52268],[-72.79319,44.52211],[-72.79401,44.52159],[-72.79499,44.52096],[-72.79559,44.52058],[-72.79579,44.52045]]},"properties":{"group":"aerialway","dataStatus":"reference","color":"#c4b5fd","title":"Sunrise","status":"Chairlift","details":"OpenStreetMap aerial lift. This is the lift line, not a live cabin.","provider":"OpenStreetMap","sourceUrl":"https://www.openstreetmap.org/way/46350308","aerialway":"chair_lift","osmId":46350308}},{"type":"Feature","id":"aerialway-46350437","geometry":{"type":"LineString","coordinates":[[-72.78449,44.52831],[-72.78495,44.52817],[-72.78538,44.52804],[-72.78584,44.5279],[-72.78619,44.52783],[-72.78684,44.52763],[-72.7886,44.52709],[-72.78908,44.52695],[-72.78994,44.52669],[-72.79148,44.52622],[-72.7942,44.52539],[-72.79549,44.525],[-72.7963,44.52476],[-72.79703,44.52453],[-72.79745,44.52441],[-72.79755,44.52438],[-72.79788,44.52428],[-72.79859,44.52406],[-72.79971,44.52372],[-72.80028,44.52355],[-72.801,44.52333],[-72.80118,44.52327],[-72.80138,44.52321],[-72.80166,44.52313],[-72.80182,44.52308],[-72.80191,44.52305],[-72.80211,44.52299]]},"properties":{"group":"aerialway","dataStatus":"reference","color":"#c4b5fd","title":"Lookout Double","status":"Chairlift","details":"OpenStreetMap aerial lift. This is the lift line, not a live cabin.","provider":"OpenStreetMap","sourceUrl":"https://www.openstreetmap.org/way/46350437","aerialway":"chair_lift","osmId":46350437}},{"type":"Feature","id":"aerialway-46351339","geometry":{"type":"LineString","coordinates":[[-72.78749,44.53065],[-72.78695,44.53064],[-72.78601,44.53064],[-72.78482,44.53063],[-72.7836,44.53063],[-72.7832,44.53063],[-72.78246,44.53062],[-72.78168,44.53062]]},"properties":{"group":"aerialway","dataStatus":"reference","color":"#c4b5fd","title":"Over Easy Transfer Gondola","status":"Gondola","details":"OpenStreetMap aerial lift. This is the lift line, not a live cabin.","provider":"OpenStreetMap","sourceUrl":"https://www.openstreetmap.org/way/46351339","aerialway":"gondola","osmId":46351339}},{"type":"Feature","id":"aerialway-46351474","geometry":{"type":"LineString","coordinates":[[-72.78122,44.53142],[-72.78125,44.53166],[-72.78132,44.53204],[-72.78144,44.53278],[-72.78157,44.53354],[-72.78171,44.53433],[-72.78176,44.53467],[-72.7818,44.5349],[-72.78199,44.53603],[-72.78205,44.53636],[-72.78226,44.53762],[-72.78242,44.53852],[-72.78253,44.53922],[-72.7828,44.54081],[-72.78285,44.54111],[-72.78287,44.5412],[-72.78293,44.54158]]},"properties":{"group":"aerialway","dataStatus":"reference","color":"#c4b5fd","title":"Sunny Spruce Quad","status":"Chairlift","details":"OpenStreetMap aerial lift. This is the lift line, not a live cabin.","provider":"OpenStreetMap","sourceUrl":"https://www.openstreetmap.org/way/46351474","aerialway":"chair_lift","osmId":46351474}},{"type":"Feature","id":"aerialway-46351503","geometry":{"type":"LineString","coordinates":[[-72.78006,44.53165],[-72.78011,44.53203],[-72.78017,44.53253],[-72.78023,44.53302],[-72.7803,44.53356],[-72.78037,44.5341],[-72.78045,44.53471],[-72.78051,44.53526],[-72.7806,44.53595],[-72.78064,44.53631]]},"properties":{"group":"aerialway","dataStatus":"reference","color":"#c4b5fd","title":"Meadows Quad","status":"Chairlift","details":"OpenStreetMap aerial lift. This is the lift line, not a live cabin.","provider":"OpenStreetMap","sourceUrl":"https://www.openstreetmap.org/way/46351503","aerialway":"chair_lift","osmId":46351503}},{"type":"Feature","id":"aerialway-46370296","geometry":{"type":"LineString","coordinates":[[-72.78576,44.58774],[-72.78555,44.58765],[-72.78512,44.58748],[-72.78419,44.5871],[-72.78358,44.58686],[-72.78262,44.58647],[-72.78183,44.58615],[-72.78101,44.58581],[-72.78021,44.58549],[-72.77936,44.58515],[-72.77864,44.58485],[-72.7779,44.58456],[-72.77725,44.58429],[-72.77665,44.58405],[-72.77572,44.58367],[-72.77463,44.58323],[-72.77439,44.58313],[-72.77372,44.58286],[-72.77244,44.58234],[-72.77168,44.58203],[-72.77128,44.58187],[-72.77101,44.58176],[-72.77082,44.58169],[-72.7705,44.58156],[-72.77043,44.58153]]},"properties":{"group":"aerialway","dataStatus":"reference","color":"#c4b5fd","title":"Mogul Mouse's Magic Lift","status":"Chairlift","details":"OpenStreetMap aerial lift. This is the lift line, not a live cabin.","provider":"OpenStreetMap","sourceUrl":"https://www.openstreetmap.org/way/46370296","aerialway":"chair_lift","osmId":46370296}},{"type":"Feature","id":"aerialway-46370886","geometry":{"type":"LineString","coordinates":[[-72.77434,44.58918],[-72.77424,44.5888],[-72.77398,44.58767],[-72.77384,44.58706],[-72.77372,44.58654],[-72.77369,44.58643],[-72.77357,44.58589],[-72.77351,44.58566],[-72.77345,44.58548]]},"properties":{"group":"aerialway","dataStatus":"reference","color":"#c4b5fd","title":"Morse Highlands Lift","status":"Chairlift","details":"OpenStreetMap aerial lift. This is the lift line, not a live cabin.","provider":"OpenStreetMap","sourceUrl":"https://www.openstreetmap.org/way/46370886","aerialway":"chair_lift","osmId":46370886}},{"type":"Feature","id":"aerialway-50766717","geometry":{"type":"LineString","coordinates":[[-70.5996,47.28817],[-70.59988,47.28807],[-70.60063,47.2878],[-70.6014,47.28752],[-70.60246,47.28714],[-70.60344,47.28679],[-70.60423,47.2865],[-70.60499,47.28623],[-70.6059,47.2859],[-70.60653,47.28567],[-70.6073,47.2854],[-70.60788,47.28519],[-70.60882,47.28485],[-70.60958,47.28457],[-70.61029,47.28432],[-70.61097,47.28408],[-70.61188,47.28375],[-70.61276,47.28343],[-70.61376,47.28307],[-70.61439,47.28284],[-70.61475,47.28271],[-70.61508,47.28259]]},"properties":{"group":"aerialway","dataStatus":"reference","color":"#c4b5fd","title":"Camp-Boule Express","status":"Chairlift","details":"OpenStreetMap aerial lift. This is the lift line, not a live cabin.","provider":"OpenStreetMap","sourceUrl":"https://www.openstreetmap.org/way/50766717","aerialway":"chair_lift","osmId":50766717}},{"type":"Feature","id":"aerialway-50766720","geometry":{"type":"LineString","coordinates":[[-70.57489,47.27469],[-70.57589,47.27468],[-70.57686,47.27467],[-70.57805,47.27465],[-70.579,47.27464],[-70.58008,47.27463],[-70.58072,47.27463],[-70.58263,47.27461],[-70.58322,47.2746],[-70.58348,47.2746],[-70.58369,47.2746],[-70.58428,47.27459],[-70.58624,47.27457],[-70.58701,47.27456],[-70.5878,47.27455],[-70.58872,47.27454],[-70.59051,47.27452],[-70.59169,47.27451],[-70.59308,47.27449],[-70.5946,47.27448],[-70.59554,47.27447],[-70.59705,47.27445],[-70.59867,47.27443],[-70.60007,47.27442],[-70.60215,47.27439],[-70.60311,47.27438],[-70.60408,47.27437],[-70.6053,47.27436],[-70.60585,47.27435],[-70.60637,47.27435]]},"properties":{"group":"aerialway","dataStatus":"reference","color":"#c4b5fd","title":"Maillard Express","status":"Chairlift","details":"OpenStreetMap aerial lift. This is the lift line, not a live cabin.","provider":"OpenStreetMap","sourceUrl":"https://www.openstreetmap.org/way/50766720","aerialway":"chair_lift","osmId":50766720}},{"type":"Feature","id":"aerialway-50766723","geometry":{"type":"LineString","coordinates":[[-70.57564,47.27784],[-70.57594,47.27785],[-70.57645,47.27785],[-70.57737,47.27787],[-70.57788,47.27788],[-70.57889,47.27789],[-70.5801,47.27791],[-70.58057,47.27792],[-70.58095,47.27792],[-70.58161,47.27793],[-70.58242,47.27795],[-70.58406,47.27797],[-70.58562,47.27799],[-70.58648,47.27801],[-70.5875,47.27802],[-70.58924,47.27805],[-70.59052,47.27807],[-70.59075,47.27807],[-70.59184,47.27809],[-70.59282,47.2781],[-70.59411,47.27812],[-70.59545,47.27814],[-70.59691,47.27817],[-70.59831,47.27819],[-70.59963,47.27821],[-70.60133,47.27823],[-70.60234,47.27825],[-70.60371,47.27827],[-70.60512,47.27829],[-70.60622,47.27831],[-70.60722,47.27832],[-70.60794,47.27834],[-70.60826,47.27834]]},"properties":{"group":"aerialway","dataStatus":"reference","color":"#c4b5fd","title":"Grande-Pointe Express","status":"Chairlift","details":"OpenStreetMap aerial lift. This is the lift line, not a live cabin.","provider":"OpenStreetMap","sourceUrl":"https://www.openstreetmap.org/way/50766723","aerialway":"chair_lift","osmId":50766723}},{"type":"Feature","id":"aerialway-52460237","geometry":{"type":"LineString","coordinates":[[-72.73997,43.39415],[-72.74051,43.39461],[-72.74115,43.39513],[-72.74149,43.39542],[-72.74202,43.39586],[-72.7421,43.39594],[-72.74319,43.39684],[-72.74402,43.39753],[-72.74493,43.39829],[-72.74554,43.3988],[-72.7464,43.39952],[-72.74751,43.40044],[-72.74772,43.40062],[-72.74814,43.40097],[-72.7484,43.40119],[-72.74855,43.40131],[-72.74881,43.40153],[-72.74905,43.40173],[-72.74952,43.40212],[-72.74985,43.40239],[-72.75069,43.40309],[-72.75108,43.40342],[-72.7513,43.4036]]},"properties":{"group":"aerialway","dataStatus":"reference","color":"#c4b5fd","title":"South Face Express Quad","status":"Chairlift","details":"OpenStreetMap aerial lift. This is the lift line, not a live cabin.","provider":"OpenStreetMap","sourceUrl":"https://www.openstreetmap.org/way/52460237","aerialway":"chair_lift","osmId":52460237}},{"type":"Feature","id":"aerialway-52460238","geometry":{"type":"LineString","coordinates":[[-72.71784,43.40229],[-72.7181,43.40259],[-72.71843,43.40296],[-72.71907,43.40366],[-72.71961,43.40427],[-72.72018,43.4049],[-72.72078,43.40558],[-72.72142,43.40628],[-72.72214,43.40709],[-72.72277,43.40779],[-72.72325,43.40833],[-72.7234,43.40849]]},"properties":{"group":"aerialway","dataStatus":"reference","color":"#c4b5fd","title":"South Ridge Quad B","status":"Chairlift","details":"OpenStreetMap aerial lift. This is the lift line, not a live cabin.","provider":"OpenStreetMap","sourceUrl":"https://www.openstreetmap.org/way/52460238","aerialway":"chair_lift","osmId":52460238}},{"type":"Feature","id":"aerialway-52460239","geometry":{"type":"LineString","coordinates":[[-72.71765,43.40236],[-72.71796,43.40273],[-72.71834,43.40317],[-72.71893,43.40388],[-72.71946,43.40451],[-72.71989,43.40503],[-72.72036,43.40558],[-72.72099,43.40635],[-72.72156,43.40704],[-72.72196,43.40752],[-72.72231,43.40794],[-72.72257,43.40825],[-72.72275,43.40847]]},"properties":{"group":"aerialway","dataStatus":"reference","color":"#c4b5fd","title":"South Ridge Quad A","status":"Chairlift","details":"OpenStreetMap aerial lift. This is the lift line, not a live cabin.","provider":"OpenStreetMap","sourceUrl":"https://www.openstreetmap.org/way/52460239","aerialway":"chair_lift","osmId":52460239}},{"type":"Feature","id":"aerialway-86468740","geometry":{"type":"LineString","coordinates":[[-71.54274,43.96524],[-71.54321,43.96481],[-71.54373,43.96435],[-71.54446,43.96369],[-71.54526,43.96298],[-71.54593,43.96238],[-71.54635,43.962],[-71.54688,43.96153],[-71.54712,43.96131],[-71.54751,43.96096],[-71.548,43.96053],[-71.54835,43.96021],[-71.54866,43.95993]]},"properties":{"group":"aerialway","dataStatus":"reference","color":"#c4b5fd","title":"Northside Double","status":"Chairlift","details":"OpenStreetMap aerial lift. This is the lift line, not a live cabin.","provider":"OpenStreetMap","sourceUrl":"https://www.openstreetmap.org/way/86468740","aerialway":"chair_lift","osmId":86468740}},{"type":"Feature","id":"aerialway-90943168","geometry":{"type":"LineString","coordinates":[[-71.88723,42.4992],[-71.88747,42.49896],[-71.88787,42.49856],[-71.88828,42.49814],[-71.88876,42.49766],[-71.88926,42.49716],[-71.89,42.49641]]},"properties":{"group":"aerialway","dataStatus":"reference","color":"#c4b5fd","title":"Vickery Bowl Triple","status":"Chairlift","details":"OpenStreetMap aerial lift. This is the lift line, not a live cabin.","provider":"OpenStreetMap","sourceUrl":"https://www.openstreetmap.org/way/90943168","aerialway":"chair_lift","osmId":90943168}},{"type":"Feature","id":"aerialway-90943173","geometry":{"type":"LineString","coordinates":[[-71.88513,42.50181],[-71.88505,42.50161],[-71.88489,42.50122],[-71.8847,42.50073],[-71.88446,42.50015],[-71.88424,42.49961],[-71.88401,42.49903],[-71.88378,42.49847],[-71.88355,42.4979],[-71.8833,42.49728],[-71.88304,42.49663],[-71.88287,42.49622],[-71.88272,42.49584]]},"properties":{"group":"aerialway","dataStatus":"reference","color":"#c4b5fd","title":"Monadnock Express Quad","status":"Chairlift","details":"OpenStreetMap aerial lift. This is the lift line, not a live cabin.","provider":"OpenStreetMap","sourceUrl":"https://www.openstreetmap.org/way/90943173","aerialway":"chair_lift","osmId":90943173}},{"type":"Feature","id":"aerialway-90943179","geometry":{"type":"LineString","coordinates":[[-71.88686,42.50194],[-71.88713,42.50168],[-71.88753,42.50127],[-71.88792,42.50088],[-71.8883,42.50051],[-71.88881,42.5],[-71.88934,42.49947],[-71.88984,42.49897],[-71.89033,42.49848],[-71.89091,42.4979],[-71.89144,42.49737],[-71.89219,42.49662],[-71.89287,42.49593],[-71.89353,42.49528],[-71.89411,42.49469],[-71.89445,42.49435]]},"properties":{"group":"aerialway","dataStatus":"reference","color":"#c4b5fd","title":"Minuteman Express Quad","status":"Chairlift","details":"OpenStreetMap aerial lift. This is the lift line, not a live cabin.","provider":"OpenStreetMap","sourceUrl":"https://www.openstreetmap.org/way/90943179","aerialway":"chair_lift","osmId":90943179}},{"type":"Feature","id":"aerialway-90943188","geometry":{"type":"LineString","coordinates":[[-71.88604,42.50143],[-71.88612,42.50078],[-71.88621,42.50003],[-71.88627,42.49959],[-71.88637,42.49877],[-71.88647,42.49788],[-71.88661,42.49678],[-71.88671,42.49593],[-71.88685,42.4948],[-71.88699,42.49361],[-71.8871,42.49274],[-71.8872,42.49192],[-71.8873,42.49104],[-71.88741,42.49012],[-71.88743,42.48995]]},"properties":{"group":"aerialway","dataStatus":"reference","color":"#c4b5fd","title":"Polar Express","status":"Chairlift","details":"OpenStreetMap aerial lift. This is the lift line, not a live cabin.","provider":"OpenStreetMap","sourceUrl":"https://www.openstreetmap.org/way/90943188","aerialway":"chair_lift","osmId":90943188}},{"type":"Feature","id":"aerialway-96906470","geometry":{"type":"LineString","coordinates":[[-72.78718,43.61537],[-72.78792,43.61503],[-72.78855,43.61473],[-72.7897,43.61419],[-72.79046,43.61383],[-72.79082,43.61366],[-72.79216,43.61303],[-72.79315,43.61256],[-72.79413,43.6121],[-72.79516,43.61161],[-72.79549,43.61146],[-72.79643,43.61101],[-72.79696,43.61077],[-72.79703,43.61074],[-72.79731,43.6106]]},"properties":{"group":"aerialway","dataStatus":"reference","color":"#c4b5fd","title":"Needle's Eye Express Quad","status":"Chairlift","details":"OpenStreetMap aerial lift. This is the lift line, not a live cabin.","provider":"OpenStreetMap","sourceUrl":"https://www.openstreetmap.org/way/96906470","aerialway":"chair_lift","osmId":96906470}},{"type":"Feature","id":"aerialway-105084501","geometry":{"type":"LineString","coordinates":[[-71.91541,44.58788],[-71.91497,44.58756],[-71.91443,44.58717],[-71.91389,44.58679],[-71.91335,44.5864],[-71.9128,44.58601],[-71.9123,44.58565],[-71.9115,44.58508],[-71.91137,44.58498],[-71.91075,44.58454],[-71.91018,44.58413],[-71.90952,44.58366],[-71.90886,44.58318],[-71.90809,44.58263],[-71.9074,44.58213],[-71.90671,44.58164],[-71.90609,44.5812],[-71.90512,44.58054]]},"properties":{"group":"aerialway","dataStatus":"reference","color":"#c4b5fd","title":"Sherburne Express","status":"Chairlift","details":"OpenStreetMap aerial lift. This is the lift line, not a live cabin.","provider":"OpenStreetMap","sourceUrl":"https://www.openstreetmap.org/way/105084501","aerialway":"chair_lift","osmId":105084501}},{"type":"Feature","id":"aerialway-105241452","geometry":{"type":"LineString","coordinates":[[-72.22178,45.31796],[-72.22269,45.3177],[-72.22342,45.31749],[-72.22381,45.31738],[-72.2245,45.31718],[-72.22555,45.31688],[-72.2265,45.31662],[-72.22787,45.31623],[-72.22922,45.31584],[-72.23023,45.31556],[-72.2316,45.31517],[-72.23219,45.315],[-72.23406,45.31446],[-72.23509,45.31416],[-72.23672,45.31368],[-72.23862,45.31311],[-72.23915,45.31295],[-72.2393,45.3129],[-72.23975,45.31277]]},"properties":{"group":"aerialway","dataStatus":"reference","color":"#c4b5fd","title":"3-Gondole Hybride","status":"Chairlift","details":"OpenStreetMap aerial lift. This is the lift line, not a live cabin.","provider":"OpenStreetMap","sourceUrl":"https://www.openstreetmap.org/way/105241452","aerialway":"chair_lift","osmId":105241452}},{"type":"Feature","id":"aerialway-120770582","geometry":{"type":"LineString","coordinates":[[-68.95722,44.78015],[-68.95744,44.78006],[-68.95789,44.77988],[-68.95851,44.77963],[-68.95917,44.77937],[-68.95987,44.7791],[-68.9603,44.77893],[-68.96084,44.77871],[-68.96141,44.77849],[-68.96201,44.77825],[-68.96241,44.77809]]},"properties":{"group":"aerialway","dataStatus":"reference","color":"#c4b5fd","title":"Chair Lift","status":"Chairlift","details":"OpenStreetMap aerial lift. This is the lift line, not a live cabin.","provider":"OpenStreetMap","sourceUrl":"https://www.openstreetmap.org/way/120770582","aerialway":"chair_lift","osmId":120770582}},{"type":"Feature","id":"aerialway-137778467","geometry":{"type":"LineString","coordinates":[[-70.30942,45.05279],[-70.30964,45.05228],[-70.30984,45.05175],[-70.31005,45.05122],[-70.31029,45.05064],[-70.31055,45.05],[-70.31078,45.04943],[-70.31102,45.04886],[-70.31126,45.04825],[-70.31147,45.04772],[-70.31177,45.04698],[-70.31206,45.04629],[-70.3123,45.04566],[-70.31241,45.04539],[-70.31262,45.04488],[-70.31266,45.0448]]},"properties":{"group":"aerialway","dataStatus":"reference","color":"#c4b5fd","title":"Double Runner East","status":"Chairlift","details":"OpenStreetMap aerial lift. This is the lift line, not a live cabin.","provider":"OpenStreetMap","sourceUrl":"https://www.openstreetmap.org/way/137778467","aerialway":"chair_lift","osmId":137778467}},{"type":"Feature","id":"aerialway-137778468","geometry":{"type":"LineString","coordinates":[[-70.31034,45.05382],[-70.31041,45.0537],[-70.31043,45.05366],[-70.31064,45.05328],[-70.31107,45.05247],[-70.31155,45.05159],[-70.31204,45.05066],[-70.31252,45.04974],[-70.31303,45.04883],[-70.31352,45.04788],[-70.31403,45.04693],[-70.31455,45.04595],[-70.31511,45.04492],[-70.31564,45.0439],[-70.31595,45.04333],[-70.31619,45.04288],[-70.31681,45.04172],[-70.31731,45.04078],[-70.3178,45.03987],[-70.3181,45.03931],[-70.31858,45.03841],[-70.31903,45.03756],[-70.31906,45.03751],[-70.31908,45.03747],[-70.31918,45.03727]]},"properties":{"group":"aerialway","dataStatus":"reference","color":"#c4b5fd","title":"Sugarloaf SuperQuad","status":"Chairlift","details":"OpenStreetMap aerial lift. This is the lift line, not a live cabin.","provider":"OpenStreetMap","sourceUrl":"https://www.openstreetmap.org/way/137778468","aerialway":"chair_lift","osmId":137778468}},{"type":"Feature","id":"aerialway-137778470","geometry":{"type":"LineString","coordinates":[[-70.31224,45.04471],[-70.3123,45.04459],[-70.31248,45.04421],[-70.31277,45.0436],[-70.31308,45.04295],[-70.31339,45.04228],[-70.31378,45.04147],[-70.31403,45.04093],[-70.31438,45.04018],[-70.31475,45.03939],[-70.31502,45.03881],[-70.31538,45.03805],[-70.31566,45.03745],[-70.31588,45.03699],[-70.31608,45.03656],[-70.31622,45.03626],[-70.31664,45.03538],[-70.31678,45.03505],[-70.31681,45.035],[-70.31682,45.03497],[-70.31685,45.03492]]},"properties":{"group":"aerialway","dataStatus":"reference","color":"#c4b5fd","title":"Skyline","status":"Chairlift","details":"OpenStreetMap aerial lift. This is the lift line, not a live cabin.","provider":"OpenStreetMap","sourceUrl":"https://www.openstreetmap.org/way/137778470","aerialway":"chair_lift","osmId":137778470}},{"type":"Feature","id":"aerialway-137778670","geometry":{"type":"LineString","coordinates":[[-70.3062,45.05342],[-70.3062,45.05331],[-70.30621,45.05326],[-70.30623,45.05291],[-70.30625,45.052],[-70.30627,45.05104],[-70.3063,45.05012],[-70.30632,45.04916],[-70.30635,45.04819],[-70.30638,45.04716],[-70.3064,45.04616],[-70.30643,45.04508],[-70.30645,45.04414],[-70.30648,45.04317],[-70.30651,45.04208],[-70.30654,45.04102],[-70.30653,45.04058],[-70.30653,45.04035]]},"properties":{"group":"aerialway","dataStatus":"reference","color":"#c4b5fd","title":"Whiffletree SuperQuad","status":"Chairlift","details":"OpenStreetMap aerial lift. This is the lift line, not a live cabin.","provider":"OpenStreetMap","sourceUrl":"https://www.openstreetmap.org/way/137778670","aerialway":"chair_lift","osmId":137778670}},{"type":"Feature","id":"aerialway-137778672","geometry":{"type":"LineString","coordinates":[[-70.30097,45.03985],[-70.30103,45.03981],[-70.30111,45.03976],[-70.30137,45.03959],[-70.30165,45.03941],[-70.30235,45.03892],[-70.30305,45.03845],[-70.30347,45.03816],[-70.30397,45.03782],[-70.30474,45.03729],[-70.30527,45.03692],[-70.3061,45.03635],[-70.30674,45.03591],[-70.30769,45.03526],[-70.30862,45.03462],[-70.30908,45.03431],[-70.30914,45.03427],[-70.30919,45.03423],[-70.3093,45.03415]]},"properties":{"group":"aerialway","dataStatus":"reference","color":"#c4b5fd","title":"King Pine","status":"Chairlift","details":"OpenStreetMap aerial lift. This is the lift line, not a live cabin.","provider":"OpenStreetMap","sourceUrl":"https://www.openstreetmap.org/way/137778672","aerialway":"chair_lift","osmId":137778672}},{"type":"Feature","id":"aerialway-137778674","geometry":{"type":"LineString","coordinates":[[-70.30742,45.05294],[-70.30757,45.05255],[-70.30777,45.05206],[-70.30802,45.05141],[-70.30826,45.05081],[-70.30839,45.05042]]},"properties":{"group":"aerialway","dataStatus":"reference","color":"#c4b5fd","title":"Skidway","status":"Chairlift","details":"OpenStreetMap aerial lift. This is the lift line, not a live cabin.","provider":"OpenStreetMap","sourceUrl":"https://www.openstreetmap.org/way/137778674","aerialway":"chair_lift","osmId":137778674}},{"type":"Feature","id":"aerialway-137778679","geometry":{"type":"LineString","coordinates":[[-70.32562,45.03904],[-70.32547,45.03894],[-70.32543,45.03892],[-70.32525,45.03879],[-70.32497,45.0386],[-70.32441,45.03823],[-70.32381,45.03783],[-70.32316,45.03738],[-70.3224,45.03688],[-70.32165,45.03637],[-70.32083,45.03581],[-70.32021,45.0354],[-70.31958,45.03498],[-70.31875,45.03442],[-70.31796,45.03388],[-70.3172,45.03337],[-70.3165,45.0329],[-70.31644,45.03286],[-70.31552,45.03224],[-70.31547,45.0322],[-70.31501,45.0319],[-70.31485,45.03179]]},"properties":{"group":"aerialway","dataStatus":"reference","color":"#c4b5fd","title":"Timberline","status":"Chairlift","details":"OpenStreetMap aerial lift. This is the lift line, not a live cabin.","provider":"OpenStreetMap","sourceUrl":"https://www.openstreetmap.org/way/137778679","aerialway":"chair_lift","osmId":137778679}},{"type":"Feature","id":"aerialway-137778680","geometry":{"type":"LineString","coordinates":[[-70.33549,45.06317],[-70.33541,45.06305],[-70.33506,45.06254],[-70.33482,45.06202],[-70.33446,45.06124],[-70.33411,45.06046],[-70.33372,45.05963],[-70.33333,45.05877],[-70.33296,45.05798],[-70.33267,45.05733],[-70.33225,45.05642],[-70.33183,45.05551],[-70.33146,45.05472],[-70.33105,45.05382],[-70.33087,45.05342],[-70.33076,45.0532],[-70.3305,45.05263],[-70.33026,45.05211]]},"properties":{"group":"aerialway","dataStatus":"reference","color":"#c4b5fd","title":"West Mountain","status":"Chairlift","details":"OpenStreetMap aerial lift. This is the lift line, not a live cabin.","provider":"OpenStreetMap","sourceUrl":"https://www.openstreetmap.org/way/137778680","aerialway":"chair_lift","osmId":137778680}},{"type":"Feature","id":"aerialway-137779428","geometry":{"type":"LineString","coordinates":[[-70.31252,45.06685],[-70.31239,45.06653],[-70.31211,45.06589],[-70.31181,45.06518],[-70.3115,45.06445],[-70.31119,45.06376],[-70.31091,45.06309],[-70.3106,45.06239],[-70.3103,45.06168],[-70.31,45.061],[-70.30971,45.06031],[-70.30948,45.05977],[-70.30933,45.05942],[-70.30931,45.05938]]},"properties":{"group":"aerialway","dataStatus":"reference","color":"#c4b5fd","title":"Snubber Lower","status":"Chairlift","details":"OpenStreetMap aerial lift. This is the lift line, not a live cabin.","provider":"OpenStreetMap","sourceUrl":"https://www.openstreetmap.org/way/137779428","aerialway":"chair_lift","osmId":137779428}},{"type":"Feature","id":"aerialway-137779429","geometry":{"type":"LineString","coordinates":[[-70.30736,45.05642],[-70.30741,45.05631],[-70.30754,45.05594],[-70.30766,45.05555],[-70.30794,45.05474],[-70.30816,45.05407],[-70.3084,45.05334],[-70.3085,45.05301],[-70.30853,45.05294]]},"properties":{"group":"aerialway","dataStatus":"reference","color":"#c4b5fd","title":"Sawduster","status":"Chairlift","details":"OpenStreetMap aerial lift. This is the lift line, not a live cabin.","provider":"OpenStreetMap","sourceUrl":"https://www.openstreetmap.org/way/137779429","aerialway":"chair_lift","osmId":137779429}},{"type":"Feature","id":"aerialway-140628525","geometry":{"type":"LineString","coordinates":[[-70.3095,45.05281],[-70.3097,45.05229],[-70.30991,45.05176],[-70.31012,45.05123],[-70.31036,45.05065],[-70.31062,45.05002],[-70.31086,45.04945],[-70.31108,45.04887],[-70.31133,45.04826],[-70.31154,45.04773],[-70.31184,45.04699],[-70.31212,45.04631],[-70.31238,45.04567],[-70.31248,45.04541],[-70.3127,45.04488],[-70.31273,45.04483],[-70.31273,45.04481],[-70.31309,45.04395],[-70.31346,45.04302],[-70.31378,45.04223],[-70.31398,45.04173],[-70.31402,45.04163],[-70.31403,45.04161],[-70.31405,45.04157]]},"properties":{"group":"aerialway","dataStatus":"reference","color":"#c4b5fd","title":"Doubble Runner West","status":"Chairlift","details":"OpenStreetMap aerial lift. This is the lift line, not a live cabin.","provider":"OpenStreetMap","sourceUrl":"https://www.openstreetmap.org/way/140628525","aerialway":"chair_lift","osmId":140628525}},{"type":"Feature","id":"aerialway-141914144","geometry":{"type":"LineString","coordinates":[[-72.54446,43.66531],[-72.54476,43.66504],[-72.54539,43.66447],[-72.54596,43.66396],[-72.54685,43.66316],[-72.54761,43.66247],[-72.54805,43.66208],[-72.54833,43.66183],[-72.54858,43.6616],[-72.54874,43.66146]]},"properties":{"group":"aerialway","dataStatus":"reference","color":"#c4b5fd","title":"2000' Quad Chair 1","status":"Chairlift","details":"OpenStreetMap aerial lift. This is the lift line, not a live cabin.","provider":"OpenStreetMap","sourceUrl":"https://www.openstreetmap.org/way/141914144","aerialway":"chair_lift","osmId":141914144}},{"type":"Feature","id":"aerialway-141914145","geometry":{"type":"LineString","coordinates":[[-72.54302,43.66437],[-72.54308,43.66415],[-72.54335,43.66324],[-72.54348,43.66278],[-72.5437,43.66204],[-72.54386,43.66148],[-72.54408,43.66073],[-72.54419,43.66035],[-72.54422,43.66025]]},"properties":{"group":"aerialway","dataStatus":"reference","color":"#c4b5fd","title":"1600' Double Chair 2","status":"Chairlift","details":"OpenStreetMap aerial lift. This is the lift line, not a live cabin.","provider":"OpenStreetMap","sourceUrl":"https://www.openstreetmap.org/way/141914145","aerialway":"chair_lift","osmId":141914145}},{"type":"Feature","id":"aerialway-143791582","geometry":{"type":"LineString","coordinates":[[-72.92551,41.58262],[-72.92586,41.5826],[-72.92665,41.58254],[-72.92757,41.58248],[-72.92844,41.58242],[-72.92912,41.58238],[-72.92974,41.58234],[-72.93069,41.58227],[-72.93121,41.58224],[-72.93153,41.58222],[-72.93188,41.58219],[-72.93237,41.58216],[-72.93252,41.58215],[-72.93273,41.58214]]},"properties":{"group":"aerialway","dataStatus":"reference","color":"#c4b5fd","title":"Thunderbolt Triple","status":"Chairlift","details":"OpenStreetMap aerial lift. This is the lift line, not a live cabin.","provider":"OpenStreetMap","sourceUrl":"https://www.openstreetmap.org/way/143791582","aerialway":"chair_lift","osmId":143791582}},{"type":"Feature","id":"aerialway-143791586","geometry":{"type":"LineString","coordinates":[[-72.92538,41.58188],[-72.92667,41.58173],[-72.92744,41.58163],[-72.92823,41.58154],[-72.92897,41.58145],[-72.92956,41.58138],[-72.92992,41.58133],[-72.9309,41.58122],[-72.93133,41.58116],[-72.93224,41.58106],[-72.93287,41.58098],[-72.93298,41.58097]]},"properties":{"group":"aerialway","dataStatus":"reference","color":"#c4b5fd","title":"Stardust Triple","status":"Chairlift","details":"OpenStreetMap aerial lift. This is the lift line, not a live cabin.","provider":"OpenStreetMap","sourceUrl":"https://www.openstreetmap.org/way/143791586","aerialway":"chair_lift","osmId":143791586}},{"type":"Feature","id":"aerialway-143791587","geometry":{"type":"LineString","coordinates":[[-72.92549,41.58211],[-72.92693,41.58196],[-72.92795,41.58186],[-72.92899,41.58175],[-72.92986,41.58166],[-72.93069,41.58157],[-72.93144,41.58149],[-72.93277,41.58135]]},"properties":{"group":"aerialway","dataStatus":"reference","color":"#c4b5fd","title":"Avalanche Double","status":"Chairlift","details":"OpenStreetMap aerial lift. This is the lift line, not a live cabin.","provider":"OpenStreetMap","sourceUrl":"https://www.openstreetmap.org/way/143791587","aerialway":"chair_lift","osmId":143791587}},{"type":"Feature","id":"aerialway-143791590","geometry":{"type":"LineString","coordinates":[[-72.92543,41.58079],[-72.92578,41.58066],[-72.92618,41.58051],[-72.92679,41.58029],[-72.92733,41.5801],[-72.9277,41.57996]]},"properties":{"group":"aerialway","dataStatus":"reference","color":"#c4b5fd","title":"Northstar Triple","status":"Chairlift","details":"OpenStreetMap aerial lift. This is the lift line, not a live cabin.","provider":"OpenStreetMap","sourceUrl":"https://www.openstreetmap.org/way/143791590","aerialway":"chair_lift","osmId":143791590}},{"type":"Feature","id":"aerialway-143792509","geometry":{"type":"LineString","coordinates":[[-73.32266,42.18254],[-73.32268,42.18208],[-73.3227,42.18176],[-73.32276,42.18062],[-73.3228,42.17983],[-73.32283,42.17929],[-73.32287,42.17841],[-73.32292,42.17741],[-73.32294,42.1771],[-73.32298,42.17625],[-73.32301,42.17567],[-73.32306,42.17478],[-73.32308,42.17434],[-73.3231,42.17403]]},"properties":{"group":"aerialway","dataStatus":"reference","color":"#c4b5fd","title":"Jane's Quad","status":"Chairlift","details":"OpenStreetMap aerial lift. This is the lift line, not a live cabin.","provider":"OpenStreetMap","sourceUrl":"https://www.openstreetmap.org/way/143792509","aerialway":"chair_lift","osmId":143792509}},{"type":"Feature","id":"aerialway-143792511","geometry":{"type":"LineString","coordinates":[[-73.3181,42.18333],[-73.31777,42.183],[-73.31727,42.18249],[-73.31667,42.18187],[-73.31603,42.18122],[-73.31537,42.18055],[-73.31473,42.17989],[-73.31406,42.17921],[-73.31372,42.17886]]},"properties":{"group":"aerialway","dataStatus":"reference","color":"#c4b5fd","title":"Cruiser Quad","status":"Chairlift","details":"OpenStreetMap aerial lift. This is the lift line, not a live cabin.","provider":"OpenStreetMap","sourceUrl":"https://www.openstreetmap.org/way/143792511","aerialway":"chair_lift","osmId":143792511}},{"type":"Feature","id":"aerialway-143792515","geometry":{"type":"LineString","coordinates":[[-73.32013,42.18336],[-73.32044,42.18343],[-73.32089,42.18352],[-73.32148,42.18364],[-73.32178,42.1837]]},"properties":{"group":"aerialway","dataStatus":"reference","color":"#c4b5fd","title":"Paddy Wagon","status":"Chairlift","details":"OpenStreetMap aerial lift. This is the lift line, not a live cabin.","provider":"OpenStreetMap","sourceUrl":"https://www.openstreetmap.org/way/143792515","aerialway":"chair_lift","osmId":143792515}},{"type":"Feature","id":"aerialway-143792517","geometry":{"type":"LineString","coordinates":[[-73.31943,42.18274],[-73.31926,42.18238],[-73.31901,42.18184],[-73.31868,42.18115],[-73.31828,42.18031],[-73.31792,42.17955],[-73.31763,42.17893],[-73.31737,42.17837],[-73.31712,42.17783],[-73.31671,42.17698],[-73.31631,42.17612],[-73.316,42.17546],[-73.31565,42.17473],[-73.31544,42.17428],[-73.31523,42.17382],[-73.31485,42.17301],[-73.31467,42.17265]]},"properties":{"group":"aerialway","dataStatus":"reference","color":"#c4b5fd","title":"Top Flight Quad","status":"Chairlift","details":"OpenStreetMap aerial lift. This is the lift line, not a live cabin.","provider":"OpenStreetMap","sourceUrl":"https://www.openstreetmap.org/way/143792517","aerialway":"chair_lift","osmId":143792517}},{"type":"Feature","id":"aerialway-143792519","geometry":{"type":"LineString","coordinates":[[-73.32068,42.18242],[-73.32064,42.18198],[-73.32061,42.18154],[-73.32055,42.18087],[-73.32048,42.18009],[-73.32042,42.1794],[-73.32034,42.17847],[-73.32026,42.17755],[-73.32018,42.17658],[-73.32009,42.17553],[-73.32001,42.17467],[-73.31998,42.17434]]},"properties":{"group":"aerialway","dataStatus":"reference","color":"#c4b5fd","title":"Highline Quad","status":"Chairlift","details":"OpenStreetMap aerial lift. This is the lift line, not a live cabin.","provider":"OpenStreetMap","sourceUrl":"https://www.openstreetmap.org/way/143792519","aerialway":"chair_lift","osmId":143792519}},{"type":"Feature","id":"aerialway-143792869","geometry":{"type":"LineString","coordinates":[[-71.68285,42.30112],[-71.68259,42.30075],[-71.68218,42.30018],[-71.68181,42.29967],[-71.68145,42.29917],[-71.68122,42.29884],[-71.68104,42.29861]]},"properties":{"group":"aerialway","dataStatus":"reference","color":"#c4b5fd","title":"Triple Chair","status":"Chairlift","details":"OpenStreetMap aerial lift. This is the lift line, not a live cabin.","provider":"OpenStreetMap","sourceUrl":"https://www.openstreetmap.org/way/143792869","aerialway":"chair_lift","osmId":143792869}},{"type":"Feature","id":"aerialway-143797779","geometry":{"type":"LineString","coordinates":[[-71.62872,44.05624],[-71.62869,44.0561],[-71.6286,44.05572],[-71.62848,44.0552],[-71.62842,44.05491],[-71.62828,44.05425],[-71.62814,44.05368],[-71.62809,44.05347]]},"properties":{"group":"aerialway","dataStatus":"reference","color":"#c4b5fd","title":"Little Sister Double","status":"Chairlift","details":"OpenStreetMap aerial lift. This is the lift line, not a live cabin.","provider":"OpenStreetMap","sourceUrl":"https://www.openstreetmap.org/way/143797779","aerialway":"chair_lift","osmId":143797779}},{"type":"Feature","id":"aerialway-143797791","geometry":{"type":"LineString","coordinates":[[-71.63549,44.05461],[-71.63565,44.0542],[-71.6358,44.05383],[-71.63616,44.05291],[-71.6363,44.05254],[-71.63665,44.05165],[-71.63679,44.05134]]},"properties":{"group":"aerialway","dataStatus":"reference","color":"#c4b5fd","title":"Kissin' Cousin Double","status":"Chairlift","details":"OpenStreetMap aerial lift. This is the lift line, not a live cabin.","provider":"OpenStreetMap","sourceUrl":"https://www.openstreetmap.org/way/143797791","aerialway":"chair_lift","osmId":143797791}},{"type":"Feature","id":"aerialway-143797792","geometry":{"type":"LineString","coordinates":[[-71.65161,44.0471],[-71.65116,44.04673],[-71.6508,44.04644],[-71.65018,44.04593],[-71.64938,44.04527],[-71.64843,44.04449],[-71.64748,44.04371],[-71.64678,44.04314],[-71.64598,44.04249],[-71.64515,44.0418],[-71.64436,44.04116],[-71.64342,44.04039],[-71.64302,44.04006],[-71.64248,44.03962],[-71.64218,44.03937],[-71.64115,44.03853],[-71.64043,44.03793],[-71.63985,44.03746],[-71.63889,44.03668],[-71.63882,44.03662],[-71.63851,44.03637]]},"properties":{"group":"aerialway","dataStatus":"reference","color":"#c4b5fd","title":"Lincoln Express Quad","status":"Chairlift","details":"OpenStreetMap aerial lift. This is the lift line, not a live cabin.","provider":"OpenStreetMap","sourceUrl":"https://www.openstreetmap.org/way/143797792","aerialway":"chair_lift","osmId":143797792}},{"type":"Feature","id":"aerialway-143797802","geometry":{"type":"LineString","coordinates":[[-71.6221,44.04736],[-71.622,44.04676],[-71.6219,44.04623],[-71.62174,44.0453],[-71.62157,44.04433],[-71.62145,44.0437],[-71.62137,44.04323],[-71.62125,44.04255],[-71.62105,44.04144],[-71.62089,44.04053],[-71.62074,44.03969],[-71.62059,44.03886],[-71.6204,44.0377],[-71.62022,44.03677],[-71.62002,44.03564],[-71.61996,44.03532],[-71.61995,44.03525],[-71.61992,44.03505]]},"properties":{"group":"aerialway","dataStatus":"reference","color":"#c4b5fd","title":"North Peak Express Quad","status":"Chairlift","details":"OpenStreetMap aerial lift. This is the lift line, not a live cabin.","provider":"OpenStreetMap","sourceUrl":"https://www.openstreetmap.org/way/143797802","aerialway":"chair_lift","osmId":143797802}},{"type":"Feature","id":"aerialway-143797803","geometry":{"type":"LineString","coordinates":[[-71.6233,44.04678],[-71.62353,44.04622],[-71.62374,44.04571],[-71.62408,44.04491],[-71.62436,44.04423],[-71.62463,44.04358],[-71.62477,44.04325],[-71.62504,44.0426],[-71.62535,44.04185],[-71.62557,44.04134],[-71.62589,44.04058],[-71.62622,44.03977],[-71.62651,44.03907],[-71.62681,44.03837],[-71.62706,44.03776]]},"properties":{"group":"aerialway","dataStatus":"reference","color":"#c4b5fd","title":"East Basin Double","status":"Chairlift","details":"OpenStreetMap aerial lift. This is the lift line, not a live cabin.","provider":"OpenStreetMap","sourceUrl":"https://www.openstreetmap.org/way/143797803","aerialway":"chair_lift","osmId":143797803}},{"type":"Feature","id":"aerialway-143871152","geometry":{"type":"LineString","coordinates":[[-73.27708,42.41867],[-73.27741,42.41827],[-73.27777,42.41785],[-73.27816,42.41738],[-73.27858,42.41689],[-73.279,42.41639],[-73.27945,42.41586],[-73.27986,42.41537],[-73.28023,42.41493],[-73.28045,42.41467],[-73.28097,42.41406]]},"properties":{"group":"aerialway","dataStatus":"reference","color":"#c4b5fd","title":"Blue Chair (Double)","status":"Chairlift","details":"OpenStreetMap aerial lift. This is the lift line, not a live cabin.","provider":"OpenStreetMap","sourceUrl":"https://www.openstreetmap.org/way/143871152","aerialway":"chair_lift","osmId":143871152}},{"type":"Feature","id":"aerialway-143873076","geometry":{"type":"LineString","coordinates":[[-73.28917,42.55442],[-73.28903,42.55401],[-73.28876,42.55323],[-73.28846,42.55236],[-73.28814,42.55143],[-73.28781,42.55047],[-73.28751,42.54957],[-73.28744,42.54939],[-73.28739,42.54923],[-73.28709,42.54837],[-73.28675,42.54736],[-73.28653,42.54672],[-73.28622,42.54582],[-73.28595,42.54502],[-73.28593,42.54496],[-73.28579,42.54457]]},"properties":{"group":"aerialway","dataStatus":"reference","color":"#c4b5fd","title":"Berkshire Express","status":"Chairlift","details":"OpenStreetMap aerial lift. This is the lift line, not a live cabin.","provider":"OpenStreetMap","sourceUrl":"https://www.openstreetmap.org/way/143873076","aerialway":"chair_lift","osmId":143873076}},{"type":"Feature","id":"aerialway-143873077","geometry":{"type":"LineString","coordinates":[[-73.28691,42.55214],[-73.28679,42.55181],[-73.28664,42.55142],[-73.28638,42.55072],[-73.2861,42.54994],[-73.28575,42.54899],[-73.2855,42.54832],[-73.28523,42.5476],[-73.28492,42.54676],[-73.28461,42.54593],[-73.28438,42.54531]]},"properties":{"group":"aerialway","dataStatus":"reference","color":"#c4b5fd","title":"Whitetail Quad","status":"Chairlift","details":"OpenStreetMap aerial lift. This is the lift line, not a live cabin.","provider":"OpenStreetMap","sourceUrl":"https://www.openstreetmap.org/way/143873077","aerialway":"chair_lift","osmId":143873077}},{"type":"Feature","id":"aerialway-143873081","geometry":{"type":"LineString","coordinates":[[-73.2848,42.55173],[-73.28439,42.55155],[-73.2837,42.55123],[-73.28273,42.55078],[-73.28184,42.55037],[-73.28069,42.54984],[-73.27952,42.54929],[-73.27887,42.54899],[-73.27747,42.54835],[-73.27632,42.54781],[-73.27609,42.5477],[-73.27603,42.54768]]},"properties":{"group":"aerialway","dataStatus":"reference","color":"#c4b5fd","title":"Widows White's Quad","status":"Chairlift","details":"OpenStreetMap aerial lift. This is the lift line, not a live cabin.","provider":"OpenStreetMap","sourceUrl":"https://www.openstreetmap.org/way/143873081","aerialway":"chair_lift","osmId":143873081}},{"type":"Feature","id":"aerialway-143873082","geometry":{"type":"LineString","coordinates":[[-73.28906,42.55449],[-73.28903,42.5544],[-73.28898,42.55426],[-73.28885,42.55391],[-73.28866,42.55337],[-73.28843,42.55272],[-73.28824,42.5522],[-73.28806,42.55171]]},"properties":{"group":"aerialway","dataStatus":"reference","color":"#c4b5fd","title":"Novice Chair","status":"Chairlift","details":"OpenStreetMap aerial lift. This is the lift line, not a live cabin.","provider":"OpenStreetMap","sourceUrl":"https://www.openstreetmap.org/way/143873082","aerialway":"chair_lift","osmId":143873082}},{"type":"Feature","id":"aerialway-143873083","geometry":{"type":"LineString","coordinates":[[-73.29081,42.55494],[-73.29078,42.55485],[-73.29069,42.55454],[-73.29054,42.55398],[-73.2904,42.55347],[-73.29029,42.55307],[-73.29017,42.55264],[-73.29007,42.5523],[-73.28993,42.55175],[-73.28981,42.55132],[-73.28954,42.55036],[-73.28946,42.55005],[-73.28921,42.54916],[-73.28909,42.54873],[-73.28905,42.54857],[-73.28895,42.54821],[-73.28873,42.54744],[-73.28844,42.54636],[-73.28811,42.54517],[-73.28796,42.54463],[-73.28793,42.54451],[-73.28786,42.54427],[-73.28783,42.54416],[-73.28779,42.544],[-73.28776,42.5439]]},"properties":{"group":"aerialway","dataStatus":"reference","color":"#c4b5fd","title":"Summit Triple","status":"Chairlift","details":"OpenStreetMap aerial lift. This is the lift line, not a live cabin.","provider":"OpenStreetMap","sourceUrl":"https://www.openstreetmap.org/way/143873083","aerialway":"chair_lift","osmId":143873083}},{"type":"Feature","id":"aerialway-143873084","geometry":{"type":"LineString","coordinates":[[-73.29118,42.55513],[-73.29124,42.55502],[-73.29127,42.55497],[-73.29134,42.55482],[-73.29162,42.55428],[-73.29193,42.55368],[-73.29225,42.55307],[-73.29246,42.55266],[-73.29262,42.55235],[-73.293,42.55162],[-73.29309,42.55146],[-73.2933,42.55105],[-73.29356,42.55054],[-73.29391,42.54988],[-73.29408,42.54954],[-73.29419,42.54934],[-73.2944,42.54893],[-73.29446,42.5488],[-73.29462,42.5485],[-73.29472,42.54831],[-73.29475,42.54825]]},"properties":{"group":"aerialway","dataStatus":"reference","color":"#c4b5fd","title":"Grand Slam Chair","status":"Chairlift","details":"OpenStreetMap aerial lift. This is the lift line, not a live cabin.","provider":"OpenStreetMap","sourceUrl":"https://www.openstreetmap.org/way/143873084","aerialway":"chair_lift","osmId":143873084}},{"type":"Feature","id":"aerialway-143874598","geometry":{"type":"LineString","coordinates":[[-72.9209,42.97012],[-72.92092,42.96982],[-72.92095,42.96949],[-72.92101,42.96881],[-72.92106,42.96815],[-72.92114,42.96733],[-72.92121,42.96651],[-72.92127,42.96581],[-72.92131,42.96529],[-72.92139,42.96436],[-72.92147,42.96347],[-72.92155,42.96259],[-72.92163,42.96161],[-72.92171,42.96072],[-72.92174,42.96038],[-72.92177,42.95998],[-72.92178,42.95984]]},"properties":{"group":"aerialway","dataStatus":"reference","color":"#c4b5fd","title":"Outpost #10","status":"Chairlift","details":"Mount Snow","provider":"OpenStreetMap","sourceUrl":"https://www.openstreetmap.org/way/143874598","aerialway":"chair_lift","osmId":143874598}},{"type":"Feature","id":"aerialway-143874599","geometry":{"type":"LineString","coordinates":[[-72.89155,42.95844],[-72.89216,42.95825],[-72.89301,42.95797],[-72.89412,42.95761],[-72.89442,42.95751],[-72.8957,42.9571],[-72.89662,42.9568],[-72.89763,42.95648],[-72.89877,42.95611],[-72.89989,42.95575],[-72.90114,42.95534],[-72.90227,42.95498],[-72.90362,42.95454],[-72.9048,42.95416],[-72.90595,42.95379],[-72.90705,42.95344],[-72.90799,42.95313],[-72.90818,42.95307]]},"properties":{"group":"aerialway","dataStatus":"reference","color":"#c4b5fd","title":"Nitro Express #2","status":"Chairlift","details":"Mount Snow","provider":"OpenStreetMap","sourceUrl":"https://www.openstreetmap.org/way/143874599","aerialway":"chair_lift","osmId":143874599}},{"type":"Feature","id":"aerialway-143874600","geometry":{"type":"LineString","coordinates":[[-72.89539,42.9674],[-72.89626,42.96716],[-72.89775,42.96672],[-72.89894,42.96637],[-72.90036,42.96595],[-72.90098,42.96577],[-72.90169,42.96556],[-72.90322,42.9651],[-72.90384,42.96494],[-72.90484,42.96464],[-72.90654,42.96414],[-72.90751,42.96386],[-72.90922,42.96335],[-72.9104,42.96301],[-72.91221,42.96248],[-72.91284,42.96229],[-72.91314,42.9622],[-72.91482,42.9617],[-72.91587,42.9614],[-72.91722,42.961],[-72.91849,42.96063],[-72.91956,42.96032],[-72.9196,42.9603],[-72.91965,42.96029],[-72.91984,42.96023]]},"properties":{"group":"aerialway","dataStatus":"reference","color":"#c4b5fd","title":"Bluebird Express #17","status":"Chairlift","details":"Mount Snow","provider":"OpenStreetMap","sourceUrl":"https://www.openstreetmap.org/way/143874600","aerialway":"chair_lift","osmId":143874600}},{"type":"Feature","id":"aerialway-143874601","geometry":{"type":"LineString","coordinates":[[-72.89508,42.96621],[-72.89525,42.96617],[-72.89539,42.96613],[-72.89582,42.96602],[-72.89633,42.96589],[-72.89708,42.96569],[-72.89785,42.96549],[-72.89864,42.96529],[-72.89914,42.96516],[-72.89997,42.96494],[-72.90064,42.96476],[-72.9014,42.96456],[-72.90214,42.96436],[-72.90294,42.96415],[-72.90387,42.96391],[-72.90478,42.96367],[-72.9056,42.96345],[-72.90647,42.96323],[-72.90807,42.96283],[-72.9089,42.96261],[-72.90956,42.96243],[-72.91094,42.96205]]},"properties":{"group":"aerialway","dataStatus":"reference","color":"#c4b5fd","title":"Ego Alley #12","status":"Chairlift","details":"Mount Snow","provider":"OpenStreetMap","sourceUrl":"https://www.openstreetmap.org/way/143874601","aerialway":"chair_lift","osmId":143874601}},{"type":"Feature","id":"aerialway-143874607","geometry":{"type":"LineString","coordinates":[[-72.89489,42.96679],[-72.89533,42.96667],[-72.89607,42.96646],[-72.89706,42.96619],[-72.89806,42.96591],[-72.89909,42.96563],[-72.89998,42.96538],[-72.90053,42.96523],[-72.90117,42.96505],[-72.9026,42.96467],[-72.90362,42.96439],[-72.90491,42.96403],[-72.90603,42.96371],[-72.90714,42.9634],[-72.90834,42.96307],[-72.90926,42.96281],[-72.91011,42.96258],[-72.91118,42.96228],[-72.9125,42.96192],[-72.91399,42.96154],[-72.91519,42.96121],[-72.91673,42.96078],[-72.91809,42.96041],[-72.91929,42.96008],[-72.91936,42.96005],[-72.91958,42.96]]},"properties":{"group":"aerialway","dataStatus":"reference","color":"#c4b5fd","title":"Grand Summit Express #11","status":"Chairlift","details":"Mount Snow","provider":"OpenStreetMap","sourceUrl":"https://www.openstreetmap.org/way/143874607","aerialway":"chair_lift","osmId":143874607}},{"type":"Feature","id":"aerialway-143874608","geometry":{"type":"LineString","coordinates":[[-72.91203,42.95038],[-72.91233,42.95057],[-72.91277,42.95087],[-72.91335,42.95131],[-72.91438,42.95218],[-72.91513,42.95281],[-72.91583,42.9534],[-72.91659,42.95404],[-72.91737,42.9547],[-72.91813,42.95534],[-72.91874,42.95586],[-72.91913,42.95618],[-72.91961,42.95659],[-72.92022,42.9571],[-72.92104,42.9578],[-72.92185,42.95848],[-72.92242,42.95896],[-72.92276,42.95925]]},"properties":{"group":"aerialway","dataStatus":"reference","color":"#c4b5fd","title":"Sunbrook Express #19","status":"Chairlift","details":"Mount Snow","provider":"OpenStreetMap","sourceUrl":"https://www.openstreetmap.org/way/143874608","aerialway":"chair_lift","osmId":143874608}},{"type":"Feature","id":"aerialway-143874613","geometry":{"type":"LineString","coordinates":[[-72.91159,42.95031],[-72.91146,42.95065],[-72.91127,42.95112],[-72.91101,42.95179],[-72.9108,42.95232],[-72.91064,42.95273],[-72.91053,42.953],[-72.91048,42.95313]]},"properties":{"group":"aerialway","dataStatus":"reference","color":"#c4b5fd","title":"Beartrap #14","status":"Chairlift","details":"Mount Snow","provider":"OpenStreetMap","sourceUrl":"https://www.openstreetmap.org/way/143874613","aerialway":"chair_lift","osmId":143874613}},{"type":"Feature","id":"aerialway-143874614","geometry":{"type":"LineString","coordinates":[[-72.92033,42.97013],[-72.92033,42.96979],[-72.92034,42.96917],[-72.92035,42.96841],[-72.92036,42.96766],[-72.92038,42.96686],[-72.92039,42.96619],[-72.9204,42.96547],[-72.92041,42.96475],[-72.92042,42.96384],[-72.92044,42.96293],[-72.92045,42.96217],[-72.92046,42.96122],[-72.92047,42.96063],[-72.92048,42.96043]]},"properties":{"group":"aerialway","dataStatus":"reference","color":"#c4b5fd","title":"Challenger #18","status":"Chairlift","details":"Mount Snow","provider":"OpenStreetMap","sourceUrl":"https://www.openstreetmap.org/way/143874614","aerialway":"chair_lift","osmId":143874614}},{"type":"Feature","id":"aerialway-143874617","geometry":{"type":"LineString","coordinates":[[-72.89601,42.96816],[-72.89684,42.96798],[-72.89723,42.9679],[-72.89853,42.96761],[-72.89946,42.96741],[-72.9015,42.96697],[-72.90395,42.96644],[-72.90565,42.96607],[-72.90714,42.96574],[-72.9081,42.96553],[-72.90964,42.9652],[-72.91089,42.96493],[-72.91162,42.96477],[-72.91278,42.96452],[-72.91345,42.96437],[-72.91375,42.9643]]},"properties":{"group":"aerialway","dataStatus":"reference","color":"#c4b5fd","title":"Canyon Express #9","status":"Chairlift","details":"Mount Snow","provider":"OpenStreetMap","sourceUrl":"https://www.openstreetmap.org/way/143874617","aerialway":"chair_lift","osmId":143874617}},{"type":"Feature","id":"aerialway-143874619","geometry":{"type":"LineString","coordinates":[[-72.89141,42.95958],[-72.89169,42.95956],[-72.89241,42.95949],[-72.89329,42.95941],[-72.89418,42.95933],[-72.89511,42.95924],[-72.89584,42.95917],[-72.89662,42.95909],[-72.89743,42.95902],[-72.89815,42.95895],[-72.89914,42.95885],[-72.90009,42.95877],[-72.90112,42.95867],[-72.90181,42.9586],[-72.90241,42.95855],[-72.90286,42.9585],[-72.90318,42.95847]]},"properties":{"group":"aerialway","dataStatus":"reference","color":"#c4b5fd","title":"Heavy Metal #3","status":"Chairlift","details":"Mount Snow","provider":"OpenStreetMap","sourceUrl":"https://www.openstreetmap.org/way/143874619","aerialway":"chair_lift","osmId":143874619}},{"type":"Feature","id":"aerialway-143877545","geometry":{"type":"LineString","coordinates":[[-72.81142,43.61367],[-72.81157,43.61353],[-72.81189,43.61323],[-72.81253,43.61265],[-72.8131,43.61212],[-72.81354,43.61171],[-72.81451,43.61081],[-72.81512,43.61025],[-72.81576,43.60966],[-72.81626,43.60919],[-72.81687,43.60862],[-72.81749,43.60805],[-72.81815,43.60744],[-72.81911,43.60655],[-72.81935,43.60633]]},"properties":{"group":"aerialway","dataStatus":"reference","color":"#c4b5fd","title":"Canyon Quad","status":"Chairlift","details":"OpenStreetMap aerial lift. This is the lift line, not a live cabin.","provider":"OpenStreetMap","sourceUrl":"https://www.openstreetmap.org/way/143877545","aerialway":"chair_lift","osmId":143877545}},{"type":"Feature","id":"aerialway-143877547","geometry":{"type":"LineString","coordinates":[[-72.78429,43.60229],[-72.78464,43.60228],[-72.78535,43.60226],[-72.78609,43.60225],[-72.78689,43.60223],[-72.78767,43.60221],[-72.78851,43.60219],[-72.78923,43.60217],[-72.78996,43.60216],[-72.79081,43.60214],[-72.79158,43.60212],[-72.79247,43.6021],[-72.79323,43.60208],[-72.79372,43.60207],[-72.79387,43.60206]]},"properties":{"group":"aerialway","dataStatus":"reference","color":"#c4b5fd","title":"Bear Mountain Quad","status":"Chairlift","details":"OpenStreetMap aerial lift. This is the lift line, not a live cabin.","provider":"OpenStreetMap","sourceUrl":"https://www.openstreetmap.org/way/143877547","aerialway":"chair_lift","osmId":143877547}},{"type":"Feature","id":"aerialway-143897034","geometry":{"type":"LineString","coordinates":[[-71.52594,43.96434],[-71.52606,43.96425],[-71.52638,43.96402],[-71.52678,43.96373],[-71.52744,43.96324],[-71.52797,43.96285],[-71.5285,43.96246]]},"properties":{"group":"aerialway","dataStatus":"reference","color":"#c4b5fd","title":"Lower Meadows Double","status":"Chairlift","details":"OpenStreetMap aerial lift. This is the lift line, not a live cabin.","provider":"OpenStreetMap","sourceUrl":"https://www.openstreetmap.org/way/143897034","aerialway":"chair_lift","osmId":143897034}},{"type":"Feature","id":"aerialway-143897038","geometry":{"type":"LineString","coordinates":[[-71.53796,43.95868],[-71.53881,43.95877],[-71.53947,43.95883],[-71.54017,43.9589],[-71.54047,43.95893],[-71.54118,43.959],[-71.54206,43.95908],[-71.543,43.95917],[-71.54402,43.95927],[-71.54452,43.95932],[-71.54524,43.95939],[-71.54573,43.95944],[-71.54659,43.95952],[-71.54713,43.95958],[-71.54754,43.95962],[-71.54828,43.95969]]},"properties":{"group":"aerialway","dataStatus":"reference","color":"#c4b5fd","title":"Sunnyside Triple","status":"Chairlift","details":"OpenStreetMap aerial lift. This is the lift line, not a live cabin.","provider":"OpenStreetMap","sourceUrl":"https://www.openstreetmap.org/way/143897038","aerialway":"chair_lift","osmId":143897038}},{"type":"Feature","id":"aerialway-150810655","geometry":{"type":"LineString","coordinates":[[-72.87925,42.61918],[-72.8791,42.61885],[-72.87893,42.61847],[-72.87865,42.61793],[-72.87838,42.61739],[-72.8781,42.61684],[-72.87781,42.61627],[-72.87748,42.61564],[-72.8771,42.61489],[-72.87684,42.6144],[-72.87652,42.61378],[-72.87633,42.6134],[-72.87609,42.61293],[-72.87586,42.61248]]},"properties":{"group":"aerialway","dataStatus":"reference","color":"#c4b5fd","title":"Wilderness Peak Quad","status":"Chairlift","details":"OpenStreetMap aerial lift. This is the lift line, not a live cabin.","provider":"OpenStreetMap","sourceUrl":"https://www.openstreetmap.org/way/150810655","aerialway":"chair_lift","osmId":150810655}},{"type":"Feature","id":"aerialway-150810657","geometry":{"type":"LineString","coordinates":[[-72.87652,42.62124],[-72.87624,42.62092],[-72.87576,42.62036],[-72.87527,42.61978],[-72.87479,42.61925],[-72.87425,42.61866],[-72.87365,42.618],[-72.87307,42.61733],[-72.87279,42.617],[-72.87243,42.61662],[-72.87176,42.61592],[-72.87116,42.61525],[-72.87094,42.615],[-72.87061,42.61464],[-72.87043,42.61443],[-72.87022,42.6142]]},"properties":{"group":"aerialway","dataStatus":"reference","color":"#c4b5fd","title":"Summit Quad","status":"Chairlift","details":"OpenStreetMap aerial lift. This is the lift line, not a live cabin.","provider":"OpenStreetMap","sourceUrl":"https://www.openstreetmap.org/way/150810657","aerialway":"chair_lift","osmId":150810657}},{"type":"Feature","id":"aerialway-154925074","geometry":{"type":"LineString","coordinates":[[-72.89522,42.92239],[-72.8955,42.92241],[-72.8956,42.92241],[-72.89628,42.92245],[-72.89694,42.92248],[-72.8984,42.92256],[-72.8995,42.92262],[-72.90065,42.92268],[-72.90215,42.92276],[-72.9035,42.92283],[-72.90486,42.9229],[-72.90571,42.92295],[-72.90678,42.923],[-72.90736,42.92303],[-72.90852,42.9231],[-72.90939,42.92314],[-72.91042,42.9232],[-72.91154,42.92325],[-72.91228,42.92329],[-72.9124,42.9233],[-72.9136,42.92336],[-72.91389,42.92338],[-72.9149,42.92343],[-72.91499,42.92344],[-72.91527,42.92345]]},"properties":{"group":"aerialway","dataStatus":"reference","color":"#c4b5fd","title":"Barnstormer","status":"Chairlift","details":"OpenStreetMap aerial lift. This is the lift line, not a live cabin.","provider":"OpenStreetMap","sourceUrl":"https://www.openstreetmap.org/way/154925074","aerialway":"chair_lift","osmId":154925074}},{"type":"Feature","id":"aerialway-154925104","geometry":{"type":"LineString","coordinates":[[-72.90393,42.9194],[-72.9041,42.91941],[-72.90468,42.91941],[-72.90572,42.91941],[-72.9069,42.91941],[-72.90797,42.91942],[-72.9093,42.91942],[-72.91022,42.91942],[-72.91092,42.91943],[-72.91127,42.91943]]},"properties":{"group":"aerialway","dataStatus":"reference","color":"#c4b5fd","title":"The Witches","status":"Chairlift","details":"OpenStreetMap aerial lift. This is the lift line, not a live cabin.","provider":"OpenStreetMap","sourceUrl":"https://www.openstreetmap.org/way/154925104","aerialway":"chair_lift","osmId":154925104}},{"type":"Feature","id":"aerialway-158306409","geometry":{"type":"LineString","coordinates":[[-71.711,44.17921],[-71.711,44.17881],[-71.711,44.17808],[-71.71099,44.17735],[-71.71095,44.17656],[-71.71094,44.17565],[-71.71094,44.17496],[-71.71094,44.17399],[-71.71092,44.17315],[-71.7109,44.17205],[-71.71088,44.17137],[-71.71088,44.17046],[-71.71087,44.16964],[-71.71085,44.16872],[-71.71085,44.16864]]},"properties":{"group":"aerialway","dataStatus":"reference","color":"#c4b5fd","title":"Mittersill Double","status":"Chairlift","details":"Cannon Mountain","provider":"OpenStreetMap","sourceUrl":"https://www.openstreetmap.org/way/158306409","aerialway":"chair_lift","osmId":158306409}},{"type":"Feature","id":"aerialway-158306410","geometry":{"type":"LineString","coordinates":[[-71.69913,44.16403],[-71.69913,44.16365],[-71.69913,44.16304],[-71.69914,44.16241],[-71.69916,44.16168],[-71.69916,44.16109],[-71.69917,44.16034],[-71.69917,44.15954],[-71.69918,44.15873],[-71.69918,44.15844],[-71.69918,44.15792],[-71.69919,44.15774]]},"properties":{"group":"aerialway","dataStatus":"reference","color":"#c4b5fd","title":"Cannonball Quad","status":"Chairlift","details":"OpenStreetMap aerial lift. This is the lift line, not a live cabin.","provider":"OpenStreetMap","sourceUrl":"https://www.openstreetmap.org/way/158306410","aerialway":"chair_lift","osmId":158306410}},{"type":"Feature","id":"aerialway-158306411","geometry":{"type":"LineString","coordinates":[[-71.70172,44.17692],[-71.70152,44.17646],[-71.70119,44.1755],[-71.70083,44.17458],[-71.70054,44.17388],[-71.7002,44.17301],[-71.69989,44.17222],[-71.69957,44.17138],[-71.69925,44.17058],[-71.69909,44.17014],[-71.69883,44.16944],[-71.69851,44.1687],[-71.69829,44.16813],[-71.69785,44.16698],[-71.69762,44.16633],[-71.69715,44.1651],[-71.69664,44.16395],[-71.69662,44.1639],[-71.69649,44.1636]]},"properties":{"group":"aerialway","dataStatus":"reference","color":"#c4b5fd","title":"Peabody Express Quad","status":"Chairlift","details":"OpenStreetMap aerial lift. This is the lift line, not a live cabin.","provider":"OpenStreetMap","sourceUrl":"https://www.openstreetmap.org/way/158306411","aerialway":"chair_lift","osmId":158306411}},{"type":"Feature","id":"aerialway-158306413","geometry":{"type":"LineString","coordinates":[[-71.69363,44.17362],[-71.69413,44.17331],[-71.6947,44.17296],[-71.69511,44.17271],[-71.69561,44.17241],[-71.69621,44.17203],[-71.69675,44.17171],[-71.69728,44.17139],[-71.69794,44.171],[-71.69813,44.17088]]},"properties":{"group":"aerialway","dataStatus":"reference","color":"#c4b5fd","title":"Zoomer Triple","status":"Chairlift","details":"OpenStreetMap aerial lift. This is the lift line, not a live cabin.","provider":"OpenStreetMap","sourceUrl":"https://www.openstreetmap.org/way/158306413","aerialway":"chair_lift","osmId":158306413}},{"type":"Feature","id":"aerialway-158306414","geometry":{"type":"LineString","coordinates":[[-71.69975,44.17754],[-71.69969,44.17713],[-71.69963,44.17661],[-71.69957,44.17597],[-71.69949,44.17529],[-71.69941,44.17453],[-71.69934,44.17378],[-71.69926,44.173],[-71.69918,44.17224],[-71.69912,44.17159],[-71.69906,44.17098],[-71.69905,44.17071]]},"properties":{"group":"aerialway","dataStatus":"reference","color":"#c4b5fd","title":"Eagle Cliff Triple","status":"Chairlift","details":"OpenStreetMap aerial lift. This is the lift line, not a live cabin.","provider":"OpenStreetMap","sourceUrl":"https://www.openstreetmap.org/way/158306414","aerialway":"chair_lift","osmId":158306414}},{"type":"Feature","id":"aerialway-159736786","geometry":{"type":"LineString","coordinates":[[-72.8468,43.65569],[-72.84689,43.65543],[-72.84706,43.65497],[-72.84722,43.65453],[-72.84747,43.65383],[-72.84772,43.65317],[-72.84809,43.65215],[-72.84829,43.65159],[-72.84832,43.6515],[-72.84839,43.65125]]},"properties":{"group":"aerialway","dataStatus":"reference","color":"#c4b5fd","title":"Outpost Double","status":"Chairlift","details":"OpenStreetMap aerial lift. This is the lift line, not a live cabin.","provider":"OpenStreetMap","sourceUrl":"https://www.openstreetmap.org/way/159736786","aerialway":"chair_lift","osmId":159736786}},{"type":"Feature","id":"aerialway-159736787","geometry":{"type":"LineString","coordinates":[[-72.84447,43.66055],[-72.84484,43.66015],[-72.84522,43.65974],[-72.84555,43.65939],[-72.84591,43.659],[-72.84621,43.65868],[-72.84659,43.65828],[-72.84696,43.65789],[-72.8474,43.65741],[-72.84767,43.65713]]},"properties":{"group":"aerialway","dataStatus":"reference","color":"#c4b5fd","title":"Knomes Knoll Triple","status":"Chairlift","details":"OpenStreetMap aerial lift. This is the lift line, not a live cabin.","provider":"OpenStreetMap","sourceUrl":"https://www.openstreetmap.org/way/159736787","aerialway":"chair_lift","osmId":159736787}},{"type":"Feature","id":"aerialway-159736788","geometry":{"type":"LineString","coordinates":[[-72.84121,43.65567],[-72.84104,43.65517],[-72.84082,43.65453],[-72.84049,43.65358],[-72.84016,43.65261],[-72.8398,43.65158],[-72.83953,43.65079],[-72.83917,43.64973],[-72.83889,43.64892],[-72.83852,43.64783],[-72.83832,43.64727],[-72.83798,43.64627],[-72.83764,43.64527],[-72.83733,43.64438],[-72.83699,43.64339],[-72.83673,43.64263],[-72.8364,43.64167],[-72.83612,43.64085],[-72.8359,43.6402],[-72.83586,43.64011],[-72.83583,43.64002],[-72.8358,43.63992],[-72.83573,43.63971]]},"properties":{"group":"aerialway","dataStatus":"reference","color":"#c4b5fd","title":"Summit Express Quad","status":"Chairlift","details":"OpenStreetMap aerial lift. This is the lift line, not a live cabin.","provider":"OpenStreetMap","sourceUrl":"https://www.openstreetmap.org/way/159736788","aerialway":"chair_lift","osmId":159736788}},{"type":"Feature","id":"aerialway-159736792","geometry":{"type":"LineString","coordinates":[[-72.84177,43.66207],[-72.84136,43.66164],[-72.84074,43.66097],[-72.84037,43.66058],[-72.83995,43.66014],[-72.83949,43.65965],[-72.83916,43.6593],[-72.8387,43.65882],[-72.83841,43.65851],[-72.83816,43.65824],[-72.83762,43.65768],[-72.83747,43.65751],[-72.83732,43.65735]]},"properties":{"group":"aerialway","dataStatus":"reference","color":"#c4b5fd","title":"Little Pico Triple","status":"Chairlift","details":"OpenStreetMap aerial lift. This is the lift line, not a live cabin.","provider":"OpenStreetMap","sourceUrl":"https://www.openstreetmap.org/way/159736792","aerialway":"chair_lift","osmId":159736792}},{"type":"Feature","id":"aerialway-159736793","geometry":{"type":"LineString","coordinates":[[-72.84367,43.66074],[-72.8437,43.66034],[-72.84375,43.65973],[-72.84384,43.65865],[-72.8439,43.65783],[-72.84394,43.65734],[-72.84409,43.6555],[-72.84417,43.65455],[-72.84425,43.65354],[-72.84434,43.65251],[-72.84439,43.6518],[-72.84445,43.65107],[-72.84451,43.65042],[-72.84456,43.6497],[-72.84461,43.64914],[-72.84463,43.64884]]},"properties":{"group":"aerialway","dataStatus":"reference","color":"#c4b5fd","title":"Golden Express Quad","status":"Chairlift","details":"OpenStreetMap aerial lift. This is the lift line, not a live cabin.","provider":"OpenStreetMap","sourceUrl":"https://www.openstreetmap.org/way/159736793","aerialway":"chair_lift","osmId":159736793}},{"type":"Feature","id":"aerialway-160548465","geometry":{"type":"LineString","coordinates":[[-69.62525,44.76593],[-69.61841,44.76765]]},"properties":{"group":"aerialway","dataStatus":"reference","color":"#c4b5fd","title":"Chairlift","status":"Chairlift","details":"OpenStreetMap aerial lift. This is the lift line, not a live cabin.","provider":"OpenStreetMap","sourceUrl":"https://www.openstreetmap.org/way/160548465","aerialway":"chair_lift","osmId":160548465}},{"type":"Feature","id":"aerialway-170831073","geometry":{"type":"LineString","coordinates":[[-73.47495,42.16842],[-73.47484,42.16812],[-73.47469,42.16772],[-73.47433,42.16673],[-73.47424,42.1665],[-73.47408,42.16607],[-73.47367,42.16494],[-73.47318,42.16361],[-73.47309,42.16338]]},"properties":{"group":"aerialway","dataStatus":"reference","color":"#c4b5fd","title":"Meadows Triple","status":"Chairlift","details":"OpenStreetMap aerial lift. This is the lift line, not a live cabin.","provider":"OpenStreetMap","sourceUrl":"https://www.openstreetmap.org/way/170831073","aerialway":"chair_lift","osmId":170831073}},{"type":"Feature","id":"aerialway-171655467","geometry":{"type":"LineString","coordinates":[[-72.93268,43.22051],[-72.93311,43.221],[-72.93347,43.22139],[-72.93407,43.22206],[-72.93464,43.2227],[-72.93524,43.22337],[-72.9358,43.22398],[-72.93603,43.22425],[-72.93659,43.22487],[-72.93704,43.22537],[-72.93742,43.22579],[-72.93794,43.22636],[-72.93841,43.22689],[-72.93873,43.22725],[-72.93886,43.22739],[-72.93899,43.22754]]},"properties":{"group":"aerialway","dataStatus":"reference","color":"#c4b5fd","title":"Blue Ribbon Quad","status":"Chairlift","details":"OpenStreetMap aerial lift. This is the lift line, not a live cabin.","provider":"OpenStreetMap","sourceUrl":"https://www.openstreetmap.org/way/171655467","aerialway":"chair_lift","osmId":171655467}},{"type":"Feature","id":"aerialway-171655468","geometry":{"type":"LineString","coordinates":[[-72.93444,43.21416],[-72.93434,43.21461],[-72.93429,43.21502],[-72.93422,43.21566],[-72.93412,43.21638],[-72.93406,43.21689],[-72.93396,43.21765],[-72.93387,43.21834],[-72.93377,43.21909],[-72.93375,43.21963],[-72.93374,43.21977]]},"properties":{"group":"aerialway","dataStatus":"reference","color":"#c4b5fd","title":"East Meadow Chairlift","status":"Chairlift","details":"OpenStreetMap aerial lift. This is the lift line, not a live cabin.","provider":"OpenStreetMap","sourceUrl":"https://www.openstreetmap.org/way/171655468","aerialway":"chair_lift","osmId":171655468}},{"type":"Feature","id":"aerialway-171655469","geometry":{"type":"LineString","coordinates":[[-72.93514,43.21403],[-72.93529,43.2145],[-72.93537,43.21479],[-72.93549,43.21517],[-72.93581,43.21623],[-72.93599,43.21685],[-72.93624,43.21769],[-72.93647,43.21843],[-72.93658,43.21881],[-72.93689,43.21983],[-72.93701,43.22024],[-72.93714,43.22069]]},"properties":{"group":"aerialway","dataStatus":"reference","color":"#c4b5fd","title":"Alpine Chairlift","status":"Chairlift","details":"OpenStreetMap aerial lift. This is the lift line, not a live cabin.","provider":"OpenStreetMap","sourceUrl":"https://www.openstreetmap.org/way/171655469","aerialway":"chair_lift","osmId":171655469}},{"type":"Feature","id":"aerialway-171655470","geometry":{"type":"LineString","coordinates":[[-72.93567,43.21301],[-72.93569,43.21307],[-72.93606,43.21447],[-72.93626,43.21522],[-72.93655,43.21632],[-72.93678,43.21718],[-72.93703,43.21813],[-72.93732,43.2192],[-72.93759,43.22024],[-72.9379,43.22142],[-72.9382,43.22252],[-72.93844,43.22343],[-72.93874,43.22456],[-72.93894,43.22533],[-72.93917,43.22618],[-72.93941,43.22709],[-72.93949,43.22739]]},"properties":{"group":"aerialway","dataStatus":"reference","color":"#c4b5fd","title":"Sun Mountain Express","status":"Chairlift","details":"OpenStreetMap aerial lift. This is the lift line, not a live cabin.","provider":"OpenStreetMap","sourceUrl":"https://www.openstreetmap.org/way/171655470","aerialway":"chair_lift","osmId":171655470}},{"type":"Feature","id":"aerialway-171655471","geometry":{"type":"LineString","coordinates":[[-72.93522,43.21401],[-72.93536,43.21447],[-72.93544,43.21475],[-72.93557,43.21516],[-72.93589,43.21621],[-72.93607,43.21682],[-72.93633,43.21767],[-72.93655,43.21842],[-72.93666,43.21879],[-72.93697,43.2198],[-72.93709,43.22022],[-72.93725,43.22072],[-72.93753,43.22165],[-72.93768,43.22216],[-72.93788,43.22281],[-72.93803,43.2233],[-72.93837,43.22444],[-72.93842,43.22459]]},"properties":{"group":"aerialway","dataStatus":"reference","color":"#c4b5fd","title":"Sun Chairlift","status":"Chairlift","details":"OpenStreetMap aerial lift. This is the lift line, not a live cabin.","provider":"OpenStreetMap","sourceUrl":"https://www.openstreetmap.org/way/171655471","aerialway":"chair_lift","osmId":171655471}},{"type":"Feature","id":"aerialway-171655472","geometry":{"type":"LineString","coordinates":[[-72.93592,43.21368],[-72.93611,43.21373],[-72.93624,43.21376],[-72.93646,43.21382],[-72.93688,43.21392],[-72.93747,43.21407],[-72.93857,43.21435],[-72.93923,43.21451],[-72.93994,43.21469],[-72.94106,43.21497],[-72.94159,43.21511],[-72.9419,43.21518],[-72.94236,43.2153],[-72.94259,43.21536]]},"properties":{"group":"aerialway","dataStatus":"reference","color":"#c4b5fd","title":"Plaza Chairlift","status":"Chairlift","details":"OpenStreetMap aerial lift. This is the lift line, not a live cabin.","provider":"OpenStreetMap","sourceUrl":"https://www.openstreetmap.org/way/171655472","aerialway":"chair_lift","osmId":171655472}},{"type":"Feature","id":"aerialway-181218173","geometry":{"type":"LineString","coordinates":[[-70.85752,44.4731],[-70.85774,44.47306],[-70.85826,44.47296],[-70.8588,44.47285],[-70.85972,44.47267],[-70.8608,44.47245],[-70.86218,44.47217],[-70.86325,44.47196],[-70.86428,44.47175],[-70.86575,44.47146],[-70.86712,44.47118],[-70.86863,44.47088],[-70.87013,44.47058],[-70.871,44.47041],[-70.87205,44.4702],[-70.87306,44.46999],[-70.87401,44.4698],[-70.87539,44.46953],[-70.87615,44.46937],[-70.87736,44.46913],[-70.87855,44.46889],[-70.8793,44.46874],[-70.87943,44.46871],[-70.87983,44.46863]]},"properties":{"group":"aerialway","dataStatus":"reference","color":"#c4b5fd","title":"Chondola","status":"Mixed lift","details":"OpenStreetMap aerial lift. This is the lift line, not a live cabin.","provider":"OpenStreetMap","sourceUrl":"https://www.openstreetmap.org/way/181218173","aerialway":"mixed_lift","osmId":181218173}},{"type":"Feature","id":"aerialway-181218175","geometry":{"type":"LineString","coordinates":[[-70.85807,44.4735],[-70.85827,44.47346],[-70.85867,44.47338],[-70.85914,44.47329],[-70.85984,44.47316],[-70.8606,44.47301],[-70.86148,44.47285],[-70.86243,44.47267],[-70.86347,44.47247],[-70.8641,44.47235],[-70.86511,44.47216],[-70.86619,44.47195],[-70.86729,44.47174],[-70.86858,44.47149],[-70.8688,44.47145],[-70.86898,44.47142]]},"properties":{"group":"aerialway","dataStatus":"reference","color":"#c4b5fd","title":"South Ridge Express","status":"Chairlift","details":"OpenStreetMap aerial lift. This is the lift line, not a live cabin.","provider":"OpenStreetMap","sourceUrl":"https://www.openstreetmap.org/way/181218175","aerialway":"chair_lift","osmId":181218175}},{"type":"Feature","id":"aerialway-181218314","geometry":{"type":"LineString","coordinates":[[-70.84835,44.46908],[-70.84895,44.46883],[-70.84959,44.46857],[-70.85036,44.46825],[-70.85126,44.46789],[-70.85227,44.46747],[-70.85331,44.46705],[-70.85442,44.4666],[-70.85551,44.46615],[-70.85665,44.46569],[-70.85784,44.46522],[-70.85881,44.46481],[-70.85955,44.46451],[-70.86028,44.46423]]},"properties":{"group":"aerialway","dataStatus":"reference","color":"#c4b5fd","title":"White Cap Quad","status":"Chairlift","details":"OpenStreetMap aerial lift. This is the lift line, not a live cabin.","provider":"OpenStreetMap","sourceUrl":"https://www.openstreetmap.org/way/181218314","aerialway":"chair_lift","osmId":181218314}},{"type":"Feature","id":"aerialway-181218315","geometry":{"type":"LineString","coordinates":[[-70.86497,44.47388],[-70.86515,44.47384],[-70.86559,44.47373],[-70.86641,44.47353],[-70.86728,44.47331],[-70.86872,44.47295],[-70.87001,44.47262],[-70.87105,44.47236],[-70.8719,44.47214],[-70.87294,44.47188],[-70.87398,44.47161],[-70.87459,44.47146],[-70.8748,44.47141],[-70.87502,44.47135],[-70.87648,44.47098],[-70.87748,44.47073],[-70.87864,44.47044],[-70.87927,44.47028],[-70.87955,44.47021]]},"properties":{"group":"aerialway","dataStatus":"reference","color":"#c4b5fd","title":"North Peak Express","status":"Chairlift","details":"OpenStreetMap aerial lift. This is the lift line, not a live cabin.","provider":"OpenStreetMap","sourceUrl":"https://www.openstreetmap.org/way/181218315","aerialway":"chair_lift","osmId":181218315}},{"type":"Feature","id":"aerialway-181218316","geometry":{"type":"LineString","coordinates":[[-70.86885,44.46952],[-70.86892,44.46949],[-70.86895,44.46947],[-70.86899,44.46945],[-70.86937,44.46929],[-70.87013,44.46894],[-70.87091,44.46857],[-70.87182,44.46814],[-70.87257,44.46779],[-70.87364,44.46729],[-70.87481,44.46676],[-70.87598,44.46622],[-70.87727,44.46562],[-70.8781,44.46522],[-70.8792,44.46472],[-70.88039,44.46417],[-70.88152,44.46364],[-70.88238,44.46324],[-70.88244,44.46321]]},"properties":{"group":"aerialway","dataStatus":"reference","color":"#c4b5fd","title":"Spruce Peak Triple","status":"Chairlift","details":"OpenStreetMap aerial lift. This is the lift line, not a live cabin.","provider":"OpenStreetMap","sourceUrl":"https://www.openstreetmap.org/way/181218316","aerialway":"chair_lift","osmId":181218316}},{"type":"Feature","id":"aerialway-181218317","geometry":{"type":"LineString","coordinates":[[-70.88554,44.47139],[-70.88522,44.47131],[-70.88492,44.47123],[-70.88449,44.47112],[-70.8837,44.47092],[-70.88301,44.47074],[-70.88227,44.47054],[-70.88146,44.47034],[-70.88117,44.47026],[-70.88073,44.47014],[-70.88036,44.47005],[-70.88028,44.47003]]},"properties":{"group":"aerialway","dataStatus":"reference","color":"#c4b5fd","title":"Quantum Leap Triple","status":"Chairlift","details":"OpenStreetMap aerial lift. This is the lift line, not a live cabin.","provider":"OpenStreetMap","sourceUrl":"https://www.openstreetmap.org/way/181218317","aerialway":"chair_lift","osmId":181218317}},{"type":"Feature","id":"aerialway-183043544","geometry":{"type":"LineString","coordinates":[[-70.51432,44.9409],[-70.51402,44.94055],[-70.51358,44.94004],[-70.51307,44.93945],[-70.51253,44.93881],[-70.51206,44.93827],[-70.51166,44.9378],[-70.51116,44.93721],[-70.51044,44.93638],[-70.50986,44.9357],[-70.50927,44.93501]]},"properties":{"group":"aerialway","dataStatus":"reference","color":"#c4b5fd","title":"Kennebago Quad","status":"Chairlift","details":"OpenStreetMap aerial lift. This is the lift line, not a live cabin.","provider":"OpenStreetMap","sourceUrl":"https://www.openstreetmap.org/way/183043544","aerialway":"chair_lift","osmId":183043544}},{"type":"Feature","id":"aerialway-183043547","geometry":{"type":"LineString","coordinates":[[-70.53189,44.95231],[-70.53154,44.95196],[-70.53088,44.9513],[-70.53016,44.95059],[-70.52941,44.94984],[-70.52864,44.94907],[-70.52785,44.94829],[-70.52706,44.9475],[-70.52621,44.94665],[-70.52575,44.94619],[-70.52557,44.94602]]},"properties":{"group":"aerialway","dataStatus":"reference","color":"#c4b5fd","title":"South Branch Quad","status":"Chairlift","details":"OpenStreetMap aerial lift. This is the lift line, not a live cabin.","provider":"OpenStreetMap","sourceUrl":"https://www.openstreetmap.org/way/183043547","aerialway":"chair_lift","osmId":183043547}},{"type":"Feature","id":"aerialway-191007841","geometry":{"type":"LineString","coordinates":[[-70.57399,47.28036],[-70.57576,47.28078],[-70.57812,47.28134],[-70.58003,47.2818],[-70.58104,47.28204],[-70.58172,47.2822],[-70.58219,47.28214],[-70.58403,47.28188],[-70.58553,47.28167],[-70.58771,47.28137],[-70.58941,47.28113],[-70.59173,47.28081],[-70.59399,47.2805],[-70.59575,47.28025],[-70.597,47.28008],[-70.59869,47.27984],[-70.60094,47.27953],[-70.60259,47.2793],[-70.60418,47.27908],[-70.60547,47.27892],[-70.60739,47.27864],[-70.60824,47.27851],[-70.60858,47.27846],[-70.6088,47.27843],[-70.6091,47.27838]]},"properties":{"group":"aerialway","dataStatus":"reference","color":"#c4b5fd","title":"Massif Express","status":"Gondola","details":"OpenStreetMap aerial lift. This is the lift line, not a live cabin.","provider":"OpenStreetMap","sourceUrl":"https://www.openstreetmap.org/way/191007841","aerialway":"gondola","osmId":191007841}},{"type":"Feature","id":"aerialway-191945891","geometry":{"type":"LineString","coordinates":[[-71.90274,44.58517],[-71.90263,44.58502],[-71.9024,44.58463],[-71.90211,44.58414],[-71.90172,44.5835],[-71.90117,44.58258],[-71.90058,44.58159],[-71.9002,44.58095],[-71.8998,44.58029],[-71.89932,44.57948],[-71.89892,44.57882],[-71.89821,44.57763],[-71.89768,44.57675],[-71.89708,44.57574],[-71.89664,44.575],[-71.89626,44.57436],[-71.89565,44.57335],[-71.89493,44.57215],[-71.89434,44.57115],[-71.89412,44.5708]]},"properties":{"group":"aerialway","dataStatus":"reference","color":"#c4b5fd","title":"Mid-Burke Express","status":"Chairlift","details":"OpenStreetMap aerial lift. This is the lift line, not a live cabin.","provider":"OpenStreetMap","sourceUrl":"https://www.openstreetmap.org/way/191945891","aerialway":"chair_lift","osmId":191945891}},{"type":"Feature","id":"aerialway-198546880","geometry":{"type":"LineString","coordinates":[[-70.85167,44.46543],[-70.85173,44.46537],[-70.85214,44.46501],[-70.85266,44.46456],[-70.85325,44.46405],[-70.85386,44.46352],[-70.85452,44.46296],[-70.85518,44.46239],[-70.85586,44.46181],[-70.85652,44.46123],[-70.85729,44.46059],[-70.85778,44.46015],[-70.85826,44.45973],[-70.85879,44.45927],[-70.85926,44.45887],[-70.85976,44.45845],[-70.85989,44.45835]]},"properties":{"group":"aerialway","dataStatus":"reference","color":"#c4b5fd","title":"White Heat Quad","status":"Chairlift","details":"OpenStreetMap aerial lift. This is the lift line, not a live cabin.","provider":"OpenStreetMap","sourceUrl":"https://www.openstreetmap.org/way/198546880","aerialway":"chair_lift","osmId":198546880}},{"type":"Feature","id":"aerialway-198546882","geometry":{"type":"LineString","coordinates":[[-70.89934,44.46652],[-70.89942,44.46645],[-70.90007,44.46579],[-70.90068,44.46516],[-70.90116,44.46466],[-70.90198,44.46381],[-70.90274,44.46313],[-70.90362,44.46226],[-70.90428,44.46159],[-70.90465,44.46121],[-70.90498,44.46091],[-70.90529,44.46058],[-70.9055,44.4604]]},"properties":{"group":"aerialway","dataStatus":"reference","color":"#c4b5fd","title":"Oz Quad","status":"Chairlift","details":"OpenStreetMap aerial lift. This is the lift line, not a live cabin.","provider":"OpenStreetMap","sourceUrl":"https://www.openstreetmap.org/way/198546882","aerialway":"chair_lift","osmId":198546882}},{"type":"Feature","id":"aerialway-198546883","geometry":{"type":"LineString","coordinates":[[-70.8862,44.47171],[-70.88621,44.47167],[-70.88622,44.47163],[-70.88628,44.47137],[-70.88653,44.47089],[-70.88677,44.4703],[-70.88702,44.46968],[-70.88731,44.46897],[-70.8876,44.46823],[-70.88776,44.46783],[-70.88793,44.46738],[-70.88821,44.46668],[-70.88844,44.46612],[-70.88875,44.46537],[-70.88899,44.46478],[-70.88933,44.46395],[-70.88952,44.46346],[-70.88969,44.46306]]},"properties":{"group":"aerialway","dataStatus":"reference","color":"#c4b5fd","title":"Aurora Peak Quad","status":"Chairlift","details":"OpenStreetMap aerial lift. This is the lift line, not a live cabin.","provider":"OpenStreetMap","sourceUrl":"https://www.openstreetmap.org/way/198546883","aerialway":"chair_lift","osmId":198546883}},{"type":"Feature","id":"aerialway-198546884","geometry":{"type":"LineString","coordinates":[[-70.89514,44.47156],[-70.89528,44.47145],[-70.89576,44.47109],[-70.89622,44.47074],[-70.89696,44.47018],[-70.89775,44.46959],[-70.89852,44.469],[-70.89939,44.46835],[-70.9002,44.46774],[-70.90109,44.46706],[-70.90192,44.46643],[-70.90297,44.46563],[-70.90407,44.4648],[-70.90512,44.46402],[-70.90611,44.46328],[-70.90696,44.4626],[-70.90714,44.46248],[-70.90725,44.46241]]},"properties":{"group":"aerialway","dataStatus":"reference","color":"#c4b5fd","title":"Jordan 8","status":"Chairlift","details":"OpenStreetMap aerial lift. This is the lift line, not a live cabin.","provider":"OpenStreetMap","sourceUrl":"https://www.openstreetmap.org/way/198546884","aerialway":"chair_lift","osmId":198546884}},{"type":"Feature","id":"aerialway-198546885","geometry":{"type":"LineString","coordinates":[[-70.84695,44.46919],[-70.84698,44.46913],[-70.847,44.46909],[-70.8471,44.46886],[-70.84725,44.46857],[-70.84738,44.46832],[-70.84763,44.46783],[-70.84788,44.46735],[-70.84813,44.46688],[-70.84841,44.46636],[-70.84866,44.46584],[-70.84892,44.46535],[-70.84918,44.46483],[-70.84943,44.46434],[-70.84981,44.46364],[-70.85017,44.46292],[-70.85037,44.46256],[-70.85064,44.46205],[-70.85093,44.46146],[-70.85099,44.46136],[-70.85105,44.46127]]},"properties":{"group":"aerialway","dataStatus":"reference","color":"#c4b5fd","title":"Little White Cap Quad","status":"Chairlift","details":"OpenStreetMap aerial lift. This is the lift line, not a live cabin.","provider":"OpenStreetMap","sourceUrl":"https://www.openstreetmap.org/way/198546885","aerialway":"chair_lift","osmId":198546885}},{"type":"Feature","id":"aerialway-198546886","geometry":{"type":"LineString","coordinates":[[-70.8866,44.47193],[-70.88702,44.47192],[-70.88799,44.47188],[-70.88894,44.47184],[-70.88963,44.47182],[-70.89045,44.47179],[-70.89146,44.47175],[-70.89228,44.47172],[-70.89331,44.47168],[-70.89369,44.47166]]},"properties":{"group":"aerialway","dataStatus":"reference","color":"#c4b5fd","title":"Jordan Mountain Double","status":"Chairlift","details":"OpenStreetMap aerial lift. This is the lift line, not a live cabin.","provider":"OpenStreetMap","sourceUrl":"https://www.openstreetmap.org/way/198546886","aerialway":"chair_lift","osmId":198546886}},{"type":"Feature","id":"aerialway-198546887","geometry":{"type":"LineString","coordinates":[[-70.86213,44.46944],[-70.86236,44.4689],[-70.86269,44.46811],[-70.86303,44.46731],[-70.86312,44.46709],[-70.86332,44.46661],[-70.86375,44.46557],[-70.86397,44.46504],[-70.86442,44.46396],[-70.86458,44.46359],[-70.86494,44.46273],[-70.86496,44.46269],[-70.86518,44.46209],[-70.86532,44.46176],[-70.86582,44.46058],[-70.86631,44.45941],[-70.86661,44.45874],[-70.86691,44.45801],[-70.86704,44.45769],[-70.86716,44.45738],[-70.86721,44.45724]]},"properties":{"group":"aerialway","dataStatus":"reference","color":"#c4b5fd","title":"Locke Mountain Triple","status":"Chairlift","details":"OpenStreetMap aerial lift. This is the lift line, not a live cabin.","provider":"OpenStreetMap","sourceUrl":"https://www.openstreetmap.org/way/198546887","aerialway":"chair_lift","osmId":198546887}},{"type":"Feature","id":"aerialway-198548301","geometry":{"type":"LineString","coordinates":[[-70.57065,47.27888],[-70.571,47.27905],[-70.57112,47.2791],[-70.57207,47.27956],[-70.5729,47.27995],[-70.57339,47.28019]]},"properties":{"group":"aerialway","dataStatus":"reference","color":"#c4b5fd","title":"Transit","status":"Gondola","details":"OpenStreetMap aerial lift. This is the lift line, not a live cabin.","provider":"OpenStreetMap","sourceUrl":"https://www.openstreetmap.org/way/198548301","aerialway":"gondola","osmId":198548301}},{"type":"Feature","id":"aerialway-198869894","geometry":{"type":"LineString","coordinates":[[-70.90849,47.07438],[-70.90884,47.07458],[-70.90927,47.07481],[-70.90983,47.07511],[-70.91041,47.07543],[-70.91132,47.07593],[-70.91223,47.07642],[-70.91396,47.07736],[-70.91514,47.078],[-70.91658,47.07878],[-70.91779,47.07944],[-70.91896,47.08008],[-70.91911,47.08017],[-70.9203,47.08081],[-70.92077,47.08107],[-70.92132,47.08136],[-70.92227,47.08188],[-70.92255,47.08203],[-70.92384,47.08273],[-70.92489,47.08331],[-70.92499,47.08336],[-70.92616,47.084],[-70.92715,47.08454],[-70.92823,47.08512],[-70.92909,47.08559],[-70.9301,47.08614],[-70.93131,47.0868],[-70.93176,47.08704]]},"properties":{"group":"aerialway","dataStatus":"reference","color":"#c4b5fd","title":"L'\u00c9toile Fillante","status":"Gondola","details":"OpenStreetMap aerial lift. This is the lift line, not a live cabin.","provider":"OpenStreetMap","sourceUrl":"https://www.openstreetmap.org/way/198869894","aerialway":"gondola","osmId":198869894}},{"type":"Feature","id":"aerialway-198872993","geometry":{"type":"LineString","coordinates":[[-72.63684,45.30073],[-72.63699,45.2986],[-72.63715,45.29648],[-72.6373,45.29436],[-72.63733,45.29397],[-72.63746,45.2923],[-72.63749,45.29185],[-72.63758,45.29067],[-72.63764,45.28987],[-72.63766,45.28951]]},"properties":{"group":"aerialway","dataStatus":"reference","color":"#c4b5fd","title":"4 (L'Express du Village)","status":"Mixed lift","details":"OpenStreetMap aerial lift. This is the lift line, not a live cabin.","provider":"OpenStreetMap","sourceUrl":"https://www.openstreetmap.org/way/198872993","aerialway":"mixed_lift","osmId":198872993}},{"type":"Feature","id":"aerialway-198872994","geometry":{"type":"LineString","coordinates":[[-72.63735,45.30195],[-72.63712,45.30193],[-72.63673,45.3019],[-72.63562,45.3018],[-72.63474,45.30172],[-72.63382,45.30164],[-72.63315,45.30158],[-72.63231,45.30151],[-72.63163,45.30144],[-72.63119,45.30141],[-72.63052,45.30135],[-72.63002,45.3013],[-72.62908,45.30122],[-72.62849,45.30117],[-72.62823,45.30114]]},"properties":{"group":"aerialway","dataStatus":"reference","color":"#c4b5fd","title":"2 (Mt Soleil)","status":"Chairlift","details":"OpenStreetMap aerial lift. This is the lift line, not a live cabin.","provider":"OpenStreetMap","sourceUrl":"https://www.openstreetmap.org/way/198872994","aerialway":"chair_lift","osmId":198872994}},{"type":"Feature","id":"aerialway-198872995","geometry":{"type":"LineString","coordinates":[[-72.63666,45.30076],[-72.63672,45.29987],[-72.63675,45.29939],[-72.63679,45.29878],[-72.63682,45.29823],[-72.63687,45.2975],[-72.63691,45.29692],[-72.637,45.29553],[-72.63701,45.29549],[-72.63704,45.29493],[-72.63709,45.29408],[-72.63715,45.29307],[-72.6372,45.29219],[-72.63722,45.29189],[-72.63729,45.29072],[-72.63733,45.29012],[-72.63734,45.28987]]},"properties":{"group":"aerialway","dataStatus":"reference","color":"#c4b5fd","title":"3 (La Directe)","status":"Chairlift","details":"OpenStreetMap aerial lift. This is the lift line, not a live cabin.","provider":"OpenStreetMap","sourceUrl":"https://www.openstreetmap.org/way/198872995","aerialway":"chair_lift","osmId":198872995}},{"type":"Feature","id":"aerialway-199923159","geometry":{"type":"LineString","coordinates":[[-72.5061,44.93885],[-72.50868,44.93697],[-72.52053,44.92832],[-72.52592,44.92438]]},"properties":{"group":"aerialway","dataStatus":"reference","color":"#c4b5fd","title":"Aerial Tram","status":"Aerial tramway","details":"OpenStreetMap aerial lift. This is the lift line, not a live cabin.","provider":"OpenStreetMap","sourceUrl":"https://www.openstreetmap.org/way/199923159","aerialway":"cable_car","osmId":199923159}},{"type":"Feature","id":"aerialway-199923178","geometry":{"type":"LineString","coordinates":[[-72.50741,44.93885],[-72.50803,44.93845],[-72.50903,44.93781],[-72.51006,44.93715],[-72.51111,44.93648],[-72.51238,44.93567],[-72.51337,44.93504],[-72.51445,44.93435],[-72.51562,44.9336],[-72.51639,44.93311],[-72.5172,44.93259],[-72.51798,44.93209],[-72.51912,44.93136],[-72.51962,44.93104],[-72.52023,44.93065],[-72.52112,44.93008],[-72.52192,44.92957],[-72.52287,44.92896],[-72.5238,44.92837],[-72.52489,44.92767],[-72.52499,44.92761],[-72.52627,44.92679],[-72.52747,44.92602],[-72.52761,44.92593],[-72.52783,44.92579]]},"properties":{"group":"aerialway","dataStatus":"reference","color":"#c4b5fd","title":"Flyer Express Quad","status":"Chairlift","details":"OpenStreetMap aerial lift. This is the lift line, not a live cabin.","provider":"OpenStreetMap","sourceUrl":"https://www.openstreetmap.org/way/199923178","aerialway":"chair_lift","osmId":199923178}},{"type":"Feature","id":"aerialway-199923204","geometry":{"type":"LineString","coordinates":[[-72.50559,44.92914],[-72.5061,44.92908],[-72.50687,44.92901],[-72.50788,44.92891],[-72.509,44.92879],[-72.51008,44.92868],[-72.51144,44.92855],[-72.51266,44.92842],[-72.51398,44.92829],[-72.51501,44.92818],[-72.51613,44.92807],[-72.51771,44.92791],[-72.51881,44.9278],[-72.51981,44.9277],[-72.52053,44.92763],[-72.52077,44.9276],[-72.52109,44.92757],[-72.52147,44.92753],[-72.52206,44.92747]]},"properties":{"group":"aerialway","dataStatus":"reference","color":"#c4b5fd","title":"Bonaventure Quad","status":"Chairlift","details":"OpenStreetMap aerial lift. This is the lift line, not a live cabin.","provider":"OpenStreetMap","sourceUrl":"https://www.openstreetmap.org/way/199923204","aerialway":"chair_lift","osmId":199923204}},{"type":"Feature","id":"aerialway-199923293","geometry":{"type":"LineString","coordinates":[[-72.50564,44.92967],[-72.50626,44.92971],[-72.50713,44.92975],[-72.50804,44.9298],[-72.50889,44.92984],[-72.50987,44.9299],[-72.51086,44.92995],[-72.51192,44.93],[-72.51238,44.93003]]},"properties":{"group":"aerialway","dataStatus":"reference","color":"#c4b5fd","title":"Taxi Quad","status":"Chairlift","details":"OpenStreetMap aerial lift. This is the lift line, not a live cabin.","provider":"OpenStreetMap","sourceUrl":"https://www.openstreetmap.org/way/199923293","aerialway":"chair_lift","osmId":199923293}},{"type":"Feature","id":"aerialway-199923432","geometry":{"type":"LineString","coordinates":[[-72.5042,44.92761],[-72.50452,44.92731],[-72.50513,44.92673],[-72.50564,44.92625],[-72.50625,44.92566],[-72.50703,44.92493],[-72.50729,44.92468],[-72.50778,44.92421],[-72.50842,44.92359],[-72.50905,44.923],[-72.50979,44.92229],[-72.5104,44.92172],[-72.51108,44.92106],[-72.51166,44.92052],[-72.5118,44.92039],[-72.51188,44.92031]]},"properties":{"group":"aerialway","dataStatus":"reference","color":"#c4b5fd","title":"Jet Triple Chair","status":"Chairlift","details":"OpenStreetMap aerial lift. This is the lift line, not a live cabin.","provider":"OpenStreetMap","sourceUrl":"https://www.openstreetmap.org/way/199923432","aerialway":"chair_lift","osmId":199923432}},{"type":"Feature","id":"aerialway-199923518","geometry":{"type":"LineString","coordinates":[[-72.50707,44.93854],[-72.5074,44.9383],[-72.50784,44.93798],[-72.50837,44.9376],[-72.50888,44.93723],[-72.50916,44.93703],[-72.50942,44.93683],[-72.51009,44.93633],[-72.5107,44.93588],[-72.51145,44.93533],[-72.51233,44.93467],[-72.5132,44.93402],[-72.51397,44.93345],[-72.51444,44.9331],[-72.5147,44.9329]]},"properties":{"group":"aerialway","dataStatus":"reference","color":"#c4b5fd","title":"Metro Quad","status":"Chairlift","details":"OpenStreetMap aerial lift. This is the lift line, not a live cabin.","provider":"OpenStreetMap","sourceUrl":"https://www.openstreetmap.org/way/199923518","aerialway":"chair_lift","osmId":199923518}},{"type":"Feature","id":"aerialway-199923636","geometry":{"type":"LineString","coordinates":[[-72.50082,44.93595],[-72.50129,44.93571],[-72.50194,44.93539],[-72.50253,44.93508],[-72.50313,44.93476],[-72.50388,44.93438],[-72.50459,44.93401],[-72.50532,44.93363],[-72.50607,44.93324],[-72.50696,44.93279],[-72.50761,44.93246],[-72.50802,44.93225],[-72.5083,44.9321]]},"properties":{"group":"aerialway","dataStatus":"reference","color":"#c4b5fd","title":"Village Double Chair","status":"Chairlift","details":"OpenStreetMap aerial lift. This is the lift line, not a live cabin.","provider":"OpenStreetMap","sourceUrl":"https://www.openstreetmap.org/way/199923636","aerialway":"chair_lift","osmId":199923636}},{"type":"Feature","id":"aerialway-200084006","geometry":{"type":"LineString","coordinates":[[-70.90689,47.07698],[-70.90743,47.07758],[-70.90779,47.07798],[-70.90822,47.07847],[-70.90866,47.07896],[-70.90912,47.07948],[-70.90929,47.07968],[-70.9099,47.08035],[-70.9101,47.08058],[-70.91047,47.081],[-70.91112,47.08173],[-70.91157,47.08223],[-70.91191,47.08262],[-70.9124,47.08317],[-70.91273,47.08354],[-70.91312,47.08398],[-70.91362,47.08453],[-70.91428,47.08527],[-70.9147,47.08574],[-70.91536,47.08649],[-70.91556,47.08671],[-70.91626,47.0875],[-70.91692,47.08824],[-70.91719,47.08854],[-70.91778,47.08921],[-70.91839,47.08989],[-70.91909,47.09067],[-70.91966,47.09131],[-70.91979,47.09146],[-70.91992,47.09161]]},"properties":{"group":"aerialway","dataStatus":"reference","color":"#c4b5fd","title":"L'Express du Sud","status":"Chairlift","details":"OpenStreetMap aerial lift. This is the lift line, not a live cabin.","provider":"OpenStreetMap","sourceUrl":"https://www.openstreetmap.org/way/200084006","aerialway":"chair_lift","osmId":200084006}},{"type":"Feature","id":"aerialway-200084332","geometry":{"type":"LineString","coordinates":[[-70.94027,47.09832],[-70.9401,47.0981],[-70.93977,47.09768],[-70.93928,47.09705],[-70.9388,47.09643],[-70.93819,47.09564],[-70.93791,47.09529],[-70.93741,47.09464],[-70.93685,47.09392],[-70.93637,47.09331],[-70.936,47.09283],[-70.93575,47.0925],[-70.93527,47.09189],[-70.9348,47.09128],[-70.93428,47.09061],[-70.93392,47.09015],[-70.93343,47.08951],[-70.93281,47.08872],[-70.93256,47.08839],[-70.93241,47.0882],[-70.93223,47.08797]]},"properties":{"group":"aerialway","dataStatus":"reference","color":"#c4b5fd","title":"L'Express du Nord","status":"Chairlift","details":"OpenStreetMap aerial lift. This is the lift line, not a live cabin.","provider":"OpenStreetMap","sourceUrl":"https://www.openstreetmap.org/way/200084332","aerialway":"chair_lift","osmId":200084332}},{"type":"Feature","id":"aerialway-200084333","geometry":{"type":"LineString","coordinates":[[-70.92056,47.09019],[-70.92116,47.09005],[-70.9218,47.0899],[-70.9225,47.08973],[-70.92338,47.08953],[-70.9243,47.0893],[-70.92518,47.0891],[-70.92582,47.08895],[-70.92679,47.08872],[-70.92772,47.08849],[-70.92787,47.08846],[-70.92864,47.08827],[-70.9296,47.08804],[-70.93016,47.08791],[-70.93128,47.08764],[-70.93155,47.08757]]},"properties":{"group":"aerialway","dataStatus":"reference","color":"#c4b5fd","title":"La Tortue","status":"Chairlift","details":"OpenStreetMap aerial lift. This is the lift line, not a live cabin.","provider":"OpenStreetMap","sourceUrl":"https://www.openstreetmap.org/way/200084333","aerialway":"chair_lift","osmId":200084333}},{"type":"Feature","id":"aerialway-200643595","geometry":{"type":"LineString","coordinates":[[-70.49121,46.62072],[-70.49113,46.6201],[-70.49104,46.61948],[-70.4909,46.61865],[-70.49078,46.61791],[-70.49068,46.61723],[-70.49056,46.61645],[-70.49046,46.61573],[-70.49032,46.61474],[-70.49023,46.61415],[-70.49013,46.61345],[-70.48998,46.61256],[-70.48989,46.61188],[-70.48975,46.611],[-70.48963,46.61014],[-70.48952,46.60944],[-70.48935,46.60838],[-70.48918,46.60731],[-70.48903,46.60627]]},"properties":{"group":"aerialway","dataStatus":"reference","color":"#c4b5fd","title":"Chaise Quadruple","status":"Chairlift","details":"OpenStreetMap aerial lift. This is the lift line, not a live cabin.","provider":"OpenStreetMap","sourceUrl":"https://www.openstreetmap.org/way/200643595","aerialway":"chair_lift","osmId":200643595}},{"type":"Feature","id":"aerialway-202502881","geometry":{"type":"LineString","coordinates":[[-71.79465,43.16325],[-71.79464,43.16287],[-71.79464,43.16238],[-71.79463,43.16187],[-71.79462,43.16153],[-71.79461,43.16067],[-71.79461,43.16008],[-71.7946,43.1596],[-71.79459,43.15899],[-71.79459,43.15841],[-71.79458,43.15832],[-71.79458,43.15761],[-71.79457,43.15689],[-71.79456,43.15648],[-71.79456,43.15609],[-71.79455,43.1559],[-71.79455,43.15578],[-71.79455,43.15566]]},"properties":{"group":"aerialway","dataStatus":"reference","color":"#c4b5fd","title":"Hurricane","status":"Chairlift","details":"OpenStreetMap aerial lift. This is the lift line, not a live cabin.","provider":"OpenStreetMap","sourceUrl":"https://www.openstreetmap.org/way/202502881","aerialway":"chair_lift","osmId":202502881}},{"type":"Feature","id":"aerialway-202503219","geometry":{"type":"LineString","coordinates":[[-71.79762,43.16279],[-71.79763,43.16254],[-71.79765,43.16201],[-71.79767,43.16148],[-71.79769,43.16093],[-71.79771,43.16037],[-71.79773,43.15982],[-71.79775,43.1593],[-71.79775,43.15921],[-71.79777,43.15856],[-71.7978,43.15797],[-71.79781,43.15756],[-71.79782,43.1573],[-71.79783,43.15715]]},"properties":{"group":"aerialway","dataStatus":"reference","color":"#c4b5fd","title":"Turbulence","status":"Chairlift","details":"OpenStreetMap aerial lift. This is the lift line, not a live cabin.","provider":"OpenStreetMap","sourceUrl":"https://www.openstreetmap.org/way/202503219","aerialway":"chair_lift","osmId":202503219}},{"type":"Feature","id":"aerialway-202503220","geometry":{"type":"LineString","coordinates":[[-71.79601,43.16323],[-71.79593,43.16268],[-71.79584,43.16202],[-71.79579,43.16165],[-71.7957,43.16103],[-71.79561,43.16042],[-71.79552,43.15977],[-71.79538,43.1588],[-71.79534,43.15857],[-71.7953,43.15826],[-71.7952,43.15758],[-71.79513,43.1571],[-71.79507,43.15668],[-71.79502,43.1563],[-71.79496,43.15591],[-71.79493,43.15571],[-71.79487,43.15531]]},"properties":{"group":"aerialway","dataStatus":"reference","color":"#c4b5fd","title":"Peak","status":"Chairlift","details":"OpenStreetMap aerial lift. This is the lift line, not a live cabin.","provider":"OpenStreetMap","sourceUrl":"https://www.openstreetmap.org/way/202503220","aerialway":"chair_lift","osmId":202503220}},{"type":"Feature","id":"aerialway-202503221","geometry":{"type":"LineString","coordinates":[[-71.79793,43.16281],[-71.79794,43.16279],[-71.79808,43.16216],[-71.79833,43.16109],[-71.79844,43.16062],[-71.79863,43.1598],[-71.79882,43.15898],[-71.799,43.15818],[-71.79915,43.15753],[-71.79929,43.15692],[-71.79933,43.15672]]},"properties":{"group":"aerialway","dataStatus":"reference","color":"#c4b5fd","title":"Valley","status":"Chairlift","details":"OpenStreetMap aerial lift. This is the lift line, not a live cabin.","provider":"OpenStreetMap","sourceUrl":"https://www.openstreetmap.org/way/202503221","aerialway":"chair_lift","osmId":202503221}},{"type":"Feature","id":"aerialway-202503222","geometry":{"type":"LineString","coordinates":[[-71.79615,43.16115],[-71.796,43.16037],[-71.79586,43.15966],[-71.79568,43.15868],[-71.79561,43.15832],[-71.79549,43.15771],[-71.79538,43.15709],[-71.79531,43.15673],[-71.79519,43.15614],[-71.79511,43.15569],[-71.79504,43.15533]]},"properties":{"group":"aerialway","dataStatus":"reference","color":"#c4b5fd","title":"Vortex","status":"Chairlift","details":"OpenStreetMap aerial lift. This is the lift line, not a live cabin.","provider":"OpenStreetMap","sourceUrl":"https://www.openstreetmap.org/way/202503222","aerialway":"chair_lift","osmId":202503222}},{"type":"Feature","id":"aerialway-203680469","geometry":{"type":"LineString","coordinates":[[-72.797,43.62511],[-72.79697,43.62484],[-72.79694,43.62438],[-72.79688,43.62376],[-72.79681,43.62311],[-72.79674,43.6225],[-72.79669,43.62203],[-72.79664,43.62145],[-72.79658,43.62083],[-72.79649,43.61998],[-72.79644,43.61949],[-72.79639,43.61898],[-72.79635,43.61854],[-72.79631,43.6181],[-72.79623,43.61751],[-72.79617,43.617],[-72.79612,43.61657],[-72.79608,43.61622]]},"properties":{"group":"aerialway","dataStatus":"reference","color":"#c4b5fd","title":"Snowshed Double","status":"Chairlift","details":"OpenStreetMap aerial lift. This is the lift line, not a live cabin.","provider":"OpenStreetMap","sourceUrl":"https://www.openstreetmap.org/way/203680469","aerialway":"chair_lift","osmId":203680469}},{"type":"Feature","id":"aerialway-203680474","geometry":{"type":"LineString","coordinates":[[-72.80174,43.61696],[-72.8018,43.61656],[-72.80188,43.61606],[-72.80198,43.61546],[-72.80201,43.61523],[-72.80211,43.61458],[-72.80226,43.61366],[-72.80241,43.61268],[-72.80251,43.61206],[-72.80265,43.61115],[-72.80279,43.61028],[-72.80291,43.60953],[-72.803,43.6089],[-72.80316,43.60793]]},"properties":{"group":"aerialway","dataStatus":"reference","color":"#c4b5fd","title":"Superstar Express Six","status":"Chairlift","details":"OpenStreetMap aerial lift. This is the lift line, not a live cabin.","provider":"OpenStreetMap","sourceUrl":"https://www.openstreetmap.org/way/203680474","aerialway":"chair_lift","osmId":203680474}},{"type":"Feature","id":"aerialway-203680475","geometry":{"type":"LineString","coordinates":[[-72.80389,43.61793],[-72.8043,43.61788],[-72.80485,43.6178],[-72.80524,43.61775],[-72.8058,43.61768],[-72.80712,43.6175],[-72.80855,43.61731],[-72.80904,43.61724],[-72.80956,43.61717],[-72.8102,43.61708],[-72.81144,43.61692],[-72.81156,43.6169],[-72.81263,43.61676],[-72.8128,43.61673],[-72.81385,43.61659],[-72.81487,43.61646],[-72.81611,43.61629],[-72.81697,43.61617],[-72.81756,43.61609],[-72.81833,43.61599],[-72.81923,43.61587],[-72.81946,43.61584]]},"properties":{"group":"aerialway","dataStatus":"reference","color":"#c4b5fd","title":"Snowdon Triple","status":"Chairlift","details":"OpenStreetMap aerial lift. This is the lift line, not a live cabin.","provider":"OpenStreetMap","sourceUrl":"https://www.openstreetmap.org/way/203680475","aerialway":"chair_lift","osmId":203680475}},{"type":"Feature","id":"aerialway-203680476","geometry":{"type":"LineString","coordinates":[[-72.78663,43.61574],[-72.78715,43.61571],[-72.7887,43.61561],[-72.78931,43.61558],[-72.78994,43.61554],[-72.7918,43.61543],[-72.79279,43.61537],[-72.79341,43.61533],[-72.79467,43.61525],[-72.79491,43.61524],[-72.79505,43.61523]]},"properties":{"group":"aerialway","dataStatus":"reference","color":"#c4b5fd","title":"Northbrook Quad","status":"Chairlift","details":"OpenStreetMap aerial lift. This is the lift line, not a live cabin.","provider":"OpenStreetMap","sourceUrl":"https://www.openstreetmap.org/way/203680476","aerialway":"chair_lift","osmId":203680476}},{"type":"Feature","id":"aerialway-203822050","geometry":{"type":"LineString","coordinates":[[-72.77965,44.53104],[-72.77905,44.53122],[-72.77812,44.5315],[-72.77768,44.53163],[-72.77733,44.53173],[-72.77679,44.5319],[-72.77657,44.53196],[-72.7762,44.53207]]},"properties":{"group":"aerialway","dataStatus":"reference","color":"#c4b5fd","title":"Adventure Triple","status":"Chairlift","details":"OpenStreetMap aerial lift. This is the lift line, not a live cabin.","provider":"OpenStreetMap","sourceUrl":"https://www.openstreetmap.org/way/203822050","aerialway":"chair_lift","osmId":203822050}},{"type":"Feature","id":"aerialway-204726132","geometry":{"type":"LineString","coordinates":[[-71.24122,44.08076],[-71.24125,44.08053],[-71.24131,44.08005],[-71.2414,44.07935],[-71.24147,44.07882],[-71.24154,44.07833],[-71.24165,44.07746],[-71.24177,44.07658],[-71.24189,44.07568],[-71.24201,44.07475],[-71.24213,44.07384],[-71.24216,44.0736],[-71.24226,44.07284],[-71.24242,44.07165],[-71.24251,44.07091],[-71.24264,44.06998],[-71.24282,44.06862],[-71.24284,44.06845],[-71.24287,44.06819]]},"properties":{"group":"aerialway","dataStatus":"reference","color":"#c4b5fd","title":"Abenaki Quad","status":"Chairlift","details":"OpenStreetMap aerial lift. This is the lift line, not a live cabin.","provider":"OpenStreetMap","sourceUrl":"https://www.openstreetmap.org/way/204726132","aerialway":"chair_lift","osmId":204726132}},{"type":"Feature","id":"aerialway-204726134","geometry":{"type":"LineString","coordinates":[[-71.24956,44.07813],[-71.24934,44.07759],[-71.24913,44.07706],[-71.24875,44.07614],[-71.24832,44.07509],[-71.24796,44.07421],[-71.24756,44.0734],[-71.24726,44.07267],[-71.24691,44.07183],[-71.24653,44.07091],[-71.24637,44.07051],[-71.24618,44.07004],[-71.24575,44.06901],[-71.24535,44.06802],[-71.24504,44.06726],[-71.24472,44.06647],[-71.24428,44.0654],[-71.24424,44.06531],[-71.24416,44.06513]]},"properties":{"group":"aerialway","dataStatus":"reference","color":"#c4b5fd","title":"Flying Bear","status":"Chairlift","details":"OpenStreetMap aerial lift. This is the lift line, not a live cabin.","provider":"OpenStreetMap","sourceUrl":"https://www.openstreetmap.org/way/204726134","aerialway":"chair_lift","osmId":204726134}},{"type":"Feature","id":"aerialway-204726143","geometry":{"type":"LineString","coordinates":[[-71.24822,44.07817],[-71.24799,44.0779],[-71.24762,44.07744],[-71.24709,44.07679],[-71.247,44.07668],[-71.24638,44.07593],[-71.24585,44.07527],[-71.24522,44.07452],[-71.24469,44.07387],[-71.2444,44.0735],[-71.24426,44.07334]]},"properties":{"group":"aerialway","dataStatus":"reference","color":"#c4b5fd","title":"Kachina Triple","status":"Chairlift","details":"OpenStreetMap aerial lift. This is the lift line, not a live cabin.","provider":"OpenStreetMap","sourceUrl":"https://www.openstreetmap.org/way/204726143","aerialway":"chair_lift","osmId":204726143}},{"type":"Feature","id":"aerialway-205006657","geometry":{"type":"LineString","coordinates":[[-73.2888,42.5568],[-73.2887,42.55654],[-73.28857,42.55622],[-73.28844,42.55586],[-73.28829,42.55549],[-73.28817,42.55515]]},"properties":{"group":"aerialway","dataStatus":"reference","color":"#c4b5fd","title":"Cricket Triple","status":"Chairlift","details":"OpenStreetMap aerial lift. This is the lift line, not a live cabin.","provider":"OpenStreetMap","sourceUrl":"https://www.openstreetmap.org/way/205006657","aerialway":"chair_lift","osmId":205006657}},{"type":"Feature","id":"aerialway-205154240","geometry":{"type":"LineString","coordinates":[[-72.07722,43.33259],[-72.07684,43.33232],[-72.07646,43.33206],[-72.07583,43.33162],[-72.07503,43.33107],[-72.07421,43.33051],[-72.0736,43.33009],[-72.07309,43.32974],[-72.07289,43.3296],[-72.07248,43.32932],[-72.07216,43.3291]]},"properties":{"group":"aerialway","dataStatus":"reference","color":"#c4b5fd","title":"Spruce Triple","status":"Chairlift","details":"OpenStreetMap aerial lift. This is the lift line, not a live cabin.","provider":"OpenStreetMap","sourceUrl":"https://www.openstreetmap.org/way/205154240","aerialway":"chair_lift","osmId":205154240}},{"type":"Feature","id":"aerialway-205154242","geometry":{"type":"LineString","coordinates":[[-72.08041,43.32982],[-72.08021,43.32936],[-72.08003,43.32892],[-72.07967,43.32806],[-72.07947,43.32757],[-72.07917,43.32684],[-72.07893,43.32625],[-72.07863,43.32552],[-72.07829,43.3247],[-72.07793,43.32383],[-72.07757,43.32296],[-72.07734,43.32238],[-72.0771,43.3218],[-72.07675,43.32095],[-72.07645,43.32023],[-72.07611,43.3194],[-72.07576,43.31856],[-72.07539,43.31765],[-72.075,43.31671],[-72.07472,43.31603],[-72.07441,43.31526],[-72.07419,43.31473],[-72.07412,43.31457]]},"properties":{"group":"aerialway","dataStatus":"reference","color":"#c4b5fd","title":"Sunapee Express Quad","status":"Chairlift","details":"OpenStreetMap aerial lift. This is the lift line, not a live cabin.","provider":"OpenStreetMap","sourceUrl":"https://www.openstreetmap.org/way/205154242","aerialway":"chair_lift","osmId":205154242}},{"type":"Feature","id":"aerialway-205154243","geometry":{"type":"LineString","coordinates":[[-72.07864,43.3313],[-72.07845,43.33102],[-72.07812,43.33055],[-72.07778,43.33006],[-72.07731,43.32939],[-72.0767,43.3285],[-72.07648,43.32819],[-72.07592,43.32739],[-72.07538,43.32662],[-72.07494,43.32597],[-72.07451,43.32536],[-72.07392,43.32452],[-72.07341,43.32378]]},"properties":{"group":"aerialway","dataStatus":"reference","color":"#c4b5fd","title":"North Peak Triple","status":"Chairlift","details":"OpenStreetMap aerial lift. This is the lift line, not a live cabin.","provider":"OpenStreetMap","sourceUrl":"https://www.openstreetmap.org/way/205154243","aerialway":"chair_lift","osmId":205154243}},{"type":"Feature","id":"aerialway-205154245","geometry":{"type":"LineString","coordinates":[[-72.08235,43.33127],[-72.08287,43.33132],[-72.08369,43.33141],[-72.08381,43.33143],[-72.08435,43.33148],[-72.08534,43.33159],[-72.08651,43.33172],[-72.08703,43.33177],[-72.08794,43.33187],[-72.08847,43.33193],[-72.08876,43.33196],[-72.08893,43.33198]]},"properties":{"group":"aerialway","dataStatus":"reference","color":"#c4b5fd","title":"Clipper Ship Quad","status":"Chairlift","details":"OpenStreetMap aerial lift. This is the lift line, not a live cabin.","provider":"OpenStreetMap","sourceUrl":"https://www.openstreetmap.org/way/205154245","aerialway":"chair_lift","osmId":205154245}},{"type":"Feature","id":"aerialway-205154248","geometry":{"type":"LineString","coordinates":[[-72.06556,43.32384],[-72.06581,43.32355],[-72.06622,43.32304],[-72.06661,43.32257],[-72.06711,43.32195],[-72.06722,43.32181],[-72.06789,43.32099],[-72.06835,43.32043],[-72.06895,43.31969],[-72.06954,43.31897],[-72.07021,43.31814],[-72.07081,43.31741],[-72.07151,43.31654],[-72.07218,43.31572],[-72.07244,43.3154],[-72.07269,43.3151],[-72.07312,43.31457],[-72.07326,43.3144]]},"properties":{"group":"aerialway","dataStatus":"reference","color":"#c4b5fd","title":"Sunbowl Express Quad","status":"Chairlift","details":"OpenStreetMap aerial lift. This is the lift line, not a live cabin.","provider":"OpenStreetMap","sourceUrl":"https://www.openstreetmap.org/way/205154248","aerialway":"chair_lift","osmId":205154248}},{"type":"Feature","id":"aerialway-205580573","geometry":{"type":"LineString","coordinates":[[-71.23002,44.08239],[-71.22993,44.08222],[-71.22978,44.08195],[-71.22929,44.08111],[-71.22878,44.08022],[-71.22829,44.07935],[-71.22778,44.07847],[-71.22721,44.07747],[-71.22664,44.07647],[-71.22604,44.07543],[-71.22587,44.07513]]},"properties":{"group":"aerialway","dataStatus":"reference","color":"#c4b5fd","title":"Flying Yankee","status":"Chairlift","details":"OpenStreetMap aerial lift. This is the lift line, not a live cabin.","provider":"OpenStreetMap","sourceUrl":"https://www.openstreetmap.org/way/205580573","aerialway":"chair_lift","osmId":205580573}},{"type":"Feature","id":"aerialway-205580574","geometry":{"type":"LineString","coordinates":[[-71.23117,44.08239],[-71.23096,44.08215],[-71.23044,44.08153],[-71.22965,44.08059],[-71.22903,44.07985],[-71.22846,44.07916],[-71.22793,44.07853],[-71.22752,44.07804],[-71.22701,44.07744],[-71.22612,44.07638],[-71.22563,44.0758],[-71.22448,44.07443],[-71.2237,44.07349],[-71.22326,44.07297],[-71.22293,44.07258],[-71.22274,44.07234],[-71.22215,44.07165],[-71.22154,44.07092],[-71.22124,44.07056],[-71.22069,44.06991],[-71.22009,44.06919],[-71.21968,44.0687]]},"properties":{"group":"aerialway","dataStatus":"reference","color":"#c4b5fd","title":"The Mountaineer","status":"Chairlift","details":"OpenStreetMap aerial lift. This is the lift line, not a live cabin.","provider":"OpenStreetMap","sourceUrl":"https://www.openstreetmap.org/way/205580574","aerialway":"chair_lift","osmId":205580574}},{"type":"Feature","id":"aerialway-207260256","geometry":{"type":"LineString","coordinates":[[-71.47228,44.25852],[-71.47272,44.25814],[-71.4734,44.25757],[-71.47412,44.25697],[-71.47484,44.25635],[-71.4756,44.2557],[-71.47635,44.25507],[-71.47714,44.25439],[-71.47792,44.25373],[-71.47874,44.25302],[-71.47958,44.25232],[-71.48042,44.25161],[-71.48086,44.25122],[-71.48131,44.25084]]},"properties":{"group":"aerialway","dataStatus":"reference","color":"#c4b5fd","title":"West Mountain Express High Speed Quad","status":"Chairlift","details":"OpenStreetMap aerial lift. This is the lift line, not a live cabin.","provider":"OpenStreetMap","sourceUrl":"https://www.openstreetmap.org/way/207260256","aerialway":"chair_lift","osmId":207260256}},{"type":"Feature","id":"aerialway-207260257","geometry":{"type":"LineString","coordinates":[[-71.46079,44.25941],[-71.4609,44.25921],[-71.46119,44.25875],[-71.46168,44.25798],[-71.46223,44.25707],[-71.46258,44.25649],[-71.4632,44.25552],[-71.4637,44.25467],[-71.46424,44.25383],[-71.46483,44.25289],[-71.46535,44.25203],[-71.46592,44.25113],[-71.46638,44.25038],[-71.46683,44.24964],[-71.46759,44.24843],[-71.46818,44.24745],[-71.46833,44.24722]]},"properties":{"group":"aerialway","dataStatus":"reference","color":"#c4b5fd","title":"Bethlehem Express High Speed Quad","status":"Chairlift","details":"OpenStreetMap aerial lift. This is the lift line, not a live cabin.","provider":"OpenStreetMap","sourceUrl":"https://www.openstreetmap.org/way/207260257","aerialway":"chair_lift","osmId":207260257}},{"type":"Feature","id":"aerialway-207260259","geometry":{"type":"LineString","coordinates":[[-71.46169,44.25969],[-71.46216,44.25926],[-71.46287,44.25858],[-71.4636,44.25789],[-71.46453,44.25703],[-71.46528,44.25635],[-71.46622,44.25548],[-71.46713,44.25463],[-71.46805,44.25377],[-71.46907,44.25282],[-71.47007,44.2519],[-71.47106,44.25098],[-71.47206,44.25005],[-71.47303,44.24914],[-71.47324,44.24895]]},"properties":{"group":"aerialway","dataStatus":"reference","color":"#c4b5fd","title":"Zephyr High Speed Quad","status":"Chairlift","details":"OpenStreetMap aerial lift. This is the lift line, not a live cabin.","provider":"OpenStreetMap","sourceUrl":"https://www.openstreetmap.org/way/207260259","aerialway":"chair_lift","osmId":207260259}},{"type":"Feature","id":"aerialway-207260260","geometry":{"type":"LineString","coordinates":[[-71.46425,44.24781],[-71.46444,44.24768],[-71.46481,44.24741],[-71.46566,44.24683],[-71.46648,44.24625],[-71.4673,44.24568],[-71.46823,44.24502],[-71.46928,44.24429],[-71.47033,44.24355],[-71.47062,44.24333]]},"properties":{"group":"aerialway","dataStatus":"reference","color":"#c4b5fd","title":"Rosebrook Summit Express Quad","status":"Chairlift","details":"OpenStreetMap aerial lift. This is the lift line, not a live cabin.","provider":"OpenStreetMap","sourceUrl":"https://www.openstreetmap.org/way/207260260","aerialway":"chair_lift","osmId":207260260}},{"type":"Feature","id":"aerialway-207260261","geometry":{"type":"LineString","coordinates":[[-71.45972,44.25927],[-71.45964,44.25892],[-71.45956,44.25847],[-71.45947,44.25802],[-71.45938,44.25749],[-71.45934,44.25717],[-71.45933,44.25707]]},"properties":{"group":"aerialway","dataStatus":"reference","color":"#c4b5fd","title":"Learning Center Quad","status":"Chairlift","details":"OpenStreetMap aerial lift. This is the lift line, not a live cabin.","provider":"OpenStreetMap","sourceUrl":"https://www.openstreetmap.org/way/207260261","aerialway":"chair_lift","osmId":207260261}},{"type":"Feature","id":"aerialway-215697993","geometry":{"type":"LineString","coordinates":[[-71.44803,42.54444],[-71.44808,42.5441],[-71.44808,42.54407],[-71.44812,42.54373],[-71.44818,42.54328],[-71.44825,42.54274],[-71.4483,42.54228],[-71.44842,42.54132],[-71.44844,42.54118],[-71.44846,42.54099],[-71.44848,42.54089]]},"properties":{"group":"aerialway","dataStatus":"reference","color":"#c4b5fd","title":"Sundance Triple","status":"Chairlift","details":"OpenStreetMap aerial lift. This is the lift line, not a live cabin.","provider":"OpenStreetMap","sourceUrl":"https://www.openstreetmap.org/way/215697993","aerialway":"chair_lift","osmId":215697993}},{"type":"Feature","id":"aerialway-215697994","geometry":{"type":"LineString","coordinates":[[-71.44439,42.54126],[-71.44488,42.54112],[-71.44489,42.54112],[-71.44555,42.54092],[-71.4464,42.54068],[-71.44686,42.54054],[-71.44736,42.5404],[-71.44769,42.5403],[-71.44779,42.54027]]},"properties":{"group":"aerialway","dataStatus":"reference","color":"#c4b5fd","title":"Chief Triple","status":"Chairlift","details":"OpenStreetMap aerial lift. This is the lift line, not a live cabin.","provider":"OpenStreetMap","sourceUrl":"https://www.openstreetmap.org/way/215697994","aerialway":"chair_lift","osmId":215697994}},{"type":"Feature","id":"aerialway-215698001","geometry":{"type":"LineString","coordinates":[[-71.44685,42.54417],[-71.44689,42.54407],[-71.44704,42.54371],[-71.44727,42.54316],[-71.44746,42.54271],[-71.44771,42.54211],[-71.44792,42.54159],[-71.44806,42.54126],[-71.44821,42.54089],[-71.44824,42.54082]]},"properties":{"group":"aerialway","dataStatus":"reference","color":"#c4b5fd","title":"Snowdance Double","status":"Chairlift","details":"OpenStreetMap aerial lift. This is the lift line, not a live cabin.","provider":"OpenStreetMap","sourceUrl":"https://www.openstreetmap.org/way/215698001","aerialway":"chair_lift","osmId":215698001}},{"type":"Feature","id":"aerialway-215698003","geometry":{"type":"LineString","coordinates":[[-71.44496,42.54185],[-71.44525,42.54172],[-71.44553,42.5416],[-71.44584,42.54147],[-71.44634,42.54125],[-71.4468,42.54105],[-71.44728,42.54084],[-71.4476,42.5407],[-71.44782,42.54061],[-71.44795,42.54055]]},"properties":{"group":"aerialway","dataStatus":"reference","color":"#c4b5fd","title":"Wardance Triple","status":"Chairlift","details":"OpenStreetMap aerial lift. This is the lift line, not a live cabin.","provider":"OpenStreetMap","sourceUrl":"https://www.openstreetmap.org/way/215698003","aerialway":"chair_lift","osmId":215698003}},{"type":"Feature","id":"aerialway-219686231","geometry":{"type":"LineString","coordinates":[[-71.36473,43.5393],[-71.3648,43.53898],[-71.36488,43.53852],[-71.36502,43.53769],[-71.36514,43.53686],[-71.36522,43.53596],[-71.36539,43.535],[-71.36551,43.53417],[-71.36565,43.53325],[-71.36571,43.53284],[-71.36574,43.53246]]},"properties":{"group":"aerialway","dataStatus":"reference","color":"#c4b5fd","title":"Pistol Triple","status":"Chairlift","details":"OpenStreetMap aerial lift. This is the lift line, not a live cabin.","provider":"OpenStreetMap","sourceUrl":"https://www.openstreetmap.org/way/219686231","aerialway":"chair_lift","osmId":219686231}},{"type":"Feature","id":"aerialway-219687928","geometry":{"type":"LineString","coordinates":[[-71.36913,43.54163],[-71.36942,43.54141],[-71.37035,43.54056],[-71.37085,43.5401],[-71.37131,43.53968],[-71.37246,43.53863],[-71.37296,43.53818],[-71.37364,43.53758],[-71.3742,43.53707],[-71.37523,43.53615],[-71.37544,43.53593]]},"properties":{"group":"aerialway","dataStatus":"reference","color":"#c4b5fd","title":"Tiger Triple","status":"Chairlift","details":"OpenStreetMap aerial lift. This is the lift line, not a live cabin.","provider":"OpenStreetMap","sourceUrl":"https://www.openstreetmap.org/way/219687928","aerialway":"chair_lift","osmId":219687928}},{"type":"Feature","id":"aerialway-233471851","geometry":{"type":"LineString","coordinates":[[-72.77179,43.2021],[-72.77153,43.2019],[-72.77129,43.20172],[-72.77097,43.20147],[-72.77046,43.20108],[-72.76993,43.20067],[-72.7693,43.2002],[-72.76848,43.19957],[-72.76767,43.19895],[-72.76689,43.19836],[-72.76556,43.19734],[-72.76512,43.197],[-72.76378,43.19598],[-72.76329,43.1956],[-72.76241,43.19493],[-72.76185,43.1945],[-72.76127,43.19406],[-72.76018,43.19323],[-72.76003,43.19312],[-72.7591,43.19241],[-72.75862,43.19204],[-72.75852,43.19196]]},"properties":{"group":"aerialway","dataStatus":"reference","color":"#c4b5fd","title":"Red Chair","status":"Chairlift","details":"OpenStreetMap aerial lift. This is the lift line, not a live cabin.","provider":"OpenStreetMap","sourceUrl":"https://www.openstreetmap.org/way/233471851","aerialway":"chair_lift","osmId":233471851}},{"type":"Feature","id":"aerialway-235457676","geometry":{"type":"LineString","coordinates":[[-71.14992,46.88739],[-71.14537,46.88576],[-71.14513,46.88566]]},"properties":{"group":"aerialway","dataStatus":"reference","color":"#c4b5fd","title":"T\u00e9l\u00e9ph\u00e9rique de la chute Montmorency","status":"Aerial tramway","details":"OpenStreetMap aerial lift. This is the lift line, not a live cabin.","provider":"OpenStreetMap","sourceUrl":"https://www.openstreetmap.org/way/235457676","aerialway":"cable_car","osmId":235457676}},{"type":"Feature","id":"aerialway-241643133","geometry":{"type":"LineString","coordinates":[[-67.82808,46.52147],[-67.82753,46.52143],[-67.8265,46.52135],[-67.82572,46.52129],[-67.82455,46.5212],[-67.82352,46.52113],[-67.82308,46.52109]]},"properties":{"group":"aerialway","dataStatus":"reference","color":"#c4b5fd","title":"South Star Triple","status":"Chairlift","details":"OpenStreetMap aerial lift. This is the lift line, not a live cabin.","provider":"OpenStreetMap","sourceUrl":"https://www.openstreetmap.org/way/241643133","aerialway":"chair_lift","osmId":241643133}},{"type":"Feature","id":"aerialway-241643134","geometry":{"type":"LineString","coordinates":[[-67.82932,46.52293],[-67.82854,46.52312],[-67.82763,46.52334],[-67.82664,46.52357],[-67.82562,46.52382],[-67.82469,46.52404],[-67.8238,46.52426],[-67.82253,46.52456],[-67.82125,46.52487],[-67.8205,46.52505],[-67.81975,46.52523],[-67.81898,46.52541],[-67.81823,46.52559],[-67.81722,46.52583],[-67.81619,46.52608],[-67.81581,46.52617]]},"properties":{"group":"aerialway","dataStatus":"reference","color":"#c4b5fd","title":"North Star Double","status":"Chairlift","details":"OpenStreetMap aerial lift. This is the lift line, not a live cabin.","provider":"OpenStreetMap","sourceUrl":"https://www.openstreetmap.org/way/241643134","aerialway":"chair_lift","osmId":241643134}},{"type":"Feature","id":"aerialway-241997118","geometry":{"type":"LineString","coordinates":[[-71.25036,42.79575],[-71.25057,42.79598],[-71.25071,42.79614],[-71.25091,42.79636],[-71.25117,42.79664],[-71.2512,42.79667]]},"properties":{"group":"aerialway","dataStatus":"reference","color":"#c4b5fd","title":"Sky Ride","status":"Chairlift","details":"OpenStreetMap aerial lift. This is the lift line, not a live cabin.","provider":"OpenStreetMap","sourceUrl":"https://www.openstreetmap.org/way/241997118","aerialway":"chair_lift","osmId":241997118}},{"type":"Feature","id":"aerialway-242107173","geometry":{"type":"LineString","coordinates":[[-70.61436,44.57743],[-70.61446,44.57744],[-70.61491,44.57747],[-70.61608,44.57762],[-70.61756,44.5778],[-70.61888,44.57797],[-70.62,44.57811],[-70.62155,44.5783],[-70.62296,44.57847],[-70.62449,44.57866],[-70.62571,44.57881],[-70.6273,44.57902],[-70.62869,44.57918],[-70.62945,44.57928],[-70.62959,44.57929]]},"properties":{"group":"aerialway","dataStatus":"reference","color":"#c4b5fd","title":"Summit Lift","status":"Chairlift","details":"OpenStreetMap aerial lift. This is the lift line, not a live cabin.","provider":"OpenStreetMap","sourceUrl":"https://www.openstreetmap.org/way/242107173","aerialway":"chair_lift","osmId":242107173}},{"type":"Feature","id":"aerialway-242107174","geometry":{"type":"LineString","coordinates":[[-70.61445,44.57778],[-70.61481,44.57805],[-70.61538,44.5785],[-70.61584,44.57888],[-70.61641,44.57934],[-70.61694,44.57975],[-70.61727,44.58001]]},"properties":{"group":"aerialway","dataStatus":"reference","color":"#c4b5fd","title":"Novice Lift","status":"Chairlift","details":"OpenStreetMap aerial lift. This is the lift line, not a live cabin.","provider":"OpenStreetMap","sourceUrl":"https://www.openstreetmap.org/way/242107174","aerialway":"chair_lift","osmId":242107174}},{"type":"Feature","id":"aerialway-242110553","geometry":{"type":"LineString","coordinates":[[-69.13414,44.2157],[-69.13459,44.21542],[-69.13493,44.21519],[-69.13527,44.21497],[-69.13624,44.21436],[-69.1366,44.21412],[-69.13683,44.21397]]},"properties":{"group":"aerialway","dataStatus":"reference","color":"#c4b5fd","title":"Double Chair","status":"Chairlift","details":"OpenStreetMap aerial lift. This is the lift line, not a live cabin.","provider":"OpenStreetMap","sourceUrl":"https://www.openstreetmap.org/way/242110553","aerialway":"chair_lift","osmId":242110553}},{"type":"Feature","id":"aerialway-242110554","geometry":{"type":"LineString","coordinates":[[-69.13517,44.21704],[-69.13544,44.21692],[-69.13593,44.21672],[-69.13847,44.21565],[-69.13971,44.21513],[-69.14096,44.2146],[-69.14428,44.2132],[-69.14537,44.21275],[-69.14582,44.21256],[-69.14682,44.21214],[-69.14772,44.21176],[-69.14781,44.21172],[-69.1481,44.2116]]},"properties":{"group":"aerialway","dataStatus":"reference","color":"#c4b5fd","title":"Triple Chair","status":"Chairlift","details":"OpenStreetMap aerial lift. This is the lift line, not a live cabin.","provider":"OpenStreetMap","sourceUrl":"https://www.openstreetmap.org/way/242110554","aerialway":"chair_lift","osmId":242110554}},{"type":"Feature","id":"aerialway-242111773","geometry":{"type":"LineString","coordinates":[[-70.2809,44.13706],[-70.28111,44.13712],[-70.28191,44.13731],[-70.28193,44.13731],[-70.28231,44.13742],[-70.28309,44.13764],[-70.2836,44.13777],[-70.28383,44.13783],[-70.28444,44.138],[-70.28467,44.13806],[-70.28489,44.13812]]},"properties":{"group":"aerialway","dataStatus":"reference","color":"#c4b5fd","title":"Chair #2","status":"Chairlift","details":"OpenStreetMap aerial lift. This is the lift line, not a live cabin.","provider":"OpenStreetMap","sourceUrl":"https://www.openstreetmap.org/way/242111773","aerialway":"chair_lift","osmId":242111773}},{"type":"Feature","id":"aerialway-242111774","geometry":{"type":"LineString","coordinates":[[-70.28073,44.13622],[-70.28097,44.13605],[-70.28161,44.13558],[-70.28221,44.13517],[-70.28264,44.13485],[-70.283,44.13459],[-70.28329,44.13437]]},"properties":{"group":"aerialway","dataStatus":"reference","color":"#c4b5fd","title":"Chair #1","status":"Chairlift","details":"OpenStreetMap aerial lift. This is the lift line, not a live cabin.","provider":"OpenStreetMap","sourceUrl":"https://www.openstreetmap.org/way/242111774","aerialway":"chair_lift","osmId":242111774}},{"type":"Feature","id":"aerialway-242120695","geometry":{"type":"LineString","coordinates":[[-70.71461,44.38237],[-70.71474,44.38196],[-70.71488,44.3815],[-70.71506,44.38092],[-70.71526,44.38027],[-70.7155,44.37952],[-70.71563,44.37911],[-70.7157,44.37886],[-70.71593,44.37812],[-70.71616,44.37739],[-70.7163,44.37695],[-70.7165,44.37629],[-70.71676,44.37544],[-70.71691,44.37496],[-70.71703,44.37459]]},"properties":{"group":"aerialway","dataStatus":"reference","color":"#c4b5fd","title":"Skyline Double","status":"Chairlift","details":"OpenStreetMap aerial lift. This is the lift line, not a live cabin.","provider":"OpenStreetMap","sourceUrl":"https://www.openstreetmap.org/way/242120695","aerialway":"chair_lift","osmId":242120695}},{"type":"Feature","id":"aerialway-242170252","geometry":{"type":"LineString","coordinates":[[-72.21005,45.311],[-72.21088,45.31086],[-72.21139,45.31078],[-72.21236,45.31061],[-72.21295,45.31052],[-72.21348,45.31043],[-72.21456,45.31025],[-72.21527,45.31013],[-72.21556,45.31008],[-72.2168,45.30987],[-72.21824,45.30963],[-72.21942,45.30944],[-72.21985,45.30937],[-72.22104,45.30917],[-72.22148,45.3091],[-72.22243,45.30894]]},"properties":{"group":"aerialway","dataStatus":"reference","color":"#c4b5fd","title":"1-Quad Giroux Est","status":"Chairlift","details":"OpenStreetMap aerial lift. This is the lift line, not a live cabin.","provider":"OpenStreetMap","sourceUrl":"https://www.openstreetmap.org/way/242170252","aerialway":"chair_lift","osmId":242170252}},{"type":"Feature","id":"aerialway-242170263","geometry":{"type":"LineString","coordinates":[[-72.22202,45.31853],[-72.2226,45.31868],[-72.22321,45.31884],[-72.22382,45.319],[-72.22514,45.31934],[-72.22651,45.3197],[-72.22686,45.31979],[-72.22753,45.31996],[-72.22825,45.32015],[-72.22846,45.3202],[-72.22946,45.32046],[-72.23032,45.32068],[-72.2315,45.32099],[-72.23264,45.32128],[-72.23381,45.32158],[-72.23511,45.32192],[-72.23603,45.32216],[-72.2368,45.32236],[-72.23711,45.32244],[-72.23759,45.32256],[-72.23773,45.3226],[-72.23811,45.32271]]},"properties":{"group":"aerialway","dataStatus":"reference","color":"#c4b5fd","title":"5-Quad Alfred D.","status":"Chairlift","details":"OpenStreetMap aerial lift. This is the lift line, not a live cabin.","provider":"OpenStreetMap","sourceUrl":"https://www.openstreetmap.org/way/242170263","aerialway":"chair_lift","osmId":242170263}},{"type":"Feature","id":"aerialway-242221846","geometry":{"type":"LineString","coordinates":[[-69.70089,45.50647],[-69.701,45.50611],[-69.70116,45.5054],[-69.70138,45.50457],[-69.70156,45.50369],[-69.7018,45.50266],[-69.70201,45.50179],[-69.70221,45.50098],[-69.70244,45.50006],[-69.70259,45.49944],[-69.70264,45.49921]]},"properties":{"group":"aerialway","dataStatus":"reference","color":"#c4b5fd","title":"Donaher Triple","status":"Chairlift","details":"OpenStreetMap aerial lift. This is the lift line, not a live cabin.","provider":"OpenStreetMap","sourceUrl":"https://www.openstreetmap.org/way/242221846","aerialway":"chair_lift","osmId":242221846}},{"type":"Feature","id":"aerialway-242288237","geometry":{"type":"LineString","coordinates":[[-71.16539,44.16655],[-71.16556,44.16707],[-71.16581,44.16788],[-71.16605,44.16867],[-71.16637,44.16968],[-71.16675,44.1709],[-71.16697,44.17162],[-71.16734,44.17281],[-71.16761,44.17369],[-71.16818,44.17552],[-71.16846,44.17641],[-71.16853,44.17663],[-71.16868,44.17711],[-71.16878,44.17743]]},"properties":{"group":"aerialway","dataStatus":"reference","color":"#c4b5fd","title":"Summit Double","status":"Chairlift","details":"OpenStreetMap aerial lift. This is the lift line, not a live cabin.","provider":"OpenStreetMap","sourceUrl":"https://www.openstreetmap.org/way/242288237","aerialway":"chair_lift","osmId":242288237}},{"type":"Feature","id":"aerialway-242288238","geometry":{"type":"LineString","coordinates":[[-71.16361,44.16744],[-71.16369,44.16758],[-71.16392,44.16801],[-71.16416,44.16844],[-71.16448,44.16901],[-71.16509,44.17012],[-71.16543,44.17074],[-71.16578,44.17136],[-71.16604,44.17184],[-71.16637,44.17243],[-71.16672,44.17308],[-71.16722,44.17397],[-71.16762,44.1747],[-71.16776,44.17495]]},"properties":{"group":"aerialway","dataStatus":"reference","color":"#c4b5fd","title":"East Bowl Triple","status":"Chairlift","details":"OpenStreetMap aerial lift. This is the lift line, not a live cabin.","provider":"OpenStreetMap","sourceUrl":"https://www.openstreetmap.org/way/242288238","aerialway":"chair_lift","osmId":242288238}},{"type":"Feature","id":"aerialway-242291491","geometry":{"type":"LineString","coordinates":[[-71.70595,44.17916],[-71.70592,44.17872],[-71.70591,44.17842],[-71.70591,44.17788],[-71.70591,44.17726],[-71.70591,44.17669],[-71.70591,44.17614],[-71.70594,44.17551]]},"properties":{"group":"aerialway","dataStatus":"reference","color":"#c4b5fd","title":"Tuckerbrook Quad","status":"Chairlift","details":"OpenStreetMap aerial lift. This is the lift line, not a live cabin.","provider":"OpenStreetMap","sourceUrl":"https://www.openstreetmap.org/way/242291491","aerialway":"chair_lift","osmId":242291491}},{"type":"Feature","id":"aerialway-242291492","geometry":{"type":"LineString","coordinates":[[-71.70478,44.17873],[-71.70434,44.17841],[-71.70378,44.17802],[-71.70311,44.17754],[-71.70269,44.17722]]},"properties":{"group":"aerialway","dataStatus":"reference","color":"#c4b5fd","title":"Brookside Triple","status":"Chairlift","details":"OpenStreetMap aerial lift. This is the lift line, not a live cabin.","provider":"OpenStreetMap","sourceUrl":"https://www.openstreetmap.org/way/242291492","aerialway":"chair_lift","osmId":242291492}},{"type":"Feature","id":"aerialway-242364581","geometry":{"type":"LineString","coordinates":[[-71.10881,44.05962],[-71.10821,44.05956],[-71.10749,44.05948],[-71.10577,44.05928],[-71.10467,44.05916],[-71.1036,44.05904],[-71.1026,44.05893],[-71.10159,44.05882],[-71.1005,44.0587],[-71.09933,44.05857],[-71.09816,44.05844],[-71.09702,44.05832],[-71.09561,44.05816],[-71.09438,44.05802],[-71.09355,44.05793],[-71.09302,44.05787],[-71.09257,44.05782]]},"properties":{"group":"aerialway","dataStatus":"reference","color":"#c4b5fd","title":"Lookout Triple","status":"Chairlift","details":"OpenStreetMap aerial lift. This is the lift line, not a live cabin.","provider":"OpenStreetMap","sourceUrl":"https://www.openstreetmap.org/way/242364581","aerialway":"chair_lift","osmId":242364581}},{"type":"Feature","id":"aerialway-242364582","geometry":{"type":"LineString","coordinates":[[-71.1088,44.05887],[-71.10866,44.05886],[-71.10752,44.05884],[-71.1068,44.05882],[-71.10591,44.05881],[-71.10519,44.05879],[-71.10477,44.05878]]},"properties":{"group":"aerialway","dataStatus":"reference","color":"#c4b5fd","title":"C-More Double","status":"Chairlift","details":"OpenStreetMap aerial lift. This is the lift line, not a live cabin.","provider":"OpenStreetMap","sourceUrl":"https://www.openstreetmap.org/way/242364582","aerialway":"chair_lift","osmId":242364582}},{"type":"Feature","id":"aerialway-242364585","geometry":{"type":"LineString","coordinates":[[-71.10925,44.0575],[-71.10904,44.0575],[-71.10841,44.05751],[-71.10742,44.05752],[-71.10627,44.05752],[-71.10488,44.05753],[-71.10366,44.05754],[-71.10202,44.05755],[-71.10045,44.05756],[-71.09906,44.05757],[-71.09811,44.05758],[-71.09713,44.05759],[-71.09619,44.05759],[-71.09501,44.0576],[-71.09388,44.05761],[-71.09315,44.05761],[-71.09295,44.05761]]},"properties":{"group":"aerialway","dataStatus":"reference","color":"#c4b5fd","title":"Skimobile Express","status":"Chairlift","details":"OpenStreetMap aerial lift. This is the lift line, not a live cabin.","provider":"OpenStreetMap","sourceUrl":"https://www.openstreetmap.org/way/242364585","aerialway":"chair_lift","osmId":242364585}},{"type":"Feature","id":"aerialway-242364586","geometry":{"type":"LineString","coordinates":[[-71.11007,44.05554],[-71.10966,44.05555],[-71.10917,44.05555],[-71.10886,44.05555],[-71.10777,44.05554],[-71.10768,44.05554],[-71.10721,44.05554],[-71.10656,44.05554],[-71.10568,44.05554],[-71.1042,44.05553],[-71.10284,44.05553],[-71.10158,44.05553],[-71.10069,44.05553],[-71.10018,44.05552],[-71.09995,44.05552]]},"properties":{"group":"aerialway","dataStatus":"reference","color":"#c4b5fd","title":"South Quad","status":"Chairlift","details":"OpenStreetMap aerial lift. This is the lift line, not a live cabin.","provider":"OpenStreetMap","sourceUrl":"https://www.openstreetmap.org/way/242364586","aerialway":"chair_lift","osmId":242364586}},{"type":"Feature","id":"aerialway-242365341","geometry":{"type":"LineString","coordinates":[[-72.0996,43.78877],[-72.09946,43.78871],[-72.09908,43.78855],[-72.09813,43.78817],[-72.09707,43.78774],[-72.09595,43.78728],[-72.09496,43.78686],[-72.09401,43.78649],[-72.09308,43.78612],[-72.09189,43.78563],[-72.09069,43.78514],[-72.08952,43.78466],[-72.08833,43.78417],[-72.08779,43.78395],[-72.08772,43.78393]]},"properties":{"group":"aerialway","dataStatus":"reference","color":"#c4b5fd","title":"Winslow Mountain Quad","status":"Chairlift","details":"OpenStreetMap aerial lift. This is the lift line, not a live cabin.","provider":"OpenStreetMap","sourceUrl":"https://www.openstreetmap.org/way/242365341","aerialway":"chair_lift","osmId":242365341}},{"type":"Feature","id":"aerialway-242365342","geometry":{"type":"LineString","coordinates":[[-72.10011,43.78712],[-72.10031,43.78678],[-72.1005,43.7864],[-72.10072,43.78602],[-72.10118,43.78521],[-72.10145,43.78475],[-72.10173,43.78423],[-72.10215,43.78347],[-72.10251,43.78284],[-72.10287,43.7822],[-72.10318,43.78154],[-72.10361,43.78081],[-72.10397,43.78016],[-72.10429,43.77948],[-72.10463,43.77885],[-72.1049,43.77839]]},"properties":{"group":"aerialway","dataStatus":"reference","color":"#c4b5fd","title":"Holt's Ledge Double","status":"Chairlift","details":"OpenStreetMap aerial lift. This is the lift line, not a live cabin.","provider":"OpenStreetMap","sourceUrl":"https://www.openstreetmap.org/way/242365342","aerialway":"chair_lift","osmId":242365342}},{"type":"Feature","id":"aerialway-242365861","geometry":{"type":"LineString","coordinates":[[-72.21215,42.97062],[-72.21222,42.97034],[-72.21237,42.9697],[-72.2125,42.96911],[-72.21259,42.96874],[-72.21267,42.9684],[-72.21282,42.96774],[-72.21298,42.96704]]},"properties":{"group":"aerialway","dataStatus":"reference","color":"#c4b5fd","title":"Pinnacle Double Chair","status":"Chairlift","details":"OpenStreetMap aerial lift. This is the lift line, not a live cabin.","provider":"OpenStreetMap","sourceUrl":"https://www.openstreetmap.org/way/242365861","aerialway":"chair_lift","osmId":242365861}},{"type":"Feature","id":"aerialway-242368169","geometry":{"type":"LineString","coordinates":[[-71.09045,43.86799],[-71.09058,43.8683],[-71.09091,43.86909],[-71.09114,43.86964],[-71.09132,43.87008],[-71.09164,43.87084],[-71.0919,43.87146],[-71.09216,43.87209],[-71.09256,43.87305]]},"properties":{"group":"aerialway","dataStatus":"reference","color":"#c4b5fd","title":"Powder Bear Triple","status":"Chairlift","details":"OpenStreetMap aerial lift. This is the lift line, not a live cabin.","provider":"OpenStreetMap","sourceUrl":"https://www.openstreetmap.org/way/242368169","aerialway":"chair_lift","osmId":242368169}},{"type":"Feature","id":"aerialway-242368170","geometry":{"type":"LineString","coordinates":[[-71.08887,43.86877],[-71.08905,43.86908],[-71.08915,43.86924],[-71.08952,43.86987],[-71.08985,43.87044],[-71.09018,43.87099],[-71.09053,43.87158],[-71.0908,43.87204],[-71.09099,43.87235]]},"properties":{"group":"aerialway","dataStatus":"reference","color":"#c4b5fd","title":"Polar Bear Triple","status":"Chairlift","details":"OpenStreetMap aerial lift. This is the lift line, not a live cabin.","provider":"OpenStreetMap","sourceUrl":"https://www.openstreetmap.org/way/242368170","aerialway":"chair_lift","osmId":242368170}},{"type":"Feature","id":"aerialway-242368171","geometry":{"type":"LineString","coordinates":[[-71.08699,43.87297],[-71.0873,43.87296],[-71.08777,43.87295],[-71.0884,43.87294],[-71.08949,43.87291],[-71.0903,43.8729],[-71.09065,43.87289],[-71.09112,43.87288]]},"properties":{"group":"aerialway","dataStatus":"reference","color":"#c4b5fd","title":"Black Bear Triple","status":"Chairlift","details":"OpenStreetMap aerial lift. This is the lift line, not a live cabin.","provider":"OpenStreetMap","sourceUrl":"https://www.openstreetmap.org/way/242368171","aerialway":"chair_lift","osmId":242368171}},{"type":"Feature","id":"aerialway-242368822","geometry":{"type":"LineString","coordinates":[[-71.63787,44.03631],[-71.63694,44.03663],[-71.63607,44.03692],[-71.6352,44.03721],[-71.63442,44.03748],[-71.63358,44.03776],[-71.63281,44.03802],[-71.6319,44.03833],[-71.63153,44.03846]]},"properties":{"group":"aerialway","dataStatus":"reference","color":"#c4b5fd","title":"Tote Road Quad","status":"Chairlift","details":"OpenStreetMap aerial lift. This is the lift line, not a live cabin.","provider":"OpenStreetMap","sourceUrl":"https://www.openstreetmap.org/way/242368822","aerialway":"chair_lift","osmId":242368822}},{"type":"Feature","id":"aerialway-242370234","geometry":{"type":"LineString","coordinates":[[-71.44092,43.00602],[-71.44083,43.00592],[-71.44062,43.0057],[-71.4402,43.00524],[-71.4397,43.00468],[-71.43928,43.00421],[-71.43893,43.00383],[-71.43888,43.00377]]},"properties":{"group":"aerialway","dataStatus":"reference","color":"#c4b5fd","title":"West Double","status":"Chairlift","details":"OpenStreetMap aerial lift. This is the lift line, not a live cabin.","provider":"OpenStreetMap","sourceUrl":"https://www.openstreetmap.org/way/242370234","aerialway":"chair_lift","osmId":242370234}},{"type":"Feature","id":"aerialway-242370236","geometry":{"type":"LineString","coordinates":[[-71.44083,43.00604],[-71.44075,43.00596],[-71.44054,43.00573],[-71.44013,43.00527],[-71.43963,43.00471],[-71.43921,43.00425],[-71.4389,43.00391],[-71.43884,43.00384]]},"properties":{"group":"aerialway","dataStatus":"reference","color":"#c4b5fd","title":"East Double","status":"Chairlift","details":"OpenStreetMap aerial lift. This is the lift line, not a live cabin.","provider":"OpenStreetMap","sourceUrl":"https://www.openstreetmap.org/way/242370236","aerialway":"chair_lift","osmId":242370236}},{"type":"Feature","id":"aerialway-242372832","geometry":{"type":"LineString","coordinates":[[-71.84253,43.4845],[-71.84256,43.48433],[-71.84257,43.48426],[-71.84262,43.48404],[-71.84275,43.48339],[-71.84293,43.48249],[-71.84313,43.48154],[-71.84328,43.48076],[-71.84344,43.47999],[-71.84364,43.479],[-71.8438,43.47822],[-71.84394,43.4775],[-71.84414,43.47654],[-71.84442,43.47516],[-71.8446,43.47425],[-71.84479,43.47331],[-71.84488,43.47287],[-71.84497,43.47249]]},"properties":{"group":"aerialway","dataStatus":"reference","color":"#c4b5fd","title":"Summit Six Express","status":"Chairlift","details":"OpenStreetMap aerial lift. This is the lift line, not a live cabin.","provider":"OpenStreetMap","sourceUrl":"https://www.openstreetmap.org/way/242372832","aerialway":"chair_lift","osmId":242372832}},{"type":"Feature","id":"aerialway-242372833","geometry":{"type":"LineString","coordinates":[[-71.8432,43.48419],[-71.84333,43.48404],[-71.84362,43.48375],[-71.84429,43.48307],[-71.84504,43.48237],[-71.84582,43.48158],[-71.84668,43.48074],[-71.8475,43.47994],[-71.84831,43.47915],[-71.84931,43.47817],[-71.84976,43.47773],[-71.85042,43.47708],[-71.85139,43.47614],[-71.85232,43.47524],[-71.85238,43.47519],[-71.85256,43.475]]},"properties":{"group":"aerialway","dataStatus":"reference","color":"#c4b5fd","title":"Spear Mountain Express","status":"Chairlift","details":"OpenStreetMap aerial lift. This is the lift line, not a live cabin.","provider":"OpenStreetMap","sourceUrl":"https://www.openstreetmap.org/way/242372833","aerialway":"chair_lift","osmId":242372833}},{"type":"Feature","id":"aerialway-242372835","geometry":{"type":"LineString","coordinates":[[-71.84373,43.48501],[-71.84414,43.48493],[-71.84452,43.48484],[-71.84559,43.48461],[-71.84615,43.48449],[-71.84685,43.48434],[-71.84728,43.48425],[-71.84772,43.48415],[-71.84836,43.48401],[-71.84881,43.48391],[-71.84892,43.48389]]},"properties":{"group":"aerialway","dataStatus":"reference","color":"#c4b5fd","title":"Barnyard Triple","status":"Chairlift","details":"OpenStreetMap aerial lift. This is the lift line, not a live cabin.","provider":"OpenStreetMap","sourceUrl":"https://www.openstreetmap.org/way/242372835","aerialway":"chair_lift","osmId":242372835}},{"type":"Feature","id":"aerialway-242375785","geometry":{"type":"LineString","coordinates":[[-71.23673,44.26441],[-71.23565,44.26357],[-71.23508,44.26312],[-71.23432,44.26253],[-71.23356,44.26194],[-71.23284,44.26137],[-71.23245,44.26107],[-71.23201,44.26073],[-71.23116,44.26007],[-71.23051,44.25956],[-71.22986,44.25905],[-71.22928,44.2586],[-71.22893,44.25832],[-71.22804,44.25763],[-71.2274,44.25713],[-71.22698,44.25681],[-71.22649,44.25642],[-71.22634,44.25631]]},"properties":{"group":"aerialway","dataStatus":"reference","color":"#c4b5fd","title":"Tomcat Triple","status":"Chairlift","details":"OpenStreetMap aerial lift. This is the lift line, not a live cabin.","provider":"OpenStreetMap","sourceUrl":"https://www.openstreetmap.org/way/242375785","aerialway":"chair_lift","osmId":242375785}},{"type":"Feature","id":"aerialway-242375786","geometry":{"type":"LineString","coordinates":[[-71.23902,44.26287],[-71.23857,44.26217],[-71.23837,44.26186],[-71.23806,44.26138],[-71.23759,44.26066],[-71.23746,44.26045],[-71.23689,44.25957],[-71.23664,44.25918],[-71.23631,44.25867],[-71.23604,44.25825],[-71.2358,44.25788],[-71.23551,44.25743],[-71.23499,44.25662],[-71.23486,44.25643],[-71.23481,44.25634]]},"properties":{"group":"aerialway","dataStatus":"reference","color":"#c4b5fd","title":"Bobcat Triple","status":"Chairlift","details":"OpenStreetMap aerial lift. This is the lift line, not a live cabin.","provider":"OpenStreetMap","sourceUrl":"https://www.openstreetmap.org/way/242375786","aerialway":"chair_lift","osmId":242375786}},{"type":"Feature","id":"aerialway-242375787","geometry":{"type":"LineString","coordinates":[[-71.23976,44.26349],[-71.23984,44.2633],[-71.24008,44.26271],[-71.24035,44.26206],[-71.24056,44.26154],[-71.24066,44.2613],[-71.24107,44.2603],[-71.24125,44.25987]]},"properties":{"group":"aerialway","dataStatus":"reference","color":"#c4b5fd","title":"Snowcat Triple","status":"Chairlift","details":"OpenStreetMap aerial lift. This is the lift line, not a live cabin.","provider":"OpenStreetMap","sourceUrl":"https://www.openstreetmap.org/way/242375787","aerialway":"chair_lift","osmId":242375787}},{"type":"Feature","id":"aerialway-243716790","geometry":{"type":"LineString","coordinates":[[-70.91566,47.07574],[-70.91633,47.07615],[-70.91735,47.07676],[-70.91746,47.07683],[-70.91843,47.07741],[-70.9198,47.07823],[-70.92091,47.07889],[-70.92214,47.07971],[-70.92317,47.08038],[-70.92427,47.08111],[-70.92533,47.08181],[-70.92615,47.08235],[-70.92715,47.083],[-70.92813,47.08364],[-70.92892,47.08416],[-70.92963,47.08463],[-70.93044,47.08517],[-70.93146,47.08584],[-70.93189,47.08612]]},"properties":{"group":"aerialway","dataStatus":"reference","color":"#c4b5fd","title":"Panorama Express","status":"Chairlift","details":"OpenStreetMap aerial lift. This is the lift line, not a live cabin.","provider":"OpenStreetMap","sourceUrl":"https://www.openstreetmap.org/way/243716790","aerialway":"chair_lift","osmId":243716790}},{"type":"Feature","id":"aerialway-252693149","geometry":{"type":"LineString","coordinates":[[-72.18108,43.6016],[-72.18112,43.6015],[-72.18113,43.60148],[-72.18124,43.60117],[-72.18144,43.60064],[-72.18169,43.59996],[-72.18197,43.5992],[-72.18218,43.59865],[-72.18239,43.59809],[-72.18262,43.59747],[-72.18295,43.59658],[-72.18313,43.59607],[-72.18331,43.59561],[-72.18343,43.59528]]},"properties":{"group":"aerialway","dataStatus":"reference","color":"#c4b5fd","title":"Sky Lift","status":"Chairlift","details":"Whaleback Mountain","provider":"OpenStreetMap","sourceUrl":"https://www.openstreetmap.org/way/252693149","aerialway":"chair_lift","osmId":252693149}},{"type":"Feature","id":"aerialway-255586621","geometry":{"type":"LineString","coordinates":[[-71.87746,43.01129],[-71.87749,43.01107],[-71.87754,43.01077],[-71.87761,43.01036],[-71.87773,43.00959],[-71.87781,43.00905],[-71.87797,43.00803],[-71.87805,43.00752],[-71.87815,43.00686],[-71.87826,43.00614],[-71.87839,43.00535],[-71.87846,43.00488],[-71.87857,43.00415],[-71.87874,43.00287]]},"properties":{"group":"aerialway","dataStatus":"reference","color":"#c4b5fd","title":"Crotched Rocket","status":"Chairlift","details":"OpenStreetMap aerial lift. This is the lift line, not a live cabin.","provider":"OpenStreetMap","sourceUrl":"https://www.openstreetmap.org/way/255586621","aerialway":"chair_lift","osmId":255586621}},{"type":"Feature","id":"aerialway-255586623","geometry":{"type":"LineString","coordinates":[[-71.87609,43.01102],[-71.87609,43.01085],[-71.8761,43.01055],[-71.8761,43.0102],[-71.87612,43.00932],[-71.87612,43.00882],[-71.87613,43.00816],[-71.87614,43.00736],[-71.87615,43.00675],[-71.87616,43.00616],[-71.87617,43.00552],[-71.87618,43.00522]]},"properties":{"group":"aerialway","dataStatus":"reference","color":"#c4b5fd","title":"Valley","status":"Chairlift","details":"OpenStreetMap aerial lift. This is the lift line, not a live cabin.","provider":"OpenStreetMap","sourceUrl":"https://www.openstreetmap.org/way/255586623","aerialway":"chair_lift","osmId":255586623}},{"type":"Feature","id":"aerialway-255586624","geometry":{"type":"LineString","coordinates":[[-71.87795,43.01157],[-71.87816,43.01127],[-71.87875,43.01039],[-71.87911,43.00986],[-71.87931,43.00957],[-71.87948,43.00932]]},"properties":{"group":"aerialway","dataStatus":"reference","color":"#c4b5fd","title":"Park Lift","status":"Chairlift","details":"OpenStreetMap aerial lift. This is the lift line, not a live cabin.","provider":"OpenStreetMap","sourceUrl":"https://www.openstreetmap.org/way/255586624","aerialway":"chair_lift","osmId":255586624}},{"type":"Feature","id":"aerialway-255586625","geometry":{"type":"LineString","coordinates":[[-71.87976,43.01244],[-71.8799,43.01201],[-71.8801,43.01142],[-71.88028,43.01084],[-71.88041,43.01045],[-71.88063,43.00979],[-71.88084,43.00912],[-71.88106,43.00846],[-71.88115,43.00817],[-71.88135,43.00754],[-71.88164,43.00666],[-71.88187,43.00596],[-71.88195,43.0057],[-71.88203,43.00545]]},"properties":{"group":"aerialway","dataStatus":"reference","color":"#c4b5fd","title":"West","status":"Chairlift","details":"OpenStreetMap aerial lift. This is the lift line, not a live cabin.","provider":"OpenStreetMap","sourceUrl":"https://www.openstreetmap.org/way/255586625","aerialway":"chair_lift","osmId":255586625}},{"type":"Feature","id":"aerialway-255617990","geometry":{"type":"LineString","coordinates":[[-71.32595,44.86072],[-71.32348,44.85811],[-71.31877,44.85313]]},"properties":{"group":"aerialway","dataStatus":"reference","color":"#c4b5fd","title":"Chairlift","status":"Chairlift","details":"OpenStreetMap aerial lift. This is the lift line, not a live cabin.","provider":"OpenStreetMap","sourceUrl":"https://www.openstreetmap.org/way/255617990","aerialway":"chair_lift","osmId":255617990}},{"type":"Feature","id":"aerialway-255664434","geometry":{"type":"LineString","coordinates":[[-71.32611,44.86133],[-71.32457,44.86238]]},"properties":{"group":"aerialway","dataStatus":"reference","color":"#c4b5fd","title":"Chairlift","status":"Chairlift","details":"OpenStreetMap aerial lift. This is the lift line, not a live cabin.","provider":"OpenStreetMap","sourceUrl":"https://www.openstreetmap.org/way/255664434","aerialway":"chair_lift","osmId":255664434}},{"type":"Feature","id":"aerialway-255716278","geometry":{"type":"LineString","coordinates":[[-72.95655,43.93955],[-72.95617,43.93921],[-72.95543,43.93857],[-72.95464,43.93787],[-72.95372,43.93707],[-72.95277,43.93623],[-72.95237,43.93588]]},"properties":{"group":"aerialway","dataStatus":"reference","color":"#c4b5fd","title":"Sheehan Double","status":"Chairlift","details":"OpenStreetMap aerial lift. This is the lift line, not a live cabin.","provider":"OpenStreetMap","sourceUrl":"https://www.openstreetmap.org/way/255716278","aerialway":"chair_lift","osmId":255716278}},{"type":"Feature","id":"aerialway-255716279","geometry":{"type":"LineString","coordinates":[[-72.95863,43.93874],[-72.95874,43.93837],[-72.9589,43.93781],[-72.95912,43.93711],[-72.9593,43.93641],[-72.95967,43.93526],[-72.95983,43.93467],[-72.96015,43.93365],[-72.96035,43.93299],[-72.96046,43.93247],[-72.96063,43.93194],[-72.96089,43.93124],[-72.96108,43.93064],[-72.96119,43.93022],[-72.96151,43.92919],[-72.96166,43.92872]]},"properties":{"group":"aerialway","dataStatus":"reference","color":"#c4b5fd","title":"Worth Mountain Triple","status":"Chairlift","details":"OpenStreetMap aerial lift. This is the lift line, not a live cabin.","provider":"OpenStreetMap","sourceUrl":"https://www.openstreetmap.org/way/255716279","aerialway":"chair_lift","osmId":255716279}},{"type":"Feature","id":"aerialway-255716399","geometry":{"type":"LineString","coordinates":[[-72.94494,43.92646],[-72.94552,43.9265],[-72.94619,43.92655],[-72.94753,43.92664],[-72.94891,43.92674],[-72.95009,43.92682],[-72.95131,43.92691],[-72.95219,43.92697],[-72.95359,43.92707],[-72.9542,43.92712],[-72.95542,43.9272],[-72.95603,43.92724],[-72.9575,43.92735],[-72.95876,43.92744],[-72.96002,43.92753],[-72.96056,43.92756]]},"properties":{"group":"aerialway","dataStatus":"reference","color":"#c4b5fd","title":"Bailey Falls Triple","status":"Chairlift","details":"OpenStreetMap aerial lift. This is the lift line, not a live cabin.","provider":"OpenStreetMap","sourceUrl":"https://www.openstreetmap.org/way/255716399","aerialway":"chair_lift","osmId":255716399}},{"type":"Feature","id":"aerialway-255718224","geometry":{"type":"LineString","coordinates":[[-72.89218,42.96467],[-72.89266,42.96456],[-72.8928,42.96453],[-72.89366,42.96433],[-72.89475,42.96407],[-72.89512,42.96398],[-72.89557,42.96388],[-72.89606,42.96376]]},"properties":{"group":"aerialway","dataStatus":"reference","color":"#c4b5fd","title":"Seasons #16","status":"Chairlift","details":"Mount Snow","provider":"OpenStreetMap","sourceUrl":"https://www.openstreetmap.org/way/255718224","aerialway":"chair_lift","osmId":255718224}},{"type":"Feature","id":"aerialway-255724678","geometry":{"type":"LineString","coordinates":[[-72.89696,42.96884],[-72.8973,42.96866],[-72.89763,42.96847],[-72.8979,42.96832],[-72.89798,42.96828]]},"properties":{"group":"aerialway","dataStatus":"reference","color":"#c4b5fd","title":"Discovery Shuttle #28","status":"Chairlift","details":"Mount Snow","provider":"OpenStreetMap","sourceUrl":"https://www.openstreetmap.org/way/255724678","aerialway":"chair_lift","osmId":255724678}},{"type":"Feature","id":"aerialway-255726821","geometry":{"type":"LineString","coordinates":[[-72.89203,42.92857],[-72.89266,42.92837],[-72.89352,42.92809],[-72.89476,42.92769],[-72.89609,42.92726],[-72.89738,42.92686],[-72.89871,42.92643],[-72.90018,42.92595],[-72.90155,42.92552]]},"properties":{"group":"aerialway","dataStatus":"reference","color":"#c4b5fd","title":"The Tage","status":"Chairlift","details":"OpenStreetMap aerial lift. This is the lift line, not a live cabin.","provider":"OpenStreetMap","sourceUrl":"https://www.openstreetmap.org/way/255726821","aerialway":"chair_lift","osmId":255726821}},{"type":"Feature","id":"aerialway-255727372","geometry":{"type":"LineString","coordinates":[[-72.71954,43.40276],[-72.71974,43.40275],[-72.72015,43.40275],[-72.72066,43.40275],[-72.72132,43.40275],[-72.72183,43.40275],[-72.72219,43.40275],[-72.72289,43.40276],[-72.72335,43.40274],[-72.72443,43.40274],[-72.72559,43.40274],[-72.72669,43.40273],[-72.72774,43.40273],[-72.72888,43.40273],[-72.72973,43.40272],[-72.73031,43.40272],[-72.73116,43.40272],[-72.73228,43.40272],[-72.73328,43.40271],[-72.73442,43.40271],[-72.73563,43.4027],[-72.73599,43.4027],[-72.73609,43.4027]]},"properties":{"group":"aerialway","dataStatus":"reference","color":"#c4b5fd","title":"Sachem Quad","status":"Chairlift","details":"OpenStreetMap aerial lift. This is the lift line, not a live cabin.","provider":"OpenStreetMap","sourceUrl":"https://www.openstreetmap.org/way/255727372","aerialway":"chair_lift","osmId":255727372}},{"type":"Feature","id":"aerialway-255728267","geometry":{"type":"LineString","coordinates":[[-72.73112,43.41105],[-72.7317,43.4109],[-72.73252,43.41069],[-72.73328,43.41049],[-72.73423,43.41024],[-72.7349,43.41007],[-72.73599,43.40978],[-72.7368,43.40957],[-72.73762,43.40936],[-72.73836,43.40916],[-72.7393,43.40892],[-72.74072,43.40855],[-72.74164,43.40831],[-72.74238,43.40811],[-72.74339,43.40785],[-72.74375,43.40776],[-72.7446,43.40754],[-72.74521,43.40738]]},"properties":{"group":"aerialway","dataStatus":"reference","color":"#c4b5fd","title":"Evergreen Express","status":"Chairlift","details":"OpenStreetMap aerial lift. This is the lift line, not a live cabin.","provider":"OpenStreetMap","sourceUrl":"https://www.openstreetmap.org/way/255728267","aerialway":"chair_lift","osmId":255728267}},{"type":"Feature","id":"aerialway-255728268","geometry":{"type":"LineString","coordinates":[[-72.72338,43.40695],[-72.72403,43.40702],[-72.72492,43.4071],[-72.72622,43.40723],[-72.72736,43.40734],[-72.7286,43.40746],[-72.72974,43.40757],[-72.73091,43.40768],[-72.73211,43.4078],[-72.73307,43.40789],[-72.73332,43.40791]]},"properties":{"group":"aerialway","dataStatus":"reference","color":"#c4b5fd","title":"Black Ridge Triple","status":"Chairlift","details":"OpenStreetMap aerial lift. This is the lift line, not a live cabin.","provider":"OpenStreetMap","sourceUrl":"https://www.openstreetmap.org/way/255728268","aerialway":"chair_lift","osmId":255728268}},{"type":"Feature","id":"aerialway-255729081","geometry":{"type":"LineString","coordinates":[[-72.84482,43.66175],[-72.84513,43.66163],[-72.84556,43.66146],[-72.84592,43.66132],[-72.84644,43.66112]]},"properties":{"group":"aerialway","dataStatus":"reference","color":"#c4b5fd","title":"Bonanza Double","status":"Chairlift","details":"OpenStreetMap aerial lift. This is the lift line, not a live cabin.","provider":"OpenStreetMap","sourceUrl":"https://www.openstreetmap.org/way/255729081","aerialway":"chair_lift","osmId":255729081}},{"type":"Feature","id":"aerialway-255801266","geometry":{"type":"LineString","coordinates":[[-71.52775,41.51652],[-71.52814,41.51652],[-71.5285,41.51653],[-71.52927,41.51654],[-71.5301,41.51656],[-71.53105,41.51658],[-71.53191,41.51659],[-71.53269,41.5166]]},"properties":{"group":"aerialway","dataStatus":"reference","color":"#c4b5fd","title":"Conan Lift","status":"Chairlift","details":"OpenStreetMap aerial lift. This is the lift line, not a live cabin.","provider":"OpenStreetMap","sourceUrl":"https://www.openstreetmap.org/way/255801266","aerialway":"chair_lift","osmId":255801266}},{"type":"Feature","id":"aerialway-255801267","geometry":{"type":"LineString","coordinates":[[-71.52723,41.5173],[-71.52751,41.5173],[-71.52808,41.51729],[-71.52911,41.51727],[-71.52965,41.51726],[-71.53093,41.51723],[-71.53159,41.51722],[-71.53216,41.5172]]},"properties":{"group":"aerialway","dataStatus":"reference","color":"#c4b5fd","title":"Mary Lift","status":"Chairlift","details":"OpenStreetMap aerial lift. This is the lift line, not a live cabin.","provider":"OpenStreetMap","sourceUrl":"https://www.openstreetmap.org/way/255801267","aerialway":"chair_lift","osmId":255801267}},{"type":"Feature","id":"aerialway-255803751","geometry":{"type":"LineString","coordinates":[[-71.05474,42.743],[-71.0551,42.74274],[-71.0557,42.7423],[-71.05616,42.74197],[-71.05699,42.74136],[-71.0573,42.74114]]},"properties":{"group":"aerialway","dataStatus":"reference","color":"#c4b5fd","title":"Evvy's Double Nickel","status":"Chairlift","details":"OpenStreetMap aerial lift. This is the lift line, not a live cabin.","provider":"OpenStreetMap","sourceUrl":"https://www.openstreetmap.org/way/255803751","aerialway":"chair_lift","osmId":255803751}},{"type":"Feature","id":"aerialway-255804718","geometry":{"type":"LineString","coordinates":[[-71.0563,42.74417],[-71.05663,42.74382],[-71.05701,42.7434],[-71.05742,42.74297],[-71.05787,42.74249],[-71.05829,42.74205],[-71.05856,42.74175]]},"properties":{"group":"aerialway","dataStatus":"reference","color":"#c4b5fd","title":"Hornet Chair","status":"Chairlift","details":"OpenStreetMap aerial lift. This is the lift line, not a live cabin.","provider":"OpenStreetMap","sourceUrl":"https://www.openstreetmap.org/way/255804718","aerialway":"chair_lift","osmId":255804718}},{"type":"Feature","id":"aerialway-255804724","geometry":{"type":"LineString","coordinates":[[-71.05778,42.74504],[-71.05799,42.74471],[-71.0583,42.74421],[-71.05865,42.74365],[-71.05889,42.74326],[-71.05912,42.74289],[-71.05933,42.74255]]},"properties":{"group":"aerialway","dataStatus":"reference","color":"#c4b5fd","title":"Wasp Chair","status":"Chairlift","details":"OpenStreetMap aerial lift. This is the lift line, not a live cabin.","provider":"OpenStreetMap","sourceUrl":"https://www.openstreetmap.org/way/255804724","aerialway":"chair_lift","osmId":255804724}},{"type":"Feature","id":"aerialway-255805182","geometry":{"type":"LineString","coordinates":[[-71.11904,42.21473],[-71.11865,42.21451],[-71.11829,42.21431],[-71.11783,42.21405],[-71.11726,42.21373],[-71.11667,42.2134],[-71.11623,42.21315],[-71.11567,42.21284]]},"properties":{"group":"aerialway","dataStatus":"reference","color":"#c4b5fd","title":"Summit Double","status":"Chairlift","details":"OpenStreetMap aerial lift. This is the lift line, not a live cabin.","provider":"OpenStreetMap","sourceUrl":"https://www.openstreetmap.org/way/255805182","aerialway":"chair_lift","osmId":255805182}},{"type":"Feature","id":"aerialway-255823446","geometry":{"type":"LineString","coordinates":[[-72.87849,42.62027],[-72.87846,42.62014],[-72.87841,42.61987],[-72.87832,42.61943],[-72.87824,42.61907]]},"properties":{"group":"aerialway","dataStatus":"reference","color":"#c4b5fd","title":"Top Notch Double","status":"Chairlift","details":"OpenStreetMap aerial lift. This is the lift line, not a live cabin.","provider":"OpenStreetMap","sourceUrl":"https://www.openstreetmap.org/way/255823446","aerialway":"chair_lift","osmId":255823446}},{"type":"Feature","id":"aerialway-255833619","geometry":{"type":"LineString","coordinates":[[-73.09824,42.19617],[-73.09858,42.1958],[-73.09914,42.19516],[-73.09982,42.19441],[-73.10044,42.19371],[-73.10074,42.19337]]},"properties":{"group":"aerialway","dataStatus":"reference","color":"#c4b5fd","title":"Double Chair","status":"Chairlift","details":"OpenStreetMap aerial lift. This is the lift line, not a live cabin.","provider":"OpenStreetMap","sourceUrl":"https://www.openstreetmap.org/way/255833619","aerialway":"chair_lift","osmId":255833619}},{"type":"Feature","id":"aerialway-255838561","geometry":{"type":"LineString","coordinates":[[-73.31541,41.83679],[-73.31499,41.83649],[-73.31478,41.83634],[-73.31451,41.83615],[-73.31427,41.83598],[-73.31361,41.83551],[-73.31286,41.83497],[-73.3126,41.83479],[-73.31211,41.83445],[-73.31146,41.83398],[-73.31069,41.83344],[-73.3102,41.83309],[-73.30998,41.83293],[-73.30985,41.83284]]},"properties":{"group":"aerialway","dataStatus":"reference","color":"#c4b5fd","title":"Deer Run Triple","status":"Chairlift","details":"OpenStreetMap aerial lift. This is the lift line, not a live cabin.","provider":"OpenStreetMap","sourceUrl":"https://www.openstreetmap.org/way/255838561","aerialway":"chair_lift","osmId":255838561}},{"type":"Feature","id":"aerialway-255838562","geometry":{"type":"LineString","coordinates":[[-73.31522,41.83686],[-73.31482,41.83663],[-73.31418,41.83626],[-73.31349,41.83585],[-73.31285,41.83549],[-73.31252,41.83529],[-73.31214,41.83507],[-73.31196,41.83496],[-73.31168,41.8348],[-73.31136,41.83461],[-73.31056,41.83415],[-73.30973,41.83366],[-73.30895,41.83321],[-73.30881,41.83313],[-73.30807,41.8327],[-73.30739,41.8323],[-73.30711,41.83214]]},"properties":{"group":"aerialway","dataStatus":"reference","color":"#c4b5fd","title":"Mohawk Triple","status":"Chairlift","details":"OpenStreetMap aerial lift. This is the lift line, not a live cabin.","provider":"OpenStreetMap","sourceUrl":"https://www.openstreetmap.org/way/255838562","aerialway":"chair_lift","osmId":255838562}},{"type":"Feature","id":"aerialway-255838564","geometry":{"type":"LineString","coordinates":[[-73.31418,41.83773],[-73.314,41.83752],[-73.31353,41.83696],[-73.31316,41.83651],[-73.31301,41.83634]]},"properties":{"group":"aerialway","dataStatus":"reference","color":"#c4b5fd","title":"Nutmeg Triple","status":"Chairlift","details":"OpenStreetMap aerial lift. This is the lift line, not a live cabin.","provider":"OpenStreetMap","sourceUrl":"https://www.openstreetmap.org/way/255838564","aerialway":"chair_lift","osmId":255838564}},{"type":"Feature","id":"aerialway-255838565","geometry":{"type":"LineString","coordinates":[[-73.31302,41.83782],[-73.31274,41.83759],[-73.31227,41.83722],[-73.31165,41.83671],[-73.31112,41.83621],[-73.31075,41.8359],[-73.31019,41.83537],[-73.30957,41.83479],[-73.30906,41.83431],[-73.30846,41.83371],[-73.30839,41.83365],[-73.30787,41.83318],[-73.30757,41.83291],[-73.30713,41.83252],[-73.307,41.8324],[-73.30693,41.83233]]},"properties":{"group":"aerialway","dataStatus":"reference","color":"#c4b5fd","title":"Arrowhead Triple","status":"Chairlift","details":"OpenStreetMap aerial lift. This is the lift line, not a live cabin.","provider":"OpenStreetMap","sourceUrl":"https://www.openstreetmap.org/way/255838565","aerialway":"chair_lift","osmId":255838565}},{"type":"Feature","id":"aerialway-255838566","geometry":{"type":"LineString","coordinates":[[-73.31298,41.83826],[-73.31261,41.83801],[-73.31208,41.83766],[-73.31158,41.83733],[-73.31129,41.83713],[-73.31112,41.83702],[-73.31094,41.8369],[-73.31082,41.83682],[-73.31065,41.83671],[-73.3105,41.83661],[-73.30993,41.83623],[-73.30927,41.83579],[-73.30877,41.83546],[-73.30834,41.83517],[-73.30775,41.83478],[-73.30725,41.83445],[-73.30666,41.83405],[-73.30644,41.83391],[-73.30604,41.83365],[-73.30544,41.83324],[-73.30535,41.83319]]},"properties":{"group":"aerialway","dataStatus":"reference","color":"#c4b5fd","title":"Boulder Summit Triple","status":"Chairlift","details":"OpenStreetMap aerial lift. This is the lift line, not a live cabin.","provider":"OpenStreetMap","sourceUrl":"https://www.openstreetmap.org/way/255838566","aerialway":"chair_lift","osmId":255838566}},{"type":"Feature","id":"aerialway-255841880","geometry":{"type":"LineString","coordinates":[[-73.25486,41.58904],[-73.25502,41.58902],[-73.25552,41.58896],[-73.25644,41.58884],[-73.25698,41.58878],[-73.2577,41.58869],[-73.2579,41.58866],[-73.25811,41.58864]]},"properties":{"group":"aerialway","dataStatus":"reference","color":"#c4b5fd","title":"Double Chair Lift","status":"Chairlift","details":"OpenStreetMap aerial lift. This is the lift line, not a live cabin.","provider":"OpenStreetMap","sourceUrl":"https://www.openstreetmap.org/way/255841880","aerialway":"chair_lift","osmId":255841880}},{"type":"Feature","id":"aerialway-256851149","geometry":{"type":"LineString","coordinates":[[-72.22177,45.31691],[-72.22183,45.31654],[-72.22189,45.31608],[-72.22198,45.31547],[-72.22206,45.3149],[-72.22217,45.3141],[-72.22228,45.31333],[-72.22238,45.31264],[-72.22244,45.3122],[-72.22253,45.31151],[-72.22264,45.31078],[-72.22271,45.31026],[-72.22278,45.30976],[-72.22279,45.30967],[-72.22285,45.30931]]},"properties":{"group":"aerialway","dataStatus":"reference","color":"#c4b5fd","title":"2-Quad Giroux Nord","status":"Chairlift","details":"OpenStreetMap aerial lift. This is the lift line, not a live cabin.","provider":"OpenStreetMap","sourceUrl":"https://www.openstreetmap.org/way/256851149","aerialway":"chair_lift","osmId":256851149}},{"type":"Feature","id":"aerialway-257026748","geometry":{"type":"LineString","coordinates":[[-67.10479,46.12848],[-67.10492,46.12817],[-67.10508,46.12779],[-67.10527,46.12735],[-67.10548,46.12686],[-67.10573,46.12629],[-67.10589,46.12591],[-67.10609,46.12544],[-67.10654,46.1244],[-67.10684,46.1237],[-67.10714,46.12301],[-67.10731,46.12261],[-67.10764,46.12184],[-67.10787,46.12131],[-67.10803,46.12093],[-67.10816,46.12064]]},"properties":{"group":"aerialway","dataStatus":"reference","color":"#c4b5fd","title":"Chair Lift","status":"Chairlift","details":"OpenStreetMap aerial lift. This is the lift line, not a live cabin.","provider":"OpenStreetMap","sourceUrl":"https://www.openstreetmap.org/way/257026748","aerialway":"chair_lift","osmId":257026748}},{"type":"Feature","id":"aerialway-257028208","geometry":{"type":"LineString","coordinates":[[-68.38138,47.4135],[-68.38188,47.41281],[-68.38223,47.41233],[-68.3825,47.41195],[-68.38286,47.41146],[-68.38319,47.41101],[-68.38371,47.41029],[-68.38418,47.40964],[-68.38462,47.40904],[-68.38495,47.40859],[-68.38583,47.40738]]},"properties":{"group":"aerialway","dataStatus":"reference","color":"#c4b5fd","title":"Chairlift","status":"Chairlift","details":"OpenStreetMap aerial lift. This is the lift line, not a live cabin.","provider":"OpenStreetMap","sourceUrl":"https://www.openstreetmap.org/way/257028208","aerialway":"chair_lift","osmId":257028208}},{"type":"Feature","id":"aerialway-258771796","geometry":{"type":"LineString","coordinates":[[-70.58169,46.41092],[-70.58259,46.41099],[-70.58356,46.41106],[-70.584,46.4111],[-70.58485,46.41116],[-70.58605,46.41125],[-70.58724,46.41134],[-70.58815,46.4114],[-70.58976,46.41152],[-70.59002,46.41154],[-70.59149,46.41165],[-70.59237,46.41172],[-70.59309,46.41177],[-70.59412,46.41185],[-70.5945,46.41188]]},"properties":{"group":"aerialway","dataStatus":"reference","color":"#c4b5fd","title":"Chairlift","status":"Chairlift","details":"OpenStreetMap aerial lift. This is the lift line, not a live cabin.","provider":"OpenStreetMap","sourceUrl":"https://www.openstreetmap.org/way/258771796","aerialway":"chair_lift","osmId":258771796}},{"type":"Feature","id":"aerialway-258798276","geometry":{"type":"LineString","coordinates":[[-72.22654,45.31709],[-72.22687,45.31699],[-72.22732,45.31685],[-72.22815,45.31659],[-72.23022,45.31596],[-72.23112,45.31568],[-72.23228,45.31532],[-72.23329,45.31501],[-72.23425,45.31472],[-72.23492,45.31452],[-72.23546,45.31435],[-72.23776,45.31364],[-72.23894,45.31328],[-72.23959,45.31308],[-72.24001,45.31295]]},"properties":{"group":"aerialway","dataStatus":"reference","color":"#c4b5fd","title":"4-Triple Rapido","status":"Chairlift","details":"OpenStreetMap aerial lift. This is the lift line, not a live cabin.","provider":"OpenStreetMap","sourceUrl":"https://www.openstreetmap.org/way/258798276","aerialway":"chair_lift","osmId":258798276}},{"type":"Feature","id":"aerialway-258804438","geometry":{"type":"LineString","coordinates":[[-72.29855,45.07343],[-72.29871,45.07309],[-72.29931,45.07177],[-72.29996,45.07036],[-72.30037,45.06946],[-72.30079,45.06853],[-72.30106,45.06794],[-72.30134,45.06732],[-72.30151,45.06695]]},"properties":{"group":"aerialway","dataStatus":"reference","color":"#c4b5fd","title":"Blue Chair","status":"Chairlift","details":"OpenStreetMap aerial lift. This is the lift line, not a live cabin.","provider":"OpenStreetMap","sourceUrl":"https://www.openstreetmap.org/way/258804438","aerialway":"chair_lift","osmId":258804438}},{"type":"Feature","id":"aerialway-258804439","geometry":{"type":"LineString","coordinates":[[-72.29794,45.07325],[-72.29793,45.07252],[-72.29793,45.07206],[-72.29793,45.07106],[-72.29792,45.07022],[-72.29792,45.07008],[-72.29792,45.06914],[-72.29791,45.06862],[-72.29791,45.06783],[-72.29791,45.06717],[-72.2979,45.06694],[-72.2979,45.06576],[-72.29789,45.06478],[-72.29789,45.06377],[-72.29793,45.06337]]},"properties":{"group":"aerialway","dataStatus":"reference","color":"#c4b5fd","title":"Main Quad","status":"Chairlift","details":"OpenStreetMap aerial lift. This is the lift line, not a live cabin.","provider":"OpenStreetMap","sourceUrl":"https://www.openstreetmap.org/way/258804439","aerialway":"chair_lift","osmId":258804439}},{"type":"Feature","id":"aerialway-258804440","geometry":{"type":"LineString","coordinates":[[-72.29738,45.07459],[-72.29711,45.07431],[-72.29675,45.07392],[-72.29641,45.07355],[-72.29606,45.07318],[-72.2957,45.07279],[-72.29522,45.07228],[-72.29484,45.07187],[-72.29471,45.07173]]},"properties":{"group":"aerialway","dataStatus":"reference","color":"#c4b5fd","title":"Little Quad","status":"Chairlift","details":"OpenStreetMap aerial lift. This is the lift line, not a live cabin.","provider":"OpenStreetMap","sourceUrl":"https://www.openstreetmap.org/way/258804440","aerialway":"chair_lift","osmId":258804440}},{"type":"Feature","id":"aerialway-258804443","geometry":{"type":"LineString","coordinates":[[-72.28914,45.07602],[-72.28928,45.07561],[-72.28947,45.07509],[-72.28966,45.07452],[-72.28986,45.07398],[-72.29012,45.07324],[-72.29038,45.07249],[-72.29062,45.07179],[-72.29079,45.07131],[-72.29107,45.07052],[-72.29126,45.06997],[-72.29145,45.06944],[-72.29164,45.06889],[-72.2918,45.06845],[-72.2919,45.06816]]},"properties":{"group":"aerialway","dataStatus":"reference","color":"#c4b5fd","title":"Lake Chair","status":"Chairlift","details":"OpenStreetMap aerial lift. This is the lift line, not a live cabin.","provider":"OpenStreetMap","sourceUrl":"https://www.openstreetmap.org/way/258804443","aerialway":"chair_lift","osmId":258804443}},{"type":"Feature","id":"aerialway-258804445","geometry":{"type":"LineString","coordinates":[[-72.28946,45.08049],[-72.28953,45.08027],[-72.28968,45.07982],[-72.28988,45.07919],[-72.2901,45.07851],[-72.2904,45.07761],[-72.29064,45.07688],[-72.29082,45.07632],[-72.29102,45.0757],[-72.2912,45.07515],[-72.29153,45.07415],[-72.29196,45.07283],[-72.29221,45.07207],[-72.2925,45.0712]]},"properties":{"group":"aerialway","dataStatus":"reference","color":"#c4b5fd","title":"Black Chair","status":"Chairlift","details":"OpenStreetMap aerial lift. This is the lift line, not a live cabin.","provider":"OpenStreetMap","sourceUrl":"https://www.openstreetmap.org/way/258804445","aerialway":"chair_lift","osmId":258804445}},{"type":"Feature","id":"aerialway-260125049","geometry":{"type":"LineString","coordinates":[[-71.09985,44.05157],[-71.09958,44.05178],[-71.09855,44.05257],[-71.09699,44.05377],[-71.09639,44.05422],[-71.0957,44.05475],[-71.09406,44.05601],[-71.09347,44.05646],[-71.0933,44.05659],[-71.09312,44.05672],[-71.09282,44.05696],[-71.09257,44.05715]]},"properties":{"group":"aerialway","dataStatus":"reference","color":"#c4b5fd","title":"Schneider Triple Chair","status":"Chairlift","details":"OpenStreetMap aerial lift. This is the lift line, not a live cabin.","provider":"OpenStreetMap","sourceUrl":"https://www.openstreetmap.org/way/260125049","aerialway":"chair_lift","osmId":260125049}},{"type":"Feature","id":"aerialway-263993664","geometry":{"type":"LineString","coordinates":[[-71.60964,43.86804],[-71.60982,43.86753],[-71.60996,43.86712],[-71.61012,43.86667],[-71.61028,43.8662],[-71.61059,43.86533],[-71.61073,43.86492],[-71.6108,43.86471],[-71.61097,43.86424]]},"properties":{"group":"aerialway","dataStatus":"reference","color":"#c4b5fd","title":"Chairlift","status":"Chairlift","details":"OpenStreetMap aerial lift. This is the lift line, not a live cabin.","provider":"OpenStreetMap","sourceUrl":"https://www.openstreetmap.org/way/263993664","aerialway":"chair_lift","osmId":263993664}},{"type":"Feature","id":"aerialway-266010975","geometry":{"type":"LineString","coordinates":[[-71.79108,43.14979],[-71.79158,43.14996],[-71.79212,43.15014],[-71.793,43.15044],[-71.79369,43.15067],[-71.79419,43.15084],[-71.79521,43.15119],[-71.7961,43.15149],[-71.79676,43.15171],[-71.79723,43.15187]]},"properties":{"group":"aerialway","dataStatus":"reference","color":"#c4b5fd","title":"Cascade Basin","status":"Chairlift","details":"OpenStreetMap aerial lift. This is the lift line, not a live cabin.","provider":"OpenStreetMap","sourceUrl":"https://www.openstreetmap.org/way/266010975","aerialway":"chair_lift","osmId":266010975}},{"type":"Feature","id":"aerialway-267067196","geometry":{"type":"LineString","coordinates":[[-71.20063,43.82045],[-71.20128,43.8199],[-71.20156,43.81965],[-71.20208,43.81917],[-71.20484,43.81658],[-71.20596,43.81556],[-71.20655,43.81503],[-71.2116,43.81039],[-71.21317,43.80893],[-71.21338,43.80873],[-71.21366,43.80848],[-71.2139,43.80825]]},"properties":{"group":"aerialway","dataStatus":"reference","color":"#c4b5fd","title":"Whittier Mountain Gondola (abandoned)","status":"Gondola","details":"OpenStreetMap aerial lift. This is the lift line, not a live cabin.","provider":"OpenStreetMap","sourceUrl":"https://www.openstreetmap.org/way/267067196","aerialway":"gondola","osmId":267067196}},{"type":"Feature","id":"aerialway-307145489","geometry":{"type":"LineString","coordinates":[[-71.55286,43.4051],[-71.55273,43.40466],[-71.55247,43.4039],[-71.55228,43.40328],[-71.55209,43.4027],[-71.55188,43.40205],[-71.55169,43.40146],[-71.55156,43.40106],[-71.55142,43.40066],[-71.55126,43.40018],[-71.55115,43.39981],[-71.55099,43.39932],[-71.55073,43.39852],[-71.5506,43.39813]]},"properties":{"group":"aerialway","dataStatus":"reference","color":"#c4b5fd","title":"Chairlift","status":"Chairlift","details":"OpenStreetMap aerial lift. This is the lift line, not a live cabin.","provider":"OpenStreetMap","sourceUrl":"https://www.openstreetmap.org/way/307145489","aerialway":"chair_lift","osmId":307145489}},{"type":"Feature","id":"aerialway-332021995","geometry":{"type":"LineString","coordinates":[[-72.5656,45.09459],[-72.56574,45.09514],[-72.56617,45.09681],[-72.56642,45.09781],[-72.5666,45.0985],[-72.56694,45.09983],[-72.56714,45.10062],[-72.56733,45.10137],[-72.56752,45.10211],[-72.56762,45.10249],[-72.56764,45.10257]]},"properties":{"group":"aerialway","dataStatus":"reference","color":"#c4b5fd","title":"I OW","status":"Chairlift","details":"OpenStreetMap aerial lift. This is the lift line, not a live cabin.","provider":"OpenStreetMap","sourceUrl":"https://www.openstreetmap.org/way/332021995","aerialway":"chair_lift","osmId":332021995}},{"type":"Feature","id":"aerialway-332021996","geometry":{"type":"LineString","coordinates":[[-72.56393,45.09417],[-72.56395,45.09438],[-72.564,45.09498],[-72.56418,45.09676],[-72.56434,45.09847],[-72.56448,45.09988],[-72.56457,45.10088],[-72.56477,45.10291],[-72.56488,45.104],[-72.56496,45.10487],[-72.56497,45.10494]]},"properties":{"group":"aerialway","dataStatus":"reference","color":"#c4b5fd","title":"I","status":"Chairlift","details":"OpenStreetMap aerial lift. This is the lift line, not a live cabin.","provider":"OpenStreetMap","sourceUrl":"https://www.openstreetmap.org/way/332021996","aerialway":"chair_lift","osmId":332021996}},{"type":"Feature","id":"aerialway-332021998","geometry":{"type":"LineString","coordinates":[[-72.54635,45.0921],[-72.54647,45.09177],[-72.54663,45.09138],[-72.54684,45.09082],[-72.54708,45.09021],[-72.5474,45.08938],[-72.5476,45.08885],[-72.54784,45.08822],[-72.54812,45.0875],[-72.54825,45.08717],[-72.54843,45.08671],[-72.5485,45.08653],[-72.54873,45.08594],[-72.5489,45.0855]]},"properties":{"group":"aerialway","dataStatus":"reference","color":"#c4b5fd","title":"VII","status":"Chairlift","details":"OpenStreetMap aerial lift. This is the lift line, not a live cabin.","provider":"OpenStreetMap","sourceUrl":"https://www.openstreetmap.org/way/332021998","aerialway":"chair_lift","osmId":332021998}},{"type":"Feature","id":"aerialway-332022019","geometry":{"type":"LineString","coordinates":[[-72.55492,45.0978],[-72.55484,45.09749],[-72.55481,45.09735],[-72.55479,45.09729],[-72.55472,45.09699],[-72.55468,45.0968],[-72.55459,45.09644],[-72.55444,45.09581],[-72.55423,45.09489],[-72.55405,45.09414],[-72.55385,45.09328],[-72.5537,45.09265],[-72.55356,45.09209],[-72.55344,45.09159],[-72.55328,45.09089],[-72.55317,45.09042],[-72.55291,45.08931],[-72.55267,45.08831]]},"properties":{"group":"aerialway","dataStatus":"reference","color":"#c4b5fd","title":"IV","status":"Chairlift","details":"OpenStreetMap aerial lift. This is the lift line, not a live cabin.","provider":"OpenStreetMap","sourceUrl":"https://www.openstreetmap.org/way/332022019","aerialway":"chair_lift","osmId":332022019}},{"type":"Feature","id":"aerialway-332022024","geometry":{"type":"LineString","coordinates":[[-72.56007,45.09371],[-72.56009,45.09387],[-72.56017,45.0946],[-72.56029,45.09563],[-72.56038,45.09636],[-72.56047,45.09718],[-72.56055,45.09782],[-72.56067,45.09889],[-72.56074,45.09945],[-72.56085,45.1004],[-72.56098,45.10154],[-72.56107,45.10228],[-72.56114,45.10286],[-72.56121,45.10351],[-72.56129,45.10413]]},"properties":{"group":"aerialway","dataStatus":"reference","color":"#c4b5fd","title":"II","status":"Chairlift","details":"OpenStreetMap aerial lift. This is the lift line, not a live cabin.","provider":"OpenStreetMap","sourceUrl":"https://www.openstreetmap.org/way/332022024","aerialway":"chair_lift","osmId":332022024}},{"type":"Feature","id":"aerialway-332022136","geometry":{"type":"LineString","coordinates":[[-72.55807,45.09706],[-72.55863,45.09903],[-72.55871,45.09929],[-72.55882,45.09969],[-72.55887,45.09985],[-72.55906,45.10051],[-72.55922,45.10107],[-72.55985,45.10326],[-72.56004,45.10393]]},"properties":{"group":"aerialway","dataStatus":"reference","color":"#c4b5fd","title":"III","status":"Chairlift","details":"OpenStreetMap aerial lift. This is the lift line, not a live cabin.","provider":"OpenStreetMap","sourceUrl":"https://www.openstreetmap.org/way/332022136","aerialway":"chair_lift","osmId":332022136}},{"type":"Feature","id":"aerialway-332022169","geometry":{"type":"LineString","coordinates":[[-72.5556,45.09758],[-72.55569,45.09709],[-72.55578,45.09663],[-72.55585,45.09623],[-72.55593,45.09578],[-72.55598,45.09553],[-72.55599,45.09549],[-72.55607,45.09502],[-72.55635,45.09353],[-72.55639,45.09332],[-72.55644,45.09303],[-72.55663,45.09204],[-72.55679,45.09114]]},"properties":{"group":"aerialway","dataStatus":"reference","color":"#c4b5fd","title":"IV OW","status":"Chairlift","details":"OpenStreetMap aerial lift. This is the lift line, not a live cabin.","provider":"OpenStreetMap","sourceUrl":"https://www.openstreetmap.org/way/332022169","aerialway":"chair_lift","osmId":332022169}},{"type":"Feature","id":"aerialway-332022171","geometry":{"type":"LineString","coordinates":[[-72.56332,45.10053],[-72.56325,45.10079],[-72.56315,45.10125],[-72.56303,45.10175],[-72.56288,45.1024],[-72.56275,45.10295],[-72.56261,45.10354],[-72.56251,45.10397],[-72.5624,45.10443]]},"properties":{"group":"aerialway","dataStatus":"reference","color":"#c4b5fd","title":"II (OW)","status":"Chairlift","details":"OpenStreetMap aerial lift. This is the lift line, not a live cabin.","provider":"OpenStreetMap","sourceUrl":"https://www.openstreetmap.org/way/332022171","aerialway":"chair_lift","osmId":332022171}},{"type":"Feature","id":"aerialway-332075947","geometry":{"type":"LineString","coordinates":[[-72.64475,45.27903],[-72.64446,45.27913],[-72.64399,45.2793],[-72.64333,45.27953],[-72.64219,45.27992],[-72.64085,45.28039],[-72.63985,45.28074],[-72.63887,45.28108],[-72.63829,45.28128],[-72.63733,45.28162],[-72.63663,45.28186],[-72.63587,45.28212],[-72.63488,45.28247],[-72.63475,45.28252],[-72.63468,45.28255]]},"properties":{"group":"aerialway","dataStatus":"reference","color":"#c4b5fd","title":"7 (Versant du Midi)","status":"Chairlift","details":"OpenStreetMap aerial lift. This is the lift line, not a live cabin.","provider":"OpenStreetMap","sourceUrl":"https://www.openstreetmap.org/way/332075947","aerialway":"chair_lift","osmId":332075947}},{"type":"Feature","id":"aerialway-332075948","geometry":{"type":"LineString","coordinates":[[-72.64555,45.27864],[-72.64549,45.2789],[-72.64537,45.27939],[-72.64527,45.27983],[-72.64518,45.2802],[-72.64503,45.28082],[-72.64497,45.28107],[-72.64487,45.28149],[-72.64472,45.28207],[-72.64465,45.28239],[-72.64455,45.28278],[-72.64441,45.28339],[-72.64435,45.28361],[-72.64422,45.28415],[-72.64404,45.2849],[-72.64395,45.28534]]},"properties":{"group":"aerialway","dataStatus":"reference","color":"#c4b5fd","title":"8 (Versant de la C\u00f4te Ouest)","status":"Chairlift","details":"OpenStreetMap aerial lift. This is the lift line, not a live cabin.","provider":"OpenStreetMap","sourceUrl":"https://www.openstreetmap.org/way/332075948","aerialway":"chair_lift","osmId":332075948}},{"type":"Feature","id":"aerialway-332075949","geometry":{"type":"LineString","coordinates":[[-72.65106,45.30093],[-72.65096,45.30071],[-72.6506,45.29995],[-72.65014,45.29897],[-72.64989,45.29843],[-72.64966,45.29796],[-72.6493,45.29719],[-72.64912,45.2968],[-72.6488,45.29612],[-72.64841,45.29531],[-72.64803,45.29449],[-72.64764,45.29368],[-72.6475,45.29337],[-72.6471,45.29253],[-72.64663,45.29152],[-72.64639,45.29102],[-72.64588,45.28993],[-72.64557,45.28928],[-72.64516,45.28842],[-72.64498,45.28803],[-72.64488,45.28782]]},"properties":{"group":"aerialway","dataStatus":"reference","color":"#c4b5fd","title":"9 (Versant des Cantons)","status":"Chairlift","details":"OpenStreetMap aerial lift. This is the lift line, not a live cabin.","provider":"OpenStreetMap","sourceUrl":"https://www.openstreetmap.org/way/332075949","aerialway":"chair_lift","osmId":332075949}},{"type":"Feature","id":"aerialway-332075950","geometry":{"type":"LineString","coordinates":[[-72.62325,45.28801],[-72.62367,45.28777],[-72.62408,45.28753],[-72.62432,45.28739],[-72.62487,45.28708],[-72.62549,45.28671],[-72.62597,45.28644],[-72.62645,45.28616],[-72.62726,45.2857],[-72.62783,45.28536],[-72.62876,45.28483],[-72.62997,45.28413],[-72.63054,45.2838],[-72.63138,45.28332],[-72.63198,45.28298],[-72.63243,45.28271],[-72.63282,45.28249],[-72.63301,45.28238]]},"properties":{"group":"aerialway","dataStatus":"reference","color":"#c4b5fd","title":"6 (Express des \u00c9pinettes)","status":"Chairlift","details":"OpenStreetMap aerial lift. This is the lift line, not a live cabin.","provider":"OpenStreetMap","sourceUrl":"https://www.openstreetmap.org/way/332075950","aerialway":"chair_lift","osmId":332075950}},{"type":"Feature","id":"aerialway-332075960","geometry":{"type":"LineString","coordinates":[[-72.62335,45.28874],[-72.62405,45.28876],[-72.62511,45.2888],[-72.62634,45.28884],[-72.62752,45.28889],[-72.62836,45.28892],[-72.62959,45.28897],[-72.63089,45.28902],[-72.6321,45.28907],[-72.63304,45.2891],[-72.63425,45.28915],[-72.63569,45.28921],[-72.63704,45.28927]]},"properties":{"group":"aerialway","dataStatus":"reference","color":"#c4b5fd","title":"5 (L'Express du Lac)","status":"Chairlift","details":"OpenStreetMap aerial lift. This is the lift line, not a live cabin.","provider":"OpenStreetMap","sourceUrl":"https://www.openstreetmap.org/way/332075960","aerialway":"chair_lift","osmId":332075960}},{"type":"Feature","id":"aerialway-360382145","geometry":{"type":"LineString","coordinates":[[-71.18862,46.0294],[-71.18926,46.02951],[-71.19032,46.02969],[-71.1911,46.02983],[-71.19179,46.02995],[-71.19231,46.03004],[-71.19273,46.03011],[-71.19355,46.03026],[-71.194,46.03034],[-71.19493,46.0305],[-71.19538,46.03058],[-71.19663,46.03081],[-71.1972,46.03091],[-71.19748,46.03096],[-71.1977,46.031]]},"properties":{"group":"aerialway","dataStatus":"reference","color":"#c4b5fd","title":"Chairlift","status":"Chairlift","details":"OpenStreetMap aerial lift. This is the lift line, not a live cabin.","provider":"OpenStreetMap","sourceUrl":"https://www.openstreetmap.org/way/360382145","aerialway":"chair_lift","osmId":360382145}},{"type":"Feature","id":"aerialway-362488978","geometry":{"type":"LineString","coordinates":[[-71.50816,43.95926],[-71.5076,43.95939],[-71.50715,43.95948],[-71.50646,43.95964],[-71.50601,43.95973],[-71.50515,43.95992],[-71.50434,43.9601],[-71.50346,43.9603],[-71.50287,43.96043],[-71.50194,43.96063],[-71.50117,43.9608],[-71.50064,43.96092],[-71.49982,43.9611],[-71.49957,43.96115],[-71.49843,43.9614],[-71.49811,43.96147]]},"properties":{"group":"aerialway","dataStatus":"reference","color":"#c4b5fd","title":"Snow's Mountain Chairlift","status":"Chairlift","details":"OpenStreetMap aerial lift. This is the lift line, not a live cabin.","provider":"OpenStreetMap","sourceUrl":"https://www.openstreetmap.org/way/362488978","aerialway":"chair_lift","osmId":362488978}},{"type":"Feature","id":"aerialway-397730089","geometry":{"type":"LineString","coordinates":[[-72.55285,45.09765],[-72.55277,45.09702],[-72.5527,45.09643],[-72.55258,45.0954],[-72.5525,45.09475],[-72.55238,45.09377],[-72.55227,45.09284],[-72.55218,45.09207],[-72.55212,45.0916],[-72.55203,45.09082],[-72.55192,45.08995],[-72.55183,45.08918],[-72.55175,45.08851],[-72.55167,45.08787],[-72.55165,45.0877]]},"properties":{"group":"aerialway","dataStatus":"reference","color":"#c4b5fd","title":"V","status":"Chairlift","details":"OpenStreetMap aerial lift. This is the lift line, not a live cabin.","provider":"OpenStreetMap","sourceUrl":"https://www.openstreetmap.org/way/397730089","aerialway":"chair_lift","osmId":397730089}},{"type":"Feature","id":"aerialway-410942002","geometry":{"type":"LineString","coordinates":[[-72.44315,43.65723],[-72.44367,43.65809],[-72.4441,43.65879],[-72.44448,43.65943],[-72.44493,43.66018],[-72.44544,43.66101],[-72.44593,43.66182],[-72.44647,43.66271],[-72.44679,43.66323],[-72.44693,43.66347],[-72.44702,43.66363]]},"properties":{"group":"aerialway","dataStatus":"reference","color":"#c4b5fd","title":"Quadzilla","status":"Chairlift","details":"OpenStreetMap aerial lift. This is the lift line, not a live cabin.","provider":"OpenStreetMap","sourceUrl":"https://www.openstreetmap.org/way/410942002","aerialway":"chair_lift","osmId":410942002}},{"type":"Feature","id":"aerialway-437768641","geometry":{"type":"LineString","coordinates":[[-72.41211,45.20848],[-72.40563,45.19836]]},"properties":{"group":"aerialway","dataStatus":"reference","color":"#c4b5fd","title":"Chairlift","status":"Chairlift","details":"OpenStreetMap aerial lift. This is the lift line, not a live cabin.","provider":"OpenStreetMap","sourceUrl":"https://www.openstreetmap.org/way/437768641","aerialway":"chair_lift","osmId":437768641}},{"type":"Feature","id":"aerialway-455840260","geometry":{"type":"LineString","coordinates":[[-71.65407,44.04821],[-71.6536,44.048],[-71.65301,44.04774],[-71.65274,44.04762],[-71.65232,44.04743],[-71.65215,44.04735]]},"properties":{"group":"aerialway","dataStatus":"reference","color":"#c4b5fd","title":"River's Edge","status":"Chairlift","details":"OpenStreetMap aerial lift. This is the lift line, not a live cabin.","provider":"OpenStreetMap","sourceUrl":"https://www.openstreetmap.org/way/455840260","aerialway":"chair_lift","osmId":455840260}},{"type":"Feature","id":"aerialway-562232716","geometry":{"type":"LineString","coordinates":[[-72.73131,43.39029],[-72.73194,43.39052],[-72.7325,43.39073],[-72.73311,43.39096],[-72.73392,43.39126],[-72.73501,43.39167],[-72.7359,43.392],[-72.73676,43.39232],[-72.73766,43.39266],[-72.73873,43.39306],[-72.73967,43.39341],[-72.74025,43.39363],[-72.74045,43.3937]]},"properties":{"group":"aerialway","dataStatus":"reference","color":"#c4b5fd","title":"Sunshine Quad","status":"Chairlift","details":"OpenStreetMap aerial lift. This is the lift line, not a live cabin.","provider":"OpenStreetMap","sourceUrl":"https://www.openstreetmap.org/way/562232716","aerialway":"chair_lift","osmId":562232716}},{"type":"Feature","id":"aerialway-562916537","geometry":{"type":"LineString","coordinates":[[-72.59534,42.53977],[-72.59504,42.53958],[-72.59414,42.53898],[-72.59349,42.53856],[-72.59239,42.53784],[-72.59171,42.53739],[-72.59132,42.53714],[-72.59094,42.53689]]},"properties":{"group":"aerialway","dataStatus":"reference","color":"#c4b5fd","title":"Macomber Ski Lift","status":"Chairlift","details":"OpenStreetMap aerial lift. This is the lift line, not a live cabin.","provider":"OpenStreetMap","sourceUrl":"https://www.openstreetmap.org/way/562916537","aerialway":"chair_lift","osmId":562916537}},{"type":"Feature","id":"aerialway-563746767","geometry":{"type":"LineString","coordinates":[[-72.77133,43.20228],[-72.77078,43.20211],[-72.77001,43.20188],[-72.76908,43.2016],[-72.76784,43.20122],[-72.76686,43.20092],[-72.76595,43.20065],[-72.76505,43.20038],[-72.76419,43.20011],[-72.76347,43.19989],[-72.76277,43.19969],[-72.76165,43.19934],[-72.76046,43.19897],[-72.75993,43.19882],[-72.75977,43.19877],[-72.75966,43.19874]]},"properties":{"group":"aerialway","dataStatus":"reference","color":"#c4b5fd","title":"Green Chair","status":"Chairlift","details":"OpenStreetMap aerial lift. This is the lift line, not a live cabin.","provider":"OpenStreetMap","sourceUrl":"https://www.openstreetmap.org/way/563746767","aerialway":"chair_lift","osmId":563746767}},{"type":"Feature","id":"aerialway-563753078","geometry":{"type":"LineString","coordinates":[[-72.74629,43.53604],[-72.74639,43.53591],[-72.74661,43.53564],[-72.74735,43.53474],[-72.74814,43.53376],[-72.74883,43.53292],[-72.74956,43.53202],[-72.75013,43.53132],[-72.75079,43.53051],[-72.75133,43.52985],[-72.75189,43.52916],[-72.75237,43.52857],[-72.7528,43.52804],[-72.75315,43.52761],[-72.75372,43.52692],[-72.75382,43.52679],[-72.75403,43.52653]]},"properties":{"group":"aerialway","dataStatus":"reference","color":"#c4b5fd","title":"Salt Ash Chair","status":"Chairlift","details":"OpenStreetMap aerial lift. This is the lift line, not a live cabin.","provider":"OpenStreetMap","sourceUrl":"https://www.openstreetmap.org/way/563753078","aerialway":"chair_lift","osmId":563753078}},{"type":"Feature","id":"aerialway-568785740","geometry":{"type":"LineString","coordinates":[[-71.76469,43.74661],[-71.76541,43.7463],[-71.76687,43.74565],[-71.76738,43.74543],[-71.76848,43.74495],[-71.76912,43.74466],[-71.77043,43.74409],[-71.77137,43.74368],[-71.77218,43.74332],[-71.77317,43.74289],[-71.77427,43.74241],[-71.77524,43.74199],[-71.77653,43.74143],[-71.77765,43.74093],[-71.77862,43.74051],[-71.78005,43.73988],[-71.78202,43.73902],[-71.78295,43.73862],[-71.78309,43.73857],[-71.78319,43.73853]]},"properties":{"group":"aerialway","dataStatus":"reference","color":"#c4b5fd","title":"Hornet Double","status":"Chairlift","details":"OpenStreetMap aerial lift. This is the lift line, not a live cabin.","provider":"OpenStreetMap","sourceUrl":"https://www.openstreetmap.org/way/568785740","aerialway":"chair_lift","osmId":568785740}},{"type":"Feature","id":"aerialway-568785761","geometry":{"type":"LineString","coordinates":[[-71.7649,43.74832],[-71.76549,43.74828],[-71.76648,43.74821],[-71.76726,43.74815],[-71.76847,43.74806],[-71.77021,43.74793],[-71.77129,43.74785],[-71.77215,43.74779],[-71.77327,43.74771],[-71.77431,43.74765],[-71.77569,43.74754],[-71.77617,43.7475],[-71.77644,43.74749]]},"properties":{"group":"aerialway","dataStatus":"reference","color":"#c4b5fd","title":"Eclipse Triple","status":"Chairlift","details":"OpenStreetMap aerial lift. This is the lift line, not a live cabin.","provider":"OpenStreetMap","sourceUrl":"https://www.openstreetmap.org/way/568785761","aerialway":"chair_lift","osmId":568785761}},{"type":"Feature","id":"aerialway-569785801","geometry":{"type":"LineString","coordinates":[[-72.88559,42.92186],[-72.88568,42.92187],[-72.88622,42.92188],[-72.88711,42.92191],[-72.88808,42.92194],[-72.88864,42.92196],[-72.88974,42.922],[-72.89049,42.92203],[-72.89127,42.92205],[-72.89228,42.92208],[-72.89338,42.92212],[-72.89434,42.92216],[-72.89539,42.92219],[-72.89636,42.92222]]},"properties":{"group":"aerialway","dataStatus":"reference","color":"#c4b5fd","title":"Stag's Leap","status":"Chairlift","details":"OpenStreetMap aerial lift. This is the lift line, not a live cabin.","provider":"OpenStreetMap","sourceUrl":"https://www.openstreetmap.org/way/569785801","aerialway":"chair_lift","osmId":569785801}},{"type":"Feature","id":"aerialway-615036237","geometry":{"type":"LineString","coordinates":[[-72.61511,42.0367],[-72.61499,42.03705]]},"properties":{"group":"aerialway","dataStatus":"reference","color":"#c4b5fd","title":"Mixed lift","status":"Mixed lift","details":"OpenStreetMap aerial lift. This is the lift line, not a live cabin.","provider":"OpenStreetMap","sourceUrl":"https://www.openstreetmap.org/way/615036237","aerialway":"mixed_lift","osmId":615036237}},{"type":"Feature","id":"aerialway-616212508","geometry":{"type":"LineString","coordinates":[[-72.61579,42.0349],[-72.61572,42.03455]]},"properties":{"group":"aerialway","dataStatus":"reference","color":"#c4b5fd","title":"Mixed lift","status":"Mixed lift","details":"OpenStreetMap aerial lift. This is the lift line, not a live cabin.","provider":"OpenStreetMap","sourceUrl":"https://www.openstreetmap.org/way/616212508","aerialway":"mixed_lift","osmId":616212508}},{"type":"Feature","id":"aerialway-620200681","geometry":{"type":"LineString","coordinates":[[-72.73728,41.50286],[-72.73794,41.50276],[-72.73851,41.50268],[-72.73939,41.50255],[-72.74028,41.50242],[-72.74113,41.5023],[-72.742,41.50217],[-72.74286,41.50204],[-72.74387,41.5019],[-72.74461,41.50179],[-72.74516,41.50171],[-72.746,41.50159]]},"properties":{"group":"aerialway","dataStatus":"reference","color":"#c4b5fd","title":"Festival Lift","status":"Chairlift","details":"OpenStreetMap aerial lift. This is the lift line, not a live cabin.","provider":"OpenStreetMap","sourceUrl":"https://www.openstreetmap.org/way/620200681","aerialway":"chair_lift","osmId":620200681}},{"type":"Feature","id":"aerialway-661408141","geometry":{"type":"LineString","coordinates":[[-72.73725,41.50179],[-72.73771,41.50173],[-72.73814,41.50168],[-72.73896,41.50159],[-72.73943,41.50153],[-72.73996,41.50145],[-72.7409,41.50131],[-72.7414,41.50125],[-72.74232,41.50114],[-72.74283,41.50108],[-72.74327,41.50102],[-72.74426,41.5009],[-72.74499,41.50081],[-72.74571,41.50071],[-72.74623,41.50065]]},"properties":{"group":"aerialway","dataStatus":"reference","color":"#c4b5fd","title":"Middlefield Lift","status":"Chairlift","details":"OpenStreetMap aerial lift. This is the lift line, not a live cabin.","provider":"OpenStreetMap","sourceUrl":"https://www.openstreetmap.org/way/661408141","aerialway":"chair_lift","osmId":661408141}},{"type":"Feature","id":"aerialway-661408142","geometry":{"type":"LineString","coordinates":[[-72.73701,41.50105],[-72.73741,41.50101],[-72.73791,41.50097],[-72.73847,41.50092],[-72.73901,41.50087],[-72.73963,41.50082],[-72.7403,41.50076],[-72.74094,41.50071],[-72.74151,41.50066],[-72.74228,41.50059],[-72.74293,41.50053],[-72.74357,41.50048],[-72.74421,41.50042],[-72.74491,41.50036],[-72.74549,41.5003],[-72.74612,41.50023]]},"properties":{"group":"aerialway","dataStatus":"reference","color":"#c4b5fd","title":"747 Lift","status":"Chairlift","details":"OpenStreetMap aerial lift. This is the lift line, not a live cabin.","provider":"OpenStreetMap","sourceUrl":"https://www.openstreetmap.org/way/661408142","aerialway":"chair_lift","osmId":661408142}},{"type":"Feature","id":"aerialway-661408179","geometry":{"type":"LineString","coordinates":[[-72.7395,41.50141],[-72.73858,41.50145],[-72.73792,41.50148],[-72.73738,41.5015],[-72.73691,41.50152]]},"properties":{"group":"aerialway","dataStatus":"reference","color":"#c4b5fd","title":"Mini Field Lift","status":"Chairlift","details":"OpenStreetMap aerial lift. This is the lift line, not a live cabin.","provider":"OpenStreetMap","sourceUrl":"https://www.openstreetmap.org/way/661408179","aerialway":"chair_lift","osmId":661408179}},{"type":"Feature","id":"aerialway-749970317","geometry":{"type":"LineString","coordinates":[[-72.80093,43.60062],[-72.80166,43.60087],[-72.80215,43.60104],[-72.80284,43.60128],[-72.80387,43.60164],[-72.80517,43.60209],[-72.80614,43.60243],[-72.80693,43.6027],[-72.80804,43.60309],[-72.80898,43.60341],[-72.81007,43.60379],[-72.81148,43.60428],[-72.81212,43.6045],[-72.81288,43.60477],[-72.81374,43.60506],[-72.81415,43.6052]]},"properties":{"group":"aerialway","dataStatus":"reference","color":"#c4b5fd","title":"South Ridge Quad","status":"Chairlift","details":"OpenStreetMap aerial lift. This is the lift line, not a live cabin.","provider":"OpenStreetMap","sourceUrl":"https://www.openstreetmap.org/way/749970317","aerialway":"chair_lift","osmId":749970317}},{"type":"Feature","id":"aerialway-766381841","geometry":{"type":"LineString","coordinates":[[-71.52839,43.96433],[-71.52882,43.96372],[-71.5293,43.9631],[-71.52984,43.96241],[-71.53039,43.96169],[-71.53068,43.96132],[-71.53103,43.96088],[-71.53168,43.96003],[-71.53246,43.95902],[-71.53308,43.95823],[-71.53377,43.95733],[-71.53417,43.95682],[-71.53462,43.95623],[-71.53515,43.95555],[-71.53545,43.95516],[-71.53583,43.95467],[-71.53601,43.95444]]},"properties":{"group":"aerialway","dataStatus":"reference","color":"#c4b5fd","title":"Green Peak Triple","status":"Chairlift","details":"OpenStreetMap aerial lift. This is the lift line, not a live cabin.","provider":"OpenStreetMap","sourceUrl":"https://www.openstreetmap.org/way/766381841","aerialway":"chair_lift","osmId":766381841}},{"type":"Feature","id":"aerialway-766575397","geometry":{"type":"LineString","coordinates":[[-71.46006,44.25935],[-71.46036,44.25894],[-71.46087,44.25829],[-71.46159,44.25735],[-71.46221,44.25653],[-71.46312,44.25533],[-71.46362,44.25467],[-71.46458,44.25343],[-71.46571,44.25195],[-71.46661,44.25077],[-71.46747,44.24964],[-71.46844,44.24837],[-71.46938,44.24714],[-71.4701,44.24618],[-71.47045,44.24573],[-71.47077,44.2453]]},"properties":{"group":"aerialway","dataStatus":"reference","color":"#c4b5fd","title":"Skyway Gondola","status":"Gondola","details":"OpenStreetMap aerial lift. This is the lift line, not a live cabin.","provider":"OpenStreetMap","sourceUrl":"https://www.openstreetmap.org/way/766575397","aerialway":"gondola","osmId":766575397}},{"type":"Feature","id":"aerialway-838841697","geometry":{"type":"LineString","coordinates":[[-70.52605,44.94692],[-70.52574,44.94656],[-70.52539,44.94615],[-70.52494,44.94562],[-70.52442,44.945],[-70.52372,44.94417],[-70.52302,44.94334],[-70.52245,44.94267],[-70.52225,44.94243],[-70.5217,44.94178],[-70.52126,44.94125],[-70.52049,44.94035],[-70.52017,44.93997],[-70.51984,44.93958],[-70.51962,44.93932],[-70.51913,44.93874],[-70.51841,44.93789],[-70.51801,44.93741],[-70.51733,44.9366],[-70.51691,44.93611]]},"properties":{"group":"aerialway","dataStatus":"reference","color":"#c4b5fd","title":"Rangeley Express","status":"Chairlift","details":"OpenStreetMap aerial lift. This is the lift line, not a live cabin.","provider":"OpenStreetMap","sourceUrl":"https://www.openstreetmap.org/way/838841697","aerialway":"chair_lift","osmId":838841697}},{"type":"Feature","id":"aerialway-870598057","geometry":{"type":"LineString","coordinates":[[-70.87066,44.47684],[-70.87071,44.4769],[-70.87095,44.47722],[-70.87132,44.47774],[-70.87183,44.47844],[-70.8723,44.47909],[-70.87271,44.47967],[-70.87329,44.48045],[-70.87374,44.4811],[-70.87402,44.48149],[-70.87411,44.48161],[-70.87414,44.48166]]},"properties":{"group":"aerialway","dataStatus":"reference","color":"#c4b5fd","title":"Merrill Hill Triple","status":"Chairlift","details":"OpenStreetMap aerial lift. This is the lift line, not a live cabin.","provider":"OpenStreetMap","sourceUrl":"https://www.openstreetmap.org/way/870598057","aerialway":"chair_lift","osmId":870598057}},{"type":"Feature","id":"aerialway-894082338","geometry":{"type":"LineString","coordinates":[[-72.6176,42.94361],[-72.61814,42.94331],[-72.61869,42.94301],[-72.62016,42.9422],[-72.62108,42.94169],[-72.62193,42.94122],[-72.6226,42.94085],[-72.62335,42.94043],[-72.62424,42.93994],[-72.62568,42.93915],[-72.62578,42.93909],[-72.62605,42.93894],[-72.62645,42.93872]]},"properties":{"group":"aerialway","dataStatus":"reference","color":"#c4b5fd","title":"South Chair","status":"Chairlift","details":"OpenStreetMap aerial lift. This is the lift line, not a live cabin.","provider":"OpenStreetMap","sourceUrl":"https://www.openstreetmap.org/way/894082338","aerialway":"chair_lift","osmId":894082338}},{"type":"Feature","id":"aerialway-894082339","geometry":{"type":"LineString","coordinates":[[-72.61822,42.94548],[-72.61854,42.94537],[-72.61909,42.94517],[-72.61978,42.94493],[-72.62078,42.94458],[-72.62147,42.94434],[-72.6225,42.94397],[-72.62298,42.9438],[-72.62375,42.94353],[-72.62443,42.94329],[-72.62585,42.94279],[-72.62601,42.94274],[-72.62646,42.94258],[-72.6273,42.94228]]},"properties":{"group":"aerialway","dataStatus":"reference","color":"#c4b5fd","title":"North Chair","status":"Chairlift","details":"OpenStreetMap aerial lift. This is the lift line, not a live cabin.","provider":"OpenStreetMap","sourceUrl":"https://www.openstreetmap.org/way/894082339","aerialway":"chair_lift","osmId":894082339}},{"type":"Feature","id":"aerialway-895351677","geometry":{"type":"LineString","coordinates":[[-73.47474,42.16851],[-73.4744,42.16815],[-73.47384,42.16754],[-73.47338,42.16705],[-73.47271,42.16633],[-73.47208,42.16565],[-73.47157,42.1651],[-73.47132,42.16484],[-73.47072,42.16419],[-73.47049,42.16395],[-73.47043,42.16388]]},"properties":{"group":"aerialway","dataStatus":"reference","color":"#c4b5fd","title":"Promenade Triple","status":"Chairlift","details":"OpenStreetMap aerial lift. This is the lift line, not a live cabin.","provider":"OpenStreetMap","sourceUrl":"https://www.openstreetmap.org/way/895351677","aerialway":"chair_lift","osmId":895351677}},{"type":"Feature","id":"aerialway-931207835","geometry":{"type":"LineString","coordinates":[[-71.63422,44.0554],[-71.63409,44.05486],[-71.63391,44.05409],[-71.63371,44.05322],[-71.63349,44.05227],[-71.63326,44.0513],[-71.63305,44.05039],[-71.63281,44.04934],[-71.63262,44.04854],[-71.63243,44.0477],[-71.63227,44.04701],[-71.63215,44.04649],[-71.63194,44.0456],[-71.63177,44.04487]]},"properties":{"group":"aerialway","dataStatus":"reference","color":"#c4b5fd","title":"Kancamagus 8","status":"Chairlift","details":"OpenStreetMap aerial lift. This is the lift line, not a live cabin.","provider":"OpenStreetMap","sourceUrl":"https://www.openstreetmap.org/way/931207835","aerialway":"chair_lift","osmId":931207835}},{"type":"Feature","id":"aerialway-986482283","geometry":{"type":"LineString","coordinates":[[-72.89273,42.96514],[-72.89342,42.96495],[-72.89477,42.96457],[-72.89577,42.9643],[-72.89739,42.96385],[-72.89855,42.96353],[-72.89998,42.96313],[-72.90142,42.96273],[-72.90294,42.96232],[-72.90473,42.96182],[-72.90574,42.96154],[-72.90765,42.96101],[-72.9085,42.96078],[-72.91117,42.96004],[-72.91275,42.9596],[-72.91453,42.95911],[-72.91599,42.95871],[-72.91655,42.95855]]},"properties":{"group":"aerialway","dataStatus":"reference","color":"#c4b5fd","title":"Sundance Express #7","status":"Chairlift","details":"Mount Snow","provider":"OpenStreetMap","sourceUrl":"https://www.openstreetmap.org/way/986482283","aerialway":"chair_lift","osmId":986482283}},{"type":"Feature","id":"aerialway-990952931","geometry":{"type":"LineString","coordinates":[[-73.10366,41.8739],[-73.10267,41.87387],[-73.10244,41.87387],[-73.1015,41.87384],[-73.10088,41.87383]]},"properties":{"group":"aerialway","dataStatus":"reference","color":"#c4b5fd","title":"Chairlift","status":"Chairlift","details":"OpenStreetMap aerial lift. This is the lift line, not a live cabin.","provider":"OpenStreetMap","sourceUrl":"https://www.openstreetmap.org/way/990952931","aerialway":"chair_lift","osmId":990952931}},{"type":"Feature","id":"aerialway-1052505314","geometry":{"type":"LineString","coordinates":[[-71.2327,44.082],[-71.23264,44.08161],[-71.23261,44.0814],[-71.23252,44.08083],[-71.23242,44.08022],[-71.23226,44.07905],[-71.23214,44.0783],[-71.23204,44.07768],[-71.23192,44.07694],[-71.23185,44.07649],[-71.23175,44.07586],[-71.23165,44.07521],[-71.23159,44.07486]]},"properties":{"group":"aerialway","dataStatus":"reference","color":"#c4b5fd","title":"Progression","status":"Chairlift","details":"OpenStreetMap aerial lift. This is the lift line, not a live cabin.","provider":"OpenStreetMap","sourceUrl":"https://www.openstreetmap.org/way/1052505314","aerialway":"chair_lift","osmId":1052505314}},{"type":"Feature","id":"aerialway-1053695355","geometry":{"type":"LineString","coordinates":[[-70.52664,44.94633],[-70.5264,44.94576],[-70.52616,44.94518],[-70.52587,44.9444],[-70.52569,44.94393],[-70.52546,44.94334],[-70.52537,44.94309],[-70.52523,44.94272]]},"properties":{"group":"aerialway","dataStatus":"reference","color":"#c4b5fd","title":"Sandy","status":"Chairlift","details":"OpenStreetMap aerial lift. This is the lift line, not a live cabin.","provider":"OpenStreetMap","sourceUrl":"https://www.openstreetmap.org/way/1053695355","aerialway":"chair_lift","osmId":1053695355}},{"type":"Feature","id":"aerialway-1065582923","geometry":{"type":"LineString","coordinates":[[-71.23299,44.08184],[-71.23292,44.0814],[-71.23284,44.08094],[-71.23273,44.08031],[-71.23261,44.07962],[-71.23258,44.07945]]},"properties":{"group":"aerialway","dataStatus":"reference","color":"#c4b5fd","title":"Learning Center Triple","status":"Chairlift","details":"OpenStreetMap aerial lift. This is the lift line, not a live cabin.","provider":"OpenStreetMap","sourceUrl":"https://www.openstreetmap.org/way/1065582923","aerialway":"chair_lift","osmId":1065582923}},{"type":"Feature","id":"aerialway-1105058793","geometry":{"type":"LineString","coordinates":[[-72.9045,43.11226],[-72.90492,43.11185],[-72.90537,43.11141],[-72.90564,43.11116],[-72.9061,43.1107],[-72.9064,43.11041],[-72.90654,43.11028]]},"properties":{"group":"aerialway","dataStatus":"reference","color":"#c4b5fd","title":"Villager","status":"Chairlift","details":"OpenStreetMap aerial lift. This is the lift line, not a live cabin.","provider":"OpenStreetMap","sourceUrl":"https://www.openstreetmap.org/way/1105058793","aerialway":"chair_lift","osmId":1105058793}},{"type":"Feature","id":"aerialway-1106622829","geometry":{"type":"LineString","coordinates":[[-71.66145,44.0429],[-71.66095,44.04279],[-71.65971,44.04258],[-71.65896,44.04246],[-71.65782,44.04226],[-71.6568,44.0421],[-71.65167,44.0412]]},"properties":{"group":"aerialway","dataStatus":"reference","color":"#c4b5fd","title":"Timbertown Quad","status":"Chairlift","details":"OpenStreetMap aerial lift. This is the lift line, not a live cabin.","provider":"OpenStreetMap","sourceUrl":"https://www.openstreetmap.org/way/1106622829","aerialway":"chair_lift","osmId":1106622829}},{"type":"Feature","id":"aerialway-1141571855","geometry":{"type":"LineString","coordinates":[[-73.47879,42.16955],[-73.47925,42.16897],[-73.47967,42.16845],[-73.4801,42.16791],[-73.48057,42.16732],[-73.48103,42.16674],[-73.48154,42.16611],[-73.48204,42.16548],[-73.48236,42.16509],[-73.48272,42.16463],[-73.48334,42.16385],[-73.48363,42.16349],[-73.48409,42.16292],[-73.48443,42.16249]]},"properties":{"group":"aerialway","dataStatus":"reference","color":"#c4b5fd","title":"Glades Triple","status":"Chairlift","details":"OpenStreetMap aerial lift. This is the lift line, not a live cabin.","provider":"OpenStreetMap","sourceUrl":"https://www.openstreetmap.org/way/1141571855","aerialway":"chair_lift","osmId":1141571855}},{"type":"Feature","id":"aerialway-1141571862","geometry":{"type":"LineString","coordinates":[[-73.4771,42.16851],[-73.47741,42.16815],[-73.47761,42.16791],[-73.47787,42.1676],[-73.47816,42.16725],[-73.47844,42.16692],[-73.47872,42.16658],[-73.47901,42.16625],[-73.47928,42.16593],[-73.47953,42.16562],[-73.47977,42.16534],[-73.47997,42.1651],[-73.48011,42.16493]]},"properties":{"group":"aerialway","dataStatus":"reference","color":"#c4b5fd","title":"Catamount Quad","status":"Chairlift","details":"OpenStreetMap aerial lift. This is the lift line, not a live cabin.","provider":"OpenStreetMap","sourceUrl":"https://www.openstreetmap.org/way/1141571862","aerialway":"chair_lift","osmId":1141571862}},{"type":"Feature","id":"aerialway-1146572729","geometry":{"type":"LineString","coordinates":[[-70.87775,44.49261],[-70.87771,44.49247],[-70.87766,44.4923],[-70.87746,44.4916],[-70.87726,44.49092],[-70.877,44.49001],[-70.87674,44.48912],[-70.87649,44.48825],[-70.87624,44.48741],[-70.87602,44.48663],[-70.87587,44.48611],[-70.87565,44.48538],[-70.87538,44.48443],[-70.87522,44.48388],[-70.87512,44.48354],[-70.87501,44.48317],[-70.87487,44.48267],[-70.8747,44.48211]]},"properties":{"group":"aerialway","dataStatus":"reference","color":"#c4b5fd","title":"Merrill Hill II","status":"Chairlift","details":"OpenStreetMap aerial lift. This is the lift line, not a live cabin.","provider":"OpenStreetMap","sourceUrl":"https://www.openstreetmap.org/way/1146572729","aerialway":"chair_lift","osmId":1146572729}},{"type":"Feature","id":"aerialway-1146791995","geometry":{"type":"LineString","coordinates":[[-70.86236,44.47026],[-70.86244,44.47017],[-70.86272,44.46983],[-70.86321,44.46926],[-70.86392,44.46846],[-70.86465,44.46764],[-70.86512,44.46711],[-70.86582,44.46632],[-70.86631,44.46575],[-70.86741,44.46452],[-70.86823,44.46359],[-70.86896,44.46272],[-70.86934,44.46228],[-70.87028,44.46126],[-70.87079,44.46068],[-70.87097,44.46048],[-70.8712,44.46022],[-70.8716,44.45977],[-70.87176,44.45957],[-70.87189,44.45942]]},"properties":{"group":"aerialway","dataStatus":"reference","color":"#c4b5fd","title":"Barker 6","status":"Chairlift","details":"OpenStreetMap aerial lift. This is the lift line, not a live cabin.","provider":"OpenStreetMap","sourceUrl":"https://www.openstreetmap.org/way/1146791995","aerialway":"chair_lift","osmId":1146791995}},{"type":"Feature","id":"aerialway-1148273585","geometry":{"type":"LineString","coordinates":[[-72.87659,42.62073],[-72.87032,42.61376]]},"properties":{"group":"aerialway","dataStatus":"reference","color":"#c4b5fd","title":"T Bar Express","status":"Chairlift","details":"OpenStreetMap aerial lift. This is the lift line, not a live cabin.","provider":"OpenStreetMap","sourceUrl":"https://www.openstreetmap.org/way/1148273585","aerialway":"chair_lift","osmId":1148273585}},{"type":"Feature","id":"aerialway-1195645658","geometry":{"type":"LineString","coordinates":[[-73.25294,42.59157],[-73.25303,42.5916],[-73.25356,42.59179],[-73.25409,42.59199],[-73.25476,42.59222],[-73.2556,42.59252],[-73.25616,42.59272],[-73.25694,42.593],[-73.25791,42.59334],[-73.25848,42.59355],[-73.25905,42.59375],[-73.25995,42.59407],[-73.26081,42.59438],[-73.26172,42.59471],[-73.26263,42.59503],[-73.26342,42.59532],[-73.2646,42.59574],[-73.26527,42.59598],[-73.2656,42.59609],[-73.26616,42.5963],[-73.26647,42.5964],[-73.2669,42.59656],[-73.26731,42.59671],[-73.26745,42.59676],[-73.26807,42.59698],[-73.2694,42.59745],[-73.27003,42.59767],[-73.27044,42.59782]]},"properties":{"group":"aerialway","dataStatus":"reference","color":"#c4b5fd","title":"Dot's Lift","status":"Chairlift","details":"OpenStreetMap aerial lift. This is the lift line, not a live cabin.","provider":"OpenStreetMap","sourceUrl":"https://www.openstreetmap.org/way/1195645658","aerialway":"chair_lift","osmId":1195645658}},{"type":"Feature","id":"aerialway-1212433403","geometry":{"type":"LineString","coordinates":[[-70.31787,45.0616],[-70.32703,45.0452]]},"properties":{"group":"aerialway","dataStatus":"reference","color":"#c4b5fd","title":"Bucksaw Express","status":"Chairlift","details":"OpenStreetMap aerial lift. This is the lift line, not a live cabin.","provider":"OpenStreetMap","sourceUrl":"https://www.openstreetmap.org/way/1212433403","aerialway":"chair_lift","osmId":1212433403}},{"type":"Feature","id":"aerialway-1230989230","geometry":{"type":"LineString","coordinates":[[-72.77243,43.201],[-72.77218,43.20083],[-72.77163,43.20044],[-72.77095,43.19997],[-72.77001,43.19931],[-72.76904,43.19865],[-72.76809,43.19799],[-72.76713,43.19734],[-72.76618,43.19668],[-72.76527,43.19602],[-72.76458,43.19556],[-72.76376,43.19498],[-72.76299,43.19448],[-72.76198,43.19378],[-72.76143,43.19339],[-72.76108,43.19313],[-72.76087,43.19299],[-72.76065,43.19286],[-72.75991,43.19238],[-72.75906,43.19178],[-72.75888,43.19165]]},"properties":{"group":"aerialway","dataStatus":"reference","color":"#c4b5fd","title":"Black Line Quad","status":"Chairlift","details":"OpenStreetMap aerial lift. This is the lift line, not a live cabin.","provider":"OpenStreetMap","sourceUrl":"https://www.openstreetmap.org/way/1230989230","aerialway":"chair_lift","osmId":1230989230}},{"type":"Feature","id":"aerialway-1237404073","geometry":{"type":"LineString","coordinates":[[-73.27757,42.4189],[-73.2782,42.41834],[-73.27887,42.41775],[-73.27961,42.4171],[-73.28035,42.41645],[-73.28112,42.41578],[-73.28188,42.41511],[-73.28267,42.41441],[-73.28347,42.41371],[-73.2836,42.4136],[-73.28403,42.41321],[-73.28422,42.41305]]},"properties":{"group":"aerialway","dataStatus":"reference","color":"#c4b5fd","title":"Yellow Chair (Triple)","status":"Chairlift","details":"OpenStreetMap aerial lift. This is the lift line, not a live cabin.","provider":"OpenStreetMap","sourceUrl":"https://www.openstreetmap.org/way/1237404073","aerialway":"chair_lift","osmId":1237404073}},{"type":"Feature","id":"aerialway-1326404533","geometry":{"type":"LineString","coordinates":[[-67.82824,46.52239],[-67.82762,46.52256],[-67.82677,46.52279],[-67.82577,46.52306],[-67.82473,46.52334],[-67.82363,46.52364],[-67.82274,46.52388],[-67.82178,46.52414],[-67.82071,46.52443],[-67.81971,46.52469],[-67.81818,46.52511],[-67.81664,46.52552],[-67.81591,46.52572],[-67.81545,46.52584]]},"properties":{"group":"aerialway","dataStatus":"reference","color":"#c4b5fd","title":"Sunrise","status":"Chairlift","details":"OpenStreetMap aerial lift. This is the lift line, not a live cabin.","provider":"OpenStreetMap","sourceUrl":"https://www.openstreetmap.org/way/1326404533","aerialway":"chair_lift","osmId":1326404533}},{"type":"Feature","id":"aerialway-1357952403","geometry":{"type":"LineString","coordinates":[[-70.28077,44.1346],[-70.28088,44.13459],[-70.28119,44.13455],[-70.28187,44.13447],[-70.28238,44.13441],[-70.28275,44.13437],[-70.28306,44.13433],[-70.28322,44.13432],[-70.28323,44.13431],[-70.28337,44.1343]]},"properties":{"group":"aerialway","dataStatus":"reference","color":"#c4b5fd","title":"Chair 3","status":"Chairlift","details":"OpenStreetMap aerial lift. This is the lift line, not a live cabin.","provider":"OpenStreetMap","sourceUrl":"https://www.openstreetmap.org/way/1357952403","aerialway":"chair_lift","osmId":1357952403}},{"type":"Feature","id":"aerialway-1436473709","geometry":{"type":"LineString","coordinates":[[-72.80347,43.61779],[-72.80335,43.61789],[-72.80333,43.6179],[-72.80333,43.61793],[-72.80334,43.61796],[-72.80342,43.61806]]},"properties":{"group":"aerialway","dataStatus":"reference","color":"#c4b5fd","title":"Gondola","status":"Gondola","details":"OpenStreetMap aerial lift. This is the lift line, not a live cabin.","provider":"OpenStreetMap","sourceUrl":"https://www.openstreetmap.org/way/1436473709","aerialway":"gondola","osmId":1436473709}},{"type":"Feature","id":"aerialway-1454249857","geometry":{"type":"LineString","coordinates":[[-73.14218,42.63252],[-73.14761,42.635]]},"properties":{"group":"aerialway","dataStatus":"reference","color":"#c4b5fd","title":"Lift D","status":"Chairlift","details":"OpenStreetMap aerial lift. This is the lift line, not a live cabin.","provider":"OpenStreetMap","sourceUrl":"https://www.openstreetmap.org/way/1454249857","aerialway":"chair_lift","osmId":1454249857}},{"type":"Feature","id":"aerialway-1454249859","geometry":{"type":"LineString","coordinates":[[-73.14285,42.63001],[-73.14437,42.6304],[-73.14615,42.63112],[-73.15095,42.63467],[-73.15298,42.63565]]},"properties":{"group":"aerialway","dataStatus":"reference","color":"#c4b5fd","title":"Lift C","status":"Chairlift","details":"OpenStreetMap aerial lift. This is the lift line, not a live cabin.","provider":"OpenStreetMap","sourceUrl":"https://www.openstreetmap.org/way/1454249859","aerialway":"chair_lift","osmId":1454249859}},{"type":"Feature","id":"aerialway-1462982667","geometry":{"type":"LineString","coordinates":[[-73.27792,42.72253],[-73.28155,42.71824],[-73.28325,42.71623]]},"properties":{"group":"aerialway","dataStatus":"reference","color":"#c4b5fd","title":"Poma Double","status":"Chairlift","details":"OpenStreetMap aerial lift. This is the lift line, not a live cabin.","provider":"OpenStreetMap","sourceUrl":"https://www.openstreetmap.org/way/1462982667","aerialway":"chair_lift","osmId":1462982667}},{"type":"Feature","id":"aerialway-1462996866","geometry":{"type":"LineString","coordinates":[[-71.88369,42.84685],[-71.88626,42.84097]]},"properties":{"group":"aerialway","dataStatus":"reference","color":"#c4b5fd","title":"Quad Chair","status":"Chairlift","details":"OpenStreetMap aerial lift. This is the lift line, not a live cabin.","provider":"OpenStreetMap","sourceUrl":"https://www.openstreetmap.org/way/1462996866","aerialway":"chair_lift","osmId":1462996866}},{"type":"Feature","id":"aerialway-1464925716","geometry":{"type":"LineString","coordinates":[[-73.25419,42.59138],[-73.25707,42.59231],[-73.26037,42.59338],[-73.26763,42.59573]]},"properties":{"group":"aerialway","dataStatus":"reference","color":"#c4b5fd","title":"Andy's Lift","status":"Chairlift","details":"OpenStreetMap aerial lift. This is the lift line, not a live cabin.","provider":"OpenStreetMap","sourceUrl":"https://www.openstreetmap.org/way/1464925716","aerialway":"chair_lift","osmId":1464925716}},{"type":"Feature","id":"aerialway-1464925717","geometry":{"type":"LineString","coordinates":[[-73.25443,42.59086],[-73.2608,42.59208],[-73.26456,42.59283]]},"properties":{"group":"aerialway","dataStatus":"reference","color":"#c4b5fd","title":"Gramp's Chair","status":"Chairlift","details":"OpenStreetMap aerial lift. This is the lift line, not a live cabin.","provider":"OpenStreetMap","sourceUrl":"https://www.openstreetmap.org/way/1464925717","aerialway":"chair_lift","osmId":1464925717}},{"type":"Feature","id":"aerialway-1464925718","geometry":{"type":"LineString","coordinates":[[-73.25295,42.58963],[-73.25498,42.58838]]},"properties":{"group":"aerialway","dataStatus":"reference","color":"#c4b5fd","title":"Matt' Chair","status":"Chairlift","details":"OpenStreetMap aerial lift. This is the lift line, not a live cabin.","provider":"OpenStreetMap","sourceUrl":"https://www.openstreetmap.org/way/1464925718","aerialway":"chair_lift","osmId":1464925718}},{"type":"Feature","id":"aerialway-1493223496","geometry":{"type":"LineString","coordinates":[[-72.97237,43.19991],[-72.97219,43.19313]]},"properties":{"group":"aerialway","dataStatus":"reference","color":"#c4b5fd","title":"Chairlift","status":"Chairlift","details":"OpenStreetMap aerial lift. This is the lift line, not a live cabin.","provider":"OpenStreetMap","sourceUrl":"https://www.openstreetmap.org/way/1493223496","aerialway":"chair_lift","osmId":1493223496}},{"type":"Feature","id":"aerialway-1496324387","geometry":{"type":"LineString","coordinates":[[-72.75128,43.59847],[-72.77256,43.59643]]},"properties":{"group":"aerialway","dataStatus":"reference","color":"#c4b5fd","title":"Northeast Passage","status":"Chairlift","details":"OpenStreetMap aerial lift. This is the lift line, not a live cabin.","provider":"OpenStreetMap","sourceUrl":"https://www.openstreetmap.org/way/1496324387","aerialway":"chair_lift","osmId":1496324387}},{"type":"Feature","id":"aerialway-1496324388","geometry":{"type":"LineString","coordinates":[[-72.78432,43.59903],[-72.79402,43.60152]]},"properties":{"group":"aerialway","dataStatus":"reference","color":"#c4b5fd","title":"Devil's Fiddle","status":"Chairlift","details":"OpenStreetMap aerial lift. This is the lift line, not a live cabin.","provider":"OpenStreetMap","sourceUrl":"https://www.openstreetmap.org/way/1496324388","aerialway":"chair_lift","osmId":1496324388}},{"type":"Feature","id":"aerialway-1549238938","geometry":{"type":"LineString","coordinates":[[-70.30931,45.05938],[-70.3093,45.05933],[-70.30912,45.05892],[-70.3088,45.05818],[-70.30847,45.05743],[-70.30819,45.05678],[-70.30793,45.05617],[-70.30766,45.05555],[-70.30738,45.05489],[-70.3071,45.05424],[-70.30675,45.05344],[-70.3065,45.05286],[-70.30638,45.05258]]},"properties":{"group":"aerialway","dataStatus":"reference","color":"#c4b5fd","title":"Snubber","status":"Chairlift","details":"OpenStreetMap aerial lift. This is the lift line, not a live cabin.","provider":"OpenStreetMap","sourceUrl":"https://www.openstreetmap.org/way/1549238938","aerialway":"chair_lift","osmId":1549238938}},{"type":"Feature","id":"aerialway-1561716752","geometry":{"type":"LineString","coordinates":[[-72.91992,42.97029],[-72.91639,42.97121]]},"properties":{"group":"aerialway","dataStatus":"reference","color":"#c4b5fd","title":"2","status":"Chairlift","details":"OpenStreetMap aerial lift. This is the lift line, not a live cabin.","provider":"OpenStreetMap","sourceUrl":"https://www.openstreetmap.org/way/1561716752","aerialway":"chair_lift","osmId":1561716752}}]}