{"type":"FeatureCollection","metadata":{"source":"FAA Aeronautical Data Delivery Service (ADDS) ArcGIS feature services, 28-day NASR cycle","sourceUrls":["https://services6.arcgis.com/ssFJjBXIUyZDrSYZ/arcgis/rest/services/Class_Airspace/FeatureServer/0/query?where=CLASS+IN+%28%27B%27%2C%27C%27%2C%27D%27%29+AND+TYPE_CODE+%3D+%27CLASS%27&geometry=-73.8%2C40.9%2C-66.9%2C47.5&geometryType=esriGeometryEnvelope&inSR=4326&outFields=GLOBAL_ID%2CIDENT%2CICAO_ID%2CNAME%2CCLASS%2CSECTOR%2CCITY%2CSTATE%2CLOWER_VAL%2CLOWER_UOM%2CLOWER_CODE%2CUPPER_VAL%2CUPPER_UOM%2CUPPER_CODE%2CUPPER_DESC%2CWKHR_CODE%2CWKHR_RMK&outSR=4326&maxAllowableOffset=0.0005&geometryPrecision=5&f=geojson","https://services6.arcgis.com/ssFJjBXIUyZDrSYZ/arcgis/rest/services/Special_Use_Airspace/FeatureServer/0/query?where=COUNTRY+%3D+%27UNITED+STATES%27&geometry=-73.8%2C40.9%2C-66.9%2C47.5&geometryType=esriGeometryEnvelope&inSR=4326&outFields=GLOBAL_ID%2CNAME%2CTYPE_CODE%2CCITY%2CSTATE%2CLOWER_VAL%2CLOWER_UOM%2CLOWER_CODE%2CUPPER_VAL%2CUPPER_UOM%2CUPPER_CODE%2CUPPER_DESC%2CTIMESOFUSE%2CCONT_AGENT&outSR=4326&maxAllowableOffset=0.0005&geometryPrecision=5&f=geojson"],"datasetPage":"https://adds-faa.opendata.arcgis.com/","fetchedAt":"2026-10-06T01:37:05Z","dataLastEdited":{"classAirspace":"2026-09-28","specialUseAirspace":"2026-09-28"},"bbox":[-73.8,40.9,-66.9,47.5],"states":["CT","MA","ME","NH","RI","VT"],"generalization":{"maxAllowableOffsetDeg":0.0005,"geometryPrecision":5},"counts":{"B":4,"C":19,"D":24,"sua":22},"note":"Reference only: check current charts and NOTAMs before flying. Special-use areas are often active intermittently by NOTAM; class D and some class C hours are part-time.","rebuild":"py -3 -X utf8 scripts/build-airspace.py"},"features":[{"type":"Feature","id":"class-1cb17e3c-6b1d-49da-b225-188e819fc3a3","geometry":{"type":"Polygon","coordinates":[[[-70.98714,42.22408],[-71.00406,42.22451],[-71.02085,42.22611],[-71.03737,42.22888],[-71.05346,42.23279],[-71.06899,42.23782],[-71.08382,42.2439],[-71.09781,42.25099],[-71.11084,42.25903],[-71.1228,42.26795],[-71.13357,42.27766],[-71.14307,42.28808],[-71.15121,42.29912],[-71.15791,42.31068],[-71.16312,42.32266],[-71.16678,42.33494],[-71.16887,42.34743],[-71.16936,42.36001],[-71.16826,42.37257],[-71.16556,42.38499],[-71.16129,42.39717],[-71.15549,42.409],[-71.14821,42.42037],[-71.13951,42.43118],[-71.12948,42.44133],[-71.11819,42.45074],[-71.10575,42.45931],[-71.09228,42.46698],[-71.07788,42.47367],[-71.0627,42.47933],[-71.04686,42.4839],[-71.0305,42.48734],[-71.01378,42.48962],[-70.99684,42.49072],[-70.97742,42.49053],[-70.96052,42.48909],[-70.94155,42.486],[-70.9254,42.48207],[-70.90765,42.47623],[-70.8929,42.46997],[-70.87711,42.4616],[-70.86436,42.45327],[-70.85117,42.44272],[-70.84095,42.43267],[-70.8309,42.42037],[-70.82362,42.409],[-70.81712,42.39545],[-70.81262,42.38146],[-70.81018,42.3672],[-70.80976,42.35461],[-70.81124,42.34028],[-70.81423,42.32789],[-70.81956,42.31406],[-70.82584,42.30237],[-70.83479,42.28962],[-70.8441,42.27911],[-70.85632,42.26795],[-70.86827,42.25903],[-70.88325,42.24992],[-70.89737,42.24297],[-70.91449,42.23627],[-70.9302,42.23156],[-70.94878,42.22755],[-70.96783,42.22505],[-70.98714,42.22408]]]},"properties":{"airspaceId":"class-1cb17e3c-6b1d-49da-b225-188e819fc3a3","group":"airspace","dataStatus":"reference","kind":"class","styleKey":"B","airspaceClass":"B","title":"Boston Class B · Area A","status":"Class B airspace","icaoId":"KBOS","state":"MA","floor":"Surface","floorFt":0,"ceiling":"7,000 ft MSL","ceilingFt":7000,"ceilingInclusive":true,"timesOfUse":"Continuous","provider":"FAA ADDS Class Airspace (NASR)","sourceUrl":"https://adds-faa.opendata.arcgis.com/"}},{"type":"Feature","id":"class-abccbcff-09e4-445c-8ea6-5dd782e698c2","geometry":{"type":"Polygon","coordinates":[[[-70.98835,42.18239],[-71.0101,42.18305],[-71.03407,42.18554],[-71.05757,42.18983],[-71.07811,42.19521],[-71.10005,42.20281],[-71.11881,42.21104],[-71.13836,42.22166],[-71.15462,42.23244],[-71.17104,42.24566],[-71.18419,42.25858],[-71.19685,42.27392],[-71.20639,42.28849],[-71.21481,42.30536],[-71.22036,42.32103],[-71.22394,42.33701],[-71.22551,42.35316],[-71.2249,42.37115],[-71.22221,42.38722],[-71.21689,42.40478],[-71.21004,42.42016],[-71.20021,42.43662],[-71.18946,42.45072],[-71.17698,42.46402],[-71.16289,42.47641],[-71.14549,42.48898],[-71.12841,42.4991],[-71.10803,42.50892],[-71.08861,42.51639],[-71.06604,42.52309],[-71.04501,42.52763],[-71.02351,42.5307],[-71.00172,42.53228],[-70.97739,42.53228],[-70.9556,42.5307],[-70.9341,42.52763],[-70.91078,42.5225],[-70.8905,42.51639],[-70.86898,42.50801],[-70.84874,42.49804],[-70.83,42.48657],[-70.81458,42.47508],[-70.79922,42.46114],[-70.78587,42.4461],[-70.77469,42.43012],[-70.76658,42.41509],[-70.7598,42.39781],[-70.75546,42.3801],[-70.7536,42.36216],[-70.75405,42.34597],[-70.75692,42.3281],[-70.76159,42.31228],[-70.76908,42.29516],[-70.7778,42.28032],[-70.7896,42.2646],[-70.80351,42.24987],[-70.81937,42.23627],[-70.83518,42.22512],[-70.85428,42.21407],[-70.87481,42.20453],[-70.89653,42.1966],[-70.91692,42.19091],[-70.9403,42.18625],[-70.96419,42.1834],[-70.98835,42.18239]]]},"properties":{"airspaceId":"class-abccbcff-09e4-445c-8ea6-5dd782e698c2","group":"airspace","dataStatus":"reference","kind":"class","styleKey":"B","airspaceClass":"B","title":"Boston Class B · Area B","status":"Class B airspace","icaoId":"KBOS","state":"MA","floor":"2,000 ft MSL","floorFt":2000,"ceiling":"7,000 ft MSL","ceilingFt":7000,"ceilingInclusive":true,"timesOfUse":"Continuous","provider":"FAA ADDS Class Airspace (NASR)","sourceUrl":"https://adds-faa.opendata.arcgis.com/"}},{"type":"Feature","id":"class-c026f87b-303a-4d5a-b04f-0ed25bdd5fc1","geometry":{"type":"Polygon","coordinates":[[[-70.69048,42.607],[-70.65756,42.58299],[-70.64317,42.57078],[-70.62816,42.55661],[-70.61555,42.54337],[-70.60259,42.52814],[-70.59189,42.51402],[-70.58111,42.49789],[-70.57244,42.48302],[-70.56396,42.46616],[-70.55739,42.45071],[-70.55129,42.4333],[-70.54689,42.41743],[-70.54323,42.39964],[-70.54106,42.38353],[-70.53988,42.36556],[-70.53993,42.34936],[-70.54124,42.3314],[-70.54353,42.31529],[-70.5473,42.29752],[-70.55179,42.28167],[-70.55799,42.26428],[-70.56464,42.24885],[-70.57319,42.23202],[-70.58192,42.21718],[-70.59274,42.20108],[-70.60345,42.18698],[-70.61642,42.17179],[-70.629,42.15858],[-70.64398,42.14445],[-70.65994,42.13094],[-70.67686,42.11808],[-70.71144,42.09561],[-70.7489,42.07587],[-70.78885,42.05908],[-70.83088,42.04541],[-70.87455,42.035],[-70.9218,42.02768],[-70.96741,42.02426],[-71.01325,42.02432],[-71.05884,42.02785],[-71.10372,42.03483],[-71.14742,42.04518],[-71.18948,42.05879],[-71.22948,42.07552],[-71.26699,42.09521],[-71.30162,42.11763],[-71.31857,42.13046],[-71.33287,42.14267],[-71.24714,42.19656],[-71.26624,42.21508],[-71.28294,42.23483],[-71.2971,42.25566],[-71.3086,42.27737],[-71.31732,42.29978],[-71.3232,42.3227],[-71.32617,42.34593],[-71.32622,42.36926],[-71.32333,42.39249],[-71.31753,42.41542],[-71.30886,42.43785],[-71.2974,42.45958],[-71.28324,42.48043],[-71.26651,42.5002],[-71.24735,42.51873],[-71.22593,42.53585],[-71.19864,42.55367],[-71.16891,42.5692],[-71.13708,42.58227],[-71.10351,42.59273],[-71.06861,42.60045],[-71.03279,42.60534],[-70.99645,42.60735],[-70.96002,42.60659],[-70.95011,42.68976],[-70.91624,42.6866],[-70.88043,42.68112],[-70.84534,42.67352],[-70.81121,42.66383],[-70.78042,42.65298],[-70.74877,42.63947],[-70.71873,42.62411],[-70.69048,42.607]]]},"properties":{"airspaceId":"class-c026f87b-303a-4d5a-b04f-0ed25bdd5fc1","group":"airspace","dataStatus":"reference","kind":"class","styleKey":"B","airspaceClass":"B","title":"Boston Class B · Area C","status":"Class B airspace","icaoId":"KBOS","state":"MA","floor":"3,000 ft MSL","floorFt":3000,"ceiling":"7,000 ft MSL","ceilingFt":7000,"ceilingInclusive":true,"timesOfUse":"Continuous","provider":"FAA ADDS Class Airspace (NASR)","sourceUrl":"https://adds-faa.opendata.arcgis.com/"}},{"type":"Feature","id":"class-c2629986-8bf1-4f8e-97bd-c916878d5d23","geometry":{"type":"Polygon","coordinates":[[[-70.95013,42.68961],[-70.96002,42.60659],[-70.98673,42.60739],[-71.01102,42.60689],[-71.03519,42.6051],[-71.05913,42.60203],[-71.08271,42.5977],[-71.1058,42.59212],[-71.12828,42.58532],[-71.15217,42.57649],[-71.173,42.56727],[-71.19288,42.55696],[-71.2117,42.54563],[-71.23107,42.53203],[-71.24735,42.51873],[-71.2623,42.50459],[-71.27583,42.4897],[-71.289,42.47253],[-71.29934,42.45629],[-71.30807,42.43955],[-71.31516,42.42238],[-71.32101,42.40312],[-71.32453,42.38536],[-71.32632,42.36746],[-71.32637,42.34952],[-71.32443,42.32982],[-71.32084,42.31207],[-71.31556,42.29456],[-71.3086,42.27737],[-71.29905,42.25894],[-71.28869,42.24272],[-71.27681,42.2271],[-71.26345,42.21214],[-71.24714,42.19656],[-71.33272,42.14276],[-71.35356,42.16256],[-71.37235,42.18348],[-71.38897,42.20538],[-71.40238,42.2265],[-71.41458,42.24996],[-71.42436,42.27404],[-71.43168,42.2986],[-71.43623,42.32171],[-71.43868,42.34679],[-71.43858,42.37195],[-71.43591,42.39702],[-71.43116,42.42011],[-71.42361,42.44463],[-71.41437,42.46696],[-71.40208,42.49041],[-71.38855,42.51151],[-71.37178,42.53338],[-71.35281,42.55426],[-71.33175,42.57401],[-71.31043,42.59125],[-71.28569,42.60853],[-71.26119,42.62329],[-71.2333,42.63773],[-71.20613,42.64969],[-71.17568,42.66097],[-71.14643,42.66989],[-71.11406,42.67777],[-71.08336,42.68344],[-71.05219,42.68751],[-71.01828,42.69007],[-70.98663,42.69074],[-70.95013,42.68961]]]},"properties":{"airspaceId":"class-c2629986-8bf1-4f8e-97bd-c916878d5d23","group":"airspace","dataStatus":"reference","kind":"class","styleKey":"B","airspaceClass":"B","title":"Boston Class B · Area D","status":"Class B airspace","icaoId":"KBOS","state":"MA","floor":"4,000 ft MSL","floorFt":4000,"ceiling":"7,000 ft MSL","ceilingFt":7000,"ceilingInclusive":true,"timesOfUse":"Continuous","provider":"FAA ADDS Class Airspace (NASR)","sourceUrl":"https://adds-faa.opendata.arcgis.com/"}},{"type":"Feature","id":"class-d4472a80-9038-4113-9519-7c62b056791f","geometry":{"type":"Polygon","coordinates":[[[-68.72116,44.77369],[-68.74917,44.78556],[-68.76861,44.77862],[-68.77194,44.77195],[-68.76137,44.73903],[-68.77871,44.73193],[-68.79847,44.72685],[-68.81908,44.72438],[-68.84009,44.72456],[-68.8606,44.7274],[-68.88018,44.73283],[-68.898,44.74062],[-68.91367,44.7506],[-68.92652,44.76235],[-68.93628,44.77562],[-68.94253,44.78983],[-68.94512,44.8047],[-68.94396,44.81957],[-68.94149,44.8283],[-68.93772,44.8368],[-68.93269,44.84497],[-68.92653,44.85263],[-68.91927,44.85979],[-68.91089,44.86642],[-68.90157,44.87237],[-68.8915,44.87754],[-68.86923,44.88548],[-68.84498,44.88991],[-68.82006,44.89058],[-68.79552,44.88748],[-68.77247,44.88077],[-68.76187,44.87616],[-68.75194,44.87073],[-68.74295,44.86463],[-68.73486,44.85783],[-68.7279,44.85052],[-68.72201,44.84265],[-68.71738,44.83446],[-68.71397,44.82589],[-68.71187,44.8171],[-68.71109,44.80821],[-68.71164,44.79939],[-68.71353,44.79058],[-68.71672,44.78196],[-68.72116,44.77369]]]},"properties":{"airspaceId":"class-d4472a80-9038-4113-9519-7c62b056791f","group":"airspace","dataStatus":"reference","kind":"class","styleKey":"C","airspaceClass":"C","title":"Bangor Class C","status":"Class C airspace","icaoId":"KBGR","state":"ME","floor":"Surface","floorFt":0,"ceiling":"4,200 ft MSL","ceilingFt":4200,"ceilingInclusive":true,"timesOfUse":"Continuous","provider":"FAA ADDS Class Airspace (NASR)","sourceUrl":"https://adds-faa.opendata.arcgis.com/"}},{"type":"Feature","id":"class-5dd7e7dc-e3e2-4928-9013-cfa3b2badc38","geometry":{"type":"Polygon","coordinates":[[[-68.7613,44.73907],[-68.77194,44.77195],[-68.76861,44.77862],[-68.74917,44.78556],[-68.72116,44.77369],[-68.72862,44.76363],[-68.73789,44.75443],[-68.74881,44.74621],[-68.7613,44.73907]]]},"properties":{"airspaceId":"class-5dd7e7dc-e3e2-4928-9013-cfa3b2badc38","group":"airspace","dataStatus":"reference","kind":"class","styleKey":"C","airspaceClass":"C","title":"Bangor Class C","status":"Class C airspace","icaoId":"KBGR","state":"ME","floor":"700 ft MSL","floorFt":700,"ceiling":"4,200 ft MSL","ceilingFt":4200,"ceilingInclusive":true,"timesOfUse":"Continuous","provider":"FAA ADDS Class Airspace (NASR)","sourceUrl":"https://adds-faa.opendata.arcgis.com/"}},{"type":"Feature","id":"class-280e03ab-2952-4e2f-951c-057513bf93db","geometry":{"type":"Polygon","coordinates":[[[-68.60116,44.76688],[-68.71195,44.79741],[-68.71113,44.80538],[-68.71137,44.81329],[-68.71268,44.82123],[-68.71503,44.82896],[-68.71844,44.83658],[-68.72282,44.84386],[-68.73437,44.85736],[-68.74939,44.86913],[-68.76718,44.87861],[-68.78729,44.88555],[-68.80877,44.88963],[-68.83414,44.89067],[-68.85931,44.88778],[-68.87142,44.88488],[-68.88301,44.88107],[-68.89394,44.87639],[-68.90409,44.87088],[-68.91382,44.86426],[-68.92248,44.85682],[-68.92987,44.84871],[-68.93589,44.84005],[-68.94046,44.83096],[-68.94352,44.82154],[-68.94503,44.81194],[-68.94496,44.80229],[-69.04567,44.74607],[-69.05418,44.76432],[-69.05971,44.78324],[-69.06213,44.80248],[-69.0614,44.8218],[-69.05808,44.83896],[-69.05234,44.85562],[-69.04422,44.87178],[-69.0338,44.88726],[-69.02119,44.90189],[-69.00652,44.91552],[-68.98996,44.928],[-68.97166,44.9392],[-68.95184,44.94901],[-68.93069,44.95731],[-68.90845,44.96402],[-68.88535,44.96907],[-68.86164,44.9724],[-68.83757,44.97397],[-68.81336,44.97377],[-68.78935,44.97181],[-68.76575,44.9681],[-68.74282,44.96268],[-68.7208,44.95561],[-68.69993,44.94696],[-68.68042,44.93684],[-68.6625,44.92534],[-68.64634,44.91259],[-68.63211,44.89873],[-68.61998,44.8839],[-68.61006,44.86825],[-68.60246,44.85197],[-68.59725,44.83522],[-68.5945,44.81817],[-68.59423,44.80085],[-68.59646,44.78376],[-68.60116,44.76688]]]},"properties":{"airspaceId":"class-280e03ab-2952-4e2f-951c-057513bf93db","group":"airspace","dataStatus":"reference","kind":"class","styleKey":"C","airspaceClass":"C","title":"Bangor Class C","status":"Class C airspace","icaoId":"KBGR","state":"ME","floor":"1,500 ft MSL","floorFt":1500,"ceiling":"4,200 ft MSL","ceilingFt":4200,"ceilingInclusive":true,"timesOfUse":"Continuous","provider":"FAA ADDS Class Airspace (NASR)","sourceUrl":"https://adds-faa.opendata.arcgis.com/"}},{"type":"Feature","id":"class-863776e2-79dd-49aa-967f-20a9ad212703","geometry":{"type":"Polygon","coordinates":[[[-68.71195,44.79741],[-68.60116,44.76688],[-68.60463,44.75811],[-68.61572,44.7376],[-68.6305,44.71831],[-68.6487,44.70056],[-68.67017,44.68457],[-68.69423,44.67083],[-68.72081,44.65939],[-68.74927,44.65057],[-68.77888,44.64454],[-68.79913,44.64208],[-68.8196,44.64091],[-68.84013,44.64102],[-68.86058,44.64241],[-68.88077,44.64508],[-68.90056,44.64899],[-68.91979,44.65414],[-68.93832,44.66046],[-68.95601,44.66793],[-68.97271,44.67647],[-68.9883,44.68602],[-69.00266,44.69651],[-69.01567,44.70785],[-69.02725,44.71997],[-69.03728,44.73277],[-69.04567,44.74607],[-68.94496,44.80229],[-68.94351,44.79343],[-68.9407,44.78466],[-68.93663,44.77623],[-68.93127,44.76809],[-68.92477,44.76047],[-68.9171,44.75333],[-68.90839,44.74682],[-68.89875,44.74102],[-68.88829,44.73598],[-68.87713,44.73178],[-68.85335,44.72608],[-68.82842,44.72413],[-68.80348,44.726],[-68.78613,44.72968],[-68.76979,44.73523],[-68.75484,44.74251],[-68.74172,44.75128],[-68.73058,44.76145],[-68.72177,44.77273],[-68.7155,44.78483],[-68.71195,44.79741]]]},"properties":{"airspaceId":"class-863776e2-79dd-49aa-967f-20a9ad212703","group":"airspace","dataStatus":"reference","kind":"class","styleKey":"C","airspaceClass":"C","title":"Bangor Class C","status":"Class C airspace","icaoId":"KBGR","state":"ME","floor":"2,000 ft MSL","floorFt":2000,"ceiling":"4,200 ft MSL","ceilingFt":4200,"ceilingInclusive":true,"timesOfUse":"Continuous","provider":"FAA ADDS Class Airspace (NASR)","sourceUrl":"https://adds-faa.opendata.arcgis.com/"}},{"type":"Feature","id":"class-e3043f06-93cc-497a-878d-83e2191965b6","geometry":{"type":"Polygon","coordinates":[[[-73.15028,44.5564],[-73.12758,44.5548],[-73.10576,44.55007],[-73.08555,44.54234],[-73.06794,44.53198],[-73.05348,44.51937],[-73.04762,44.51237],[-73.04275,44.50499],[-73.03891,44.4973],[-73.03614,44.48938],[-73.03446,44.48131],[-73.0339,44.47307],[-73.03446,44.46492],[-73.03614,44.45684],[-73.03891,44.44893],[-73.04279,44.44116],[-73.04767,44.43379],[-73.05353,44.42679],[-73.06805,44.41412],[-73.08565,44.40378],[-73.10581,44.39606],[-73.12769,44.39132],[-73.15033,44.38973],[-73.17296,44.39133],[-73.19483,44.39609],[-73.2149,44.40377],[-73.23257,44.41417],[-73.24708,44.42684],[-73.25293,44.43384],[-73.2578,44.44122],[-73.26168,44.44899],[-73.26444,44.45691],[-73.2661,44.46499],[-73.26666,44.47314],[-73.26609,44.48138],[-73.2644,44.48945],[-73.26162,44.49737],[-73.25777,44.50505],[-73.25289,44.51243],[-73.24702,44.51943],[-73.23256,44.53203],[-73.21493,44.54237],[-73.19482,44.55006],[-73.173,44.5548],[-73.15028,44.5564]]]},"properties":{"airspaceId":"class-e3043f06-93cc-497a-878d-83e2191965b6","group":"airspace","dataStatus":"reference","kind":"class","styleKey":"C","airspaceClass":"C","title":"Burlington Intl Airport Class C","status":"Class C airspace","icaoId":"KBTV","state":"VT","floor":"Surface","floorFt":0,"ceiling":"4,400 ft MSL","ceilingFt":4400,"ceilingInclusive":true,"timesOfUse":"Part-time; hours set by NOTAM / Chart Supplement","provider":"FAA ADDS Class Airspace (NASR)","sourceUrl":"https://adds-faa.opendata.arcgis.com/"}},{"type":"Feature","id":"class-d5e880ae-ee38-4aa5-8816-d5b18fd3e8ff","geometry":{"type":"Polygon","coordinates":[[[-73.15028,44.5564],[-73.173,44.5548],[-73.19482,44.55006],[-73.21493,44.54237],[-73.23256,44.53203],[-73.24702,44.51943],[-73.25289,44.51243],[-73.25777,44.50505],[-73.26162,44.49737],[-73.2644,44.48945],[-73.26609,44.48138],[-73.26666,44.47314],[-73.2661,44.46499],[-73.26444,44.45691],[-73.26168,44.44899],[-73.2578,44.44122],[-73.25293,44.43384],[-73.24708,44.42684],[-73.23257,44.41417],[-73.2149,44.40377],[-73.19483,44.39609],[-73.17296,44.39133],[-73.15028,44.38973],[-73.15028,44.3064],[-73.17968,44.30774],[-73.20883,44.31177],[-73.23703,44.31844],[-73.26363,44.32755],[-73.28859,44.3391],[-73.31115,44.35272],[-73.33112,44.36828],[-73.3482,44.38552],[-73.35713,44.39683],[-73.36481,44.40861],[-73.37119,44.42077],[-73.37623,44.43326],[-73.3799,44.44599],[-73.38217,44.45888],[-73.38303,44.47186],[-73.3825,44.48469],[-73.38055,44.49761],[-73.3772,44.51038],[-73.37247,44.52293],[-73.36648,44.53502],[-73.35909,44.54689],[-73.35043,44.55832],[-73.34054,44.56923],[-73.32965,44.57942],[-73.31224,44.59288],[-73.29287,44.60488],[-73.27196,44.61521],[-73.24938,44.62391],[-73.22582,44.63073],[-73.20112,44.63571],[-73.17581,44.63872],[-73.15028,44.63973],[-73.15028,44.5564]]]},"properties":{"airspaceId":"class-d5e880ae-ee38-4aa5-8816-d5b18fd3e8ff","group":"airspace","dataStatus":"reference","kind":"class","styleKey":"C","airspaceClass":"C","title":"Burlington Intl Airport Class C","status":"Class C airspace","icaoId":"KBTV","state":"VT","floor":"1,500 ft MSL","floorFt":1500,"ceiling":"4,400 ft MSL","ceilingFt":4400,"ceilingInclusive":true,"timesOfUse":"Part-time; hours set by NOTAM / Chart Supplement","provider":"FAA ADDS Class Airspace (NASR)","sourceUrl":"https://adds-faa.opendata.arcgis.com/"}},{"type":"Feature","id":"class-0d4b4ab3-3765-480a-8ef6-4cf454cd3be2","geometry":{"type":"Polygon","coordinates":[[[-72.91915,44.493],[-72.94111,44.48751],[-72.94111,44.47501],[-72.91923,44.45313],[-72.92278,44.43806],[-72.92818,44.4234],[-72.9367,44.40701],[-72.94767,44.3912],[-72.96091,44.37631],[-72.97626,44.36251],[-72.99339,44.35006],[-73.01241,44.33886],[-73.03298,44.32917],[-73.05485,44.32109],[-73.07779,44.31471],[-73.10153,44.3101],[-73.12582,44.30732],[-73.15028,44.3064],[-73.15028,44.38973],[-73.12758,44.39133],[-73.1057,44.39609],[-73.08555,44.40383],[-73.06797,44.41418],[-73.05347,44.42685],[-73.04762,44.43386],[-73.04275,44.44124],[-73.03888,44.44901],[-73.03612,44.45693],[-73.03445,44.465],[-73.0339,44.47315],[-73.03447,44.48139],[-73.03616,44.48946],[-73.03894,44.49738],[-73.04279,44.50507],[-73.04768,44.51244],[-73.05355,44.51944],[-73.06802,44.53204],[-73.08565,44.54238],[-73.10576,44.55007],[-73.12758,44.5548],[-73.15028,44.5564],[-73.15028,44.63973],[-73.1293,44.63905],[-73.10826,44.637],[-73.08757,44.63358],[-73.06763,44.6289],[-73.04815,44.62287],[-73.02972,44.61569],[-73.01208,44.60726],[-72.9956,44.59771],[-72.98056,44.58725],[-72.96676,44.57573],[-72.95462,44.56351],[-72.94396,44.5504],[-72.9351,44.53681],[-72.92792,44.52255],[-72.92258,44.50787],[-72.91915,44.493]]]},"properties":{"airspaceId":"class-0d4b4ab3-3765-480a-8ef6-4cf454cd3be2","group":"airspace","dataStatus":"reference","kind":"class","styleKey":"C","airspaceClass":"C","title":"Burlington Intl Airport Class C","status":"Class C airspace","icaoId":"KBTV","state":"VT","floor":"2,200 ft MSL","floorFt":2200,"ceiling":"4,400 ft MSL","ceilingFt":4400,"ceilingInclusive":true,"timesOfUse":"Part-time; hours set by NOTAM / Chart Supplement","provider":"FAA ADDS Class Airspace (NASR)","sourceUrl":"https://adds-faa.opendata.arcgis.com/"}},{"type":"Feature","id":"class-e8dc42d5-bccf-4e5e-b6ac-7e2611a5af5c","geometry":{"type":"Polygon","coordinates":[[[-71.43575,43.01617],[-71.41363,43.01457],[-71.39236,43.00984],[-71.37276,43.00215],[-71.35557,42.99181],[-71.34147,42.97921],[-71.33098,42.96483],[-71.32723,42.95714],[-71.32452,42.94922],[-71.32287,42.94115],[-71.32231,42.93291],[-71.32285,42.92475],[-71.32447,42.91667],[-71.32716,42.90875],[-71.33094,42.90098],[-71.34138,42.88659],[-71.35552,42.87392],[-71.37275,42.86351],[-71.3923,42.85582],[-71.41351,42.85108],[-71.43568,42.84946],[-71.45786,42.85106],[-71.47908,42.85579],[-71.49864,42.86346],[-71.51589,42.87385],[-71.53004,42.88651],[-71.54051,42.90089],[-71.5443,42.90866],[-71.547,42.91658],[-71.54864,42.92465],[-71.54919,42.93281],[-71.54864,42.94105],[-71.54701,42.94913],[-71.54431,42.95705],[-71.54057,42.96473],[-71.53011,42.97912],[-71.51602,42.99174],[-71.49876,43.00214],[-71.47916,43.00983],[-71.45789,43.01457],[-71.43575,43.01617]]]},"properties":{"airspaceId":"class-e8dc42d5-bccf-4e5e-b6ac-7e2611a5af5c","group":"airspace","dataStatus":"reference","kind":"class","styleKey":"C","airspaceClass":"C","title":"Manchester Class C","status":"Class C airspace","icaoId":"KMHT","state":"NH","floor":"Surface","floorFt":0,"ceiling":"4,300 ft MSL","ceilingFt":4300,"ceilingInclusive":true,"timesOfUse":"Continuous","provider":"FAA ADDS Class Airspace (NASR)","sourceUrl":"https://adds-faa.opendata.arcgis.com/"}},{"type":"Feature","id":"class-924d8e6e-277a-4102-a62f-8a9749178cf0","geometry":{"type":"Polygon","coordinates":[[[-71.27829,42.8129],[-71.29136,42.80432],[-71.3054,42.79644],[-71.32023,42.78939],[-71.33576,42.78321],[-71.35168,42.778],[-71.36832,42.77366],[-71.38536,42.77028],[-71.40268,42.76789],[-71.40101,42.77943],[-71.40154,42.79109],[-71.40427,42.80257],[-71.40915,42.81366],[-71.41609,42.82415],[-71.42496,42.83381],[-71.43557,42.84247],[-71.44766,42.84992],[-71.43319,42.84948],[-71.41875,42.8504],[-71.4046,42.85267],[-71.39094,42.85625],[-71.37802,42.86107],[-71.36604,42.86708],[-71.3552,42.87415],[-71.34571,42.88215],[-71.3397,42.86714],[-71.33712,42.86335],[-71.33351,42.8609],[-71.32202,42.85719],[-71.31593,42.85326],[-71.30367,42.83972],[-71.29524,42.83239],[-71.28499,42.81649],[-71.27829,42.8129]]]},"properties":{"airspaceId":"class-924d8e6e-277a-4102-a62f-8a9749178cf0","group":"airspace","dataStatus":"reference","kind":"class","styleKey":"C","airspaceClass":"C","title":"Manchester Class C","status":"Class C airspace","icaoId":"KMHT","state":"NH","floor":"1,500 ft MSL","floorFt":1500,"ceiling":"4,300 ft MSL","ceilingFt":4300,"ceilingInclusive":true,"timesOfUse":"Continuous","provider":"FAA ADDS Class Airspace (NASR)","sourceUrl":"https://adds-faa.opendata.arcgis.com/"}},{"type":"Feature","id":"class-45f9f986-8e64-4b46-8afb-fb6c911d79ab","geometry":{"type":"Polygon","coordinates":[[[-71.43839,43.01615],[-71.45117,43.0154],[-71.46376,43.01359],[-71.476,43.01075],[-71.48761,43.00696],[-71.49857,43.00224],[-71.50883,42.99659],[-71.51816,42.99013],[-71.52642,42.98294],[-71.60728,43.04206],[-71.59419,43.05225],[-71.5798,43.0617],[-71.56436,43.07022],[-71.54799,43.07775],[-71.53081,43.08422],[-71.51293,43.08961],[-71.49449,43.09385],[-71.47578,43.09691],[-71.47222,43.07728],[-71.4713,43.06075],[-71.47281,43.05373],[-71.47236,43.05092],[-71.46957,43.04757],[-71.4524,43.03433],[-71.44646,43.02573],[-71.43839,43.01615]]]},"properties":{"airspaceId":"class-45f9f986-8e64-4b46-8afb-fb6c911d79ab","group":"airspace","dataStatus":"reference","kind":"class","styleKey":"C","airspaceClass":"C","title":"Manchester Class C","status":"Class C airspace","icaoId":"KMHT","state":"NH","floor":"2,000 ft MSL","floorFt":2000,"ceiling":"4,300 ft MSL","ceilingFt":4300,"ceilingInclusive":true,"timesOfUse":"Continuous","provider":"FAA ADDS Class Airspace (NASR)","sourceUrl":"https://adds-faa.opendata.arcgis.com/"}},{"type":"Feature","id":"class-cfcf41b8-b832-4467-b862-1a49db9a31a7","geometry":{"type":"Polygon","coordinates":[[[-71.27829,42.8129],[-71.28499,42.81649],[-71.29524,42.83239],[-71.30367,42.83972],[-71.31593,42.85326],[-71.32202,42.85719],[-71.33351,42.8609],[-71.33712,42.86335],[-71.3397,42.86714],[-71.34571,42.88215],[-71.33694,42.89192],[-71.33009,42.90253],[-71.32534,42.91374],[-71.32278,42.92533],[-71.32246,42.93707],[-71.32438,42.94873],[-71.32853,42.96007],[-71.33475,42.9708],[-71.34295,42.98079],[-71.35297,42.98983],[-71.36461,42.99776],[-71.37765,43.00442],[-71.39183,43.00968],[-71.40688,43.01343],[-71.42249,43.0156],[-71.43839,43.01615],[-71.44646,43.02573],[-71.4524,43.03433],[-71.46957,43.04757],[-71.47236,43.05092],[-71.47281,43.05373],[-71.4713,43.06075],[-71.47222,43.07728],[-71.47578,43.09691],[-71.45782,43.09873],[-71.43966,43.0995],[-71.42166,43.0992],[-71.40356,43.09784],[-71.38589,43.09546],[-71.36831,43.09201],[-71.35139,43.0876],[-71.33478,43.08215],[-71.31903,43.07583],[-71.30382,43.06851],[-71.28964,43.06044],[-71.27621,43.05145],[-71.26395,43.04183],[-71.25264,43.03139],[-71.24251,43.02033],[-71.23362,43.0087],[-71.22611,42.99674],[-71.21984,42.98423],[-71.21501,42.97155],[-71.21153,42.95846],[-71.2095,42.94538],[-71.20888,42.93206],[-71.20971,42.91874],[-71.21199,42.90551],[-71.21564,42.89262],[-71.22073,42.87982],[-71.2272,42.86737],[-71.23499,42.85533],[-71.24407,42.84379],[-71.25436,42.83282],[-71.26582,42.82249],[-71.27829,42.8129]]]},"properties":{"airspaceId":"class-cfcf41b8-b832-4467-b862-1a49db9a31a7","group":"airspace","dataStatus":"reference","kind":"class","styleKey":"C","airspaceClass":"C","title":"Manchester Class C","status":"Class C airspace","icaoId":"KMHT","state":"NH","floor":"2,500 ft MSL","floorFt":2500,"ceiling":"4,300 ft MSL","ceilingFt":4300,"ceilingInclusive":true,"timesOfUse":"Continuous","provider":"FAA ADDS Class Airspace (NASR)","sourceUrl":"https://adds-faa.opendata.arcgis.com/"}},{"type":"Feature","id":"class-1db0b666-fe99-45a4-993a-5cc70d39a882","geometry":{"type":"Polygon","coordinates":[[[-71.52642,42.98294],[-71.53451,42.97387],[-71.54096,42.96404],[-71.54557,42.95376],[-71.54834,42.94304],[-71.54919,42.93223],[-71.5481,42.92134],[-71.54509,42.91066],[-71.54021,42.90035],[-71.53388,42.89104],[-71.52596,42.88231],[-71.51661,42.87438],[-71.50598,42.86737],[-71.49278,42.86077],[-71.47845,42.8556],[-71.46327,42.85195],[-71.44766,42.84992],[-71.43508,42.84212],[-71.42419,42.83309],[-71.4176,42.82601],[-71.41198,42.81839],[-71.40751,42.81047],[-71.40413,42.80217],[-71.40197,42.79374],[-71.40099,42.7851],[-71.40123,42.77644],[-71.40268,42.76789],[-71.42115,42.76645],[-71.43992,42.76613],[-71.45866,42.76696],[-71.47702,42.76889],[-71.49511,42.77192],[-71.51301,42.77609],[-71.53018,42.78127],[-71.54692,42.78754],[-71.5629,42.79481],[-71.57783,42.80293],[-71.59198,42.81203],[-71.60491,42.82184],[-71.61684,42.83253],[-71.62741,42.84376],[-71.6367,42.8556],[-71.64464,42.86795],[-71.65441,42.88856],[-71.66044,42.90993],[-71.66262,42.93169],[-71.66092,42.95348],[-71.65535,42.97492],[-71.64601,42.99563],[-71.63306,43.01528],[-71.61685,43.03338],[-71.60728,43.04206],[-71.52642,42.98294]]]},"properties":{"airspaceId":"class-1db0b666-fe99-45a4-993a-5cc70d39a882","group":"airspace","dataStatus":"reference","kind":"class","styleKey":"C","airspaceClass":"C","title":"Manchester Class C","status":"Class C airspace","icaoId":"KMHT","state":"NH","floor":"2,500 ft MSL","floorFt":2500,"ceiling":"4,300 ft MSL","ceilingFt":4300,"ceilingInclusive":true,"timesOfUse":"Continuous","provider":"FAA ADDS Class Airspace (NASR)","sourceUrl":"https://adds-faa.opendata.arcgis.com/"}},{"type":"Feature","id":"class-6309ae92-a566-42f6-ac03-5326905382fc","geometry":{"type":"Polygon","coordinates":[[[-70.30862,43.729],[-70.28623,43.7274],[-70.26471,43.72267],[-70.24488,43.71498],[-70.22741,43.70458],[-70.21316,43.69197],[-70.20738,43.68496],[-70.20257,43.67758],[-70.19879,43.66989],[-70.19605,43.66197],[-70.1944,43.6539],[-70.19385,43.64566],[-70.1944,43.63751],[-70.19606,43.62943],[-70.19879,43.62151],[-70.20262,43.61375],[-70.20743,43.60637],[-70.21321,43.59937],[-70.22752,43.5867],[-70.24487,43.57636],[-70.26476,43.56864],[-70.28623,43.56391],[-70.30866,43.56231],[-70.3311,43.56392],[-70.35256,43.56867],[-70.37244,43.5764],[-70.38978,43.58675],[-70.40408,43.59942],[-70.40985,43.60643],[-70.41465,43.61381],[-70.41847,43.62158],[-70.4212,43.6295],[-70.42284,43.63757],[-70.42339,43.64573],[-70.42282,43.65397],[-70.42116,43.66204],[-70.41842,43.66996],[-70.41462,43.67764],[-70.40981,43.68502],[-70.40402,43.69202],[-70.38975,43.70463],[-70.37237,43.71497],[-70.35254,43.72266],[-70.33102,43.7274],[-70.30862,43.729]]]},"properties":{"airspaceId":"class-6309ae92-a566-42f6-ac03-5326905382fc","group":"airspace","dataStatus":"reference","kind":"class","styleKey":"C","airspaceClass":"C","title":"Portland Intl Jetport Class C","status":"Class C airspace","icaoId":"KPWM","state":"ME","floor":"Surface","floorFt":0,"ceiling":"4,100 ft MSL","ceilingFt":4100,"ceilingInclusive":true,"timesOfUse":"Part-time; hours set by NOTAM / Chart Supplement","provider":"FAA ADDS Class Airspace (NASR)","sourceUrl":"https://adds-faa.opendata.arcgis.com/"}},{"type":"Feature","id":"class-ffbd0957-1910-483b-b1c2-86677979e632","geometry":{"type":"Polygon","coordinates":[[[-70.30862,43.81234],[-70.2861,43.81154],[-70.26379,43.80914],[-70.24192,43.80517],[-70.2207,43.79966],[-70.20032,43.79267],[-70.181,43.78427],[-70.1629,43.77454],[-70.14621,43.76357],[-70.13109,43.75146],[-70.11769,43.73834],[-70.10612,43.72433],[-70.09651,43.70957],[-70.08893,43.69419],[-70.08347,43.67835],[-70.08018,43.6622],[-70.07907,43.64589],[-70.08017,43.62958],[-70.08346,43.61343],[-70.08891,43.59758],[-70.09655,43.58205],[-70.10615,43.56729],[-70.11782,43.55314],[-70.13119,43.54003],[-70.14643,43.52781],[-70.16306,43.51685],[-70.18109,43.50713],[-70.20033,43.49873],[-70.22081,43.49167],[-70.24214,43.48612],[-70.2639,43.48216],[-70.28608,43.47977],[-70.30871,43.47896],[-70.33134,43.47978],[-70.35351,43.48219],[-70.37527,43.48616],[-70.3966,43.49173],[-70.41707,43.49879],[-70.4363,43.5072],[-70.45431,43.51694],[-70.47094,43.52791],[-70.48616,43.54013],[-70.49952,43.55325],[-70.51106,43.56726],[-70.52067,43.58202],[-70.52831,43.59755],[-70.53376,43.6134],[-70.53706,43.62955],[-70.53816,43.64586],[-70.53706,43.66217],[-70.53377,43.67832],[-70.52831,43.69416],[-70.52074,43.70954],[-70.51113,43.7243],[-70.49957,43.73832],[-70.48617,43.75144],[-70.47105,43.76355],[-70.45437,43.77452],[-70.43627,43.78426],[-70.41695,43.79266],[-70.39658,43.79965],[-70.37535,43.80516],[-70.35348,43.80913],[-70.33118,43.81153],[-70.30862,43.81234]]]},"properties":{"airspaceId":"class-ffbd0957-1910-483b-b1c2-86677979e632","group":"airspace","dataStatus":"reference","kind":"class","styleKey":"C","airspaceClass":"C","title":"Portland Intl Jetport Class C","status":"Class C airspace","icaoId":"KPWM","state":"ME","floor":"1,500 ft MSL","floorFt":1500,"ceiling":"4,100 ft MSL","ceilingFt":4100,"ceilingInclusive":true,"timesOfUse":"Part-time; hours set by NOTAM / Chart Supplement","provider":"FAA ADDS Class Airspace (NASR)","sourceUrl":"https://adds-faa.opendata.arcgis.com/"}},{"type":"Feature","id":"class-00ed0042-cb11-4afb-a039-98de170a0e7f","geometry":{"type":"Polygon","coordinates":[[[-71.42547,41.64025],[-71.44695,41.64165],[-71.46767,41.64612],[-71.48686,41.65351],[-71.50379,41.66354],[-71.51782,41.67582],[-71.52843,41.68991],[-71.53521,41.70527],[-71.53782,41.71952],[-71.53777,41.72851],[-71.5368,41.73567],[-71.53443,41.74449],[-71.53163,41.75138],[-71.5225,41.76604],[-71.50976,41.77911],[-71.49389,41.79008],[-71.47547,41.79856],[-71.45522,41.80421],[-71.43628,41.80668],[-71.41466,41.80651],[-71.3935,41.80321],[-71.37358,41.79691],[-71.36334,41.7922],[-71.35384,41.78669],[-71.33895,41.77496],[-71.32737,41.76131],[-71.31953,41.74623],[-71.31691,41.73745],[-71.31557,41.72851],[-71.31542,41.72132],[-71.31641,41.71235],[-71.31813,41.70527],[-71.3214,41.69661],[-71.33035,41.68189],[-71.33692,41.67436],[-71.34452,41.6674],[-71.36055,41.65658],[-71.37057,41.65163],[-71.38124,41.64752],[-71.40403,41.64199],[-71.42547,41.64025]]]},"properties":{"airspaceId":"class-00ed0042-cb11-4afb-a039-98de170a0e7f","group":"airspace","dataStatus":"reference","kind":"class","styleKey":"C","airspaceClass":"C","title":"Providence, Theodore Francis Green State Airport Class C","status":"Class C airspace","icaoId":"KPVD","state":"RI","floor":"Surface","floorFt":0,"ceiling":"4,100 ft MSL","ceilingFt":4100,"ceilingInclusive":true,"timesOfUse":"Part-time; hours set by NOTAM / Chart Supplement","provider":"FAA ADDS Class Airspace (NASR)","sourceUrl":"https://adds-faa.opendata.arcgis.com/"}},{"type":"Feature","id":"class-2dd366ac-9a2c-43a3-bf57-0f45d56cf445","geometry":{"type":"Polygon","coordinates":[[[-71.23326,41.64125],[-71.24211,41.63054],[-71.25352,41.61896],[-71.26455,41.60947],[-71.27828,41.59942],[-71.29121,41.59138],[-71.30691,41.58312],[-71.32351,41.5759],[-71.34086,41.56978],[-71.35886,41.56481],[-71.37502,41.56143],[-71.39384,41.55869],[-71.4129,41.55718],[-71.43207,41.55691],[-71.44881,41.55769],[-71.46778,41.55974],[-71.48414,41.56253],[-71.45545,41.64309],[-71.43425,41.64044],[-71.41276,41.6409],[-71.38954,41.64503],[-71.37006,41.65185],[-71.3527,41.66136],[-71.33809,41.67318],[-71.32678,41.6869],[-71.31921,41.70199],[-71.31672,41.71076],[-71.31551,41.71968],[-71.31558,41.72864],[-71.31656,41.73578],[-71.31893,41.74457],[-71.32173,41.75143],[-71.33083,41.76604],[-71.34352,41.77907],[-71.35933,41.79002],[-71.37766,41.79848],[-71.39783,41.80415],[-71.36892,41.88468],[-71.34604,41.87907],[-71.32197,41.87082],[-71.30137,41.86151],[-71.28041,41.84942],[-71.26316,41.83688],[-71.24639,41.82157],[-71.23335,41.80644],[-71.22163,41.7887],[-71.21348,41.77177],[-71.2074,41.75251],[-71.20455,41.73465],[-71.2044,41.71486],[-71.20699,41.69697],[-71.21278,41.67766],[-71.22158,41.659],[-71.23326,41.64125]]]},"properties":{"airspaceId":"class-2dd366ac-9a2c-43a3-bf57-0f45d56cf445","group":"airspace","dataStatus":"reference","kind":"class","styleKey":"C","airspaceClass":"C","title":"Providence, Theodore Francis Green State Airport Class C","status":"Class C airspace","icaoId":"KPVD","state":"RI","floor":"1,300 ft MSL","floorFt":1300,"ceiling":"4,100 ft MSL","ceilingFt":4100,"ceilingInclusive":true,"timesOfUse":"Part-time; hours set by NOTAM / Chart Supplement","provider":"FAA ADDS Class Airspace (NASR)","sourceUrl":"https://adds-faa.opendata.arcgis.com/"}},{"type":"Feature","id":"class-1af3b52b-3857-4e19-91a8-1eed15fa6bed","geometry":{"type":"Polygon","coordinates":[[[-71.36892,41.88467],[-71.39783,41.80415],[-71.41909,41.80679],[-71.44062,41.80633],[-71.46163,41.80277],[-71.48133,41.79625],[-71.49898,41.78701],[-71.51392,41.7754],[-71.52558,41.76185],[-71.53049,41.75367],[-71.53419,41.74515],[-71.53626,41.73814],[-71.5377,41.72925],[-71.53793,41.72207],[-71.53705,41.71313],[-71.53544,41.70606],[-71.53229,41.69742],[-71.52357,41.68268],[-71.51125,41.66947],[-71.49576,41.65829],[-71.47771,41.64955],[-71.45545,41.64309],[-71.48414,41.56254],[-71.51358,41.57014],[-71.54133,41.58075],[-71.56684,41.59417],[-71.58961,41.61013],[-71.60206,41.62109],[-71.61189,41.6313],[-71.62183,41.64361],[-71.62935,41.65488],[-71.63652,41.66824],[-71.64152,41.68026],[-71.64573,41.69431],[-71.64808,41.70678],[-71.64922,41.72116],[-71.64885,41.73375],[-71.64688,41.74807],[-71.64381,41.76046],[-71.63878,41.77435],[-71.63308,41.78621],[-71.62511,41.79931],[-71.61692,41.81032],[-71.60623,41.82229],[-71.59577,41.83217],[-71.58264,41.84269],[-71.57018,41.85117],[-71.55493,41.85997],[-71.5408,41.86683],[-71.52386,41.87367],[-71.50842,41.87874],[-71.49022,41.88344],[-71.47389,41.88658],[-71.44051,41.89005],[-71.42125,41.89032],[-71.40442,41.88953],[-71.38772,41.8878],[-71.36892,41.88467]]]},"properties":{"airspaceId":"class-1af3b52b-3857-4e19-91a8-1eed15fa6bed","group":"airspace","dataStatus":"reference","kind":"class","styleKey":"C","airspaceClass":"C","title":"Providence, Theodore Francis Green State Airport Class C","status":"Class C airspace","icaoId":"KPVD","state":"RI","floor":"1,700 ft MSL","floorFt":1700,"ceiling":"4,100 ft MSL","ceilingFt":4100,"ceilingInclusive":true,"timesOfUse":"Part-time; hours set by NOTAM / Chart Supplement","provider":"FAA ADDS Class Airspace (NASR)","sourceUrl":"https://adds-faa.opendata.arcgis.com/"}},{"type":"Feature","id":"class-87b540ce-b0b8-45e8-9ae4-d82cb69c54cf","geometry":{"type":"Polygon","coordinates":[[[-72.57193,41.94764],[-72.5718,41.94574],[-72.58136,41.94492],[-72.58772,41.94246],[-72.59269,41.93861],[-72.59576,41.93378],[-72.59659,41.93026],[-72.59639,41.92669],[-72.59298,41.92006],[-72.58616,41.9151],[-72.5772,41.91273],[-72.58557,41.89848],[-72.59734,41.88565],[-72.60358,41.88052],[-72.60991,41.88273],[-72.61682,41.88338],[-72.62366,41.8824],[-72.62977,41.87991],[-72.63314,41.87751],[-72.63677,41.87306],[-72.6384,41.868],[-72.63786,41.86281],[-72.65602,41.85815],[-72.67498,41.85588],[-72.69657,41.85627],[-72.71993,41.86035],[-72.73952,41.86714],[-72.757,41.87663],[-72.77022,41.88704],[-72.78212,41.90043],[-72.77756,41.89986],[-72.77057,41.9006],[-72.76424,41.90293],[-72.76069,41.90525],[-72.75677,41.90963],[-72.75486,41.91471],[-72.75514,41.91997],[-72.75654,41.92334],[-72.76032,41.92779],[-72.76378,41.93018],[-72.77004,41.93262],[-72.77464,41.93339],[-72.78398,41.93272],[-72.78831,41.93132],[-72.79383,41.92804],[-72.79468,41.93519],[-72.79458,41.94417],[-72.79356,41.95132],[-72.79114,41.96011],[-72.7883,41.96698],[-72.77909,41.98159],[-72.76628,41.9946],[-72.75034,42.00552],[-72.73188,42.01395],[-72.71158,42.01956],[-72.69261,42.02202],[-72.67096,42.02183],[-72.64976,42.01854],[-72.62982,42.01226],[-72.61187,42.00323],[-72.5966,41.99178],[-72.58458,41.97836],[-72.57625,41.96346],[-72.57382,41.95651],[-72.57193,41.94764]]]},"properties":{"airspaceId":"class-87b540ce-b0b8-45e8-9ae4-d82cb69c54cf","group":"airspace","dataStatus":"reference","kind":"class","styleKey":"C","airspaceClass":"C","title":"Windsor Locks Class C","status":"Class C airspace","icaoId":"KBDL","state":"CT","floor":"Surface","floorFt":0,"ceiling":"4,200 ft MSL","ceilingFt":4200,"ceilingInclusive":true,"timesOfUse":"Continuous","provider":"FAA ADDS Class Airspace (NASR)","sourceUrl":"https://adds-faa.opendata.arcgis.com/"}},{"type":"Feature","id":"class-e827a121-4543-4a79-9672-858da37706e9","geometry":{"type":"Polygon","coordinates":[[[-72.68065,41.77217],[-72.70227,41.77278],[-72.72371,41.77495],[-72.74477,41.77867],[-72.76525,41.78389],[-72.78496,41.79057],[-72.80371,41.79865],[-72.82134,41.80805],[-72.83592,41.81744],[-72.85097,41.82909],[-72.86444,41.84177],[-72.87621,41.85536],[-72.88616,41.86975],[-72.8942,41.88479],[-72.90026,41.90034],[-72.90427,41.91625],[-72.90609,41.93058],[-72.90614,41.94678],[-72.90409,41.9629],[-72.89996,41.9788],[-72.89377,41.99432],[-72.88559,42.00932],[-72.8755,42.02366],[-72.86358,42.0372],[-72.85154,42.04846],[-72.8365,42.06014],[-72.82,42.07068],[-72.80221,42.07998],[-72.78543,42.08713],[-72.76565,42.09384],[-72.74508,42.09909],[-72.72629,42.10249],[-72.70478,42.10485],[-72.68306,42.10563],[-72.65893,42.10466],[-72.63745,42.10213],[-72.61641,42.09805],[-72.596,42.09247],[-72.57641,42.08544],[-72.55784,42.07703],[-72.53861,42.06615],[-72.52274,42.05508],[-72.50839,42.04292],[-72.49569,42.02978],[-72.48368,42.01418],[-72.47485,41.99939],[-72.46736,41.98228],[-72.46276,41.96646],[-72.4601,41.94858],[-72.45992,41.93238],[-72.46184,41.91625],[-72.46586,41.90034],[-72.47271,41.88309],[-72.48097,41.86812],[-72.49237,41.85227],[-72.50452,41.83887],[-72.51999,41.82509],[-72.53553,41.81381],[-72.55246,41.80372],[-72.57061,41.79489],[-72.592,41.78668],[-72.61216,41.7808],[-72.63533,41.77602],[-72.65906,41.77312],[-72.68065,41.77217]]]},"properties":{"airspaceId":"class-e827a121-4543-4a79-9672-858da37706e9","group":"airspace","dataStatus":"reference","kind":"class","styleKey":"C","airspaceClass":"C","title":"Windsor Locks Class C","status":"Class C airspace","icaoId":"KBDL","state":"CT","floor":"2,100 ft MSL","floorFt":2100,"ceiling":"4,200 ft MSL","ceilingFt":4200,"ceilingInclusive":true,"timesOfUse":"Continuous","provider":"FAA ADDS Class Airspace (NASR)","sourceUrl":"https://adds-faa.opendata.arcgis.com/"}},{"type":"Feature","id":"class-37060bf1-19bd-496e-ac45-d6cc9c3b0b9c","geometry":{"type":"Polygon","coordinates":[[[-71.289,42.54831],[-71.26836,42.54681],[-71.24852,42.54236],[-71.23023,42.53514],[-71.21412,42.52536],[-71.20098,42.5135],[-71.19121,42.49998],[-71.1852,42.4853],[-71.18367,42.47771],[-71.18316,42.46997],[-71.18367,42.4623],[-71.18519,42.45471],[-71.19124,42.43996],[-71.20101,42.42644],[-71.21421,42.41453],[-71.23021,42.40481],[-71.24855,42.39755],[-71.26835,42.3931],[-71.28904,42.39159],[-71.30963,42.3931],[-71.32953,42.39757],[-71.34786,42.40484],[-71.36385,42.41458],[-71.37704,42.42649],[-71.38679,42.44002],[-71.39283,42.45477],[-71.39434,42.46236],[-71.39484,42.47003],[-71.39432,42.47778],[-71.39279,42.48537],[-71.38676,42.50004],[-71.37698,42.51356],[-71.36382,42.5254],[-71.34779,42.53513],[-71.3295,42.54236],[-71.30966,42.54681],[-71.289,42.54831]]]},"properties":{"airspaceId":"class-37060bf1-19bd-496e-ac45-d6cc9c3b0b9c","group":"airspace","dataStatus":"reference","kind":"class","styleKey":"D","airspaceClass":"D","title":"Bedford Class D","status":"Class D airspace","icaoId":"KBED","state":"MA","floor":"Surface","floorFt":0,"ceiling":"2,600 ft MSL","ceilingFt":2600,"ceilingInclusive":true,"timesOfUse":"Part-time; hours set by NOTAM / Chart Supplement","provider":"FAA ADDS Class Airspace (NASR)","sourceUrl":"https://adds-faa.opendata.arcgis.com/"}},{"type":"Feature","id":"class-325a0951-c72b-4892-900b-0c5c673cf2ee","geometry":{"type":"Polygon","coordinates":[[[-70.91517,42.51583],[-70.93449,42.51714],[-70.95077,42.52072],[-70.96589,42.52644],[-70.97934,42.53411],[-70.99209,42.54492],[-71.00054,42.55582],[-71.00614,42.56768],[-71.00872,42.5801],[-71.0088,42.58728],[-71.00785,42.59443],[-71.00377,42.60663],[-70.99674,42.61806],[-70.98699,42.62836],[-70.97486,42.63716],[-70.96074,42.64417],[-70.94512,42.64915],[-70.92853,42.65194],[-70.91152,42.65244],[-70.89233,42.65018],[-70.87419,42.64501],[-70.85792,42.63716],[-70.84579,42.62836],[-70.83486,42.61649],[-70.82753,42.6032],[-70.82532,42.59621],[-70.82412,42.58908],[-70.82448,42.57652],[-70.82608,42.56943],[-70.82868,42.56251],[-70.83673,42.54945],[-70.8483,42.53793],[-70.86089,42.5295],[-70.87755,42.52214],[-70.89591,42.51752],[-70.91517,42.51583]]]},"properties":{"airspaceId":"class-325a0951-c72b-4892-900b-0c5c673cf2ee","group":"airspace","dataStatus":"reference","kind":"class","styleKey":"D","airspaceClass":"D","title":"Beverly Class D","status":"Class D airspace","icaoId":"KBVY","state":"MA","floor":"Surface","floorFt":0,"ceiling":"2,600 ft MSL","ceilingFt":2600,"ceilingInclusive":true,"timesOfUse":"Part-time; hours set by NOTAM / Chart Supplement","provider":"FAA ADDS Class Airspace (NASR)","sourceUrl":"https://adds-faa.opendata.arcgis.com/"}},{"type":"Feature","id":"class-07e86c03-574e-4731-aecf-bbe35c346faa","geometry":{"type":"Polygon","coordinates":[[[-73.02833,41.15029],[-73.03329,41.13671],[-73.04152,41.12407],[-73.05272,41.11282],[-73.0665,41.10334],[-73.08238,41.09598],[-73.09979,41.09099],[-73.11813,41.08854],[-73.13684,41.08874],[-73.15251,41.091],[-73.1675,41.09514],[-73.18142,41.10103],[-73.19392,41.10854],[-73.20466,41.11746],[-73.21338,41.12757],[-73.21984,41.1386],[-73.22388,41.15027],[-73.26733,41.14443],[-73.26931,41.15724],[-73.26927,41.17013],[-73.26779,41.18036],[-73.26506,41.19033],[-73.2611,41.20007],[-73.25595,41.20948],[-73.24965,41.21849],[-73.24217,41.2271],[-73.23374,41.23505],[-73.22435,41.24236],[-73.21409,41.24898],[-73.20306,41.25485],[-73.19134,41.2599],[-73.17891,41.26414],[-73.15301,41.26982],[-73.12611,41.27174],[-73.12611,41.23838],[-73.11342,41.23777],[-73.10094,41.23594],[-73.08896,41.23294],[-73.0775,41.22879],[-73.06684,41.22356],[-73.05714,41.21735],[-73.04858,41.21026],[-73.04129,41.20239],[-73.03341,41.19029],[-73.02852,41.17724],[-73.02681,41.16381],[-73.02833,41.15029]]]},"properties":{"airspaceId":"class-07e86c03-574e-4731-aecf-bbe35c346faa","group":"airspace","dataStatus":"reference","kind":"class","styleKey":"D","airspaceClass":"D","title":"Bridgeport Class D","status":"Class D airspace","icaoId":"KBDR","state":"CT","floor":"Surface","floorFt":0,"ceiling":"2,500 ft MSL","ceilingFt":2500,"ceilingInclusive":true,"timesOfUse":"Part-time; hours set by NOTAM / Chart Supplement","provider":"FAA ADDS Class Airspace (NASR)","sourceUrl":"https://adds-faa.opendata.arcgis.com/"}},{"type":"Feature","id":"class-630f3ed3-4951-49e7-9650-824920cbe9b5","geometry":{"type":"Polygon","coordinates":[[[-73.42043,41.28285],[-73.43506,41.27787],[-73.45036,41.27427],[-73.46614,41.27208],[-73.48214,41.27134],[-73.49815,41.27207],[-73.51393,41.27424],[-73.52924,41.27783],[-73.54397,41.28283],[-73.56076,41.26731],[-73.60187,41.29262],[-73.58508,41.30814],[-73.59842,41.32299],[-73.60373,41.33105],[-73.60806,41.33944],[-73.61137,41.34809],[-73.61363,41.35693],[-73.61484,41.36588],[-73.61497,41.37478],[-73.61335,41.38742],[-73.60961,41.3998],[-73.60381,41.41173],[-73.59613,41.42292],[-73.58744,41.4325],[-73.57744,41.4412],[-73.56617,41.44896],[-73.55379,41.45571],[-73.54046,41.46134],[-73.52635,41.46577],[-73.51167,41.46896],[-73.49659,41.47086],[-73.48129,41.47145],[-73.46603,41.4707],[-73.45099,41.46865],[-73.43636,41.46531],[-73.42234,41.46072],[-73.40912,41.45495],[-73.39686,41.44808],[-73.38565,41.44013],[-73.37581,41.43132],[-73.36739,41.42173],[-73.36048,41.41147],[-73.35519,41.40068],[-73.35158,41.38951],[-73.34969,41.3781],[-73.34956,41.3666],[-73.3512,41.35507],[-73.35456,41.34385],[-73.35961,41.333],[-73.36634,41.32256],[-73.37454,41.31287],[-73.38417,41.30395],[-73.39518,41.29585],[-73.40726,41.28883],[-73.42043,41.28285]]]},"properties":{"airspaceId":"class-630f3ed3-4951-49e7-9650-824920cbe9b5","group":"airspace","dataStatus":"reference","kind":"class","styleKey":"D","airspaceClass":"D","title":"Danbury Class D","status":"Class D airspace","icaoId":"KDXR","state":"CT","floor":"Surface","floorFt":0,"ceiling":"3,000 ft MSL","ceilingFt":3000,"ceilingInclusive":true,"timesOfUse":"Part-time; hours set by NOTAM / Chart Supplement","provider":"FAA ADDS Class Airspace (NASR)","sourceUrl":"https://adds-faa.opendata.arcgis.com/"}},{"type":"Feature","id":"class-76906b03-bae0-4a6c-b2b8-3d16de239ead","geometry":{"type":"Polygon","coordinates":[[[-70.51815,41.58586],[-70.51933,41.59094],[-70.52252,41.59552],[-70.52742,41.59914],[-70.53354,41.60146],[-70.54183,41.60223],[-70.54991,41.60065],[-70.55664,41.59694],[-70.56107,41.59163],[-70.57276,41.59607],[-70.58361,41.60169],[-70.59634,41.61078],[-70.60665,41.62137],[-70.61432,41.63324],[-70.61902,41.64587],[-70.62064,41.659],[-70.61912,41.67207],[-70.61449,41.68479],[-70.60694,41.69662],[-70.59663,41.70731],[-70.58401,41.7164],[-70.56943,41.72366],[-70.55335,41.72885],[-70.53299,41.73212],[-70.51215,41.73208],[-70.49181,41.72874],[-70.47288,41.72225],[-70.45621,41.71291],[-70.44255,41.70114],[-70.43708,41.69453],[-70.43253,41.68747],[-70.42905,41.68015],[-70.4266,41.67252],[-70.42526,41.66481],[-70.42502,41.65696],[-70.42588,41.64922],[-70.42785,41.64151],[-70.43088,41.63408],[-70.43498,41.62686],[-70.44008,41.62001],[-70.44613,41.61361],[-70.46069,41.60248],[-70.47814,41.59388],[-70.49753,41.58827],[-70.51815,41.58586]]]},"properties":{"airspaceId":"class-76906b03-bae0-4a6c-b2b8-3d16de239ead","group":"airspace","dataStatus":"reference","kind":"class","styleKey":"D","airspaceClass":"D","title":"Falmouth Class D","status":"Class D airspace","icaoId":"KFMH","state":"MA","floor":"Surface","floorFt":0,"ceiling":"2,600 ft MSL","ceilingFt":2600,"ceilingInclusive":true,"timesOfUse":"Continuous","provider":"FAA ADDS Class Airspace (NASR)","sourceUrl":"https://adds-faa.opendata.arcgis.com/"}},{"type":"Feature","id":"class-2129420c-0b1b-46c0-8f2e-e22164f5eaf0","geometry":{"type":"Polygon","coordinates":[[[-72.00961,41.25102],[-72.01092,41.2577],[-72.01563,41.26343],[-72.02298,41.26729],[-72.03174,41.26863],[-72.04174,41.2668],[-72.04604,41.26462],[-72.04956,41.26174],[-72.05208,41.25833],[-72.05349,41.25457],[-72.0537,41.25066],[-72.0527,41.24683],[-72.06645,41.24821],[-72.0798,41.25087],[-72.09626,41.25613],[-72.11138,41.26333],[-72.12477,41.27227],[-72.13602,41.28266],[-72.14496,41.29435],[-72.15129,41.30697],[-72.15484,41.32019],[-72.15552,41.33359],[-72.15331,41.34698],[-72.14831,41.35985],[-72.14058,41.37202],[-72.13041,41.38302],[-72.12169,41.39012],[-72.11203,41.39636],[-72.10148,41.40171],[-72.09008,41.40616],[-72.07817,41.40955],[-72.06572,41.41191],[-72.0531,41.41316],[-72.04035,41.41331],[-72.02757,41.41235],[-72.01514,41.41029],[-72.0031,41.40718],[-71.99152,41.40301],[-71.98075,41.3979],[-71.97075,41.39184],[-71.96183,41.38501],[-71.95394,41.37738],[-71.94733,41.36919],[-71.94198,41.36041],[-71.93804,41.3513],[-71.93549,41.34182],[-71.93443,41.33227],[-71.93483,41.32261],[-71.93669,41.31313],[-71.94002,41.3038],[-71.9447,41.29489],[-71.95077,41.28637],[-71.95811,41.27845],[-71.96661,41.27121],[-71.97607,41.26482],[-71.98653,41.25924],[-71.99778,41.25462],[-72.00961,41.25102]]]},"properties":{"airspaceId":"class-2129420c-0b1b-46c0-8f2e-e22164f5eaf0","group":"airspace","dataStatus":"reference","kind":"class","styleKey":"D","airspaceClass":"D","title":"Groton Class D","status":"Class D airspace","icaoId":"KGON","state":"CT","floor":"Surface","floorFt":0,"ceiling":"2,500 ft MSL","ceilingFt":2500,"ceilingInclusive":true,"timesOfUse":"Part-time; hours set by NOTAM / Chart Supplement","provider":"FAA ADDS Class Airspace (NASR)","sourceUrl":"https://adds-faa.opendata.arcgis.com/"}},{"type":"Feature","id":"class-c6e305c3-92e2-4bb7-af68-308b21728e3e","geometry":{"type":"Polygon","coordinates":[[[-72.56879,41.78396],[-72.54409,41.79822],[-72.53845,41.79239],[-72.52726,41.77715],[-72.51969,41.7605],[-72.51745,41.75207],[-72.51616,41.74332],[-72.51591,41.73452],[-72.51669,41.72574],[-72.51952,41.71352],[-72.52435,41.70167],[-72.5311,41.69035],[-72.53966,41.67974],[-72.54991,41.67],[-72.56167,41.6613],[-72.57478,41.65374],[-72.58903,41.64746],[-72.59948,41.6439],[-72.61113,41.66555],[-72.63339,41.66092],[-72.65644,41.66015],[-72.67913,41.66327],[-72.69007,41.66627],[-72.70031,41.67012],[-72.71648,41.67871],[-72.73014,41.68947],[-72.74077,41.70201],[-72.74793,41.7157],[-72.75128,41.72864],[-72.75162,41.74181],[-72.74895,41.75484],[-72.74334,41.76732],[-72.73496,41.77891],[-72.72404,41.78925],[-72.71092,41.79803],[-72.69598,41.80501],[-72.67966,41.80997],[-72.66245,41.81276],[-72.64473,41.8133],[-72.62727,41.81156],[-72.61047,41.80761],[-72.59482,41.80157],[-72.58079,41.79361],[-72.56879,41.78396]]]},"properties":{"airspaceId":"class-c6e305c3-92e2-4bb7-af68-308b21728e3e","group":"airspace","dataStatus":"reference","kind":"class","styleKey":"D","airspaceClass":"D","title":"Hartford Class D","status":"Class D airspace","icaoId":"KHFD","state":"CT","floor":"Surface","floorFt":0,"ceiling":"2,500 ft MSL","ceilingFt":2500,"ceilingInclusive":true,"timesOfUse":"Part-time; hours set by NOTAM / Chart Supplement","provider":"FAA ADDS Class Airspace (NASR)","sourceUrl":"https://adds-faa.opendata.arcgis.com/"}},{"type":"Feature","id":"class-cb46e3bf-f0ec-41ee-ac14-b8680dbff813","geometry":{"type":"Polygon","coordinates":[[[-70.28036,41.73938],[-70.26215,41.73804],[-70.24464,41.73406],[-70.2285,41.72761],[-70.21429,41.71887],[-70.20269,41.70827],[-70.19407,41.69618],[-70.18876,41.68307],[-70.18696,41.66936],[-70.18875,41.65573],[-70.19408,41.64254],[-70.2027,41.63046],[-70.21435,41.61982],[-70.22855,41.61109],[-70.24466,41.60463],[-70.26223,41.60065],[-70.2804,41.59931],[-70.29857,41.60066],[-70.31613,41.60466],[-70.33231,41.61116],[-70.34642,41.61986],[-70.35806,41.63051],[-70.36666,41.6426],[-70.37198,41.65578],[-70.37376,41.66942],[-70.37195,41.68313],[-70.36662,41.69624],[-70.35799,41.70832],[-70.34638,41.71891],[-70.33223,41.7276],[-70.31609,41.73406],[-70.29859,41.73803],[-70.28036,41.73938]]]},"properties":{"airspaceId":"class-cb46e3bf-f0ec-41ee-ac14-b8680dbff813","group":"airspace","dataStatus":"reference","kind":"class","styleKey":"D","airspaceClass":"D","title":"Hyannis Class D","status":"Class D airspace","icaoId":"KHYA","state":"MA","floor":"Surface","floorFt":0,"ceiling":"2,600 ft MSL","ceilingFt":2600,"ceilingInclusive":true,"timesOfUse":"Part-time; hours set by NOTAM / Chart Supplement","provider":"FAA ADDS Class Airspace (NASR)","sourceUrl":"https://adds-faa.opendata.arcgis.com/"}},{"type":"Feature","id":"class-eff11d55-7f6c-4e14-a654-567f28e18342","geometry":{"type":"Polygon","coordinates":[[[-71.12333,42.80059],[-71.10129,42.79899],[-71.08009,42.79426],[-71.06056,42.78657],[-71.04343,42.77623],[-71.02938,42.76362],[-71.01893,42.74924],[-71.01519,42.74156],[-71.01249,42.73364],[-71.01085,42.72556],[-71.01029,42.71724],[-71.01084,42.70909],[-71.01246,42.70101],[-71.01515,42.69309],[-71.01888,42.6854],[-71.02929,42.67101],[-71.04346,42.65827],[-71.06055,42.64793],[-71.08003,42.64024],[-71.10117,42.63549],[-71.12338,42.63387],[-71.14537,42.63547],[-71.16672,42.64026],[-71.1862,42.64797],[-71.20327,42.65832],[-71.21742,42.67107],[-71.22782,42.68546],[-71.23154,42.69315],[-71.23422,42.70108],[-71.23584,42.70915],[-71.23638,42.71731],[-71.23583,42.72547],[-71.23421,42.73354],[-71.23152,42.74146],[-71.22779,42.74915],[-71.21736,42.76354],[-71.20333,42.77616],[-71.18622,42.78652],[-71.1667,42.79422],[-71.14551,42.79897],[-71.12333,42.80059]]]},"properties":{"airspaceId":"class-eff11d55-7f6c-4e14-a654-567f28e18342","group":"airspace","dataStatus":"reference","kind":"class","styleKey":"D","airspaceClass":"D","title":"Lawrence Class D","status":"Class D airspace","icaoId":"KLWM","state":"MA","floor":"Surface","floorFt":0,"ceiling":"2,600 ft MSL","ceilingFt":2600,"ceilingInclusive":true,"timesOfUse":"Part-time; hours set by NOTAM / Chart Supplement","provider":"FAA ADDS Class Airspace (NASR)","sourceUrl":"https://adds-faa.opendata.arcgis.com/"}},{"type":"Feature","id":"class-7d31a1d2-4c33-47d3-bafe-c8a29df98b38","geometry":{"type":"Polygon","coordinates":[[[-72.30417,43.70641],[-72.28269,43.70487],[-72.26204,43.70033],[-72.243,43.69295],[-72.22632,43.68303],[-72.21262,43.67093],[-72.20244,43.65713],[-72.1988,43.64975],[-72.19616,43.64215],[-72.19457,43.6344],[-72.19402,43.62641],[-72.19456,43.61858],[-72.19614,43.61083],[-72.19876,43.60322],[-72.2024,43.59584],[-72.21254,43.58203],[-72.22634,43.56981],[-72.24299,43.55988],[-72.26198,43.5525],[-72.28279,43.54791],[-72.30421,43.54639],[-72.32563,43.54792],[-72.34644,43.55252],[-72.36542,43.55991],[-72.38206,43.56985],[-72.39585,43.58209],[-72.40597,43.5959],[-72.4096,43.60329],[-72.41221,43.61089],[-72.41379,43.61864],[-72.41431,43.62647],[-72.41378,43.6343],[-72.4122,43.64206],[-72.40958,43.64966],[-72.40594,43.65704],[-72.39578,43.67085],[-72.38211,43.68296],[-72.36544,43.6929],[-72.34642,43.70029],[-72.32577,43.70486],[-72.30417,43.70641]]]},"properties":{"airspaceId":"class-7d31a1d2-4c33-47d3-bafe-c8a29df98b38","group":"airspace","dataStatus":"reference","kind":"class","styleKey":"D","airspaceClass":"D","title":"Lebanon Class D","status":"Class D airspace","icaoId":"KLEB","state":"NH","floor":"Surface","floorFt":0,"ceiling":"3,100 ft MSL","ceilingFt":3100,"ceilingInclusive":true,"timesOfUse":"Part-time; hours set by NOTAM / Chart Supplement","provider":"FAA ADDS Class Airspace (NASR)","sourceUrl":"https://adds-faa.opendata.arcgis.com/"}},{"type":"Feature","id":"class-2b454e22-7e1b-48a8-85b3-1f11e698c7ef","geometry":{"type":"Polygon","coordinates":[[[-70.61444,41.45977],[-70.59718,41.45849],[-70.58057,41.4547],[-70.56527,41.44855],[-70.55185,41.44028],[-70.54084,41.43019],[-70.53265,41.41869],[-70.52759,41.4062],[-70.52587,41.39308],[-70.52757,41.38009],[-70.53259,41.3676],[-70.54075,41.35609],[-70.55184,41.34589],[-70.56524,41.33761],[-70.58051,41.33146],[-70.59725,41.32763],[-70.61448,41.32636],[-70.63189,41.32767],[-70.64845,41.33148],[-70.66371,41.33764],[-70.6771,41.34593],[-70.68818,41.35613],[-70.69633,41.36765],[-70.70134,41.38015],[-70.70302,41.39314],[-70.70132,41.40613],[-70.69628,41.41862],[-70.68811,41.43013],[-70.67711,41.44022],[-70.66371,41.44851],[-70.64841,41.45467],[-70.63182,41.45847],[-70.61444,41.45977]]]},"properties":{"airspaceId":"class-2b454e22-7e1b-48a8-85b3-1f11e698c7ef","group":"airspace","dataStatus":"reference","kind":"class","styleKey":"D","airspaceClass":"D","title":"Martha's Vineyard Class D","status":"Class D airspace","icaoId":"KMVY","state":"MA","floor":"Surface","floorFt":0,"ceiling":"2,600 ft MSL","ceilingFt":2600,"ceilingInclusive":true,"timesOfUse":"Part-time; hours set by NOTAM / Chart Supplement","provider":"FAA ADDS Class Airspace (NASR)","sourceUrl":"https://adds-faa.opendata.arcgis.com/"}},{"type":"Feature","id":"class-a1b1bb1e-4774-43ed-99b1-7875304dd472","geometry":{"type":"Polygon","coordinates":[[[-70.15098,41.28022],[-70.14708,41.28055],[-70.14411,41.28249],[-70.14319,41.28593],[-70.1455,41.28898],[-70.13943,41.29619],[-70.13232,41.30279],[-70.11919,41.31183],[-70.10417,41.31888],[-70.08761,41.32378],[-70.07025,41.32631],[-70.05254,41.32643],[-70.03511,41.32414],[-70.01853,41.3195],[-70.00334,41.31267],[-69.99004,41.30388],[-69.97902,41.29335],[-69.97076,41.28156],[-69.96548,41.26884],[-69.96333,41.2556],[-69.96441,41.24222],[-69.96649,41.23468],[-69.96959,41.22734],[-69.97877,41.21361],[-69.99153,41.20162],[-70.00739,41.19186],[-70.02552,41.18486],[-70.04527,41.18084],[-70.0656,41.18003],[-70.0858,41.18246],[-70.10488,41.18803],[-70.12193,41.19644],[-70.13634,41.20741],[-70.14735,41.22035],[-70.15149,41.22747],[-70.15458,41.2348],[-70.15664,41.24235],[-70.15764,41.25001],[-70.15757,41.25771],[-70.15643,41.26536],[-70.15423,41.27288],[-70.15098,41.28022]]]},"properties":{"airspaceId":"class-a1b1bb1e-4774-43ed-99b1-7875304dd472","group":"airspace","dataStatus":"reference","kind":"class","styleKey":"D","airspaceClass":"D","title":"Nantucket Class D","status":"Class D airspace","icaoId":"KACK","state":"MA","floor":"Surface","floorFt":0,"ceiling":"2,500 ft MSL","ceilingFt":2500,"ceilingInclusive":true,"timesOfUse":"Part-time; hours set by NOTAM / Chart Supplement","provider":"FAA ADDS Class Airspace (NASR)","sourceUrl":"https://adds-faa.opendata.arcgis.com/"}},{"type":"Feature","id":"class-c812af45-aaba-4de2-b1d0-2eaf06502855","geometry":{"type":"Polygon","coordinates":[[[-71.50229,42.86532],[-71.48981,42.85955],[-71.47634,42.85498],[-71.46217,42.85175],[-71.44766,42.84992],[-71.43059,42.83871],[-71.42331,42.83222],[-71.4169,42.82515],[-71.41084,42.81658],[-71.40617,42.80755],[-71.40296,42.79818],[-71.40124,42.7886],[-71.40103,42.77893],[-71.40235,42.76932],[-71.40517,42.75988],[-71.40945,42.75074],[-71.41513,42.74204],[-71.42214,42.73387],[-71.43039,42.72636],[-71.43976,42.7196],[-71.45012,42.71368],[-71.46134,42.70869],[-71.47327,42.70469],[-71.48585,42.70171],[-71.50505,42.69933],[-71.50628,42.70453],[-71.50861,42.70951],[-71.51196,42.71416],[-71.51626,42.71835],[-71.52727,42.725],[-71.54054,42.7288],[-71.55282,42.72948],[-71.56489,42.7277],[-71.57586,42.72358],[-71.58492,42.71743],[-71.59809,42.72659],[-71.60915,42.73723],[-71.61776,42.74904],[-71.62369,42.76172],[-71.62679,42.77493],[-71.62699,42.78825],[-71.62427,42.8015],[-71.61875,42.81419],[-71.61048,42.82614],[-71.5998,42.83689],[-71.58683,42.84631],[-71.57207,42.85402],[-71.55572,42.85994],[-71.5384,42.86384],[-71.52046,42.86565],[-71.50229,42.86532]]]},"properties":{"airspaceId":"class-c812af45-aaba-4de2-b1d0-2eaf06502855","group":"airspace","dataStatus":"reference","kind":"class","styleKey":"D","airspaceClass":"D","title":"Nashua Class D","status":"Class D airspace","icaoId":"KASH","state":"NH","floor":"Surface","floorFt":0,"ceiling":"2,700 ft MSL","ceilingFt":2700,"ceilingInclusive":true,"timesOfUse":"Part-time; hours set by NOTAM / Chart Supplement","provider":"FAA ADDS Class Airspace (NASR)","sourceUrl":"https://adds-faa.opendata.arcgis.com/"}},{"type":"Feature","id":"class-fd8db218-eb18-42a7-8419-0acb22128169","geometry":{"type":"Polygon","coordinates":[[[-70.95778,41.7431],[-70.94044,41.74182],[-70.92376,41.73803],[-70.90839,41.73188],[-70.89485,41.72356],[-70.8838,41.71347],[-70.87559,41.70196],[-70.87053,41.68947],[-70.86881,41.67642],[-70.87052,41.66343],[-70.8756,41.65087],[-70.88381,41.63936],[-70.8949,41.62923],[-70.90835,41.62095],[-70.92377,41.61477],[-70.94051,41.61097],[-70.95781,41.6097],[-70.97512,41.61098],[-70.99185,41.61479],[-71.00719,41.62094],[-71.0207,41.62926],[-71.03179,41.63941],[-71.03998,41.65092],[-71.04505,41.66348],[-71.04674,41.67647],[-71.04501,41.68952],[-71.03994,41.70201],[-71.03171,41.71352],[-71.02066,41.7236],[-71.00718,41.73188],[-70.99181,41.73803],[-70.97514,41.74181],[-70.95778,41.7431]]]},"properties":{"airspaceId":"class-fd8db218-eb18-42a7-8419-0acb22128169","group":"airspace","dataStatus":"reference","kind":"class","styleKey":"D","airspaceClass":"D","title":"New Bedford Class D","status":"Class D airspace","icaoId":"KEWB","state":"MA","floor":"Surface","floorFt":0,"ceiling":"2,600 ft MSL","ceilingFt":2600,"ceilingInclusive":true,"timesOfUse":"Part-time; hours set by NOTAM / Chart Supplement","provider":"FAA ADDS Class Airspace (NASR)","sourceUrl":"https://adds-faa.opendata.arcgis.com/"}},{"type":"Feature","id":"class-846ceb10-430f-4a19-af69-e106ef470472","geometry":{"type":"Polygon","coordinates":[[[-72.88667,41.347],[-72.86512,41.3454],[-72.8443,41.34063],[-72.82522,41.33293],[-72.80849,41.32257],[-72.79477,41.30996],[-72.78457,41.29557],[-72.78093,41.28788],[-72.77829,41.27995],[-72.7767,41.27187],[-72.77617,41.26363],[-72.7767,41.25547],[-72.77829,41.2474],[-72.78092,41.23947],[-72.78461,41.2317],[-72.7948,41.21732],[-72.80859,41.20465],[-72.82529,41.1943],[-72.84444,41.18658],[-72.86511,41.18184],[-72.88671,41.18024],[-72.90831,41.18186],[-72.92898,41.1866],[-72.94812,41.19434],[-72.96481,41.20469],[-72.97858,41.21737],[-72.98876,41.23177],[-72.99244,41.23954],[-72.99506,41.24746],[-72.99664,41.25554],[-72.99717,41.2637],[-72.99664,41.27186],[-72.99503,41.28002],[-72.99238,41.28794],[-72.98873,41.29563],[-72.97852,41.31001],[-72.96478,41.32262],[-72.94805,41.33297],[-72.92895,41.34066],[-72.90823,41.3454],[-72.88667,41.347]]]},"properties":{"airspaceId":"class-846ceb10-430f-4a19-af69-e106ef470472","group":"airspace","dataStatus":"reference","kind":"class","styleKey":"D","airspaceClass":"D","title":"New Haven Class D","status":"Class D airspace","icaoId":"KHVN","state":"CT","floor":"Surface","floorFt":0,"ceiling":"2,500 ft MSL","ceilingFt":2500,"ceilingInclusive":true,"timesOfUse":"Part-time; hours set by NOTAM / Chart Supplement","provider":"FAA ADDS Class Airspace (NASR)","sourceUrl":"https://adds-faa.opendata.arcgis.com/"}},{"type":"Feature","id":"class-88017dd5-bead-4905-8463-4186604ae691","geometry":{"type":"Polygon","coordinates":[[[-71.30964,41.64083],[-71.30422,41.63283],[-71.2999,41.62447],[-71.29674,41.61582],[-71.2945,41.60519],[-71.29397,41.59623],[-71.29464,41.58727],[-71.29652,41.57841],[-71.30033,41.56804],[-71.30477,41.55971],[-71.3103,41.55176],[-71.31687,41.54427],[-71.32604,41.536],[-71.33465,41.52979],[-71.34602,41.52325],[-71.35624,41.51862],[-71.36925,41.51412],[-71.38058,41.5113],[-71.39459,41.50908],[-71.40647,41.50821],[-71.42078,41.50836],[-71.43497,41.50982],[-71.44654,41.51201],[-71.46851,41.51897],[-71.48063,41.52469],[-71.48997,41.53028],[-71.49852,41.53654],[-71.50617,41.54342],[-71.51408,41.5524],[-71.51953,41.56038],[-71.52387,41.56873],[-71.52707,41.57738],[-71.52956,41.58979],[-71.52982,41.60055],[-71.52833,41.61125],[-71.52512,41.62174],[-71.52024,41.63186],[-71.51376,41.64146],[-71.50577,41.6504],[-71.49632,41.65854],[-71.47825,41.64973],[-71.45834,41.64367],[-71.43726,41.6406],[-71.41816,41.64047],[-71.397,41.64324],[-71.37694,41.64902],[-71.35873,41.65757],[-71.34306,41.66859],[-71.33371,41.66299],[-71.32517,41.65671],[-71.31753,41.64981],[-71.30964,41.64083]]]},"properties":{"airspaceId":"class-88017dd5-bead-4905-8463-4186604ae691","group":"airspace","dataStatus":"reference","kind":"class","styleKey":"D","airspaceClass":"D","title":"North Kingstown Class D","status":"Class D airspace","icaoId":"KOQU","state":"RI","floor":"Surface","floorFt":0,"ceiling":"2,500 ft MSL","ceilingFt":2500,"ceilingInclusive":true,"timesOfUse":"Part-time; hours set by NOTAM / Chart Supplement","provider":"FAA ADDS Class Airspace (NASR)","sourceUrl":"https://adds-faa.opendata.arcgis.com/"}},{"type":"Feature","id":"class-255d3ef0-8f02-47ee-9f1e-f99c49bdd544","geometry":{"type":"Polygon","coordinates":[[[-71.17306,42.26587],[-71.15338,42.26443],[-71.13447,42.26017],[-71.11695,42.25321],[-71.10168,42.24389],[-71.08915,42.23254],[-71.07984,42.21959],[-71.07411,42.20554],[-71.07216,42.19086],[-71.0741,42.17625],[-71.07987,42.16213],[-71.08917,42.14918],[-71.10176,42.13778],[-71.11701,42.12847],[-71.1345,42.12151],[-71.15347,42.11724],[-71.1731,42.11581],[-71.19272,42.11725],[-71.21169,42.12154],[-71.22917,42.1285],[-71.24441,42.13782],[-71.25698,42.14923],[-71.26628,42.16218],[-71.27203,42.17631],[-71.27395,42.19092],[-71.27199,42.2056],[-71.26624,42.21965],[-71.25691,42.23259],[-71.24437,42.24394],[-71.22909,42.25325],[-71.21166,42.26017],[-71.19275,42.26443],[-71.17306,42.26587]]]},"properties":{"airspaceId":"class-255d3ef0-8f02-47ee-9f1e-f99c49bdd544","group":"airspace","dataStatus":"reference","kind":"class","styleKey":"D","airspaceClass":"D","title":"Norwood Class D","status":"Class D airspace","icaoId":"KOWD","state":"MA","floor":"Surface","floorFt":0,"ceiling":"2,600 ft MSL","ceilingFt":2600,"ceilingInclusive":true,"timesOfUse":"Part-time; hours set by NOTAM / Chart Supplement","provider":"FAA ADDS Class Airspace (NASR)","sourceUrl":"https://adds-faa.opendata.arcgis.com/"}},{"type":"Feature","id":"class-552d2539-2f74-40e8-b4df-f557ccbbe705","geometry":{"type":"Polygon","coordinates":[[[-73.13528,41.56199],[-73.11366,41.5604],[-73.09287,41.55566],[-73.07372,41.54798],[-73.05684,41.53757],[-73.04308,41.52496],[-73.03285,41.51056],[-73.02919,41.50287],[-73.02655,41.49495],[-73.02495,41.48687],[-73.02441,41.47863],[-73.02495,41.47047],[-73.02654,41.4624],[-73.02918,41.45447],[-73.03288,41.44671],[-73.04311,41.43232],[-73.05694,41.41965],[-73.07379,41.40926],[-73.09291,41.40158],[-73.11376,41.39683],[-73.13532,41.39524],[-73.157,41.39686],[-73.17773,41.4016],[-73.19693,41.40934],[-73.21368,41.4197],[-73.2275,41.43238],[-73.23771,41.44677],[-73.2414,41.45454],[-73.24403,41.46246],[-73.24562,41.47054],[-73.24615,41.4787],[-73.2456,41.48694],[-73.24399,41.49502],[-73.24134,41.50294],[-73.23768,41.51063],[-73.22743,41.52501],[-73.21365,41.53762],[-73.19686,41.54797],[-73.1777,41.55566],[-73.15692,41.56039],[-73.13528,41.56199]]]},"properties":{"airspaceId":"class-552d2539-2f74-40e8-b4df-f557ccbbe705","group":"airspace","dataStatus":"reference","kind":"class","styleKey":"D","airspaceClass":"D","title":"Oxford Class D","status":"Class D airspace","icaoId":"KOXC","state":"CT","floor":"Surface","floorFt":0,"ceiling":"3,200 ft MSL","ceilingFt":3200,"ceilingInclusive":true,"timesOfUse":"Part-time; hours set by NOTAM / Chart Supplement","provider":"FAA ADDS Class Airspace (NASR)","sourceUrl":"https://adds-faa.opendata.arcgis.com/"}},{"type":"Feature","id":"class-4f478c80-a30c-4b4b-b441-4741aa3f2478","geometry":{"type":"Polygon","coordinates":[[[-70.80354,43.15496],[-70.8059,43.1509],[-70.80726,43.14659],[-70.80756,43.14218],[-70.8068,43.13782],[-70.80223,43.1297],[-70.79411,43.12324],[-70.78796,43.12051],[-70.78113,43.11878],[-70.774,43.11814],[-70.7668,43.11861],[-70.75991,43.12019],[-70.75364,43.12277],[-70.74825,43.12626],[-70.74397,43.13051],[-70.73475,43.12189],[-70.7273,43.11247],[-70.7225,43.1041],[-70.71905,43.09537],[-70.71701,43.08641],[-70.7164,43.07726],[-70.71723,43.0682],[-70.71949,43.05927],[-70.72315,43.05059],[-70.72819,43.04221],[-70.73448,43.03438],[-70.74196,43.02714],[-70.75052,43.02058],[-70.76015,43.01475],[-70.77054,43.00981],[-70.78174,43.00577],[-70.79341,43.00273],[-70.80547,43.0007],[-70.81777,42.99971],[-70.83015,42.99976],[-70.84243,43.00087],[-70.85456,43.00304],[-70.86626,43.00623],[-70.87729,43.01035],[-70.88759,43.01539],[-70.89703,43.02127],[-70.90847,43.03067],[-70.91766,43.04122],[-70.92448,43.05279],[-70.92866,43.06493],[-70.93016,43.07748],[-70.92891,43.08997],[-70.92496,43.10215],[-70.9184,43.11372],[-70.90935,43.12444],[-70.89815,43.13389],[-70.88503,43.14192],[-70.87032,43.14832],[-70.85441,43.15291],[-70.8377,43.15559],[-70.8206,43.15628],[-70.80354,43.15496]]]},"properties":{"airspaceId":"class-4f478c80-a30c-4b4b-b441-4741aa3f2478","group":"airspace","dataStatus":"reference","kind":"class","styleKey":"D","airspaceClass":"D","title":"Portsmouth Class D","status":"Class D airspace","icaoId":"KPSM","state":"NH","floor":"Surface","floorFt":0,"ceiling":"2,600 ft MSL","ceilingFt":2600,"ceilingInclusive":true,"timesOfUse":"Continuous","provider":"FAA ADDS Class Airspace (NASR)","sourceUrl":"https://adds-faa.opendata.arcgis.com/"}},{"type":"Feature","id":"class-d37f1623-566c-42c3-9170-12454e1e7a5d","geometry":{"type":"Polygon","coordinates":[[[-72.53472,42.28893],[-72.5098,42.28711],[-72.48583,42.28171],[-72.46374,42.27295],[-72.45367,42.26741],[-72.44438,42.26116],[-72.43596,42.25426],[-72.42849,42.24679],[-72.42205,42.2388],[-72.41668,42.23039],[-72.41245,42.22163],[-72.4094,42.2126],[-72.40755,42.20339],[-72.40692,42.194],[-72.40753,42.1847],[-72.40936,42.17549],[-72.41239,42.16646],[-72.41664,42.1576],[-72.42199,42.14918],[-72.42842,42.14119],[-72.43586,42.13371],[-72.44434,42.12674],[-72.4537,42.12043],[-72.46375,42.11488],[-72.48578,42.10612],[-72.5098,42.10069],[-72.53478,42.09886],[-72.55963,42.10068],[-72.58365,42.10611],[-72.60578,42.11493],[-72.61582,42.12048],[-72.62509,42.12673],[-72.63357,42.1337],[-72.64102,42.14118],[-72.64745,42.14917],[-72.65279,42.15758],[-72.65705,42.16644],[-72.66008,42.17547],[-72.66191,42.18468],[-72.66253,42.19398],[-72.6619,42.20337],[-72.66005,42.21258],[-72.657,42.22161],[-72.65277,42.23037],[-72.64741,42.23879],[-72.64097,42.24677],[-72.6335,42.25425],[-72.62508,42.26114],[-72.61579,42.2674],[-72.60572,42.27294],[-72.58364,42.28171],[-72.55967,42.28711],[-72.53472,42.28893]]]},"properties":{"airspaceId":"class-d37f1623-566c-42c3-9170-12454e1e7a5d","group":"airspace","dataStatus":"reference","kind":"class","styleKey":"D","airspaceClass":"D","title":"Springfield/Chicopee Class D","status":"Class D airspace","icaoId":"KCEF","state":"MA","floor":"Surface","floorFt":0,"ceiling":"2,700 ft MSL","ceilingFt":2700,"ceilingInclusive":true,"timesOfUse":"Part-time; hours set by NOTAM / Chart Supplement","provider":"FAA ADDS Class Airspace (NASR)","sourceUrl":"https://adds-faa.opendata.arcgis.com/"}},{"type":"Feature","id":"class-0353bbbd-4676-497c-8f38-19d0c7e79660","geometry":{"type":"Polygon","coordinates":[[[-73.03758,41.19736],[-73.0446,41.20623],[-73.05311,41.21424],[-73.06308,41.22134],[-73.07416,41.22731],[-73.08631,41.2321],[-73.09912,41.23556],[-73.11254,41.23768],[-73.12611,41.23838],[-73.12611,41.27174],[-73.14136,41.27112],[-73.15653,41.26927],[-73.17135,41.26621],[-73.18567,41.26197],[-73.18047,41.27518],[-73.17605,41.28214],[-73.17062,41.28869],[-73.16425,41.29473],[-73.15701,41.30019],[-73.14031,41.3091],[-73.12148,41.31493],[-73.10131,41.31746],[-73.08097,41.31651],[-73.06136,41.31214],[-73.04362,41.30461],[-73.02856,41.29428],[-73.02226,41.28819],[-73.0169,41.28161],[-73.0126,41.27468],[-73.00933,41.26737],[-73.00717,41.25982],[-73.00616,41.25213],[-73.0063,41.24441],[-73.00759,41.23675],[-73.01002,41.22925],[-73.01355,41.222],[-73.01815,41.2151],[-73.02374,41.20864],[-73.03758,41.19736]]]},"properties":{"airspaceId":"class-0353bbbd-4676-497c-8f38-19d0c7e79660","group":"airspace","dataStatus":"reference","kind":"class","styleKey":"D","airspaceClass":"D","title":"Stratford Class D","status":"Class D airspace","icaoId":"KJSD","state":"CT","floor":"Surface","floorFt":0,"ceiling":"2,500 ft MSL","ceilingFt":2500,"ceilingInclusive":true,"timesOfUse":"Part-time; hours set by NOTAM / Chart Supplement","provider":"FAA ADDS Class Airspace (NASR)","sourceUrl":"https://adds-faa.opendata.arcgis.com/"}},{"type":"Feature","id":"class-81a80c3e-6a7b-4706-b089-062862a4006e","geometry":{"type":"Polygon","coordinates":[[[-72.65505,42.22598],[-72.66017,42.21211],[-72.66242,42.19778],[-72.66174,42.18345],[-72.65814,42.16927],[-72.65174,42.15575],[-72.64262,42.14301],[-72.63102,42.13145],[-72.61728,42.12138],[-72.62863,42.10791],[-72.64326,42.09632],[-72.65321,42.09055],[-72.66398,42.08567],[-72.67543,42.08175],[-72.68741,42.07882],[-72.69976,42.07694],[-72.71231,42.07612],[-72.72491,42.07638],[-72.73739,42.07772],[-72.74958,42.08011],[-72.76132,42.08353],[-72.77246,42.08793],[-72.78285,42.09325],[-72.79235,42.09942],[-72.80084,42.10636],[-72.80821,42.11398],[-72.81436,42.12218],[-72.82082,42.13458],[-72.82449,42.1476],[-72.82528,42.16089],[-72.82319,42.17402],[-72.81823,42.1868],[-72.81054,42.19881],[-72.80034,42.20973],[-72.78796,42.21923],[-72.77359,42.22716],[-72.75768,42.23324],[-72.74075,42.23731],[-72.72305,42.23929],[-72.70524,42.23912],[-72.68761,42.2368],[-72.67073,42.23238],[-72.65505,42.22598]]]},"properties":{"airspaceId":"class-81a80c3e-6a7b-4706-b089-062862a4006e","group":"airspace","dataStatus":"reference","kind":"class","styleKey":"D","airspaceClass":"D","title":"Westfield Class D","status":"Class D airspace","icaoId":"KBAF","state":"MA","floor":"Surface","floorFt":0,"ceiling":"2,800 ft MSL","ceilingFt":2800,"ceilingInclusive":true,"timesOfUse":"Part-time; hours set by NOTAM / Chart Supplement","provider":"FAA ADDS Class Airspace (NASR)","sourceUrl":"https://adds-faa.opendata.arcgis.com/"}},{"type":"Feature","id":"class-1b8f2209-fe33-4813-8138-014ed8adf3a0","geometry":{"type":"Polygon","coordinates":[[[-71.98678,42.2875],[-71.98513,42.2836],[-71.98225,42.28011],[-71.97831,42.27725],[-71.97353,42.27518],[-71.96824,42.27404],[-71.96271,42.2739],[-71.95732,42.27476],[-71.95238,42.27657],[-71.94592,42.28137],[-71.94257,42.28767],[-71.94287,42.29443],[-71.94677,42.30055],[-71.95363,42.30502],[-71.96232,42.30709],[-71.9714,42.30642],[-71.97937,42.30313],[-71.97013,42.31516],[-71.95838,42.32592],[-71.94813,42.33296],[-71.9368,42.33903],[-71.92466,42.34399],[-71.91169,42.34785],[-71.89818,42.35051],[-71.88434,42.35193],[-71.87046,42.35209],[-71.85656,42.35099],[-71.83588,42.3469],[-71.81668,42.34006],[-71.79945,42.33066],[-71.78487,42.31903],[-71.77347,42.3056],[-71.76564,42.29082],[-71.76164,42.27522],[-71.76113,42.26733],[-71.76162,42.25935],[-71.76329,42.25077],[-71.76616,42.24228],[-71.77019,42.23405],[-71.77533,42.22617],[-71.78153,42.21873],[-71.78873,42.2118],[-71.79685,42.20546],[-71.8058,42.19977],[-71.82571,42.19063],[-71.84781,42.18466],[-71.87109,42.18218],[-71.89455,42.18329],[-71.91722,42.18794],[-71.93813,42.19593],[-71.95641,42.20693],[-71.96431,42.21342],[-71.97128,42.22048],[-71.97723,42.22803],[-71.98211,42.236],[-71.98586,42.2443],[-71.98845,42.25284],[-71.98984,42.26153],[-71.99002,42.2702],[-71.989,42.27892],[-71.98678,42.2875]]]},"properties":{"airspaceId":"class-1b8f2209-fe33-4813-8138-014ed8adf3a0","group":"airspace","dataStatus":"reference","kind":"class","styleKey":"D","airspaceClass":"D","title":"Worcester Class D","status":"Class D airspace","icaoId":"KORH","state":"MA","floor":"Surface","floorFt":0,"ceiling":"3,500 ft MSL","ceilingFt":3500,"ceilingInclusive":true,"timesOfUse":"Part-time; hours set by NOTAM / Chart Supplement","provider":"FAA ADDS Class Airspace (NASR)","sourceUrl":"https://adds-faa.opendata.arcgis.com/"}},{"type":"Feature","id":"class-202911fd-e8f6-4a03-91bf-59959d7f08a0","geometry":{"type":"Polygon","coordinates":[[[-71.98678,42.2875],[-71.9836,42.29542],[-71.97937,42.30313],[-71.97382,42.30574],[-71.9675,42.30705],[-71.95847,42.30653],[-71.95043,42.30339],[-71.94473,42.29814],[-71.94229,42.29167],[-71.9433,42.28545],[-71.94734,42.27993],[-71.95384,42.27591],[-71.96188,42.27397],[-71.97032,42.27437],[-71.97797,42.27706],[-71.98373,42.28166],[-71.98678,42.2875]]]},"properties":{"airspaceId":"class-202911fd-e8f6-4a03-91bf-59959d7f08a0","group":"airspace","dataStatus":"reference","kind":"class","styleKey":"D","airspaceClass":"D","title":"Worcester Class D","status":"Class D airspace","icaoId":"KORH","state":"MA","floor":"1,900 ft MSL","floorFt":1900,"ceiling":"3,500 ft MSL","ceilingFt":3500,"ceilingInclusive":true,"timesOfUse":"Part-time; hours set by NOTAM / Chart Supplement","provider":"FAA ADDS Class Airspace (NASR)","sourceUrl":"https://adds-faa.opendata.arcgis.com/"}},{"type":"Feature","id":"sua-5d890181-dbd0-47f4-9722-0ccbccba1ec0","geometry":{"type":"Polygon","coordinates":[[[-73.07116,42.9789],[-73.07361,42.9789],[-73.07361,43.47973],[-72.62222,43.47973],[-72.62222,42.9789],[-73.07116,42.9789]]]},"properties":{"airspaceId":"sua-5d890181-dbd0-47f4-9722-0ccbccba1ec0","group":"airspace","dataStatus":"reference","kind":"special-use","styleKey":"sua","suaType":"MOA","title":"Chugs MOA","status":"Military operations area","state":"VT","floor":"9,000 ft MSL","floorFt":9000,"ceiling":"FL180","ceilingFt":18000,"ceilingInclusive":false,"timesOfUse":"INTERMITTENT BY NOTAM, DURING DAYLIGHT HOURS","controllingAgency":"FAA, BOSTON ARTCC","provider":"FAA ADDS Special Use Airspace (NASR)","sourceUrl":"https://adds-faa.opendata.arcgis.com/"}},{"type":"Feature","id":"sua-bb02f70f-7012-4a96-b015-1089bd316f9a","geometry":{"type":"Polygon","coordinates":[[[-69.84906,45.29987],[-70.03337,44.92456],[-70.21611,44.54723],[-70.36611,44.33334],[-70.86611,44.33334],[-71.01611,44.90001],[-71.2087,45.25155],[-71.20719,45.25307],[-71.20528,45.25242],[-71.2025,45.25433],[-71.2,45.25329],[-71.19864,45.25426],[-71.19643,45.25406],[-71.19514,45.25128],[-71.19119,45.24941],[-71.19103,45.24789],[-71.18773,45.24763],[-71.18778,45.24507],[-71.18689,45.2444],[-71.18397,45.24495],[-71.18397,45.24359],[-71.18249,45.24251],[-71.1824,45.24064],[-71.1801,45.23995],[-71.17682,45.24406],[-71.1732,45.24633],[-71.16882,45.24628],[-71.16233,45.25036],[-71.15701,45.2482],[-71.15598,45.24646],[-71.14857,45.24288],[-71.14734,45.24091],[-71.14831,45.23973],[-71.14756,45.23944],[-71.14626,45.23973],[-71.14578,45.24122],[-71.14351,45.24256],[-71.13925,45.2428],[-71.13291,45.24452],[-71.13093,45.24656],[-71.12989,45.24853],[-71.12972,45.25142],[-71.12794,45.2537],[-71.12412,45.25515],[-71.1239,45.2584],[-71.11955,45.26163],[-71.11922,45.26308],[-71.12032,45.26368],[-71.1202,45.26515],[-71.11643,45.26945],[-71.11631,45.27409],[-71.11065,45.27539],[-71.10956,45.27614],[-71.10971,45.27695],[-71.10719,45.27836],[-71.10544,45.28281],[-71.10917,45.28236],[-71.11099,45.28439],[-71.10904,45.28613],[-71.10656,45.2911],[-71.10419,45.29153],[-71.10528,45.29488],[-71.09825,45.30023],[-71.0982,45.30168],[-71.09468,45.30248],[-71.09255,45.30393],[-71.08679,45.30473],[-71.08572,45.30579],[-71.08399,45.30548],[-71.07994,45.30705],[-71.07864,45.30645],[-71.07498,45.30706],[-71.06519,45.31166],[-71.06595,45.31205],[-71.06554,45.31254],[-71.06122,45.31285],[-71.0591,45.31385],[-71.05317,45.31142],[-71.04663,45.3131],[-71.0415,45.31312],[-71.03372,45.31003],[-71.02709,45.3147],[-71.02401,45.31543],[-71.02164,45.31445],[-71.01623,45.31554],[-71.01607,45.31635],[-71.00852,45.31925],[-71.00825,45.32132],[-71.00392,45.32738],[-71.00187,45.32844],[-71.00665,45.33273],[-71.01212,45.33388],[-71.01088,45.33477],[-71.01145,45.33787],[-71.01062,45.33817],[-71.01248,45.34127],[-71.013,45.34424],[-71.01037,45.34767],[-71.00143,45.34418],[-71.00044,45.34204],[-70.99382,45.33837],[-70.99085,45.33811],[-70.98912,45.33415],[-70.98568,45.33299],[-70.98498,45.33192],[-70.97333,45.33362],[-70.96733,45.33223],[-70.96119,45.33673],[-70.95238,45.33913],[-70.95024,45.33751],[-70.95093,45.33481],[-70.94892,45.33191],[-70.94949,45.33133],[-70.94513,45.32905],[-70.94447,45.32738],[-70.9452,45.32571],[-70.94347,45.32389],[-70.94058,45.32324],[-70.9389,45.31999],[-70.92997,45.31882],[-70.92935,45.31658],[-70.92754,45.3159],[-70.92716,45.31486],[-70.92024,45.31338],[-70.91784,45.31173],[-70.91996,45.30774],[-70.9191,45.30645],[-70.91961,45.30527],[-70.91376,45.30036],[-70.91201,45.29632],[-70.91316,45.29503],[-70.91381,45.29187],[-70.9187,45.28729],[-70.92075,45.28096],[-70.92167,45.28055],[-70.92133,45.27924],[-70.91641,45.27735],[-70.91627,45.27613],[-70.91198,45.27189],[-70.91131,45.27],[-70.90857,45.26952],[-70.9075,45.26845],[-70.90508,45.26523],[-70.90669,45.26157],[-70.9059,45.26084],[-70.90334,45.26067],[-70.89851,45.25834],[-70.89833,45.25486],[-70.89515,45.25227],[-70.89755,45.24825],[-70.89825,45.24409],[-70.89659,45.24304],[-70.89694,45.24187],[-70.89262,45.23898],[-70.88932,45.23871],[-70.88473,45.23487],[-70.88335,45.23512],[-70.88285,45.23426],[-70.88083,45.23429],[-70.87956,45.2334],[-70.87482,45.23416],[-70.85819,45.22916],[-70.84614,45.23439],[-70.83807,45.23463],[-70.83664,45.23732],[-70.83926,45.23755],[-70.84863,45.24519],[-70.84804,45.24967],[-70.84653,45.25302],[-70.84962,45.25592],[-70.8481,45.25894],[-70.84894,45.2631],[-70.84125,45.26702],[-70.83926,45.26904],[-70.83646,45.27599],[-70.8319,45.27892],[-70.82994,45.29019],[-70.83253,45.29115],[-70.83546,45.29397],[-70.82501,45.2979],[-70.82296,45.29768],[-70.81932,45.29896],[-70.81629,45.29819],[-70.81154,45.30378],[-70.81215,45.30628],[-70.81463,45.30817],[-70.80843,45.31183],[-70.8088,45.31352],[-70.80787,45.3175],[-70.30335,45.35992],[-69.79944,45.40001],[-69.84906,45.29987]]]},"properties":{"airspaceId":"sua-bb02f70f-7012-4a96-b015-1089bd316f9a","group":"airspace","dataStatus":"reference","kind":"special-use","styleKey":"sua","suaType":"MOA","title":"Condor 1 MOA","status":"Military operations area","state":"ME","floor":"7,000 ft MSL","floorFt":7000,"ceiling":"FL180","ceilingFt":18000,"ceilingInclusive":false,"timesOfUse":"INTERMITTENT BY NOTAM","controllingAgency":"FAA, BOSTON ARTCC","provider":"FAA ADDS Special Use Airspace (NASR)","sourceUrl":"https://adds-faa.opendata.arcgis.com/"}},{"type":"Feature","id":"sua-445112e8-8fa4-496c-a148-ca40055c4408","geometry":{"type":"Polygon","coordinates":[[[-70.21611,44.54723],[-70.00849,44.97553],[-69.79944,45.40001],[-69.49944,45.41668],[-69.49944,45.09168],[-69.8586,44.82068],[-70.21611,44.54723]]]},"properties":{"airspaceId":"sua-445112e8-8fa4-496c-a148-ca40055c4408","group":"airspace","dataStatus":"reference","kind":"special-use","styleKey":"sua","suaType":"MOA","title":"Condor 2 MOA","status":"Military operations area","state":"ME","floor":"7,000 ft MSL","floorFt":7000,"ceiling":"FL180","ceilingFt":18000,"ceilingInclusive":false,"timesOfUse":"INTERMITTENT BY NOTAM","controllingAgency":"FAA, BOSTON ARTCC","provider":"FAA ADDS Special Use Airspace (NASR)","sourceUrl":"https://adds-faa.opendata.arcgis.com/"}},{"type":"Feature","id":"sua-9d0724c3-2ab4-45b5-99e5-72758754cb96","geometry":{"type":"Polygon","coordinates":[[[-67.96611,44.86668],[-68.46611,44.83334],[-68.33278,44.99168],[-68.01611,45.11668],[-67.96611,44.86668]]]},"properties":{"airspaceId":"sua-9d0724c3-2ab4-45b5-99e5-72758754cb96","group":"airspace","dataStatus":"reference","kind":"special-use","styleKey":"sua","suaType":"MOA","title":"Deepwoods MOA","status":"Military operations area","state":"ME","floor":"Surface","floorFt":0,"ceiling":"3,000 ft MSL","ceilingFt":3000,"ceilingInclusive":true,"timesOfUse":"0700 - 2000, MON - FRI; O/T BY NOTAM","controllingAgency":"BANGOR APPROACH CONTROL","provider":"FAA ADDS Special Use Airspace (NASR)","sourceUrl":"https://adds-faa.opendata.arcgis.com/"}},{"type":"Feature","id":"sua-ec49f0ce-db2f-4800-8d89-55140c4cc07e","geometry":{"type":"Polygon","coordinates":[[[-70.45822,43.33],[-70.46546,43.33065],[-70.47189,43.33317],[-70.47663,43.33721],[-70.47853,43.34049],[-70.47921,43.34579],[-70.47721,43.35091],[-70.47282,43.35516],[-70.46884,43.35721],[-70.46188,43.35883],[-70.45227,43.35796],[-70.44607,43.35516],[-70.4429,43.35245],[-70.44072,43.34927],[-70.43961,43.34401],[-70.44036,43.34049],[-70.44226,43.33721],[-70.4452,43.33437],[-70.449,43.33214],[-70.45822,43.33]]]},"properties":{"airspaceId":"sua-ec49f0ce-db2f-4800-8d89-55140c4cc07e","group":"airspace","dataStatus":"reference","kind":"special-use","styleKey":"sua","suaType":"P","title":"P-67","status":"Prohibited area","state":"ME","floor":"Surface","floorFt":0,"ceiling":"1,000 ft MSL","ceilingFt":1000,"ceilingInclusive":true,"timesOfUse":"CONTINUOUS","controllingAgency":"","provider":"FAA ADDS Special Use Airspace (NASR)","sourceUrl":"https://adds-faa.opendata.arcgis.com/"}},{"type":"Feature","id":"sua-99e21a3c-ce73-4664-8ae6-59bff334c6b9","geometry":{"type":"Polygon","coordinates":[[[-70.52111,41.75501],[-70.51111,41.74362],[-70.49389,41.7364],[-70.50167,41.71834],[-70.50944,41.71862],[-70.51333,41.71251],[-70.50861,41.71056],[-70.51389,41.69751],[-70.52111,41.6939],[-70.52417,41.6889],[-70.52333,41.68834],[-70.53111,41.68501],[-70.55194,41.68112],[-70.56611,41.68362],[-70.58222,41.69945],[-70.58222,41.71445],[-70.57056,41.74168],[-70.56972,41.75473],[-70.56639,41.75334],[-70.55056,41.76862],[-70.52111,41.75501]]]},"properties":{"airspaceId":"sua-99e21a3c-ce73-4664-8ae6-59bff334c6b9","group":"airspace","dataStatus":"reference","kind":"special-use","styleKey":"sua","suaType":"R","title":"R-4101A","status":"Restricted area","state":"MA","floor":"Surface","floorFt":0,"ceiling":"2,500 ft MSL","ceilingFt":2500,"ceilingInclusive":false,"timesOfUse":"0600-1800, DAILY; OTHER TIMES BY NOTAM 48 HRS IN ADVANCE","controllingAgency":"FAA, BOSTON APPROACH CONTROL","provider":"FAA ADDS Special Use Airspace (NASR)","sourceUrl":"https://adds-faa.opendata.arcgis.com/"}},{"type":"Feature","id":"sua-367e5ce7-026c-4502-bbd5-8e2b08bdcce7","geometry":{"type":"Polygon","coordinates":[[[-70.52111,41.75501],[-70.51111,41.74362],[-70.49389,41.7364],[-70.50167,41.71834],[-70.50944,41.71862],[-70.51333,41.71251],[-70.50861,41.71056],[-70.51389,41.69751],[-70.52111,41.6939],[-70.52417,41.6889],[-70.52333,41.68834],[-70.53111,41.68501],[-70.55194,41.68112],[-70.56611,41.68362],[-70.58222,41.69945],[-70.58222,41.71445],[-70.57056,41.74168],[-70.56972,41.75473],[-70.56639,41.75334],[-70.55056,41.76862],[-70.52111,41.75501]]]},"properties":{"airspaceId":"sua-367e5ce7-026c-4502-bbd5-8e2b08bdcce7","group":"airspace","dataStatus":"reference","kind":"special-use","styleKey":"sua","suaType":"R","title":"R-4101B","status":"Restricted area","state":"MA","floor":"2,500 ft MSL","floorFt":2500,"ceiling":"5,000 ft MSL","ceilingFt":5000,"ceilingInclusive":false,"timesOfUse":"0600-1800, DAILY; OTHER TIMES BY NOTAM 48 HRS IN ADVANCE","controllingAgency":"FAA, BOSTON APPROACH CONTROL","provider":"FAA ADDS Special Use Airspace (NASR)","sourceUrl":"https://adds-faa.opendata.arcgis.com/"}},{"type":"Feature","id":"sua-a7b31d02-89a7-4374-96e6-7cc4e0a54716","geometry":{"type":"Polygon","coordinates":[[[-70.52111,41.75501],[-70.51111,41.74362],[-70.49389,41.7364],[-70.50167,41.71834],[-70.50944,41.71862],[-70.51333,41.71251],[-70.50861,41.71056],[-70.51389,41.69751],[-70.52111,41.6939],[-70.52417,41.6889],[-70.52333,41.68834],[-70.53111,41.68501],[-70.55194,41.68112],[-70.56611,41.68362],[-70.58222,41.69945],[-70.58222,41.71445],[-70.57056,41.74168],[-70.56972,41.75473],[-70.56639,41.75334],[-70.55056,41.76862],[-70.52111,41.75501]]]},"properties":{"airspaceId":"sua-a7b31d02-89a7-4374-96e6-7cc4e0a54716","group":"airspace","dataStatus":"reference","kind":"special-use","styleKey":"sua","suaType":"R","title":"R-4101C","status":"Restricted area","state":"MA","floor":"5,000 ft MSL","floorFt":5000,"ceiling":"9,000 ft MSL","ceilingFt":9000,"ceilingInclusive":true,"timesOfUse":"BY NOTAM 48 HRS IN ADVANCE","controllingAgency":"FAA, BOSTON APPROACH CONTROL","provider":"FAA ADDS Special Use Airspace (NASR)","sourceUrl":"https://adds-faa.opendata.arcgis.com/"}},{"type":"Feature","id":"sua-50a0bc6b-9121-471b-9c49-50828baa8c45","geometry":{"type":"Polygon","coordinates":[[[-71.63083,42.51529],[-71.63472,42.50334],[-71.62806,42.4939],[-71.65389,42.47251],[-71.65889,42.46973],[-71.66056,42.46973],[-71.68333,42.48168],[-71.685,42.48556],[-71.68556,42.49779],[-71.69139,42.50473],[-71.67139,42.51195],[-71.67056,42.51445],[-71.66945,42.51501],[-71.66722,42.51473],[-71.66583,42.51334],[-71.6625,42.51306],[-71.65861,42.51529],[-71.655,42.51612],[-71.645,42.51445],[-71.6425,42.51612],[-71.64361,42.51834],[-71.64139,42.51973],[-71.63083,42.51529]]]},"properties":{"airspaceId":"sua-50a0bc6b-9121-471b-9c49-50828baa8c45","group":"airspace","dataStatus":"reference","kind":"special-use","styleKey":"sua","suaType":"R","title":"R-4102A","status":"Restricted area","state":"MA","floor":"Surface","floorFt":0,"ceiling":"2,000 ft MSL","ceilingFt":2000,"ceilingInclusive":false,"timesOfUse":"INTERMITTENT, 0730 - 2200, DAILY; OTHER TIMES BY NOTAM 24 HOURS IN ADVANCE","controllingAgency":"FAA, BOSTON APPROACH CONTROL","provider":"FAA ADDS Special Use Airspace (NASR)","sourceUrl":"https://adds-faa.opendata.arcgis.com/"}},{"type":"Feature","id":"sua-c223f42e-4499-4270-a081-8cbbebaca80b","geometry":{"type":"Polygon","coordinates":[[[-71.63083,42.51529],[-71.63472,42.50334],[-71.62806,42.4939],[-71.65389,42.47251],[-71.65889,42.46973],[-71.66056,42.46973],[-71.68333,42.48168],[-71.685,42.48556],[-71.68556,42.49779],[-71.69139,42.50473],[-71.67139,42.51195],[-71.67056,42.51445],[-71.66945,42.51501],[-71.66722,42.51473],[-71.66583,42.51334],[-71.6625,42.51306],[-71.65861,42.51529],[-71.655,42.51612],[-71.645,42.51445],[-71.6425,42.51612],[-71.64361,42.51834],[-71.64139,42.51973],[-71.63083,42.51529]]]},"properties":{"airspaceId":"sua-c223f42e-4499-4270-a081-8cbbebaca80b","group":"airspace","dataStatus":"reference","kind":"special-use","styleKey":"sua","suaType":"R","title":"R-4102B","status":"Restricted area","state":"MA","floor":"2,000 ft MSL","floorFt":2000,"ceiling":"3,995 ft MSL","ceilingFt":3995,"ceilingInclusive":true,"timesOfUse":"INTERMITTENT, 0730 - 2200, DAILY; OTHER TIMES BY NOTAM 24 HOURS IN ADVANCE","controllingAgency":"FAA, BOSTON APPROACH CONTROL","provider":"FAA ADDS Special Use Airspace (NASR)","sourceUrl":"https://adds-faa.opendata.arcgis.com/"}},{"type":"Feature","id":"sua-f5c1c3d0-af65-4c8b-9721-02d6397382ce","geometry":{"type":"Polygon","coordinates":[[[-72.91361,44.45001],[-72.91611,44.45001],[-72.94111,44.47501],[-72.94111,44.48751],[-72.89111,44.50001],[-72.86611,44.50001],[-72.86611,44.45001],[-72.91361,44.45001]]]},"properties":{"airspaceId":"sua-f5c1c3d0-af65-4c8b-9721-02d6397382ce","group":"airspace","dataStatus":"reference","kind":"special-use","styleKey":"sua","suaType":"R","title":"R-6501A","status":"Restricted area","state":"VT","floor":"Surface","floorFt":0,"ceiling":"4,900 ft MSL","ceilingFt":4900,"ceilingInclusive":false,"timesOfUse":"0700 - 2300, MON - FRI; CONTINUOUS, 0000 SAT - 2359 SUN; OTHER TIMES BY NOTAM 24 HRS IN ADVANCE","controllingAgency":"FAA, BURLINGTON APPROACH CONTROL","provider":"FAA ADDS Special Use Airspace (NASR)","sourceUrl":"https://adds-faa.opendata.arcgis.com/"}},{"type":"Feature","id":"sua-d681bf13-b79c-4c99-a2a9-55cbc640810e","geometry":{"type":"Polygon","coordinates":[[[-72.91361,44.45001],[-72.91611,44.45001],[-72.94111,44.47501],[-72.94111,44.48751],[-72.89111,44.50001],[-72.86611,44.50001],[-72.86611,44.45001],[-72.91361,44.45001]]]},"properties":{"airspaceId":"sua-d681bf13-b79c-4c99-a2a9-55cbc640810e","group":"airspace","dataStatus":"reference","kind":"special-use","styleKey":"sua","suaType":"R","title":"R-6501B","status":"Restricted area","state":"VT","floor":"4,900 ft MSL","floorFt":4900,"ceiling":"13,600 ft MSL","ceilingFt":13600,"ceilingInclusive":true,"timesOfUse":"0700 - 2300, MON - FRI; CONTINUOUS, 0000 SAT - 2359 SUN; OTHER TIMES BY NOTAM 24 HRS IN ADVANCE","controllingAgency":"FAA, BURLINGTON APPROACH CONTROL","provider":"FAA ADDS Special Use Airspace (NASR)","sourceUrl":"https://adds-faa.opendata.arcgis.com/"}},{"type":"Feature","id":"sua-43f83d2d-fba1-4212-9ee2-72a7da8820d6","geometry":{"type":"Polygon","coordinates":[[[-68.73278,43.38334],[-69.49944,43.08334],[-69.49944,43.68334],[-68.88278,43.83334],[-66.99944,44.35001],[-66.99944,43.80001],[-68.73278,43.38334]]]},"properties":{"airspaceId":"sua-43f83d2d-fba1-4212-9ee2-72a7da8820d6","group":"airspace","dataStatus":"reference","kind":"special-use","styleKey":"sua","suaType":"W","title":"W-102H","status":"Warning area","state":"ME","floor":"17,000 ft MSL","floorFt":17000,"ceiling":"FL600","ceilingFt":60000,"ceilingInclusive":true,"timesOfUse":"INTERMITTENT BY NOTAM","controllingAgency":"FAA, BOSTON ARTCC","provider":"FAA ADDS Special Use Airspace (NASR)","sourceUrl":"https://adds-faa.opendata.arcgis.com/"}},{"type":"Feature","id":"sua-d1ab39cd-4185-46b8-b4bf-f52d959e4a10","geometry":{"type":"Polygon","coordinates":[[[-68.73278,43.38334],[-69.49944,43.08334],[-69.49944,43.68334],[-68.88278,43.83334],[-66.99944,44.35001],[-66.99944,43.80001],[-68.73278,43.38334]]]},"properties":{"airspaceId":"sua-d1ab39cd-4185-46b8-b4bf-f52d959e4a10","group":"airspace","dataStatus":"reference","kind":"special-use","styleKey":"sua","suaType":"W","title":"W-102L","status":"Warning area","state":"ME","floor":"Surface","floorFt":0,"ceiling":"17,000 ft MSL","ceilingFt":17000,"ceilingInclusive":true,"timesOfUse":"INTERMITTENT BY NOTAM","controllingAgency":"FAA, BOSTON ARTCC","provider":"FAA ADDS Special Use Airspace (NASR)","sourceUrl":"https://adds-faa.opendata.arcgis.com/"}},{"type":"Feature","id":"sua-670c3742-cf3c-4ea6-b1a4-9e6adb833613","geometry":{"type":"Polygon","coordinates":[[[-69.49948,43.08344],[-70.41615,42.72094],[-70.41616,43.18704],[-70.2606,43.40065],[-70.09949,43.5001],[-69.49949,43.68343],[-69.49948,43.08344]]]},"properties":{"airspaceId":"sua-670c3742-cf3c-4ea6-b1a4-9e6adb833613","group":"airspace","dataStatus":"reference","kind":"special-use","styleKey":"sua","suaType":"W","title":"W-103","status":"Warning area","state":"ME","floor":"Surface","floorFt":0,"ceiling":"2,000 ft MSL","ceilingFt":2000,"ceilingInclusive":true,"timesOfUse":"INTERMITTENT BY NOTAM","controllingAgency":"FAA, BOSTON ARTCC","provider":"FAA ADDS Special Use Airspace (NASR)","sourceUrl":"https://adds-faa.opendata.arcgis.com/"}},{"type":"Feature","id":"sua-a037a9c6-2856-4b43-b769-a5f1b0930397","geometry":{"type":"Polygon","coordinates":[[[-69.56611,42.68334],[-69.49944,42.36668],[-69.78278,42.41668],[-70.06611,42.41668],[-70.06611,42.56668],[-69.56611,42.68334]]]},"properties":{"airspaceId":"sua-a037a9c6-2856-4b43-b769-a5f1b0930397","group":"airspace","dataStatus":"reference","kind":"special-use","styleKey":"sua","suaType":"W","title":"W-104A","status":"Warning area","state":"MA","floor":"Surface","floorFt":0,"ceiling":"10,000 ft MSL","ceilingFt":10000,"ceilingInclusive":true,"timesOfUse":"INTERMITTENT BY NOTAM","controllingAgency":"FAA, BOSTON ARTCC","provider":"FAA ADDS Special Use Airspace (NASR)","sourceUrl":"https://adds-faa.opendata.arcgis.com/"}},{"type":"Feature","id":"sua-db4ab5d5-4dbd-4e1e-bc7f-145718ca7137","geometry":{"type":"Polygon","coordinates":[[[-68.39512,42.73663],[-68.94944,42.31668],[-69.49944,42.36668],[-69.56611,42.68334],[-68.55164,42.92139],[-68.52757,42.92317],[-68.50617,42.92612],[-68.48516,42.93035],[-68.46469,42.93582],[-68.44061,42.94414],[-68.41978,42.9532],[-68.40016,42.96362],[-68.38189,42.97529],[-67.49944,43.30001],[-67.49944,43.25001],[-68.35763,42.76511],[-68.37645,42.75212],[-68.39512,42.73663]]]},"properties":{"airspaceId":"sua-db4ab5d5-4dbd-4e1e-bc7f-145718ca7137","group":"airspace","dataStatus":"reference","kind":"special-use","styleKey":"sua","suaType":"W","title":"W-104B","status":"Warning area","state":"MA","floor":"Surface","floorFt":0,"ceiling":"FL180","ceilingFt":18000,"ceilingInclusive":false,"timesOfUse":"INTERMITTENT BY NOTAM","controllingAgency":"FAA, BOSTON ARTCC","provider":"FAA ADDS Special Use Airspace (NASR)","sourceUrl":"https://adds-faa.opendata.arcgis.com/"}},{"type":"Feature","id":"sua-bd1aa05a-c918-4e17-a4dd-310aa9b342d2","geometry":{"type":"Polygon","coordinates":[[[-68.39512,42.73663],[-68.94944,42.31668],[-69.49944,42.36668],[-69.56611,42.68334],[-68.55164,42.92139],[-68.52757,42.92317],[-68.50617,42.92612],[-68.48516,42.93035],[-68.46469,42.93582],[-68.44061,42.94414],[-68.41978,42.9532],[-68.40016,42.96362],[-68.38189,42.97529],[-67.49944,43.30001],[-67.49944,43.25001],[-68.35763,42.76511],[-68.37645,42.75212],[-68.39512,42.73663]]]},"properties":{"airspaceId":"sua-bd1aa05a-c918-4e17-a4dd-310aa9b342d2","group":"airspace","dataStatus":"reference","kind":"special-use","styleKey":"sua","suaType":"W","title":"W-104C","status":"Warning area","state":"MA","floor":"FL180","floorFt":18000,"ceiling":"Unlimited","ceilingFt":null,"ceilingInclusive":true,"timesOfUse":"INTERMITTENT BY NOTAM","controllingAgency":"FAA, BOSTON ARTCC","provider":"FAA ADDS Special Use Airspace (NASR)","sourceUrl":"https://adds-faa.opendata.arcgis.com/"}},{"type":"Feature","id":"sua-e0fba50e-889a-47d1-95f0-e2c2d7081a0b","geometry":{"type":"Polygon","coordinates":[[[-70.15667,41.04223],[-70.08667,41.0414],[-70.02389,41.04279],[-70.00417,41.0439],[-69.39111,40.6639],[-69.10639,40.44612],[-68.49722,39.96667],[-71.56278,39.64501],[-72.78139,40.19862],[-72.33278,40.56667],[-71.99945,40.63334],[-71.99945,40.73334],[-70.38083,41.11445],[-70.32972,41.09056],[-70.26667,41.0764],[-70.23611,41.06195],[-70.21694,41.05584],[-70.15667,41.04223]]]},"properties":{"airspaceId":"sua-e0fba50e-889a-47d1-95f0-e2c2d7081a0b","group":"airspace","dataStatus":"reference","kind":"special-use","styleKey":"sua","suaType":"W","title":"W-105A","status":"Warning area","state":"RI","floor":"Surface","floorFt":0,"ceiling":"FL500","ceilingFt":50000,"ceilingInclusive":true,"timesOfUse":"INTERMITTENT BY NOTAM","controllingAgency":"FAA BOSTON ARTCC","provider":"FAA ADDS Special Use Airspace (NASR)","sourceUrl":"https://adds-faa.opendata.arcgis.com/"}},{"type":"Feature","id":"sua-5033f04e-39da-422d-a089-6ccf4c974323","geometry":{"type":"Polygon","coordinates":[[[-67.99944,41.00001],[-67.99944,40.11695],[-69.09944,40.76668],[-69.46611,41.00001],[-67.99944,41.00001]]]},"properties":{"airspaceId":"sua-5033f04e-39da-422d-a089-6ccf4c974323","group":"airspace","dataStatus":"reference","kind":"special-use","styleKey":"sua","suaType":"W","title":"W-506","status":"Warning area","state":"MA","floor":"Surface","floorFt":0,"ceiling":"FL500","ceilingFt":50000,"ceilingInclusive":true,"timesOfUse":"INTERMITTENT BY NOTAM","controllingAgency":"FAA, NEW YORK ARTCC","provider":"FAA ADDS Special Use Airspace (NASR)","sourceUrl":"https://adds-faa.opendata.arcgis.com/"}},{"type":"Feature","id":"sua-7fe65b62-cb14-4657-97de-ceb3d23c0325","geometry":{"type":"Polygon","coordinates":[[[-71.13278,44.26668],[-71.44945,43.65001],[-71.99945,43.72084],[-72.28278,44.15001],[-71.86611,44.53334],[-71.38278,44.63334],[-71.13278,44.26668]]]},"properties":{"airspaceId":"sua-7fe65b62-cb14-4657-97de-ceb3d23c0325","group":"airspace","dataStatus":"reference","kind":"special-use","styleKey":"sua","suaType":"MOA","title":"Yankee 1 MOA","status":"Military operations area","state":"NH","floor":"9,000 ft MSL","floorFt":9000,"ceiling":"FL180","ceilingFt":18000,"ceilingInclusive":false,"timesOfUse":"SUNRISE - SUNSET; OTHER TIMES BY NOTAM","controllingAgency":"FAA, BOSTON ARTCC","provider":"FAA ADDS Special Use Airspace (NASR)","sourceUrl":"https://adds-faa.opendata.arcgis.com/"}},{"type":"Feature","id":"sua-95365e2e-c332-4b83-a970-ec7e91b44b0e","geometry":{"type":"Polygon","coordinates":[[[-71.3341,44.07876],[-71.3229,44.07728],[-71.30789,44.07902],[-71.29465,44.07696],[-71.22796,44.08296],[-71.44945,43.65001],[-71.84945,43.70168],[-71.84945,43.88334],[-71.99945,44.00001],[-71.99945,44.10001],[-71.51611,44.25001],[-71.48278,44.26668],[-71.47571,44.27144],[-71.46541,44.2699],[-71.45088,44.2654],[-71.44085,44.25615],[-71.41665,44.2376],[-71.40916,44.22772],[-71.40163,44.21539],[-71.40061,44.20337],[-71.39831,44.19218],[-71.39361,44.18135],[-71.38543,44.17348],[-71.37309,44.1681],[-71.36156,44.16468],[-71.35849,44.15248],[-71.35709,44.13927],[-71.35532,44.13076],[-71.3513,44.11899],[-71.35149,44.10843],[-71.35014,44.09717],[-71.34125,44.08346],[-71.3341,44.07876]]]},"properties":{"airspaceId":"sua-95365e2e-c332-4b83-a970-ec7e91b44b0e","group":"airspace","dataStatus":"reference","kind":"special-use","styleKey":"sua","suaType":"MOA","title":"Yankee 2 MOA","status":"Military operations area","state":"NH","floor":"100 ft AGL","floorFt":100,"ceiling":"9,000 ft MSL","ceilingFt":9000,"ceilingInclusive":false,"timesOfUse":"SUNRISE - SUNSET; OTHER TIMES BY NOTAM","controllingAgency":"FAA, BOSTON ARTCC","provider":"FAA ADDS Special Use Airspace (NASR)","sourceUrl":"https://adds-faa.opendata.arcgis.com/"}}]}