{"type":"FeatureCollection","metadata":{"note":"NHDOT winter-maintenance plow routes, simplified from the public roadway inventory. Not live truck positions.","sourceUrl":"https://www.nh.gov/dot/","fetchedAt":"2026-10-06","featureCount":526},"features":[{"type":"Feature","id":"nh-plow-34","geometry":{"type":"LineString","coordinates":[[-71.4181,44.22967],[-71.41952,44.229],[-71.42353,44.23727],[-71.43014,44.24298],[-71.45141,44.25521],[-71.4585,44.2634],[-71.47006,44.26917],[-71.49687,44.26471],[-71.51553,44.2715],[-71.52858,44.26859],[-71.55451,44.27275],[-71.5625,44.27609],[-71.57971,44.27223],[-71.56197,44.2761],[-71.55451,44.27275],[-71.53984,44.27085],[-71.54291,44.26882],[-71.57469,44.26519],[-71.59336,44.25134],[-71.63284,44.24438],[-71.65097,44.24406],[-71.67317,44.22932],[-71.67404,44.21902],[-71.67719,44.21413],[-71.68505,44.20923],[-71.68381,44.207],[-71.6843,44.21107],[-71.67743,44.21393],[-71.67404,44.21902],[-71.67317,44.22932],[-71.65097,44.24406],[-71.63284,44.24438],[-71.59336,44.25134],[-71.57469,44.26519],[-71.54291,44.26882],[-71.53984,44.27085],[-71.52762,44.26857],[-71.51553,44.2715],[-71.49649,44.26468],[-71.47006,44.26917],[-71.4585,44.2634],[-71.45141,44.25521],[-71.43014,44.24298],[-71.42353,44.23727],[-71.41952,44.229],[-71.4181,44.22967]]},"properties":{"group":"plow","dataStatus":"reference","color":"#d6e8ff","title":"112 Route C 302 and Route 3 South","status":"District 1 \u00b7 route C","details":"New Hampshire winter-maintenance plow route. This is the route the state plows, not a live truck.","provider":"NHDOT","sourceUrl":"https://www.nh.gov/dot/","district":1,"plowRoute":"C"}},{"type":"Feature","id":"nh-plow-35","geometry":{"type":"LineString","coordinates":[[-71.4181,44.22967],[-71.41952,44.229],[-71.42353,44.23727],[-71.43014,44.24298],[-71.45141,44.25521],[-71.4585,44.2634],[-71.47067,44.26934],[-71.49649,44.26468],[-71.51553,44.2715],[-71.52858,44.26859],[-71.55451,44.27275],[-71.56169,44.27608],[-71.57971,44.27223],[-71.56223,44.2761],[-71.55401,44.27265],[-71.53953,44.2721],[-71.54742,44.28225],[-71.54306,44.2914],[-71.54507,44.30419],[-71.55756,44.31568],[-71.56458,44.33083],[-71.58074,44.34883],[-71.56911,44.33714],[-71.55802,44.31632],[-71.54549,44.30484],[-71.54282,44.29764],[-71.52526,44.31356],[-71.52805,44.33029],[-71.52533,44.34075],[-71.52215,44.34386],[-71.52533,44.34075],[-71.52805,44.33029],[-71.52517,44.31376],[-71.54282,44.29764],[-71.54349,44.28953],[-71.54738,44.28323],[-71.53984,44.27085],[-71.52762,44.26857],[-71.51553,44.2715],[-71.49649,44.26468],[-71.47006,44.26917],[-71.4585,44.2634],[-71.45141,44.25521],[-71.43014,44.24298],[-71.42353,44.23727],[-71.41952,44.229],[-71.4181,44.22967]]},"properties":{"group":"plow","dataStatus":"reference","color":"#d6e8ff","title":"112 Route D Route 302 and route 3 North","status":"District 1 \u00b7 route D","details":"New Hampshire winter-maintenance plow route. This is the route the state plows, not a live truck.","provider":"NHDOT","sourceUrl":"https://www.nh.gov/dot/","district":1,"plowRoute":"D"}},{"type":"Feature","id":"nh-plow-36","geometry":{"type":"MultiLineString","coordinates":[[[-71.203,44.34056],[-71.20908,44.33666],[-71.21676,44.32403],[-71.22039,44.30431],[-71.22436,44.29837],[-71.22443,44.29048],[-71.23035,44.28407],[-71.23199,44.27402],[-71.24188,44.2633],[-71.25022,44.26035],[-71.25285,44.25575],[-71.25325,44.2417],[-71.25745,44.23514],[-71.253,44.22906],[-71.25378,44.22171],[-71.2421,44.2104],[-71.24063,44.20558],[-71.23037,44.19326],[-71.24063,44.20558],[-71.2421,44.2104],[-71.25378,44.22171],[-71.253,44.22906],[-71.25745,44.23514],[-71.25323,44.24174],[-71.25285,44.25575],[-71.25022,44.26035],[-71.24188,44.2633],[-71.23199,44.27402],[-71.23035,44.28407],[-71.22443,44.29048],[-71.22436,44.29837],[-71.22039,44.30431],[-71.21676,44.32403],[-71.20908,44.33666],[-71.203,44.34056]],[[-71.34962,44.08505],[-71.35297,44.08839],[-71.35497,44.09586],[-71.352,44.10644],[-71.35432,44.12055],[-71.35941,44.1268],[-71.35991,44.13497],[-71.36472,44.14139],[-71.36632,44.1502],[-71.36391,44.15668],[-71.36918,44.16506],[-71.39341,44.17315],[-71.40628,44.19406],[-71.40702,44.19901],[-71.40288,44.20533],[-71.40443,44.21109],[-71.41952,44.229],[-71.4044,44.21103],[-71.40288,44.20533],[-71.40721,44.19801],[-71.40553,44.19237],[-71.39341,44.17315],[-71.38818,44.17096],[-71.39341,44.17315],[-71.40584,44.19293],[-71.40708,44.19879],[-71.40288,44.20533],[-71.4044,44.21103],[-71.41868,44.22941],[-71.40443,44.21109],[-71.40288,44.20533],[-71.40702,44.19901],[-71.40628,44.19406],[-71.39341,44.17315],[-71.38818,44.17096],[-71.386,44.16707],[-71.38818,44.17096],[-71.36918,44.16506],[-71.36391,44.15668],[-71.36601,44.14824],[-71.36952,44.14794],[-71.36601,44.14824],[-71.36438,44.14029],[-71.35991,44.13497],[-71.35961,44.12722],[-71.35438,44.12078],[-71.352,44.10644],[-71.35497,44.09586],[-71.35297,44.08839],[-71.34962,44.08505]]]},"properties":{"group":"plow","dataStatus":"reference","color":"#d6e8ff","title":"113P Route F Route 16","status":"District 1 \u00b7 route A","details":"New Hampshire winter-maintenance plow route. This is the route the state plows, not a live truck.","provider":"NHDOT","sourceUrl":"https://www.nh.gov/dot/","district":1,"plowRoute":"A"}},{"type":"Feature","id":"nh-plow-37","geometry":{"type":"MultiLineString","coordinates":[[[-71.203,44.34056],[-71.20908,44.33666],[-71.21676,44.32403],[-71.22039,44.30431],[-71.22436,44.29837],[-71.22443,44.29048],[-71.23035,44.28407],[-71.23199,44.27402],[-71.24188,44.2633],[-71.25022,44.26035],[-71.25285,44.25575],[-71.25325,44.2417],[-71.25745,44.23514],[-71.253,44.22906],[-71.25378,44.22171],[-71.2421,44.2104],[-71.24063,44.20558],[-71.23037,44.19326],[-71.24063,44.20558],[-71.2421,44.2104],[-71.25378,44.22171],[-71.253,44.22906],[-71.25745,44.23514],[-71.25323,44.24174],[-71.25285,44.25575],[-71.25022,44.26035],[-71.24188,44.2633],[-71.23199,44.27402],[-71.23035,44.28407],[-71.22443,44.29048],[-71.22436,44.29837],[-71.22039,44.30431],[-71.21676,44.32403],[-71.20908,44.33666],[-71.203,44.34056]],[[-71.34962,44.08505],[-71.35297,44.08839],[-71.35497,44.09586],[-71.352,44.10644],[-71.35432,44.12055],[-71.35941,44.1268],[-71.35991,44.13497],[-71.36472,44.14139],[-71.36632,44.1502],[-71.36391,44.15668],[-71.36918,44.16506],[-71.39341,44.17315],[-71.40628,44.19406],[-71.40702,44.19901],[-71.40288,44.20533],[-71.40443,44.21109],[-71.41952,44.229],[-71.4044,44.21103],[-71.40288,44.20533],[-71.40721,44.19801],[-71.40553,44.19237],[-71.39341,44.17315],[-71.38818,44.17096],[-71.39341,44.17315],[-71.40584,44.19293],[-71.40708,44.19879],[-71.40288,44.20533],[-71.4044,44.21103],[-71.41868,44.22941],[-71.40443,44.21109],[-71.40288,44.20533],[-71.40702,44.19901],[-71.40628,44.19406],[-71.39341,44.17315],[-71.38818,44.17096],[-71.386,44.16707],[-71.38818,44.17096],[-71.36918,44.16506],[-71.36391,44.15668],[-71.36601,44.14824],[-71.36952,44.14794],[-71.36601,44.14824],[-71.36438,44.14029],[-71.35991,44.13497],[-71.35961,44.12722],[-71.35438,44.12078],[-71.352,44.10644],[-71.35497,44.09586],[-71.35297,44.08839],[-71.34962,44.08505]]]},"properties":{"group":"plow","dataStatus":"reference","color":"#d6e8ff","title":"113 Route A Route 302 South","status":"District 1 \u00b7 route A","details":"New Hampshire winter-maintenance plow route. This is the route the state plows, not a live truck.","provider":"NHDOT","sourceUrl":"https://www.nh.gov/dot/","district":1,"plowRoute":"A"}},{"type":"Feature","id":"nh-plow-38","geometry":{"type":"LineString","coordinates":[[-71.17944,44.11108],[-71.1885,44.12464],[-71.18869,44.13714],[-71.18664,44.14143],[-71.18925,44.14591],[-71.20069,44.15561],[-71.20909,44.15666],[-71.22041,44.16558],[-71.22836,44.18329],[-71.22668,44.18976],[-71.23037,44.19326],[-71.22668,44.18976],[-71.22836,44.18329],[-71.22023,44.16542],[-71.20909,44.15666],[-71.20069,44.15561],[-71.19099,44.14726],[-71.18043,44.14594],[-71.18491,44.14217],[-71.18043,44.14594],[-71.19051,44.14696],[-71.18709,44.14148],[-71.1885,44.12464],[-71.17944,44.11108],[-71.18713,44.10953],[-71.17944,44.11108]]},"properties":{"group":"plow","dataStatus":"reference","color":"#d6e8ff","title":"113 Route B Route 16","status":"District 1 \u00b7 route B","details":"New Hampshire winter-maintenance plow route. This is the route the state plows, not a live truck.","provider":"NHDOT","sourceUrl":"https://www.nh.gov/dot/","district":1,"plowRoute":"B"}},{"type":"Feature","id":"nh-plow-39","geometry":{"type":"LineString","coordinates":[[-71.1387,44.07681],[-71.14816,44.08812],[-71.15356,44.10305],[-71.16804,44.11194],[-71.17897,44.11073],[-71.18279,44.11408],[-71.18937,44.12804],[-71.1884,44.13815],[-71.18937,44.12804],[-71.18279,44.11408],[-71.17936,44.11066],[-71.16804,44.11194],[-71.15356,44.10305],[-71.14816,44.08812],[-71.1387,44.07681],[-71.13877,44.08365],[-71.14526,44.08981],[-71.15123,44.10496],[-71.16856,44.11206],[-71.18706,44.10936],[-71.16856,44.11206],[-71.15123,44.10496],[-71.14526,44.08981],[-71.13877,44.08365],[-71.1387,44.07681]]},"properties":{"group":"plow","dataStatus":"reference","color":"#d6e8ff","title":"113 Route C Route 302 and 16A","status":"District 1 \u00b7 route C","details":"New Hampshire winter-maintenance plow route. This is the route the state plows, not a live truck.","provider":"NHDOT","sourceUrl":"https://www.nh.gov/dot/","district":1,"plowRoute":"C"}},{"type":"Feature","id":"nh-plow-40","geometry":{"type":"LineString","coordinates":[[-71.13004,44.05573],[-71.1467,44.05723],[-71.15602,44.06308],[-71.163,44.07458],[-71.16334,44.08183],[-71.16586,44.08454],[-71.16405,44.08954],[-71.1675,44.09543],[-71.17541,44.10166],[-71.19763,44.09792],[-71.20567,44.08894],[-71.20159,44.10174],[-71.18697,44.10972],[-71.20127,44.10214],[-71.20583,44.08899],[-71.19763,44.09792],[-71.17553,44.10173],[-71.1675,44.09543],[-71.16405,44.08954],[-71.16586,44.08454],[-71.16334,44.08183],[-71.163,44.07458],[-71.15602,44.06308],[-71.1467,44.05723],[-71.13004,44.05573]]},"properties":{"group":"plow","dataStatus":"reference","color":"#d6e8ff","title":"113 Route D Route 302 and West Side Road","status":"District 1 \u00b7 route D","details":"New Hampshire winter-maintenance plow route. This is the route the state plows, not a live truck.","provider":"NHDOT","sourceUrl":"https://www.nh.gov/dot/","district":1,"plowRoute":"D"}},{"type":"Feature","id":"nh-plow-41","geometry":{"type":"LineString","coordinates":[[-71.18697,44.10972],[-71.20095,44.10245],[-71.20583,44.08899],[-71.21563,44.08519],[-71.28224,44.07811],[-71.30246,44.07339],[-71.31661,44.078],[-71.33719,44.07606],[-71.34519,44.0795],[-71.34962,44.08505],[-71.34519,44.0795],[-71.33719,44.07606],[-71.31661,44.078],[-71.30246,44.07339],[-71.28224,44.07811],[-71.21563,44.08519],[-71.20583,44.08899],[-71.20095,44.10245],[-71.18697,44.10972]]},"properties":{"group":"plow","dataStatus":"reference","color":"#d6e8ff","title":"113 Route E Route 302 west","status":"District 1 \u00b7 route E","details":"New Hampshire winter-maintenance plow route. This is the route the state plows, not a live truck.","provider":"NHDOT","sourceUrl":"https://www.nh.gov/dot/","district":1,"plowRoute":"E"}},{"type":"Feature","id":"nh-plow-42","geometry":{"type":"LineString","coordinates":[[-71.80687,44.29083],[-71.80725,44.28229],[-71.81531,44.27563],[-71.81688,44.26908],[-71.82147,44.26463],[-71.83155,44.25746],[-71.86076,44.24646],[-71.87232,44.24541],[-71.87688,44.23992],[-71.88717,44.23424],[-71.89627,44.22095],[-71.91635,44.20959],[-71.89627,44.22095],[-71.88717,44.23424],[-71.87688,44.23992],[-71.87232,44.24541],[-71.86076,44.24646],[-71.83155,44.25746],[-71.82147,44.26463],[-71.81688,44.26908],[-71.81531,44.27563],[-71.80725,44.28229],[-71.80687,44.29083]]},"properties":{"group":"plow","dataStatus":"reference","color":"#d6e8ff","title":"114 Route A Route 302","status":"District 1 \u00b7 route A","details":"New Hampshire winter-maintenance plow route. This is the route the state plows, not a live truck.","provider":"NHDOT","sourceUrl":"https://www.nh.gov/dot/","district":1,"plowRoute":"A"}},{"type":"Feature","id":"nh-plow-43","geometry":{"type":"LineString","coordinates":[[-71.91635,44.20959],[-71.89636,44.22087],[-71.88717,44.23424],[-71.87902,44.23857],[-71.88354,44.24317],[-71.88838,44.24437],[-71.89126,44.25461],[-71.90678,44.26151],[-71.9094,44.26794],[-71.91764,44.26927],[-71.92611,44.27722],[-71.93504,44.27226],[-71.92565,44.27723],[-71.91764,44.26927],[-71.91044,44.26872],[-71.90678,44.26151],[-71.89126,44.25461],[-71.88838,44.24437],[-71.88354,44.24317],[-71.87902,44.23857],[-71.88717,44.23424],[-71.89636,44.22087],[-71.91635,44.20959]]},"properties":{"group":"plow","dataStatus":"reference","color":"#d6e8ff","title":"114 Route B Route 302 & Landaff","status":"District 1 \u00b7 route B","details":"New Hampshire winter-maintenance plow route. This is the route the state plows, not a live truck.","provider":"NHDOT","sourceUrl":"https://www.nh.gov/dot/","district":1,"plowRoute":"B"}},{"type":"Feature","id":"nh-plow-44","geometry":{"type":"LineString","coordinates":[[-71.91635,44.20959],[-71.92371,44.2007],[-71.94731,44.20004],[-71.95189,44.19396],[-71.95149,44.19065],[-71.94119,44.18241],[-71.9463,44.17287],[-71.96516,44.16744],[-71.96571,44.15862],[-71.97605,44.15286],[-71.96571,44.15862],[-71.96516,44.16744],[-71.9463,44.17287],[-71.94119,44.18241],[-71.95149,44.19065],[-71.95189,44.19396],[-71.94731,44.20004],[-71.92371,44.2007],[-71.91635,44.20959]]},"properties":{"group":"plow","dataStatus":"reference","color":"#d6e8ff","title":"114 Route C Lyman","status":"District 1 \u00b7 route C","details":"New Hampshire winter-maintenance plow route. This is the route the state plows, not a live truck.","provider":"NHDOT","sourceUrl":"https://www.nh.gov/dot/","district":1,"plowRoute":"C"}},{"type":"Feature","id":"nh-plow-45","geometry":{"type":"LineString","coordinates":[[-71.88751,44.17524],[-71.90517,44.18643],[-71.90242,44.19376],[-71.90941,44.19918],[-71.91154,44.21328],[-71.90941,44.19918],[-71.90242,44.19376],[-71.90517,44.18643],[-71.88748,44.1752],[-71.89067,44.16782],[-71.89923,44.17459],[-71.91652,44.18082],[-71.91973,44.18655],[-71.91943,44.19219],[-71.93026,44.19949],[-71.922,44.2016],[-71.9167,44.21008],[-71.922,44.2016],[-71.93027,44.19934],[-71.91943,44.19219],[-71.91973,44.18655],[-71.91667,44.18095],[-71.89923,44.17459],[-71.89067,44.16782],[-71.88751,44.17524]]},"properties":{"group":"plow","dataStatus":"reference","color":"#d6e8ff","title":"114 Route D Mill Brook","status":"District 1 \u00b7 route D","details":"New Hampshire winter-maintenance plow route. This is the route the state plows, not a live truck.","provider":"NHDOT","sourceUrl":"https://www.nh.gov/dot/","district":1,"plowRoute":"D"}},{"type":"Feature","id":"nh-plow-46","geometry":{"type":"LineString","coordinates":[[-71.68401,44.05152],[-71.68529,44.04662],[-71.68242,44.04146],[-71.67249,44.04079],[-71.65777,44.05139],[-71.62728,44.05799],[-71.62236,44.06131],[-71.60374,44.06587],[-71.592,44.06489],[-71.58645,44.06146],[-71.58108,44.05295],[-71.56687,44.05062],[-71.5509,44.04228],[-71.53247,44.03716],[-71.52234,44.03026],[-71.51848,44.02978],[-71.51685,44.03202],[-71.5239,44.04152],[-71.51803,44.03574],[-71.51097,44.03369],[-71.50324,44.03437],[-71.50102,44.03723],[-71.49624,44.03556],[-71.49906,44.03122],[-71.49096,44.02105],[-71.46967,44.0227],[-71.45818,44.0164],[-71.44041,44.02217],[-71.42775,44.0152],[-71.42795,44.00982],[-71.42374,44.00556],[-71.3992,43.99899],[-71.42374,44.00556],[-71.42795,44.00982],[-71.42775,44.0152],[-71.44041,44.02217],[-71.45818,44.0164],[-71.46967,44.0227],[-71.49096,44.02105],[-71.49906,44.03122],[-71.49624,44.03556],[-71.50102,44.03723],[-71.50324,44.03437],[-71.51097,44.03369],[-71.51803,44.03574],[-71.5239,44.04152],[-71.51685,44.03202],[-71.51848,44.02978],[-71.52234,44.03026],[-71.53247,44.03716],[-71.5509,44.04228],[-71.56687,44.05062],[-71.58108,44.05295],[-71.58645,44.06146],[-71.592,44.06489],[-71.60374,44.06587],[-71.62236,44.06131],[-71.62728,44.05799],[-71.65777,44.05139],[-71.67249,44.04079],[-71.68242,44.04146],[-71.68529,44.04662],[-71.68401,44.05152]]},"properties":{"group":"plow","dataStatus":"reference","color":"#d6e8ff","title":"115 Route A Route 112 Kancamagus","status":"District 1 \u00b7 route A","details":"New Hampshire winter-maintenance plow route. This is the route the state plows, not a live truck.","provider":"NHDOT","sourceUrl":"https://www.nh.gov/dot/","district":1,"plowRoute":"A"}},{"type":"Feature","id":"nh-plow-47","geometry":{"type":"LineString","coordinates":[[-71.68583,44.02952],[-71.68345,44.02205],[-71.68508,44.02993],[-71.68684,44.03021],[-71.68244,44.0308],[-71.65852,44.05112],[-71.60635,44.065],[-71.65852,44.05112],[-71.68244,44.0308],[-71.68649,44.03027],[-71.68755,44.03901],[-71.68401,44.05152],[-71.68529,44.04662],[-71.68965,44.05282],[-71.68433,44.07445],[-71.68318,44.10482],[-71.68433,44.07445],[-71.68965,44.05282],[-71.68627,44.04735],[-71.68758,44.03871],[-71.68583,44.02952]]},"properties":{"group":"plow","dataStatus":"reference","color":"#d6e8ff","title":"115 Route B Route 3","status":"District 1 \u00b7 route B","details":"New Hampshire winter-maintenance plow route. This is the route the state plows, not a live truck.","provider":"NHDOT","sourceUrl":"https://www.nh.gov/dot/","district":1,"plowRoute":"B"}},{"type":"Feature","id":"nh-plow-48","geometry":{"type":"LineString","coordinates":[[-71.68649,44.03027],[-71.69871,44.03278],[-71.70625,44.02913],[-71.72154,44.02804],[-71.73211,44.02165],[-71.74336,44.01957],[-71.77113,44.03375],[-71.79053,44.03852],[-71.79431,44.05547],[-71.79197,44.06801],[-71.79556,44.07651],[-71.81652,44.08542],[-71.83155,44.09565],[-71.82633,44.09226],[-71.83079,44.08771],[-71.83128,44.08305],[-71.83079,44.08771],[-71.82633,44.09226],[-71.81631,44.0853],[-71.79556,44.07651],[-71.79197,44.06801],[-71.79431,44.05547],[-71.79053,44.03852],[-71.77113,44.03375],[-71.74245,44.01958],[-71.73199,44.0217],[-71.72154,44.02804],[-71.70625,44.02913],[-71.6989,44.03274],[-71.68649,44.03027],[-71.68755,44.03901],[-71.68401,44.05152],[-71.68755,44.03901],[-71.68649,44.03027]]},"properties":{"group":"plow","dataStatus":"reference","color":"#d6e8ff","title":"115 Route C Route 112 Lost River","status":"District 1 \u00b7 route C","details":"New Hampshire winter-maintenance plow route. This is the route the state plows, not a live truck.","provider":"NHDOT","sourceUrl":"https://www.nh.gov/dot/","district":1,"plowRoute":"C"}},{"type":"Feature","id":"nh-plow-50","geometry":{"type":"LineString","coordinates":[[-71.69138,44.17924],[-71.69975,44.17812],[-71.70745,44.1803],[-71.73086,44.21847],[-71.73925,44.22435],[-71.7537,44.22955],[-71.76098,44.24157],[-71.7629,44.24907],[-71.76116,44.25637],[-71.74927,44.26117],[-71.74391,44.26725],[-71.74194,44.28452],[-71.74391,44.26725],[-71.74927,44.26117],[-71.76116,44.25637],[-71.7629,44.24907],[-71.76098,44.24157],[-71.7537,44.22955],[-71.73925,44.22435],[-71.73094,44.21855],[-71.72317,44.20569],[-71.71127,44.20438],[-71.72296,44.20557],[-71.72748,44.2129],[-71.70745,44.1803],[-71.69975,44.17812],[-71.69138,44.17924]]},"properties":{"group":"plow","dataStatus":"reference","color":"#d6e8ff","title":"116 Route A Route 18","status":"District 1 \u00b7 route A","details":"New Hampshire winter-maintenance plow route. This is the route the state plows, not a live truck.","provider":"NHDOT","sourceUrl":"https://www.nh.gov/dot/","district":1,"plowRoute":"A"}},{"type":"Feature","id":"nh-plow-51","geometry":{"type":"LineString","coordinates":[[-71.83155,44.09565],[-71.81993,44.10469],[-71.81778,44.11351],[-71.81348,44.11333],[-71.78543,44.13343],[-71.78457,44.13707],[-71.7906,44.14616],[-71.78204,44.15616],[-71.76687,44.16498],[-71.7557,44.18294],[-71.74964,44.18811],[-71.75449,44.20174],[-71.75025,44.21144],[-71.74777,44.22723],[-71.73103,44.21864],[-71.7263,44.21334],[-71.73709,44.22315],[-71.74777,44.22723],[-71.75025,44.21144],[-71.75449,44.20174],[-71.74964,44.18811],[-71.7557,44.18294],[-71.76687,44.16498],[-71.78204,44.15616],[-71.7906,44.14616],[-71.78457,44.13707],[-71.78543,44.13343],[-71.81348,44.11333],[-71.81778,44.11351],[-71.81993,44.10469],[-71.83155,44.09565]]},"properties":{"group":"plow","dataStatus":"reference","color":"#d6e8ff","title":"116 Route B Route 116","status":"District 1 \u00b7 route B","details":"New Hampshire winter-maintenance plow route. This is the route the state plows, not a live truck.","provider":"NHDOT","sourceUrl":"https://www.nh.gov/dot/","district":1,"plowRoute":"B"}},{"type":"Feature","id":"nh-plow-52","geometry":{"type":"LineString","coordinates":[[-71.6507,44.32987],[-71.65231,44.32085],[-71.65905,44.30838],[-71.65966,44.29741],[-71.65631,44.2917],[-71.68716,44.28685],[-71.68808,44.26307],[-71.70612,44.249],[-71.70351,44.23997],[-71.71719,44.2356],[-71.7351,44.22149],[-71.72748,44.2129],[-71.7351,44.22149],[-71.71719,44.2356],[-71.70351,44.23997],[-71.70612,44.249],[-71.68808,44.26307],[-71.68716,44.28685],[-71.65631,44.2917],[-71.65966,44.29741],[-71.65905,44.30838],[-71.65231,44.32085],[-71.6507,44.32987]]},"properties":{"group":"plow","dataStatus":"reference","color":"#d6e8ff","title":"116 Route C Route 142","status":"District 1 \u00b7 route C","details":"New Hampshire winter-maintenance plow route. This is the route the state plows, not a live truck.","provider":"NHDOT","sourceUrl":"https://www.nh.gov/dot/","district":1,"plowRoute":"C"}},{"type":"Feature","id":"nh-plow-53","geometry":{"type":"LineString","coordinates":[[-71.75537,44.2311],[-71.76318,44.23139],[-71.76784,44.22837],[-71.77066,44.22191],[-71.78481,44.2163],[-71.7929,44.21788],[-71.80495,44.21102],[-71.80831,44.21729],[-71.81421,44.22103],[-71.83049,44.2187],[-71.85189,44.22848],[-71.85441,44.23348],[-71.88223,44.23682],[-71.85441,44.23348],[-71.85189,44.22848],[-71.83049,44.2187],[-71.81421,44.22103],[-71.80831,44.21729],[-71.80509,44.21103],[-71.7929,44.21788],[-71.78481,44.2163],[-71.77066,44.22191],[-71.76772,44.2285],[-71.76043,44.23179],[-71.73881,44.22412],[-71.7263,44.21334],[-71.73721,44.22323],[-71.75537,44.2311]]},"properties":{"group":"plow","dataStatus":"reference","color":"#d6e8ff","title":"116 Route D Route 117","status":"District 1 \u00b7 route D","details":"New Hampshire winter-maintenance plow route. This is the route the state plows, not a live truck.","provider":"NHDOT","sourceUrl":"https://www.nh.gov/dot/","district":1,"plowRoute":"D"}},{"type":"Feature","id":"nh-plow-54","geometry":{"type":"MultiLineString","coordinates":[[[-71.68914,44.20321],[-71.68381,44.207],[-71.68093,44.2001],[-71.68203,44.18845],[-71.69152,44.18013],[-71.69022,44.17584]],[[-71.69022,44.17584],[-71.68112,44.16727]],[[-71.68112,44.16727],[-71.67659,44.16476],[-71.67635,44.15973],[-71.68448,44.13973],[-71.68027,44.13129],[-71.68468,44.09422],[-71.69142,44.06678],[-71.68251,44.05615],[-71.68157,44.04304],[-71.68178,44.05556],[-71.68944,44.0666],[-71.68371,44.09513],[-71.68019,44.13118],[-71.68438,44.13959],[-71.68115,44.14407],[-71.67613,44.16359],[-71.68829,44.17236],[-71.69181,44.17877],[-71.682,44.18785],[-71.68048,44.19961],[-71.68381,44.207],[-71.68562,44.20414],[-71.69201,44.20216],[-71.71127,44.20438],[-71.68914,44.20321]]]},"properties":{"group":"plow","dataStatus":"reference","color":"#d6e8ff","title":"124 Route A Mainline South","status":"District 1 \u00b7 route A","details":"New Hampshire winter-maintenance plow route. This is the route the state plows, not a live truck.","provider":"NHDOT","sourceUrl":"https://www.nh.gov/dot/","district":1,"plowRoute":"A"}},{"type":"Feature","id":"nh-plow-55","geometry":{"type":"MultiLineString","coordinates":[[[-71.68348,44.20083],[-71.6814,44.19146],[-71.6813,44.19821],[-71.68357,44.20118],[-71.71871,44.20784],[-71.7316,44.22138],[-71.75134,44.23063],[-71.76115,44.24843],[-71.7493,44.26288]],[[-71.7493,44.26288],[-71.74508,44.26829],[-71.74335,44.28351],[-71.75309,44.29317],[-71.76742,44.29457]],[[-71.76742,44.29457],[-71.75296,44.29265],[-71.74319,44.28189],[-71.74607,44.26691],[-71.76133,44.24929],[-71.75203,44.23102],[-71.73177,44.22122],[-71.71892,44.20768],[-71.68375,44.20099],[-71.6814,44.19146],[-71.6819,44.19965],[-71.68878,44.20326]],[[-71.68878,44.20326],[-71.71127,44.20438],[-71.68348,44.20083]]]},"properties":{"group":"plow","dataStatus":"reference","color":"#d6e8ff","title":"124 Route B North End South End","status":"District 1 \u00b7 route B","details":"New Hampshire winter-maintenance plow route. This is the route the state plows, not a live truck.","provider":"NHDOT","sourceUrl":"https://www.nh.gov/dot/","district":1,"plowRoute":"B"}},{"type":"Feature","id":"nh-plow-56","geometry":{"type":"MultiLineString","coordinates":[[[-71.68182,44.12509],[-71.68204,44.12218],[-71.68182,44.12509]],[[-71.68204,44.12218],[-71.68215,44.11222],[-71.6847,44.10683],[-71.68256,44.09982],[-71.68217,44.11214],[-71.69139,44.06737],[-71.6889,44.06085]],[[-71.68857,44.06015],[-71.68917,44.06232],[-71.68251,44.05615],[-71.68111,44.04305],[-71.68164,44.0551],[-71.68674,44.06388]],[[-71.68674,44.06388],[-71.68934,44.06693],[-71.68731,44.08463],[-71.68293,44.09211],[-71.68017,44.13142],[-71.68438,44.13959],[-71.68103,44.14244],[-71.67613,44.16359],[-71.68829,44.17236],[-71.69147,44.17887],[-71.682,44.18785],[-71.6813,44.19821],[-71.68878,44.20326],[-71.71127,44.20438],[-71.68585,44.20174],[-71.68169,44.19862],[-71.68237,44.18771],[-71.69244,44.17928],[-71.68843,44.17241],[-71.67625,44.16395],[-71.68113,44.14466],[-71.68448,44.13973],[-71.68033,44.13219],[-71.68182,44.12509]]]},"properties":{"group":"plow","dataStatus":"reference","color":"#d6e8ff","title":"124 Route C rump truck south","status":"District 1 \u00b7 route C","details":"New Hampshire winter-maintenance plow route. This is the route the state plows, not a live truck.","provider":"NHDOT","sourceUrl":"https://www.nh.gov/dot/","district":1,"plowRoute":"C"}},{"type":"Feature","id":"nh-plow-57","geometry":{"type":"MultiLineString","coordinates":[[[-71.7493,44.26288],[-71.74508,44.26829],[-71.74289,44.28446],[-71.74021,44.28487],[-71.74568,44.28397],[-71.74301,44.28055],[-71.7454,44.26882],[-71.75424,44.25937],[-71.75092,44.26049]],[[-71.74021,44.28487],[-71.74707,44.2846],[-71.74483,44.28482],[-71.75387,44.29305],[-71.7703,44.29496],[-71.76871,44.29423],[-71.7687,44.29662],[-71.76473,44.29395],[-71.75371,44.29342],[-71.74515,44.28611],[-71.74021,44.28487]],[[-71.75092,44.26049],[-71.75228,44.25916],[-71.74459,44.27042],[-71.76133,44.24929],[-71.7516,44.23057],[-71.73177,44.22122],[-71.71892,44.20768],[-71.69594,44.20251],[-71.71127,44.20438],[-71.68914,44.20321],[-71.71871,44.20784],[-71.73204,44.22202],[-71.73398,44.22215],[-71.72698,44.21619],[-71.73237,44.22188],[-71.7466,44.22864],[-71.74777,44.22723],[-71.7466,44.22864],[-71.75146,44.23082],[-71.76114,44.24868],[-71.7493,44.26288]]]},"properties":{"group":"plow","dataStatus":"reference","color":"#d6e8ff","title":"125L Route A Ramp Truck South","status":"District 1 \u00b7 route A","details":"New Hampshire winter-maintenance plow route. This is the route the state plows, not a live truck.","provider":"NHDOT","sourceUrl":"https://www.nh.gov/dot/","district":1,"plowRoute":"A"}},{"type":"Feature","id":"nh-plow-58","geometry":{"type":"LineString","coordinates":[[-71.79803,44.30657],[-71.79313,44.30253],[-71.77876,44.30332],[-71.76716,44.29486],[-71.77944,44.30356],[-71.79614,44.304],[-71.79987,44.31075],[-71.79679,44.32162],[-71.80107,44.32525],[-71.82385,44.32142],[-71.83875,44.3129],[-71.85176,44.31301],[-71.8637,44.31687],[-71.87113,44.3273],[-71.88752,44.33565],[-71.89221,44.3456],[-71.88658,44.33561],[-71.86935,44.32693],[-71.86528,44.31795],[-71.85365,44.31369],[-71.83698,44.31439],[-71.82353,44.32219],[-71.79913,44.32526],[-71.79616,44.32196],[-71.79937,44.31083],[-71.79609,44.30453],[-71.79175,44.30276],[-71.77899,44.30391],[-71.76716,44.29486],[-71.77931,44.30401],[-71.79466,44.30346],[-71.79794,44.31118],[-71.79671,44.30834],[-71.79963,44.30818],[-71.79803,44.30657]]},"properties":{"group":"plow","dataStatus":"reference","color":"#d6e8ff","title":"125L Route B Mainline","status":"District 1 \u00b7 route B","details":"New Hampshire winter-maintenance plow route. This is the route the state plows, not a live truck.","provider":"NHDOT","sourceUrl":"https://www.nh.gov/dot/","district":1,"plowRoute":"B"}},{"type":"Feature","id":"nh-plow-59","geometry":{"type":"LineString","coordinates":[[-71.76873,44.29402],[-71.7687,44.29662],[-71.77868,44.30379],[-71.7921,44.30277],[-71.79609,44.30453],[-71.79922,44.31122],[-71.79616,44.32196],[-71.79913,44.32526],[-71.80774,44.32541],[-71.80749,44.32694],[-71.82489,44.32171],[-71.83664,44.31448],[-71.85365,44.31369],[-71.86528,44.31795],[-71.86917,44.32673],[-71.87586,44.33081],[-71.87485,44.33299],[-71.87907,44.33209],[-71.88635,44.33543],[-71.89221,44.3456],[-71.88705,44.33522],[-71.87112,44.32718],[-71.86519,44.31761],[-71.85285,44.31322],[-71.83802,44.31302],[-71.82349,44.32153],[-71.79995,44.32484],[-71.79673,44.32105],[-71.80022,44.30811],[-71.79671,44.30834],[-71.79794,44.31118],[-71.79671,44.30834],[-71.80161,44.30742],[-71.79313,44.30253],[-71.77844,44.30319],[-71.76873,44.29402]]},"properties":{"group":"plow","dataStatus":"reference","color":"#d6e8ff","title":"125L Route C Mainline with Ramps","status":"District 1 \u00b7 route C","details":"New Hampshire winter-maintenance plow route. This is the route the state plows, not a live truck.","provider":"NHDOT","sourceUrl":"https://www.nh.gov/dot/","district":1,"plowRoute":"C"}},{"type":"Feature","id":"nh-plow-60","geometry":{"type":"LineString","coordinates":[[-71.79685,44.31619],[-71.80475,44.3236],[-71.83868,44.3103],[-71.86605,44.31005],[-71.87492,44.32436],[-71.87443,44.33247],[-71.8863,44.33802],[-71.88902,44.34306],[-71.8863,44.33802],[-71.87443,44.33247],[-71.87492,44.32436],[-71.86605,44.31005],[-71.83868,44.3103],[-71.80475,44.3236],[-71.79685,44.31619],[-71.79833,44.31096],[-71.79685,44.31619]]},"properties":{"group":"plow","dataStatus":"reference","color":"#d6e8ff","title":"125L Route D NH 135 & 18 return to shop same way  Route 18","status":"District 1 \u00b7 route D","details":"New Hampshire winter-maintenance plow route. This is the route the state plows, not a live truck.","provider":"NHDOT","sourceUrl":"https://www.nh.gov/dot/","district":1,"plowRoute":"D"}},{"type":"Feature","id":"nh-plow-61","geometry":{"type":"LineString","coordinates":[[-71.88711,44.33869],[-71.90698,44.34589],[-71.92339,44.32902],[-71.9433,44.33143],[-71.97032,44.32711],[-72.00866,44.30033],[-72.02266,44.29985],[-72.0345,44.29176],[-72.04333,44.29058],[-72.05299,44.28515],[-72.05735,44.28728],[-72.05299,44.28515],[-72.05643,44.26631],[-72.05489,44.26109],[-72.05955,44.26174],[-72.05378,44.26035],[-72.04335,44.24382],[-72.05591,44.26297],[-72.05299,44.28515],[-72.04333,44.29058],[-72.0345,44.29176],[-72.02266,44.29985],[-72.00851,44.3004],[-71.97032,44.32711],[-71.9433,44.33143],[-71.92339,44.32902],[-71.90698,44.34589],[-71.88711,44.33869]]},"properties":{"group":"plow","dataStatus":"reference","color":"#d6e8ff","title":"125M Route E Route E Monroe","status":"District 1 \u00b7 route E","details":"New Hampshire winter-maintenance plow route. This is the route the state plows, not a live truck.","provider":"NHDOT","sourceUrl":"https://www.nh.gov/dot/","district":1,"plowRoute":"E"}},{"type":"Feature","id":"nh-plow-62","geometry":{"type":"LineString","coordinates":[[-71.79685,44.31619],[-71.78099,44.30841],[-71.79671,44.30834],[-71.79833,44.31096],[-71.79671,44.30834],[-71.80355,44.30529],[-71.80687,44.29083],[-71.80355,44.30529],[-71.80055,44.30801],[-71.7883,44.30919],[-71.77027,44.30607],[-71.76211,44.30913],[-71.75111,44.30788],[-71.74465,44.31035],[-71.75111,44.30788],[-71.76211,44.30913],[-71.77027,44.30607],[-71.7687,44.29855],[-71.77027,44.30607],[-71.79216,44.31228],[-71.79685,44.31619]]},"properties":{"group":"plow","dataStatus":"reference","color":"#d6e8ff","title":"111 Route A Littleton Main Street","status":"District 1 \u00b7 route A","details":"New Hampshire winter-maintenance plow route. This is the route the state plows, not a live truck.","provider":"NHDOT","sourceUrl":"https://www.nh.gov/dot/","district":1,"plowRoute":"A"}},{"type":"Feature","id":"nh-plow-63","geometry":{"type":"LineString","coordinates":[[-71.74719,44.28595],[-71.71607,44.27854],[-71.65307,44.28199],[-71.61905,44.26668],[-71.61001,44.27068],[-71.59332,44.27158],[-71.58891,44.27471],[-71.57971,44.27223],[-71.58891,44.27471],[-71.59332,44.27158],[-71.61001,44.27068],[-71.61875,44.26666],[-71.62774,44.26898],[-71.65354,44.28205],[-71.71735,44.27865],[-71.73778,44.28491],[-71.74707,44.2846],[-71.74769,44.28694],[-71.7687,44.29855],[-71.77027,44.30607],[-71.7883,44.30919],[-71.79671,44.30834],[-71.79833,44.31096],[-71.79671,44.30834],[-71.7883,44.30919],[-71.77027,44.30607],[-71.7687,44.29855],[-71.74719,44.28595]]},"properties":{"group":"plow","dataStatus":"reference","color":"#d6e8ff","title":"111 Route B Bethlehem","status":"District 1 \u00b7 route B","details":"New Hampshire winter-maintenance plow route. This is the route the state plows, not a live truck.","provider":"NHDOT","sourceUrl":"https://www.nh.gov/dot/","district":1,"plowRoute":"B"}},{"type":"Feature","id":"nh-plow-64","geometry":{"type":"LineString","coordinates":[[-71.73134,44.40364],[-71.78357,44.38586],[-71.78846,44.37794],[-71.79928,44.37083],[-71.8017,44.36058],[-71.81473,44.34708],[-71.81503,44.33673],[-71.79685,44.31619],[-71.79833,44.31096],[-71.79685,44.31619],[-71.81503,44.33673],[-71.81473,44.34708],[-71.8017,44.36058],[-71.79928,44.37083],[-71.78846,44.37794],[-71.78357,44.38586],[-71.73134,44.40364]]},"properties":{"group":"plow","dataStatus":"reference","color":"#d6e8ff","title":"111 Route C Dalton Truck 1","status":"District 1 \u00b7 route C","details":"New Hampshire winter-maintenance plow route. This is the route the state plows, not a live truck.","provider":"NHDOT","sourceUrl":"https://www.nh.gov/dot/","district":1,"plowRoute":"C"}},{"type":"Feature","id":"nh-plow-65","geometry":{"type":"LineString","coordinates":[[-71.80749,44.32694],[-71.81497,44.33645],[-71.81484,44.34682],[-71.8017,44.36058],[-71.79928,44.37083],[-71.78846,44.37794],[-71.78402,44.3856],[-71.76215,44.39452],[-71.69586,44.41299],[-71.69209,44.4177],[-71.67544,44.4272],[-71.66444,44.43069],[-71.65443,44.43073],[-71.6453,44.42518],[-71.62509,44.40212],[-71.61183,44.373],[-71.62509,44.40212],[-71.6453,44.42518],[-71.65443,44.43073],[-71.66444,44.43069],[-71.67544,44.4272],[-71.69209,44.4177],[-71.69586,44.41299],[-71.72214,44.40566],[-71.72326,44.41154],[-71.72214,44.40566],[-71.76215,44.39452],[-71.78402,44.3856],[-71.78846,44.37794],[-71.79928,44.37083],[-71.8017,44.36058],[-71.81487,44.34671],[-71.81492,44.33633],[-71.79685,44.31619],[-71.79794,44.31118],[-71.79685,44.31619],[-71.80749,44.32694]]},"properties":{"group":"plow","dataStatus":"reference","color":"#d6e8ff","title":"111 Route D Dalton Truck 2","status":"District 1 \u00b7 route D","details":"New Hampshire winter-maintenance plow route. This is the route the state plows, not a live truck.","provider":"NHDOT","sourceUrl":"https://www.nh.gov/dot/","district":1,"plowRoute":"D"}},{"type":"Feature","id":"nh-plow-66","geometry":{"type":"LineString","coordinates":[[-72.07949,43.96997],[-72.08376,43.96201],[-72.09589,43.95813],[-72.11151,43.94275],[-72.11439,43.93738],[-72.11447,43.92066],[-72.12214,43.91165],[-72.13256,43.90886],[-72.14498,43.89874],[-72.1555,43.88064],[-72.15649,43.84734],[-72.14407,43.82918],[-72.14964,43.81639],[-72.15627,43.8106],[-72.14964,43.81639],[-72.14407,43.82918],[-72.15649,43.84734],[-72.1555,43.88064],[-72.14498,43.89874],[-72.13256,43.90886],[-72.12214,43.91165],[-72.11313,43.92166],[-72.1148,43.93387],[-72.11151,43.94275],[-72.09589,43.95813],[-72.08376,43.96201],[-72.07949,43.96997]]},"properties":{"group":"plow","dataStatus":"reference","color":"#d6e8ff","title":"201 Route A Rte 10 from NH 25 to Lyme","status":"District 2 \u00b7 route A","details":"New Hampshire winter-maintenance plow route. This is the route the state plows, not a live truck.","provider":"NHDOT","sourceUrl":"https://www.nh.gov/dot/","district":2,"plowRoute":"A"}},{"type":"Feature","id":"nh-plow-97","geometry":{"type":"MultiLineString","coordinates":[[[-71.65675,43.42837],[-71.68453,43.41599],[-71.68634,43.41241],[-71.69381,43.4116],[-71.69719,43.41418],[-71.69381,43.4116],[-71.68634,43.41241],[-71.68799,43.40924],[-71.68492,43.39946],[-71.6957,43.38745],[-71.74029,43.36974],[-71.74044,43.35604],[-71.72993,43.34886],[-71.7162,43.32856],[-71.72107,43.32129],[-71.71959,43.31485]],[[-71.71959,43.31485],[-71.72107,43.32129],[-71.71692,43.32934],[-71.68792,43.33944],[-71.71692,43.32934],[-71.72993,43.34886],[-71.74044,43.35604],[-71.74029,43.36974],[-71.69636,43.38688],[-71.6851,43.39877],[-71.68799,43.40924],[-71.68497,43.41568],[-71.65675,43.42837]]]},"properties":{"group":"plow","dataStatus":"reference","color":"#d6e8ff","title":"211 Route B 127 North Rd Long St","status":"District 2 \u00b7 route B","details":"New Hampshire winter-maintenance plow route. This is the route the state plows, not a live truck.","provider":"NHDOT","sourceUrl":"https://www.nh.gov/dot/","district":2,"plowRoute":"B"}},{"type":"Feature","id":"nh-plow-98","geometry":{"type":"MultiLineString","coordinates":[[[-71.65675,43.42837],[-71.68453,43.41599],[-71.68634,43.41241],[-71.69381,43.4116],[-71.69719,43.41418],[-71.69381,43.4116],[-71.68634,43.41241],[-71.68799,43.40924],[-71.68492,43.39946],[-71.6957,43.38745],[-71.74029,43.36974],[-71.74044,43.35604],[-71.72993,43.34886],[-71.7162,43.32856],[-71.72107,43.32129],[-71.71959,43.31485]],[[-71.71959,43.31485],[-71.72107,43.32129],[-71.71692,43.32934],[-71.68792,43.33944],[-71.71692,43.32934],[-71.72993,43.34886],[-71.74044,43.35604],[-71.74029,43.36974],[-71.69636,43.38688],[-71.6851,43.39877],[-71.68799,43.40924],[-71.68497,43.41568],[-71.65675,43.42837]]]},"properties":{"group":"plow","dataStatus":"reference","color":"#d6e8ff","title":"211 Route B 127 North Rd Long St","status":"District 2 \u00b7 route B","details":"New Hampshire winter-maintenance plow route. This is the route the state plows, not a live truck.","provider":"NHDOT","sourceUrl":"https://www.nh.gov/dot/","district":2,"plowRoute":"B"}},{"type":"Feature","id":"nh-plow-99","geometry":{"type":"LineString","coordinates":[[-71.65675,43.42837],[-71.6532,43.42961],[-71.65303,43.43289],[-71.66024,43.44328],[-71.65835,43.44996],[-71.66098,43.46296],[-71.6686,43.47732],[-71.66405,43.4909],[-71.69136,43.50132],[-71.70606,43.52666],[-71.72137,43.52875],[-71.72846,43.53286],[-71.73613,43.55642],[-71.73479,43.56943],[-71.73613,43.55642],[-71.72846,43.53286],[-71.72137,43.52875],[-71.70606,43.52666],[-71.69136,43.50132],[-71.66405,43.4909],[-71.6686,43.47732],[-71.66098,43.46296],[-71.65835,43.44996],[-71.66024,43.44328],[-71.65327,43.43306],[-71.6532,43.42961],[-71.65675,43.42837]]},"properties":{"group":"plow","dataStatus":"reference","color":"#d6e8ff","title":"211 Route C NH 3 A","status":"District 2 \u00b7 route C","details":"New Hampshire winter-maintenance plow route. This is the route the state plows, not a live truck.","provider":"NHDOT","sourceUrl":"https://www.nh.gov/dot/","district":2,"plowRoute":"C"}},{"type":"Feature","id":"nh-plow-100","geometry":{"type":"LineString","coordinates":[[-72.32608,43.46311],[-72.3493,43.46752],[-72.36094,43.4581],[-72.36804,43.46456],[-72.37414,43.46369],[-72.38288,43.46709],[-72.38472,43.46998],[-72.38299,43.47329],[-72.38405,43.4683],[-72.38735,43.46555],[-72.38621,43.45263],[-72.39319,43.42622],[-72.39486,43.40473],[-72.39143,43.40086],[-72.39287,43.39896],[-72.3914,43.40073],[-72.39483,43.40453],[-72.39452,43.41155],[-72.39312,43.42668],[-72.38621,43.45263],[-72.38701,43.46619],[-72.384,43.46847],[-72.37432,43.46373],[-72.36822,43.46461],[-72.36056,43.45806],[-72.3493,43.46752],[-72.32608,43.46311]]},"properties":{"group":"plow","dataStatus":"reference","color":"#d6e8ff","title":"212 Route A NH Sta & Town","status":"District 2 \u00b7 route A","details":"New Hampshire winter-maintenance plow route. This is the route the state plows, not a live truck.","provider":"NHDOT","sourceUrl":"https://www.nh.gov/dot/","district":2,"plowRoute":"A"}},{"type":"Feature","id":"nh-plow-101","geometry":{"type":"LineString","coordinates":[[-72.32608,43.46311],[-72.3493,43.46752],[-72.36056,43.45806],[-72.36822,43.46461],[-72.37432,43.46373],[-72.384,43.46847],[-72.38727,43.46582],[-72.3862,43.45269],[-72.39312,43.42668],[-72.39456,43.4111],[-72.39483,43.40453],[-72.39143,43.40049],[-72.39287,43.39896],[-72.40739,43.40633],[-72.39287,43.39896],[-72.39485,43.39618],[-72.39083,43.39198],[-72.38527,43.37172],[-72.38501,43.3555],[-72.38793,43.3451],[-72.3963,43.33596],[-72.39122,43.31543],[-72.38791,43.31085],[-72.39122,43.31543],[-72.3963,43.33596],[-72.38793,43.3451],[-72.38501,43.3555],[-72.38523,43.37145],[-72.39083,43.39198],[-72.39484,43.39669],[-72.39287,43.39896],[-72.38864,43.39421],[-72.36938,43.39218],[-72.3893,43.39446],[-72.39483,43.40453],[-72.39312,43.42668],[-72.3862,43.45269],[-72.38727,43.46582],[-72.384,43.46847],[-72.37432,43.46373],[-72.36822,43.46461],[-72.36056,43.45806],[-72.3493,43.46752],[-72.32608,43.46311]]},"properties":{"group":"plow","dataStatus":"reference","color":"#d6e8ff","title":"212 Route B NH 103 NH 21 A","status":"District 2 \u00b7 route B","details":"New Hampshire winter-maintenance plow route. This is the route the state plows, not a live truck.","provider":"NHDOT","sourceUrl":"https://www.nh.gov/dot/","district":2,"plowRoute":"B"}},{"type":"Feature","id":"nh-plow-102","geometry":{"type":"LineString","coordinates":[[-72.32608,43.46311],[-72.3493,43.46752],[-72.36075,43.45807],[-72.36804,43.46456],[-72.37414,43.46369],[-72.38288,43.46709],[-72.38468,43.47023],[-72.37802,43.48106],[-72.37588,43.49686],[-72.384,43.50359],[-72.38775,43.51311],[-72.38235,43.52162],[-72.37312,43.52208],[-72.35903,43.53085],[-72.35167,43.54153],[-72.34479,43.56017],[-72.35147,43.57839],[-72.33283,43.59798],[-72.32432,43.60236],[-72.32703,43.61895],[-72.32534,43.62493],[-72.32703,43.61895],[-72.32432,43.60236],[-72.33283,43.59798],[-72.35147,43.57839],[-72.34479,43.56017],[-72.35167,43.54153],[-72.35924,43.53069],[-72.37312,43.52208],[-72.38235,43.52162],[-72.38751,43.51429],[-72.38418,43.50386],[-72.37588,43.4967],[-72.38033,43.4761],[-72.38299,43.47329],[-72.38847,43.47554],[-72.38299,43.47329],[-72.38471,43.46985],[-72.38174,43.4663],[-72.37414,43.46369],[-72.36804,43.46456],[-72.36094,43.4581],[-72.3493,43.46752],[-72.32608,43.46311]]},"properties":{"group":"plow","dataStatus":"reference","color":"#d6e8ff","title":"212 Route C NH 12 A","status":"District 2 \u00b7 route C","details":"New Hampshire winter-maintenance plow route. This is the route the state plows, not a live truck.","provider":"NHDOT","sourceUrl":"https://www.nh.gov/dot/","district":2,"plowRoute":"C"}},{"type":"Feature","id":"nh-plow-103","geometry":{"type":"LineString","coordinates":[[-72.32608,43.46311],[-72.30606,43.46611],[-72.31061,43.44778],[-72.31668,43.44289],[-72.32627,43.42419],[-72.33008,43.42137],[-72.3313,43.41045],[-72.33966,43.38548],[-72.3313,43.41045],[-72.33008,43.42137],[-72.32627,43.42419],[-72.31668,43.44289],[-72.31053,43.44794],[-72.30662,43.46542],[-72.29772,43.47148],[-72.29286,43.48337],[-72.27575,43.50135],[-72.27715,43.51146],[-72.2699,43.52509],[-72.27018,43.53141],[-72.2647,43.53913],[-72.27018,43.53141],[-72.2699,43.52509],[-72.27715,43.51146],[-72.27575,43.50135],[-72.29286,43.48337],[-72.29772,43.47148],[-72.30606,43.46611],[-72.32608,43.46311]]},"properties":{"group":"plow","dataStatus":"reference","color":"#d6e8ff","title":"212 Route D NH 12 D","status":"District 2 \u00b7 route D","details":"New Hampshire winter-maintenance plow route. This is the route the state plows, not a live truck.","provider":"NHDOT","sourceUrl":"https://www.nh.gov/dot/","district":2,"plowRoute":"D"}},{"type":"Feature","id":"nh-plow-104","geometry":{"type":"LineString","coordinates":[[-72.12471,43.37464],[-72.12732,43.37416],[-72.12202,43.36943],[-72.11869,43.35685],[-72.11587,43.35381],[-72.09352,43.34456],[-72.05764,43.33972],[-72.0456,43.33171],[-72.04181,43.32361],[-72.03623,43.3211],[-72.03184,43.3148],[-71.99616,43.29671],[-71.99257,43.29097],[-71.98043,43.28566],[-71.97057,43.2756],[-71.96045,43.27175],[-71.95741,43.26726],[-71.94513,43.25918],[-71.92849,43.25375],[-71.92118,43.24119],[-71.91436,43.2363],[-71.89752,43.23132],[-71.88583,43.2251],[-71.87874,43.21762],[-71.87292,43.21697],[-71.86446,43.21095],[-71.83939,43.20206],[-71.8276,43.18831],[-71.83939,43.20206],[-71.86446,43.21095],[-71.87292,43.21697],[-71.87874,43.21762],[-71.88583,43.2251],[-71.89752,43.23132],[-71.91436,43.2363],[-71.92118,43.24119],[-71.92849,43.25375],[-71.94513,43.25918],[-71.94937,43.26326],[-71.94324,43.25854],[-71.95723,43.26712],[-71.96045,43.27175],[-71.97057,43.2756],[-71.98043,43.28566],[-71.99257,43.29097],[-71.99616,43.29671],[-72.03184,43.3148],[-72.03623,43.3211],[-72.04181,43.32361],[-72.0456,43.33171],[-72.05764,43.33972],[-72.09352,43.34456],[-72.11587,43.35381],[-72.12471,43.37464]]},"properties":{"group":"plow","dataStatus":"reference","color":"#d6e8ff","title":"213 Route B  Rt 103 Rt 114","status":"District 2 \u00b7 route B","details":"New Hampshire winter-maintenance plow route. This is the route the state plows, not a live truck.","provider":"NHDOT","sourceUrl":"https://www.nh.gov/dot/","district":2,"plowRoute":"B"}},{"type":"Feature","id":"nh-plow-105","geometry":{"type":"LineString","coordinates":[[-72.12471,43.37464],[-72.12732,43.37416],[-72.12192,43.36924],[-72.11731,43.35489],[-72.09371,43.34461],[-72.09977,43.34103],[-72.09711,43.33377],[-72.10115,43.32605],[-72.10056,43.3126],[-72.12305,43.31344],[-72.13827,43.31139],[-72.13947,43.3075],[-72.14853,43.30112],[-72.13947,43.3075],[-72.13827,43.31139],[-72.12305,43.31344],[-72.10064,43.31247],[-72.10115,43.32605],[-72.09711,43.33377],[-72.09977,43.34103],[-72.09689,43.34336],[-72.09371,43.34461],[-72.07041,43.34063],[-72.07608,43.35091],[-72.07666,43.36134],[-72.08636,43.37366],[-72.08443,43.38295],[-72.08754,43.38616],[-72.08443,43.38295],[-72.08642,43.37381],[-72.07666,43.36134],[-72.07684,43.35362],[-72.07149,43.34104],[-72.09483,43.34492],[-72.11587,43.35381],[-72.12415,43.37222],[-72.12428,43.37024],[-72.12208,43.36952],[-72.12428,43.37024],[-72.12369,43.37432],[-72.12732,43.37416],[-72.1245,43.37261],[-72.12471,43.37464]]},"properties":{"group":"plow","dataStatus":"reference","color":"#d6e8ff","title":"213 Route C Rt 11 & 103","status":"District 2 \u00b7 route C","details":"New Hampshire winter-maintenance plow route. This is the route the state plows, not a live truck.","provider":"NHDOT","sourceUrl":"https://www.nh.gov/dot/","district":2,"plowRoute":"C"}},{"type":"Feature","id":"nh-plow-106","geometry":{"type":"LineString","coordinates":[[-72.12471,43.37464],[-72.13551,43.37454],[-72.14296,43.3793],[-72.15206,43.37994],[-72.16356,43.36656],[-72.17364,43.36498],[-72.17714,43.36928],[-72.18214,43.38475],[-72.18203,43.39526],[-72.1878,43.41192],[-72.18584,43.41501],[-72.1788,43.41684],[-72.16734,43.43008],[-72.15661,43.43597],[-72.15601,43.44001],[-72.16202,43.45106],[-72.1517,43.45661],[-72.14719,43.46227],[-72.14945,43.47536],[-72.13705,43.48335],[-72.13459,43.49739],[-72.13705,43.48335],[-72.14945,43.47536],[-72.14719,43.46227],[-72.1517,43.45661],[-72.16202,43.45106],[-72.15601,43.44001],[-72.15661,43.43597],[-72.16734,43.43008],[-72.1788,43.41684],[-72.18584,43.41501],[-72.1878,43.41192],[-72.18203,43.39526],[-72.18202,43.38436],[-72.17707,43.36912],[-72.17246,43.36356],[-72.16342,43.36667],[-72.15223,43.3799],[-72.14296,43.3793],[-72.13551,43.37454],[-72.12471,43.37464]]},"properties":{"group":"plow","dataStatus":"reference","color":"#d6e8ff","title":"213 Route D Rt 10","status":"District 2 \u00b7 route D","details":"New Hampshire winter-maintenance plow route. This is the route the state plows, not a live truck.","provider":"NHDOT","sourceUrl":"https://www.nh.gov/dot/","district":2,"plowRoute":"D"}},{"type":"Feature","id":"nh-plow-107","geometry":{"type":"LineString","coordinates":[[-72.04049,43.45629],[-72.06426,43.44137],[-72.06639,43.43172],[-72.08217,43.41844],[-72.08389,43.41036],[-72.08237,43.39976],[-72.08739,43.39238],[-72.08837,43.38629],[-72.10144,43.38455],[-72.10792,43.37733],[-72.11902,43.37885],[-72.12431,43.37358],[-72.12732,43.37416],[-72.12431,43.37358],[-72.11902,43.37885],[-72.10792,43.37733],[-72.10144,43.38455],[-72.08837,43.38629],[-72.08739,43.39238],[-72.08237,43.39976],[-72.08389,43.41036],[-72.08217,43.41844],[-72.06639,43.43172],[-72.06426,43.44137],[-72.04049,43.45629]]},"properties":{"group":"plow","dataStatus":"reference","color":"#d6e8ff","title":"213 Route E Rt 11 Springfield","status":"District 2 \u00b7 route E","details":"New Hampshire winter-maintenance plow route. This is the route the state plows, not a live truck.","provider":"NHDOT","sourceUrl":"https://www.nh.gov/dot/","district":2,"plowRoute":"E"}},{"type":"Feature","id":"nh-plow-108","geometry":{"type":"LineString","coordinates":[[-72.12471,43.37464],[-72.13551,43.37454],[-72.14331,43.37941],[-72.15251,43.37981],[-72.16342,43.36667],[-72.1737,43.36524],[-72.17135,43.36201],[-72.18108,43.35526],[-72.19496,43.35992],[-72.22112,43.36065],[-72.22942,43.3642],[-72.25787,43.36746],[-72.28742,43.36377],[-72.30237,43.36589],[-72.28742,43.36377],[-72.25787,43.36746],[-72.22942,43.3642],[-72.22112,43.36065],[-72.19496,43.35992],[-72.18108,43.35526],[-72.17135,43.36201],[-72.17336,43.36502],[-72.16342,43.36667],[-72.15251,43.37981],[-72.14331,43.37941],[-72.13551,43.37454],[-72.12471,43.37464]]},"properties":{"group":"plow","dataStatus":"reference","color":"#d6e8ff","title":"213 Route G Rt 11 & 103","status":"District 2 \u00b7 route G","details":"New Hampshire winter-maintenance plow route. This is the route the state plows, not a live truck.","provider":"NHDOT","sourceUrl":"https://www.nh.gov/dot/","district":2,"plowRoute":"G"}},{"type":"Feature","id":"nh-plow-109","geometry":{"type":"LineString","coordinates":[[-71.99792,43.43557],[-72.00213,43.43401],[-72.00515,43.43887],[-72.02188,43.43887],[-72.02735,43.45075],[-72.03744,43.45161],[-72.04006,43.4549],[-72.03943,43.46169],[-72.04294,43.47035],[-72.03993,43.48314],[-72.04993,43.49528],[-72.03404,43.49353],[-72.03045,43.50161],[-72.03055,43.50784],[-72.03045,43.50161],[-72.03404,43.49353],[-72.04684,43.49443],[-72.07065,43.50059],[-72.08061,43.49104],[-72.1,43.49447],[-72.10944,43.49131],[-72.11503,43.48668],[-72.13688,43.48987],[-72.11529,43.48665],[-72.10021,43.49445],[-72.08044,43.49108],[-72.07097,43.50056],[-72.05575,43.49785],[-72.04993,43.49528],[-72.03998,43.4833],[-72.04293,43.47003],[-72.0385,43.45214],[-72.02735,43.45075],[-72.02188,43.43887],[-72.00515,43.43887],[-72.00213,43.43401],[-71.99792,43.43557]]},"properties":{"group":"plow","dataStatus":"reference","color":"#d6e8ff","title":"214 Route A Rt 114 N Corners","status":"District 2 \u00b7 route A","details":"New Hampshire winter-maintenance plow route. This is the route the state plows, not a live truck.","provider":"NHDOT","sourceUrl":"https://www.nh.gov/dot/","district":2,"plowRoute":"A"}},{"type":"Feature","id":"nh-plow-110","geometry":{"type":"MultiLineString","coordinates":[[[-71.99792,43.43557],[-72.002,43.43364],[-71.99072,43.41868],[-71.96172,43.39879],[-71.96681,43.39486],[-71.98734,43.39022],[-71.99721,43.38921],[-72.00417,43.39201],[-72.0292,43.38759],[-72.00417,43.39201],[-71.99735,43.38923],[-71.99152,43.38971],[-71.96737,43.39468],[-71.94672,43.41422],[-71.93094,43.41745],[-71.90593,43.41292],[-71.88554,43.41965],[-71.86925,43.43077],[-71.88554,43.41965],[-71.90593,43.41292],[-71.93117,43.4178],[-71.94644,43.41433],[-71.96144,43.39928],[-71.98208,43.41316]],[[-71.98208,43.41316],[-71.99072,43.41868],[-72.00188,43.43338],[-71.99792,43.43557]]]},"properties":{"group":"plow","dataStatus":"reference","color":"#d6e8ff","title":"214 Route B Rt 11 King Hill","status":"District 2 \u00b7 route B","details":"New Hampshire winter-maintenance plow route. This is the route the state plows, not a live truck.","provider":"NHDOT","sourceUrl":"https://www.nh.gov/dot/","district":2,"plowRoute":"B"}},{"type":"Feature","id":"nh-plow-111","geometry":{"type":"MultiLineString","coordinates":[[[-71.99792,43.43557],[-72.002,43.43364],[-71.99072,43.41868],[-71.96172,43.39879],[-71.96681,43.39486],[-71.98734,43.39022],[-71.99721,43.38921],[-72.00417,43.39201],[-72.0292,43.38759],[-72.00417,43.39201],[-71.99735,43.38923],[-71.99152,43.38971],[-71.96737,43.39468],[-71.94672,43.41422],[-71.93094,43.41745],[-71.90593,43.41292],[-71.88554,43.41965],[-71.86925,43.43077],[-71.88554,43.41965],[-71.90593,43.41292],[-71.93117,43.4178],[-71.94644,43.41433],[-71.96144,43.39928],[-71.98208,43.41316]],[[-71.98208,43.41316],[-71.99072,43.41868],[-72.00188,43.43338],[-71.99792,43.43557]]]},"properties":{"group":"plow","dataStatus":"reference","color":"#d6e8ff","title":"214 Route B Rt 11 King Hill","status":"District 2 \u00b7 route B","details":"New Hampshire winter-maintenance plow route. This is the route the state plows, not a live truck.","provider":"NHDOT","sourceUrl":"https://www.nh.gov/dot/","district":2,"plowRoute":"B"}},{"type":"Feature","id":"nh-plow-112","geometry":{"type":"LineString","coordinates":[[-72.03972,43.42226],[-72.03082,43.41004],[-72.03226,43.40277],[-72.02454,43.3933],[-72.03619,43.38075],[-72.03239,43.3592],[-72.04093,43.35311],[-72.03525,43.33143],[-72.03635,43.3212],[-72.03525,43.33143],[-72.04093,43.35311],[-72.03239,43.3592],[-72.03619,43.38075],[-72.02454,43.3933],[-72.03226,43.40277],[-72.03082,43.41004],[-72.03972,43.42226],[-72.03481,43.42295],[-72.03655,43.42452],[-72.03499,43.43246],[-72.0235,43.43783],[-72.00521,43.43888],[-72.00213,43.43401],[-71.99792,43.43557],[-72.00213,43.43401],[-72.00521,43.43888],[-72.0235,43.43783],[-72.03499,43.43246],[-72.03655,43.42452],[-72.03481,43.42295],[-72.03972,43.42226]]},"properties":{"group":"plow","dataStatus":"reference","color":"#d6e8ff","title":"214 Route C 103A Little Lake","status":"District 2 \u00b7 route C","details":"New Hampshire winter-maintenance plow route. This is the route the state plows, not a live truck.","provider":"NHDOT","sourceUrl":"https://www.nh.gov/dot/","district":2,"plowRoute":"C"}},{"type":"Feature","id":"nh-plow-113","geometry":{"type":"LineString","coordinates":[[-71.99792,43.43557],[-72.00213,43.43401],[-72.00881,43.44066],[-72.00345,43.43738],[-71.99203,43.42071],[-72.01938,43.42739],[-72.04139,43.42231],[-72.05509,43.4291],[-72.06639,43.43172],[-72.05509,43.4291],[-72.04139,43.42231],[-72.01938,43.42739],[-71.99203,43.42071],[-72.002,43.43364],[-71.99792,43.43557]]},"properties":{"group":"plow","dataStatus":"reference","color":"#d6e8ff","title":"214 Route D Newport Main St","status":"District 2 \u00b7 route D","details":"New Hampshire winter-maintenance plow route. This is the route the state plows, not a live truck.","provider":"NHDOT","sourceUrl":"https://www.nh.gov/dot/","district":2,"plowRoute":"D"}},{"type":"Feature","id":"nh-plow-115","geometry":{"type":"LineString","coordinates":[[-71.99792,43.43557],[-72.00193,43.43348],[-71.99037,43.41833],[-71.95436,43.39544],[-71.94713,43.38599],[-71.93854,43.36325],[-71.93919,43.35141],[-71.93449,43.3433],[-71.9369,43.33773],[-71.94763,43.33103],[-71.95079,43.32633],[-71.93457,43.31914],[-71.93123,43.30909],[-71.94742,43.29408],[-71.95211,43.27155],[-71.94933,43.26296],[-71.95278,43.26459],[-71.94923,43.26262],[-71.95087,43.26531],[-71.94935,43.26293],[-71.95278,43.26459],[-71.94923,43.26262],[-71.95211,43.27155],[-71.94742,43.29408],[-71.93122,43.30947],[-71.93457,43.31914],[-71.94972,43.32425],[-71.95072,43.32694],[-71.937,43.33762],[-71.93459,43.34301],[-71.93919,43.35141],[-71.93813,43.36066],[-71.92905,43.35926],[-71.92507,43.35447],[-71.92099,43.35555],[-71.92507,43.35447],[-71.92905,43.35926],[-71.93813,43.36066],[-71.9471,43.38592],[-71.95425,43.3953],[-71.99037,43.41833],[-72.00193,43.43348],[-71.99792,43.43557]]},"properties":{"group":"plow","dataStatus":"reference","color":"#d6e8ff","title":"214 Route E Rte 114 S North Rd","status":"District 2 \u00b7 route E","details":"New Hampshire winter-maintenance plow route. This is the route the state plows, not a live truck.","provider":"NHDOT","sourceUrl":"https://www.nh.gov/dot/","district":2,"plowRoute":"E"}},{"type":"Feature","id":"nh-plow-116","geometry":{"type":"LineString","coordinates":[[-71.99792,43.43557],[-72.00193,43.43348],[-71.99037,43.41833],[-71.95436,43.39544],[-71.94713,43.38599],[-71.93854,43.36325],[-71.93919,43.35141],[-71.93449,43.3433],[-71.9369,43.33773],[-71.94763,43.33103],[-71.95079,43.32633],[-71.93457,43.31914],[-71.93123,43.30909],[-71.94742,43.29408],[-71.95211,43.27155],[-71.94933,43.26296],[-71.95278,43.26459],[-71.94923,43.26262],[-71.95087,43.26531],[-71.94935,43.26293],[-71.95278,43.26459],[-71.94923,43.26262],[-71.95211,43.27155],[-71.94742,43.29408],[-71.93122,43.30947],[-71.93457,43.31914],[-71.94972,43.32425],[-71.95072,43.32694],[-71.937,43.33762],[-71.93459,43.34301],[-71.93919,43.35141],[-71.93813,43.36066],[-71.92905,43.35926],[-71.92507,43.35447],[-71.92099,43.35555],[-71.92507,43.35447],[-71.92905,43.35926],[-71.93813,43.36066],[-71.9471,43.38592],[-71.95425,43.3953],[-71.99037,43.41833],[-72.00193,43.43348],[-71.99792,43.43557]]},"properties":{"group":"plow","dataStatus":"reference","color":"#d6e8ff","title":"214 Route E Rte 114 S North Rd","status":"District 2 \u00b7 route E","details":"New Hampshire winter-maintenance plow route. This is the route the state plows, not a live truck.","provider":"NHDOT","sourceUrl":"https://www.nh.gov/dot/","district":2,"plowRoute":"E"}},{"type":"Feature","id":"nh-plow-117","geometry":{"type":"LineString","coordinates":[[-72.11917,43.24953],[-72.12253,43.27022],[-72.14312,43.2893],[-72.14423,43.29301],[-72.15641,43.27511],[-72.16247,43.25857],[-72.16861,43.25179],[-72.16957,43.24306],[-72.17812,43.22556],[-72.18568,43.21573],[-72.19661,43.2081],[-72.19819,43.19911],[-72.19661,43.2081],[-72.18568,43.21573],[-72.17812,43.22556],[-72.16957,43.24306],[-72.16861,43.25179],[-72.16247,43.25857],[-72.15641,43.27511],[-72.14408,43.29208],[-72.1493,43.30197],[-72.16866,43.31781],[-72.16918,43.32787],[-72.16554,43.34432],[-72.17135,43.36201],[-72.16554,43.34432],[-72.16921,43.32763],[-72.16849,43.31743],[-72.1493,43.30197],[-72.14322,43.28941],[-72.12431,43.27277],[-72.11994,43.26318],[-72.11917,43.24955]]},"properties":{"group":"plow","dataStatus":"reference","color":"#d6e8ff","title":"215 Route A Rt 10 Rt 31","status":"District 2 \u00b7 route A","details":"New Hampshire winter-maintenance plow route. This is the route the state plows, not a live truck.","provider":"NHDOT","sourceUrl":"https://www.nh.gov/dot/","district":2,"plowRoute":"A"}},{"type":"Feature","id":"nh-plow-118","geometry":{"type":"LineString","coordinates":[[-72.16207,43.26015],[-72.16868,43.25163],[-72.16957,43.24306],[-72.17803,43.22572],[-72.18687,43.22534],[-72.1993,43.23626],[-72.21046,43.23897],[-72.21533,43.26378],[-72.21034,43.23882],[-72.1993,43.23626],[-72.18829,43.22562],[-72.17803,43.22572],[-72.18568,43.21573],[-72.19661,43.2081],[-72.19869,43.19608],[-72.20695,43.18814],[-72.21357,43.17496],[-72.21885,43.17015],[-72.22697,43.17404],[-72.21885,43.17015],[-72.21071,43.17835],[-72.20695,43.18814],[-72.19858,43.1963],[-72.19661,43.2081],[-72.18568,43.21573],[-72.17711,43.22554],[-72.1695,43.24326],[-72.16868,43.25163],[-72.16207,43.26015]]},"properties":{"group":"plow","dataStatus":"reference","color":"#d6e8ff","title":"215 Route B Route 10 2nd NH","status":"District 2 \u00b7 route B","details":"New Hampshire winter-maintenance plow route. This is the route the state plows, not a live truck.","provider":"NHDOT","sourceUrl":"https://www.nh.gov/dot/","district":2,"plowRoute":"B"}},{"type":"Feature","id":"nh-plow-119","geometry":{"type":"LineString","coordinates":[[-72.17798,43.35687],[-72.17464,43.34446],[-72.18646,43.32905],[-72.19603,43.3083],[-72.19574,43.29707],[-72.19923,43.29018],[-72.20822,43.28215],[-72.21533,43.26378],[-72.21034,43.23882],[-72.1993,43.23626],[-72.18829,43.22562],[-72.17803,43.22572],[-72.18568,43.21573],[-72.19661,43.2081],[-72.19751,43.1989],[-72.19661,43.2081],[-72.18568,43.21573],[-72.17803,43.22572],[-72.18829,43.22562],[-72.1993,43.23626],[-72.21019,43.23868],[-72.21533,43.26378],[-72.2345,43.26842],[-72.23689,43.27517],[-72.25841,43.29266],[-72.23689,43.27517],[-72.2345,43.26842],[-72.21533,43.26378],[-72.20822,43.28215],[-72.19923,43.29018],[-72.19574,43.29707],[-72.19603,43.3083],[-72.18646,43.32905],[-72.17464,43.34446],[-72.17798,43.35687]]},"properties":{"group":"plow","dataStatus":"reference","color":"#d6e8ff","title":"215 Route C E E Unity Rd 2nd NH","status":"District 2 \u00b7 route C","details":"New Hampshire winter-maintenance plow route. This is the route the state plows, not a live truck.","provider":"NHDOT","sourceUrl":"https://www.nh.gov/dot/","district":2,"plowRoute":"C"}},{"type":"Feature","id":"nh-plow-120","geometry":{"type":"LineString","coordinates":[[-72.19751,43.1989],[-72.19661,43.2081],[-72.18568,43.21573],[-72.17803,43.22572],[-72.18829,43.22562],[-72.1993,43.23626],[-72.21034,43.23882],[-72.21603,43.26438],[-72.2345,43.26842],[-72.23671,43.27496],[-72.24814,43.2862],[-72.28614,43.31121],[-72.29683,43.31071],[-72.30817,43.31453],[-72.31231,43.33726],[-72.30989,43.35082],[-72.32633,43.36619],[-72.30967,43.35001],[-72.31231,43.33726],[-72.30979,43.32409],[-72.32226,43.31404],[-72.32183,43.30218],[-72.31791,43.2981],[-72.31699,43.28812],[-72.31791,43.2981],[-72.32171,43.3018],[-72.32325,43.31229],[-72.3148,43.32182],[-72.30979,43.32409],[-72.30843,43.31212],[-72.31043,43.31035],[-72.30899,43.31557],[-72.29708,43.31075],[-72.28614,43.31121],[-72.24814,43.2862],[-72.23671,43.27496],[-72.2345,43.26842],[-72.21603,43.26438],[-72.21034,43.23882],[-72.1993,43.23626],[-72.18829,43.22562],[-72.17803,43.22572],[-72.18568,43.21573],[-72.19661,43.2081],[-72.19751,43.1989]]},"properties":{"group":"plow","dataStatus":"reference","color":"#d6e8ff","title":"215 Route D 2nd NH W Unity County","status":"District 2 \u00b7 route D","details":"New Hampshire winter-maintenance plow route. This is the route the state plows, not a live truck.","provider":"NHDOT","sourceUrl":"https://www.nh.gov/dot/","district":2,"plowRoute":"D"}},{"type":"Feature","id":"nh-plow-121","geometry":{"type":"MultiLineString","coordinates":[[[-72.18675,43.60996],[-72.19992,43.6237],[-72.20828,43.6282],[-72.2151,43.63954],[-72.25611,43.6507],[-72.26209,43.64983],[-72.28678,43.63534],[-72.31512,43.6311],[-72.33147,43.63553],[-72.31218,43.63086],[-72.28537,43.63553],[-72.25949,43.65034],[-72.23787,43.64699],[-72.22718,43.64156],[-72.21443,43.63882],[-72.20981,43.62887],[-72.19999,43.6234],[-72.18509,43.60588]],[[-72.18509,43.60588],[-72.1802,43.60217],[-72.16668,43.59955],[-72.16739,43.58911],[-72.16035,43.57508],[-72.14415,43.56268],[-72.14098,43.55468],[-72.14383,43.56294],[-72.15998,43.57527],[-72.16683,43.59034],[-72.16641,43.59956],[-72.18168,43.60301],[-72.18841,43.61074],[-72.18675,43.60996]]]},"properties":{"group":"plow","dataStatus":"reference","color":"#d6e8ff","title":"224 Route A I89 Mainline North","status":"District 2 \u00b7 route A","details":"New Hampshire winter-maintenance plow route. This is the route the state plows, not a live truck.","provider":"NHDOT","sourceUrl":"https://www.nh.gov/dot/","district":2,"plowRoute":"A"}},{"type":"Feature","id":"nh-plow-122","geometry":{"type":"MultiLineString","coordinates":[[[-72.18675,43.60996],[-72.19992,43.6237],[-72.20828,43.6282],[-72.2151,43.63954],[-72.25611,43.6507],[-72.26209,43.64983],[-72.28678,43.63534],[-72.31512,43.6311],[-72.33147,43.63553],[-72.31218,43.63086],[-72.28537,43.63553],[-72.25949,43.65034],[-72.23787,43.64699],[-72.22718,43.64156],[-72.21443,43.63882],[-72.20981,43.62887],[-72.19999,43.6234],[-72.18509,43.60588]],[[-72.18509,43.60588],[-72.1802,43.60217],[-72.16668,43.59955],[-72.16739,43.58911],[-72.16035,43.57508],[-72.14415,43.56268],[-72.14098,43.55468],[-72.14383,43.56294],[-72.15998,43.57527],[-72.16683,43.59034],[-72.16641,43.59956],[-72.18168,43.60301],[-72.18841,43.61074],[-72.18675,43.60996]]]},"properties":{"group":"plow","dataStatus":"reference","color":"#d6e8ff","title":"224 Route A I89 Mainline North","status":"District 2 \u00b7 route A","details":"New Hampshire winter-maintenance plow route. This is the route the state plows, not a live truck.","provider":"NHDOT","sourceUrl":"https://www.nh.gov/dot/","district":2,"plowRoute":"A"}},{"type":"Feature","id":"nh-plow-123","geometry":{"type":"LineString","coordinates":[[-71.96484,43.38401],[-71.98593,43.39357],[-72.01212,43.39841],[-72.03527,43.41993],[-72.04446,43.43597],[-72.07239,43.44333],[-72.09013,43.45294],[-72.10227,43.468],[-72.10098,43.47519],[-72.10718,43.48935],[-72.12444,43.49034],[-72.12961,43.49267],[-72.13385,43.5022],[-72.13468,43.51211],[-72.14138,43.52252],[-72.1381,43.54094],[-72.14262,43.56125],[-72.15984,43.57505],[-72.16683,43.59034],[-72.16659,43.59978],[-72.1813,43.60283],[-72.18924,43.61028],[-72.18165,43.60275],[-72.17006,43.60154],[-72.16626,43.59897],[-72.16739,43.58911],[-72.16017,43.57478],[-72.14266,43.56023],[-72.13852,43.54059],[-72.14227,43.52319],[-72.1349,43.51157],[-72.13332,43.4978],[-72.12703,43.49048],[-72.11179,43.48998],[-72.10703,43.48783],[-72.10163,43.47505],[-72.10322,43.4673],[-72.09543,43.46081],[-72.09171,43.45327],[-72.07261,43.44306],[-72.04506,43.43581],[-72.03576,43.4199],[-72.02291,43.40585],[-72.01144,43.39725],[-71.98731,43.3931],[-71.96484,43.38401]]},"properties":{"group":"plow","dataStatus":"reference","color":"#d6e8ff","title":"224 Route B I89 Mainline South","status":"District 2 \u00b7 route B","details":"New Hampshire winter-maintenance plow route. This is the route the state plows, not a live truck.","provider":"NHDOT","sourceUrl":"https://www.nh.gov/dot/","district":2,"plowRoute":"B"}},{"type":"Feature","id":"nh-plow-124","geometry":{"type":"MultiLineString","coordinates":[[[-72.18675,43.60996],[-72.18924,43.61028],[-72.18165,43.60275],[-72.16712,43.59987],[-72.16739,43.58911],[-72.16035,43.57508],[-72.14905,43.56718],[-72.16008,43.57546],[-72.16683,43.59034],[-72.16513,43.59738],[-72.16682,43.60017],[-72.18299,43.60387],[-72.19969,43.62348],[-72.20853,43.62847],[-72.21454,43.6392],[-72.22687,43.64165],[-72.23713,43.647],[-72.24858,43.64846],[-72.24228,43.64766]],[[-72.24228,43.64766],[-72.21473,43.63903],[-72.20991,43.62898],[-72.19999,43.6234],[-72.18924,43.61028]],[[-72.18924,43.61028],[-72.19992,43.6237],[-72.20896,43.62897],[-72.21086,43.63435],[-72.20694,43.63432],[-72.21624,43.64006],[-72.22647,43.64153],[-72.24711,43.64928],[-72.24588,43.65101],[-72.24858,43.64846],[-72.21601,43.63974],[-72.21272,43.63663],[-72.21345,43.63406],[-72.21357,43.63577],[-72.20694,43.63432],[-72.21434,43.63516],[-72.2093,43.62835],[-72.20028,43.62364],[-72.18934,43.61034],[-72.18675,43.60996]]]},"properties":{"group":"plow","dataStatus":"reference","color":"#d6e8ff","title":"224 Route C I89 Exit 18 South Exits 17 16 15 & 14","status":"District 2 \u00b7 route C","details":"New Hampshire winter-maintenance plow route. This is the route the state plows, not a live truck.","provider":"NHDOT","sourceUrl":"https://www.nh.gov/dot/","district":2,"plowRoute":"C"}},{"type":"Feature","id":"nh-plow-125","geometry":{"type":"MultiLineString","coordinates":[[[-72.18675,43.60996],[-72.18924,43.61028],[-72.18165,43.60275],[-72.16712,43.59987],[-72.16739,43.58911],[-72.16035,43.57508],[-72.14905,43.56718],[-72.16008,43.57546],[-72.16683,43.59034],[-72.16513,43.59738],[-72.16682,43.60017],[-72.18299,43.60387],[-72.19969,43.62348],[-72.20853,43.62847],[-72.21454,43.6392],[-72.22687,43.64165],[-72.23713,43.647],[-72.24858,43.64846],[-72.24228,43.64766]],[[-72.24228,43.64766],[-72.21473,43.63903],[-72.20991,43.62898],[-72.19999,43.6234],[-72.18924,43.61028]],[[-72.18924,43.61028],[-72.19992,43.6237],[-72.20896,43.62897],[-72.21086,43.63435],[-72.20694,43.63432],[-72.21624,43.64006],[-72.22647,43.64153],[-72.24711,43.64928],[-72.24588,43.65101],[-72.24858,43.64846],[-72.21601,43.63974],[-72.21272,43.63663],[-72.21345,43.63406],[-72.21357,43.63577],[-72.20694,43.63432],[-72.21434,43.63516],[-72.2093,43.62835],[-72.20028,43.62364],[-72.18934,43.61034],[-72.18675,43.60996]]]},"properties":{"group":"plow","dataStatus":"reference","color":"#d6e8ff","title":"224 Route C I89 Exit 18 South Exits 17 16 15 & 14","status":"District 2 \u00b7 route C","details":"New Hampshire winter-maintenance plow route. This is the route the state plows, not a live truck.","provider":"NHDOT","sourceUrl":"https://www.nh.gov/dot/","district":2,"plowRoute":"C"}},{"type":"Feature","id":"nh-plow-126","geometry":{"type":"MultiLineString","coordinates":[[[-72.18675,43.60996],[-72.18924,43.61028],[-72.18165,43.60275],[-72.16712,43.59987],[-72.16739,43.58911],[-72.16035,43.57508],[-72.14905,43.56718],[-72.16008,43.57546],[-72.16683,43.59034],[-72.16513,43.59738],[-72.16682,43.60017],[-72.18299,43.60387],[-72.19969,43.62348],[-72.20853,43.62847],[-72.21454,43.6392],[-72.22687,43.64165],[-72.23713,43.647],[-72.24858,43.64846],[-72.24228,43.64766]],[[-72.24228,43.64766],[-72.21473,43.63903],[-72.20991,43.62898],[-72.19999,43.6234],[-72.18924,43.61028]],[[-72.18924,43.61028],[-72.19992,43.6237],[-72.20896,43.62897],[-72.21086,43.63435],[-72.20694,43.63432],[-72.21624,43.64006],[-72.22647,43.64153],[-72.24711,43.64928],[-72.24588,43.65101],[-72.24858,43.64846],[-72.21601,43.63974],[-72.21272,43.63663],[-72.21345,43.63406],[-72.21357,43.63577],[-72.20694,43.63432],[-72.21434,43.63516],[-72.2093,43.62835],[-72.20028,43.62364],[-72.18934,43.61034],[-72.18675,43.60996]]]},"properties":{"group":"plow","dataStatus":"reference","color":"#d6e8ff","title":"224 Route C I89 Exit 18 South Exits 17 16 15 & 14","status":"District 2 \u00b7 route C","details":"New Hampshire winter-maintenance plow route. This is the route the state plows, not a live truck.","provider":"NHDOT","sourceUrl":"https://www.nh.gov/dot/","district":2,"plowRoute":"C"}},{"type":"Feature","id":"nh-plow-127","geometry":{"type":"MultiLineString","coordinates":[[[-72.18675,43.60996],[-72.18924,43.61028],[-72.18165,43.60275],[-72.16712,43.59987],[-72.16739,43.58911],[-72.16035,43.57508],[-72.14905,43.56718],[-72.16008,43.57546],[-72.16683,43.59034],[-72.16513,43.59738],[-72.16682,43.60017],[-72.18299,43.60387],[-72.19969,43.62348],[-72.20853,43.62847],[-72.21454,43.6392],[-72.22687,43.64165],[-72.23713,43.647],[-72.24858,43.64846],[-72.24228,43.64766]],[[-72.24228,43.64766],[-72.21473,43.63903],[-72.20991,43.62898],[-72.19999,43.6234],[-72.18924,43.61028]],[[-72.18924,43.61028],[-72.19992,43.6237],[-72.20896,43.62897],[-72.21086,43.63435],[-72.20694,43.63432],[-72.21624,43.64006],[-72.22647,43.64153],[-72.24711,43.64928],[-72.24588,43.65101],[-72.24858,43.64846],[-72.21601,43.63974],[-72.21272,43.63663],[-72.21345,43.63406],[-72.21357,43.63577],[-72.20694,43.63432],[-72.21434,43.63516],[-72.2093,43.62835],[-72.20028,43.62364],[-72.18934,43.61034],[-72.18675,43.60996]]]},"properties":{"group":"plow","dataStatus":"reference","color":"#d6e8ff","title":"224 Route C I89 Exit 18 South Exits 17 16 15 & 14","status":"District 2 \u00b7 route C","details":"New Hampshire winter-maintenance plow route. This is the route the state plows, not a live truck.","provider":"NHDOT","sourceUrl":"https://www.nh.gov/dot/","district":2,"plowRoute":"C"}},{"type":"Feature","id":"nh-plow-128","geometry":{"type":"LineString","coordinates":[[-72.18675,43.60996],[-72.19992,43.6237],[-72.20853,43.62847],[-72.21454,43.6392],[-72.24813,43.64953],[-72.26082,43.65057],[-72.28707,43.63528],[-72.31444,43.63111],[-72.33147,43.63553],[-72.32178,43.63151],[-72.31169,43.63093],[-72.2785,43.63746],[-72.28029,43.63782],[-72.26019,43.65015],[-72.24813,43.64953],[-72.26082,43.65057],[-72.28466,43.63731],[-72.27466,43.63787],[-72.28152,43.63911],[-72.28707,43.63528],[-72.31444,43.63111],[-72.33147,43.63553],[-72.32075,43.63125],[-72.32181,43.62976],[-72.28662,43.63519],[-72.27466,43.63787],[-72.27932,43.63819],[-72.26125,43.64953],[-72.25921,43.65026],[-72.2637,43.64804],[-72.25557,43.65041],[-72.24907,43.64836],[-72.25356,43.64725],[-72.23787,43.64699],[-72.22718,43.64156],[-72.21498,43.6392],[-72.20966,43.62871],[-72.20028,43.62364],[-72.18934,43.61034],[-72.18675,43.60996]]},"properties":{"group":"plow","dataStatus":"reference","color":"#d6e8ff","title":"224 Route D Exit 18 North Exits 19 & 20 Scales & Lebanon Rest Area","status":"District 2 \u00b7 route D","details":"New Hampshire winter-maintenance plow route. This is the route the state plows, not a live truck.","provider":"NHDOT","sourceUrl":"https://www.nh.gov/dot/","district":2,"plowRoute":"D"}},{"type":"Feature","id":"nh-plow-1","geometry":{"type":"MultiLineString","coordinates":[[[-71.43608,45.04828],[-71.44306,45.04657],[-71.44393,45.0416],[-71.45183,45.03881],[-71.45936,45.03187],[-71.46627,45.0202],[-71.46633,45.01369],[-71.46627,45.0202],[-71.46325,45.02245],[-71.46483,45.01228],[-71.47593,45.00855],[-71.47934,45.00083],[-71.4856,44.99903],[-71.50364,45.00658],[-71.50927,45.00561],[-71.50745,45.00809],[-71.5143,45.00274],[-71.52907,44.99925],[-71.53154,44.99455],[-71.53495,44.99574],[-71.53154,44.99455],[-71.52952,44.98513],[-71.53073,44.97671],[-71.51771,44.97284],[-71.51504,44.96954],[-71.51258,44.95595],[-71.51478,44.9348],[-71.50753,44.92332],[-71.50807,44.92506]],[[-71.50807,44.92506],[-71.51478,44.9348],[-71.51258,44.95595],[-71.51491,44.96917],[-71.51747,44.97273],[-71.53101,44.97714],[-71.53084,44.99747],[-71.505,45.00671],[-71.485,44.99887],[-71.47934,45.00083],[-71.47593,45.00855],[-71.46483,45.01228],[-71.46362,45.02615],[-71.45936,45.03187],[-71.45183,45.03881],[-71.44393,45.0416],[-71.44306,45.04657],[-71.43608,45.04828]]]},"properties":{"group":"plow","dataStatus":"reference","color":"#d6e8ff","title":"101L Route A Colebrook End","status":"District 1 \u00b7 route A","details":"New Hampshire winter-maintenance plow route. This is the route the state plows, not a live truck.","provider":"NHDOT","sourceUrl":"https://www.nh.gov/dot/","district":1,"plowRoute":"A"}},{"type":"Feature","id":"nh-plow-2","geometry":{"type":"LineString","coordinates":[[-71.43608,45.04828],[-71.41595,45.05643],[-71.39147,45.05153],[-71.39192,45.0487],[-71.4096,45.04499],[-71.40931,45.03271],[-71.41895,45.00004],[-71.43309,44.99975],[-71.44883,45.00562],[-71.46109,45.00524],[-71.47966,45.00069],[-71.46109,45.00524],[-71.44883,45.00562],[-71.43345,44.99982],[-71.41988,44.99949],[-71.42997,44.98709],[-71.43426,44.97369],[-71.44043,44.97217],[-71.44462,44.96681],[-71.44043,44.97217],[-71.43426,44.97369],[-71.43006,44.98693],[-71.42065,44.99905]]},"properties":{"group":"plow","dataStatus":"reference","color":"#d6e8ff","title":"101L Route B Bell Young Hill","status":"District 1 \u00b7 route B","details":"New Hampshire winter-maintenance plow route. This is the route the state plows, not a live truck.","provider":"NHDOT","sourceUrl":"https://www.nh.gov/dot/","district":1,"plowRoute":"B"}},{"type":"Feature","id":"nh-plow-3","geometry":{"type":"LineString","coordinates":[[-71.25344,45.11041],[-71.26236,45.11],[-71.28794,45.10205],[-71.2874,45.09187],[-71.2912,45.08884],[-71.32551,45.0851],[-71.3332,45.0813],[-71.35033,45.05055],[-71.36802,45.04876],[-71.37397,45.05165],[-71.39216,45.05156],[-71.40124,45.05501],[-71.41548,45.05645],[-71.4219,45.05507],[-71.42601,45.05074],[-71.43738,45.04799],[-71.42601,45.05074],[-71.4219,45.05507],[-71.41548,45.05645],[-71.40124,45.05501],[-71.39216,45.05156],[-71.37397,45.05165],[-71.36802,45.04876],[-71.35033,45.05055],[-71.3332,45.0813],[-71.32551,45.0851],[-71.2912,45.08884],[-71.2874,45.09187],[-71.28794,45.10205],[-71.26236,45.11],[-71.25344,45.11041]]},"properties":{"group":"plow","dataStatus":"reference","color":"#d6e8ff","title":"101L Route C Clarksville Stewardtown","status":"District 1 \u00b7 route C","details":"New Hampshire winter-maintenance plow route. This is the route the state plows, not a live truck.","provider":"NHDOT","sourceUrl":"https://www.nh.gov/dot/","district":1,"plowRoute":"C"}},{"type":"Feature","id":"nh-plow-4","geometry":{"type":"LineString","coordinates":[[-71.20489,45.25276],[-71.19723,45.24845],[-71.19354,45.23428],[-71.20079,45.22002],[-71.20083,45.20919],[-71.19354,45.20035],[-71.18952,45.18796],[-71.18265,45.18343],[-71.18231,45.17911],[-71.18765,45.17423],[-71.18867,45.16883],[-71.18392,45.158],[-71.18754,45.15151],[-71.18061,45.14281],[-71.21456,45.1338],[-71.23025,45.12688],[-71.24048,45.11666],[-71.25251,45.1107],[-71.26236,45.11],[-71.28781,45.10213],[-71.28754,45.09156],[-71.29605,45.08785],[-71.28754,45.09156],[-71.28781,45.10213],[-71.26236,45.11],[-71.25251,45.1107],[-71.24048,45.11666],[-71.23025,45.12688],[-71.21456,45.1338],[-71.18061,45.14281],[-71.18754,45.15151],[-71.18392,45.158],[-71.18867,45.16883],[-71.18765,45.17423],[-71.18231,45.17911],[-71.18265,45.18343],[-71.18952,45.18796],[-71.19354,45.20035],[-71.20083,45.20919],[-71.20079,45.22002],[-71.19354,45.23428],[-71.19723,45.24845],[-71.20489,45.25276]]},"properties":{"group":"plow","dataStatus":"reference","color":"#d6e8ff","title":"101U Route D Going to the Border","status":"District 1 \u00b7 route D","details":"New Hampshire winter-maintenance plow route. This is the route the state plows, not a live truck.","provider":"NHDOT","sourceUrl":"https://www.nh.gov/dot/","district":1,"plowRoute":"D"}},{"type":"Feature","id":"nh-plow-5","geometry":{"type":"LineString","coordinates":[[-71.53958,44.86302],[-71.55266,44.85091],[-71.55173,44.85321],[-71.5527,44.8491],[-71.54976,44.83867],[-71.55278,44.82722],[-71.57018,44.81511],[-71.56623,44.80632],[-71.57305,44.78814],[-71.58413,44.77855],[-71.60351,44.76825],[-71.60737,44.76244],[-71.61835,44.75451],[-71.62871,44.75171],[-71.63124,44.75304],[-71.62066,44.73809],[-71.63011,44.75133],[-71.6265,44.74765],[-71.62854,44.75192],[-71.61739,44.75511],[-71.60737,44.76244],[-71.60351,44.76825],[-71.58413,44.77855],[-71.57293,44.78829],[-71.56623,44.80632],[-71.57018,44.81511],[-71.55278,44.82722],[-71.54976,44.83867],[-71.55244,44.85051],[-71.53958,44.86302]]},"properties":{"group":"plow","dataStatus":"reference","color":"#d6e8ff","title":"102 Route A Strafford Run","status":"District 1 \u00b7 route A","details":"New Hampshire winter-maintenance plow route. This is the route the state plows, not a live truck.","provider":"NHDOT","sourceUrl":"https://www.nh.gov/dot/","district":1,"plowRoute":"A"}},{"type":"Feature","id":"nh-plow-6","geometry":{"type":"LineString","coordinates":[[-71.53958,44.86302],[-71.51035,44.87781],[-71.50771,44.88038],[-71.50738,44.88527],[-71.49829,44.89112],[-71.49449,44.89741],[-71.492,44.91243],[-71.49565,44.91831],[-71.50753,44.92332],[-71.49548,44.91819],[-71.49166,44.91168],[-71.49645,44.89452],[-71.50781,44.89905],[-71.49645,44.89452],[-71.49721,44.89307],[-71.46401,44.89052],[-71.44094,44.88532],[-71.42218,44.87556],[-71.39771,44.8732],[-71.38727,44.8699],[-71.37309,44.87527],[-71.3578,44.87487],[-71.3427,44.87185],[-71.33593,44.86599],[-71.3427,44.87185],[-71.35799,44.87489],[-71.37309,44.87527],[-71.38688,44.86988],[-71.39771,44.8732],[-71.42169,44.87546],[-71.44176,44.88557],[-71.48688,44.89355],[-71.49721,44.89307],[-71.50738,44.88527],[-71.50771,44.88038],[-71.51058,44.87764],[-71.53958,44.86302]]},"properties":{"group":"plow","dataStatus":"reference","color":"#d6e8ff","title":"102 Route B Route 26","status":"District 1 \u00b7 route B","details":"New Hampshire winter-maintenance plow route. This is the route the state plows, not a live truck.","provider":"NHDOT","sourceUrl":"https://www.nh.gov/dot/","district":1,"plowRoute":"B"}},{"type":"Feature","id":"nh-plow-7","geometry":{"type":"LineString","coordinates":[[-71.35629,44.89355],[-71.35628,44.89067],[-71.36476,44.88068],[-71.37861,44.87198],[-71.38688,44.86988],[-71.39771,44.8732],[-71.42218,44.87556],[-71.44094,44.88532],[-71.46401,44.89052],[-71.49721,44.89307],[-71.50738,44.88527],[-71.50771,44.88038],[-71.51058,44.87764],[-71.53958,44.86302],[-71.51035,44.87781],[-71.50718,44.88547],[-71.49829,44.89112],[-71.49579,44.89561],[-71.48841,44.89725],[-71.48388,44.90413],[-71.47283,44.91078],[-71.46918,44.91715],[-71.45853,44.92601],[-71.4527,44.935],[-71.45313,44.94256],[-71.44752,44.95924],[-71.44911,44.96381],[-71.44462,44.96681],[-71.44916,44.96365],[-71.44752,44.95924],[-71.45313,44.94256],[-71.45279,44.93474],[-71.47296,44.91068]]},"properties":{"group":"plow","dataStatus":"reference","color":"#d6e8ff","title":"102 Route C Route 145","status":"District 1 \u00b7 route C","details":"New Hampshire winter-maintenance plow route. This is the route the state plows, not a live truck.","provider":"NHDOT","sourceUrl":"https://www.nh.gov/dot/","district":1,"plowRoute":"C"}},{"type":"Feature","id":"nh-plow-8","geometry":{"type":"LineString","coordinates":[[-71.33593,44.86599],[-71.30414,44.86686],[-71.28931,44.86331],[-71.28498,44.85588],[-71.28931,44.86331],[-71.30414,44.86686],[-71.33593,44.86599],[-71.3008,44.86706],[-71.30732,44.87164],[-71.30916,44.86818],[-71.30763,44.86702],[-71.30837,44.87143],[-71.31659,44.87013],[-71.3207,44.87273],[-71.31934,44.87051],[-71.31475,44.87071],[-71.3199,44.86772],[-71.32606,44.86921],[-71.32843,44.86705],[-71.32614,44.8692],[-71.32022,44.86766],[-71.30732,44.87164],[-71.30142,44.86837],[-71.30047,44.86473],[-71.28913,44.8632],[-71.28455,44.85508],[-71.2763,44.84804],[-71.29136,44.86414],[-71.30446,44.8669],[-71.33593,44.86599]]},"properties":{"group":"plow","dataStatus":"reference","color":"#d6e8ff","title":"103D Route A Dixsville Notch North","status":"District 1 \u00b7 route A","details":"New Hampshire winter-maintenance plow route. This is the route the state plows, not a live truck.","provider":"NHDOT","sourceUrl":"https://www.nh.gov/dot/","district":1,"plowRoute":"A"}},{"type":"Feature","id":"nh-plow-9","geometry":{"type":"LineString","coordinates":[[-71.13209,44.7834],[-71.12977,44.78256],[-71.13259,44.77927],[-71.14692,44.78417],[-71.1789,44.80064],[-71.20444,44.80341],[-71.2193,44.79997],[-71.24628,44.81356],[-71.25374,44.82656],[-71.2763,44.84804],[-71.25374,44.82656],[-71.24628,44.81356],[-71.2193,44.79997],[-71.20444,44.80341],[-71.1789,44.80064],[-71.14692,44.78417],[-71.13259,44.77927],[-71.12977,44.78256],[-71.13209,44.7834]]},"properties":{"group":"plow","dataStatus":"reference","color":"#d6e8ff","title":"103E Route B Dixsville Notch East","status":"District 1 \u00b7 route B","details":"New Hampshire winter-maintenance plow route. This is the route the state plows, not a live truck.","provider":"NHDOT","sourceUrl":"https://www.nh.gov/dot/","district":1,"plowRoute":"B"}},{"type":"Feature","id":"nh-plow-10","geometry":{"type":"LineString","coordinates":[[-71.04663,44.8621],[-71.05269,44.86057],[-71.06051,44.84985],[-71.05752,44.84205],[-71.05882,44.83375],[-71.07358,44.8341],[-71.07905,44.8227],[-71.08544,44.81785],[-71.10888,44.81122],[-71.11286,44.80497],[-71.10805,44.79739],[-71.10839,44.79198],[-71.12432,44.78793],[-71.12977,44.78256],[-71.13209,44.7834],[-71.12977,44.78256],[-71.12432,44.78793],[-71.10839,44.79198],[-71.10805,44.79739],[-71.11286,44.80497],[-71.10888,44.81122],[-71.08544,44.81785],[-71.07905,44.8227],[-71.07358,44.8341],[-71.05882,44.83375],[-71.05752,44.84205],[-71.06051,44.84985],[-71.05269,44.86057],[-71.04663,44.8621]]},"properties":{"group":"plow","dataStatus":"reference","color":"#d6e8ff","title":"103E Route C Magalloway (North)","status":"District 1 \u00b7 route C","details":"New Hampshire winter-maintenance plow route. This is the route the state plows, not a live truck.","provider":"NHDOT","sourceUrl":"https://www.nh.gov/dot/","district":1,"plowRoute":"C"}},{"type":"Feature","id":"nh-plow-11","geometry":{"type":"LineString","coordinates":[[-71.03359,44.69852],[-71.04753,44.70286],[-71.0573,44.70265],[-71.08232,44.71946],[-71.09193,44.72853],[-71.1053,44.73496],[-71.11351,44.74522],[-71.12751,44.75135],[-71.12897,44.75555],[-71.12601,44.76991],[-71.13259,44.77927],[-71.12977,44.78256],[-71.13209,44.7834],[-71.12977,44.78256],[-71.13259,44.77927],[-71.12601,44.76991],[-71.12897,44.75555],[-71.12751,44.75135],[-71.11351,44.74522],[-71.1053,44.73496],[-71.09193,44.72853],[-71.08232,44.71946],[-71.0573,44.70265],[-71.04753,44.70286],[-71.03359,44.69852]]},"properties":{"group":"plow","dataStatus":"reference","color":"#d6e8ff","title":"103E Route D Upton","status":"District 1 \u00b7 route D","details":"New Hampshire winter-maintenance plow route. This is the route the state plows, not a live truck.","provider":"NHDOT","sourceUrl":"https://www.nh.gov/dot/","district":1,"plowRoute":"D"}},{"type":"Feature","id":"nh-plow-12","geometry":{"type":"LineString","coordinates":[[-71.13209,44.7834],[-71.12977,44.78256],[-71.13204,44.77958],[-71.13796,44.78116],[-71.14109,44.77785],[-71.13431,44.76823],[-71.14763,44.75763],[-71.14641,44.74133],[-71.14974,44.74067],[-71.16562,44.74725],[-71.18143,44.74067],[-71.17531,44.73164],[-71.16302,44.7231],[-71.17386,44.71672],[-71.16977,44.69765],[-71.17634,44.69041],[-71.17565,44.68276],[-71.17939,44.6783],[-71.17999,44.66851],[-71.18251,44.66644],[-71.17999,44.66851],[-71.17939,44.6783],[-71.17565,44.68276],[-71.17634,44.69041],[-71.16977,44.69765],[-71.17386,44.71672],[-71.16302,44.7231],[-71.17531,44.73164],[-71.18143,44.74067],[-71.16562,44.74725],[-71.14974,44.74067],[-71.14641,44.74133],[-71.14763,44.75763],[-71.13431,44.76823],[-71.14109,44.77785],[-71.13796,44.78116],[-71.13204,44.77958],[-71.12977,44.78256],[-71.13209,44.7834]]},"properties":{"group":"plow","dataStatus":"reference","color":"#d6e8ff","title":"103 Route E NH 16 North","status":"District 1 \u00b7 route E","details":"New Hampshire winter-maintenance plow route. This is the route the state plows, not a live truck.","provider":"NHDOT","sourceUrl":"https://www.nh.gov/dot/","district":1,"plowRoute":"E"}},{"type":"Feature","id":"nh-plow-13","geometry":{"type":"LineString","coordinates":[[-71.52516,44.60606],[-71.5355,44.60436],[-71.52516,44.60606],[-71.51478,44.59901],[-71.51112,44.59887],[-71.51164,44.5936],[-71.53107,44.58426],[-71.55584,44.56373],[-71.57485,44.56058],[-71.57888,44.55787],[-71.56811,44.54148],[-71.57355,44.5291],[-71.56811,44.54148],[-71.57888,44.55787],[-71.57485,44.56058],[-71.55584,44.56373],[-71.53107,44.58426],[-71.51164,44.5936],[-71.51112,44.59887],[-71.51857,44.60125],[-71.53944,44.61728],[-71.54426,44.60263],[-71.52516,44.60606]]},"properties":{"group":"plow","dataStatus":"reference","color":"#d6e8ff","title":"104 Route A NH 3 South","status":"District 1 \u00b7 route A","details":"New Hampshire winter-maintenance plow route. This is the route the state plows, not a live truck.","provider":"NHDOT","sourceUrl":"https://www.nh.gov/dot/","district":1,"plowRoute":"A"}},{"type":"Feature","id":"nh-plow-14","geometry":{"type":"LineString","coordinates":[[-71.51129,44.5942],[-71.49399,44.59451],[-71.48676,44.58971],[-71.49083,44.57206],[-71.5073,44.54539],[-71.50898,44.53741],[-71.50523,44.53359],[-71.49363,44.52964],[-71.48246,44.51814],[-71.49363,44.52964],[-71.50523,44.53359],[-71.50898,44.53741],[-71.5073,44.54539],[-71.49076,44.57221],[-71.48621,44.58626],[-71.48778,44.59168],[-71.50451,44.59576],[-71.51129,44.5942],[-71.51112,44.59887],[-71.51478,44.59901],[-71.52516,44.60606],[-71.5355,44.60436],[-71.52516,44.60606],[-71.51478,44.59901],[-71.51112,44.59887],[-71.51129,44.5942]]},"properties":{"group":"plow","dataStatus":"reference","color":"#d6e8ff","title":"104 Route B NH 3 South","status":"District 1 \u00b7 route B","details":"New Hampshire winter-maintenance plow route. This is the route the state plows, not a live truck.","provider":"NHDOT","sourceUrl":"https://www.nh.gov/dot/","district":1,"plowRoute":"B"}},{"type":"Feature","id":"nh-plow-15","geometry":{"type":"MultiLineString","coordinates":[[[-71.5355,44.60437],[-71.52516,44.60607],[-71.53588,44.61418],[-71.53951,44.62036],[-71.54322,44.64448],[-71.56447,44.65472],[-71.5723,44.67693],[-71.58435,44.6808],[-71.58761,44.68409],[-71.59704,44.71748],[-71.6143,44.72764],[-71.62066,44.7381]],[[-71.55597,44.65116],[-71.54322,44.64448],[-71.53951,44.62036],[-71.53588,44.61418],[-71.52516,44.60607],[-71.5355,44.60437],[-71.52516,44.60607],[-71.53588,44.61418],[-71.53951,44.62036],[-71.54329,44.64459],[-71.54996,44.6464],[-71.55597,44.65116],[-71.55606,44.65418],[-71.5623,44.6536],[-71.55894,44.65234],[-71.5529,44.65952],[-71.55894,44.65234],[-71.5623,44.6536],[-71.55572,44.65345],[-71.5529,44.65952],[-71.55597,44.65116],[-71.56411,44.65438],[-71.5723,44.67693],[-71.58328,44.68038],[-71.5723,44.67693],[-71.5643,44.65455],[-71.54322,44.64448],[-71.53951,44.62036],[-71.53588,44.61418],[-71.52516,44.60607],[-71.5355,44.60437]]]},"properties":{"group":"plow","dataStatus":"reference","color":"#d6e8ff","title":"104 Route C Strafford Run","status":"District 1 \u00b7 route C","details":"New Hampshire winter-maintenance plow route. This is the route the state plows, not a live truck.","provider":"NHDOT","sourceUrl":"https://www.nh.gov/dot/","district":1,"plowRoute":"C"}},{"type":"Feature","id":"nh-plow-16","geometry":{"type":"LineString","coordinates":[[-71.30967,44.5869],[-71.30903,44.59314],[-71.30569,44.5978],[-71.31454,44.60722],[-71.32682,44.60425],[-71.37123,44.62368],[-71.39715,44.61479],[-71.40392,44.60432],[-71.41379,44.59609],[-71.42155,44.59558],[-71.42774,44.59792],[-71.43508,44.60539],[-71.46522,44.60736],[-71.49496,44.61254],[-71.50631,44.60951],[-71.50321,44.60014],[-71.51129,44.5942],[-71.50321,44.60014],[-71.50631,44.60951],[-71.49496,44.61254],[-71.46522,44.60736],[-71.43508,44.60539],[-71.42774,44.59792],[-71.42155,44.59558],[-71.41379,44.59609],[-71.40392,44.60432],[-71.39715,44.61479],[-71.37123,44.62368],[-71.32682,44.60425],[-71.31454,44.60722],[-71.30569,44.5978],[-71.30903,44.59314],[-71.30967,44.5869]]},"properties":{"group":"plow","dataStatus":"reference","color":"#d6e8ff","title":"105 Route A Groveton Run","status":"District 1 \u00b7 route A","details":"New Hampshire winter-maintenance plow route. This is the route the state plows, not a live truck.","provider":"NHDOT","sourceUrl":"https://www.nh.gov/dot/","district":1,"plowRoute":"A"}},{"type":"Feature","id":"nh-plow-17","geometry":{"type":"LineString","coordinates":[[-71.23315,44.57939],[-71.25463,44.58746],[-71.2609,44.60101],[-71.24721,44.60543],[-71.23583,44.61434],[-71.24721,44.60543],[-71.26977,44.59664],[-71.28478,44.59534],[-71.29154,44.59813],[-71.3017,44.59497],[-71.30569,44.5978],[-71.3098,44.58836],[-71.30569,44.5978],[-71.3017,44.59497],[-71.29154,44.59813],[-71.28441,44.59534],[-71.26977,44.59664],[-71.2609,44.60101],[-71.25463,44.58746],[-71.23315,44.57939]]},"properties":{"group":"plow","dataStatus":"reference","color":"#d6e8ff","title":"105 Route B Milan Hill","status":"District 1 \u00b7 route B","details":"New Hampshire winter-maintenance plow route. This is the route the state plows, not a live truck.","provider":"NHDOT","sourceUrl":"https://www.nh.gov/dot/","district":1,"plowRoute":"B"}},{"type":"Feature","id":"nh-plow-18","geometry":{"type":"LineString","coordinates":[[-71.19038,44.4772],[-71.23336,44.5021],[-71.23932,44.51081],[-71.26181,44.53288],[-71.27246,44.53904],[-71.2769,44.55196],[-71.28442,44.55731],[-71.29295,44.57444],[-71.30008,44.58106],[-71.29999,44.59342],[-71.30603,44.59758],[-71.30967,44.5869],[-71.30603,44.59758],[-71.30039,44.59396],[-71.30008,44.58106],[-71.29295,44.57444],[-71.28442,44.55731],[-71.2769,44.55196],[-71.27303,44.53971],[-71.26215,44.53318],[-71.25565,44.52616],[-71.26215,44.53318],[-71.27291,44.53957],[-71.27677,44.55175],[-71.28458,44.55752],[-71.29092,44.57094],[-71.28458,44.55752],[-71.27677,44.55175],[-71.27278,44.5394],[-71.26181,44.53288],[-71.23932,44.51081],[-71.23485,44.50376],[-71.24525,44.4989],[-71.26503,44.50161],[-71.24525,44.4989],[-71.23485,44.50376],[-71.19038,44.4772]]},"properties":{"group":"plow","dataStatus":"reference","color":"#d6e8ff","title":"105 Route C Berlin Road","status":"District 1 \u00b7 route C","details":"New Hampshire winter-maintenance plow route. This is the route the state plows, not a live truck.","provider":"NHDOT","sourceUrl":"https://www.nh.gov/dot/","district":1,"plowRoute":"C"}},{"type":"Feature","id":"nh-plow-19","geometry":{"type":"LineString","coordinates":[[-71.18251,44.66644],[-71.20889,44.6661],[-71.21879,44.66341],[-71.23502,44.64274],[-71.24826,44.63774],[-71.25081,44.62844],[-71.23858,44.61535],[-71.22416,44.61266],[-71.21365,44.60796],[-71.20121,44.59759],[-71.21365,44.60796],[-71.23902,44.61567],[-71.25072,44.62828],[-71.25051,44.63464],[-71.24789,44.63803],[-71.23502,44.64274],[-71.21842,44.66359],[-71.20889,44.6661],[-71.18251,44.66644]]},"properties":{"group":"plow","dataStatus":"reference","color":"#d6e8ff","title":"106 Route A Errol Run","status":"District 1 \u00b7 route A","details":"New Hampshire winter-maintenance plow route. This is the route the state plows, not a live truck.","provider":"NHDOT","sourceUrl":"https://www.nh.gov/dot/","district":1,"plowRoute":"A"}},{"type":"Feature","id":"nh-plow-20","geometry":{"type":"LineString","coordinates":[[-71.15936,44.50711],[-71.16217,44.52475],[-71.17441,44.54119],[-71.1809,44.55729],[-71.18119,44.56906],[-71.18495,44.57284],[-71.18112,44.56889],[-71.18095,44.55745],[-71.17441,44.54119],[-71.16061,44.52096],[-71.15936,44.50711],[-71.16217,44.52475],[-71.17441,44.54119],[-71.1809,44.55729],[-71.18119,44.56906],[-71.18855,44.57686],[-71.1962,44.59383],[-71.20322,44.5977],[-71.1962,44.59383],[-71.18855,44.57686],[-71.18119,44.56906],[-71.1809,44.55729],[-71.17441,44.54119],[-71.16217,44.52475],[-71.15936,44.50711]]},"properties":{"group":"plow","dataStatus":"reference","color":"#d6e8ff","title":"106 Route B NH 16 South","status":"District 1 \u00b7 route B","details":"New Hampshire winter-maintenance plow route. This is the route the state plows, not a live truck.","provider":"NHDOT","sourceUrl":"https://www.nh.gov/dot/","district":1,"plowRoute":"B"}},{"type":"Feature","id":"nh-plow-21","geometry":{"type":"LineString","coordinates":[[-71.15659,44.5281],[-71.16356,44.53809],[-71.16222,44.54614],[-71.17449,44.56138],[-71.17822,44.57506],[-71.18495,44.57284],[-71.20089,44.57276],[-71.23315,44.57939],[-71.20115,44.57278],[-71.18564,44.5736],[-71.19917,44.59652],[-71.20322,44.5977],[-71.19544,44.59284],[-71.18495,44.57284],[-71.17822,44.57506],[-71.17449,44.56138],[-71.16222,44.54614],[-71.16356,44.53809],[-71.15659,44.5281]]},"properties":{"group":"plow","dataStatus":"reference","color":"#d6e8ff","title":"106 Route C East Side River Road","status":"District 1 \u00b7 route C","details":"New Hampshire winter-maintenance plow route. This is the route the state plows, not a live truck.","provider":"NHDOT","sourceUrl":"https://www.nh.gov/dot/","district":1,"plowRoute":"C"}},{"type":"Feature","id":"nh-plow-22","geometry":{"type":"LineString","coordinates":[[-71.56965,44.48727],[-71.57066,44.49223],[-71.5761,44.49694],[-71.5683,44.50601],[-71.56989,44.51694],[-71.57462,44.52269],[-71.57355,44.5291],[-71.57153,44.52799],[-71.57355,44.5291],[-71.57462,44.52269],[-71.56989,44.51694],[-71.56865,44.50514],[-71.57639,44.49702],[-71.59485,44.49614],[-71.57646,44.49688],[-71.56976,44.49036],[-71.5689,44.48511],[-71.57263,44.48105],[-71.57248,44.47032],[-71.57791,44.45477],[-71.5789,44.4439],[-71.59389,44.42447],[-71.59234,44.4126],[-71.60349,44.38336],[-71.61183,44.373],[-71.60349,44.38336],[-71.59234,44.4126],[-71.59389,44.42447],[-71.57915,44.44313],[-71.57791,44.45477],[-71.57248,44.47032],[-71.57319,44.47851],[-71.5689,44.48511],[-71.56965,44.48727]]},"properties":{"group":"plow","dataStatus":"reference","color":"#d6e8ff","title":"107L Route A Whitefield (Route 35)","status":"District 1 \u00b7 route A","details":"New Hampshire winter-maintenance plow route. This is the route the state plows, not a live truck.","provider":"NHDOT","sourceUrl":"https://www.nh.gov/dot/","district":1,"plowRoute":"A"}},{"type":"Feature","id":"nh-plow-24","geometry":{"type":"LineString","coordinates":[[-71.56451,44.48692],[-71.54685,44.4864],[-71.53286,44.47803],[-71.52385,44.46385],[-71.50478,44.46077],[-71.4934,44.45695],[-71.49228,44.45403],[-71.4934,44.45695],[-71.50478,44.46077],[-71.52385,44.46385],[-71.53387,44.47879],[-71.52585,44.48387],[-71.52289,44.49132],[-71.50547,44.49699],[-71.50378,44.50063],[-71.48246,44.51814],[-71.50378,44.50063],[-71.50547,44.49699],[-71.52289,44.49132],[-71.52585,44.48387],[-71.53387,44.47879],[-71.54763,44.48666],[-71.56965,44.48727],[-71.57066,44.49223],[-71.5761,44.49694],[-71.5683,44.50601],[-71.56989,44.51694],[-71.57462,44.52269],[-71.57355,44.5291],[-71.57153,44.52799],[-71.57355,44.5291],[-71.57462,44.52269],[-71.56989,44.51694],[-71.5683,44.50601],[-71.57609,44.49686],[-71.57066,44.49223],[-71.56965,44.48727],[-71.56451,44.48692]]},"properties":{"group":"plow","dataStatus":"reference","color":"#d6e8ff","title":"107L Route C North Road","status":"District 1 \u00b7 route C","details":"New Hampshire winter-maintenance plow route. This is the route the state plows, not a live truck.","provider":"NHDOT","sourceUrl":"https://www.nh.gov/dot/","district":1,"plowRoute":"C"}},{"type":"Feature","id":"nh-plow-25","geometry":{"type":"LineString","coordinates":[[-71.61145,44.37354],[-71.5965,44.37089],[-71.58214,44.37516],[-71.57357,44.38256],[-71.56739,44.39322],[-71.55507,44.4015],[-71.5332,44.39699],[-71.55507,44.4015],[-71.56739,44.39322],[-71.57357,44.38256],[-71.58193,44.37526],[-71.59623,44.37091],[-71.61183,44.373],[-71.6032,44.3682],[-71.60092,44.36886],[-71.61161,44.37236],[-71.61463,44.37041],[-71.61161,44.37236],[-71.60146,44.36767],[-71.5874,44.35826],[-71.58074,44.34883],[-71.58778,44.35858],[-71.61145,44.37354]]},"properties":{"group":"plow","dataStatus":"reference","color":"#d6e8ff","title":"107W Route D NH 116 Jefferson","status":"District 1 \u00b7 route D","details":"New Hampshire winter-maintenance plow route. This is the route the state plows, not a live truck.","provider":"NHDOT","sourceUrl":"https://www.nh.gov/dot/","district":1,"plowRoute":"D"}},{"type":"Feature","id":"nh-plow-26","geometry":{"type":"LineString","coordinates":[[-71.60092,44.36886],[-71.61161,44.37236],[-71.63128,44.3579],[-71.64346,44.34204],[-71.64717,44.33316],[-71.66523,44.31972],[-71.67088,44.31944],[-71.69062,44.3275],[-71.70203,44.32712],[-71.70796,44.32075],[-71.71677,44.31707],[-71.74465,44.31035],[-71.71677,44.31707],[-71.70796,44.32075],[-71.70203,44.32712],[-71.69062,44.3275],[-71.67088,44.31944],[-71.66523,44.31972],[-71.64717,44.33316],[-71.64346,44.34204],[-71.63128,44.3579],[-71.61161,44.37236],[-71.60092,44.36886]]},"properties":{"group":"plow","dataStatus":"reference","color":"#d6e8ff","title":"107W Route E Littleton NH 3","status":"District 1 \u00b7 route E","details":"New Hampshire winter-maintenance plow route. This is the route the state plows, not a live truck.","provider":"NHDOT","sourceUrl":"https://www.nh.gov/dot/","district":1,"plowRoute":"E"}},{"type":"Feature","id":"nh-plow-27","geometry":{"type":"LineString","coordinates":[[-71.41783,44.38132],[-71.43467,44.37851],[-71.42213,44.38401],[-71.43457,44.37822],[-71.41763,44.38096],[-71.40216,44.36846],[-71.38984,44.36342],[-71.34982,44.35794],[-71.34246,44.35816],[-71.32854,44.36451],[-71.29966,44.37046],[-71.27292,44.3731],[-71.29966,44.37046],[-71.32854,44.36451],[-71.34246,44.35816],[-71.34982,44.35794],[-71.36554,44.35899],[-71.34345,44.35797],[-71.3296,44.36419],[-71.34434,44.3579],[-71.38569,44.36249],[-71.40187,44.36829],[-71.41783,44.38132]]},"properties":{"group":"plow","dataStatus":"reference","color":"#d6e8ff","title":"108 Route A Route 2 Gorham","status":"District 1 \u00b7 route A","details":"New Hampshire winter-maintenance plow route. This is the route the state plows, not a live truck.","provider":"NHDOT","sourceUrl":"https://www.nh.gov/dot/","district":1,"plowRoute":"A"}},{"type":"Feature","id":"nh-plow-28","geometry":{"type":"MultiLineString","coordinates":[[[-71.41783,44.38132],[-71.4352,44.37801],[-71.44947,44.36748],[-71.4838,44.36234],[-71.51517,44.35255],[-71.52215,44.34386],[-71.51517,44.35255],[-71.4838,44.36234],[-71.44947,44.36748],[-71.4352,44.37801],[-71.41783,44.38132],[-71.44452,44.40289],[-71.47747,44.42108],[-71.51734,44.43703],[-71.52918,44.44622],[-71.53807,44.46193],[-71.54573,44.47003],[-71.56944,44.48669]],[[-71.56944,44.48669],[-71.54573,44.47003],[-71.53807,44.46193],[-71.52918,44.44622],[-71.51734,44.43703],[-71.47747,44.42108],[-71.44452,44.40289],[-71.41829,44.3815],[-71.42229,44.37907],[-71.43457,44.37822],[-71.42213,44.38401],[-71.43457,44.37822],[-71.41777,44.38098],[-71.4103,44.37441],[-71.41783,44.38132]]]},"properties":{"group":"plow","dataStatus":"reference","color":"#d6e8ff","title":"108 Route B Route 2 West","status":"District 1 \u00b7 route B","details":"New Hampshire winter-maintenance plow route. This is the route the state plows, not a live truck.","provider":"NHDOT","sourceUrl":"https://www.nh.gov/dot/","district":1,"plowRoute":"B"}},{"type":"Feature","id":"nh-plow-29","geometry":{"type":"LineString","coordinates":[[-71.42213,44.38401],[-71.43371,44.37955],[-71.44778,44.36806],[-71.47267,44.36379],[-71.4749,44.3739],[-71.47291,44.378],[-71.48057,44.38596],[-71.47157,44.4024],[-71.47475,44.41938],[-71.48188,44.42273],[-71.49247,44.41802],[-71.50269,44.40708],[-71.50043,44.40043],[-71.5332,44.39699],[-71.50043,44.40043],[-71.50269,44.40708],[-71.49247,44.41802],[-71.48188,44.42273],[-71.48645,44.42435],[-71.49228,44.45403],[-71.48645,44.42435],[-71.47475,44.41938],[-71.47157,44.40201],[-71.48057,44.38596],[-71.47291,44.378],[-71.4749,44.3739],[-71.47267,44.36379],[-71.44778,44.36806],[-71.43371,44.37955],[-71.42213,44.38401]]},"properties":{"group":"plow","dataStatus":"reference","color":"#d6e8ff","title":"108 Route C Route 115A","status":"District 1 \u00b7 route C","details":"New Hampshire winter-maintenance plow route. This is the route the state plows, not a live truck.","provider":"NHDOT","sourceUrl":"https://www.nh.gov/dot/","district":1,"plowRoute":"C"}},{"type":"Feature","id":"nh-plow-30","geometry":{"type":"LineString","coordinates":[[-71.19524,44.3982],[-71.19938,44.4038],[-71.19403,44.41509],[-71.18915,44.44948],[-71.19403,44.41509],[-71.19938,44.4038],[-71.19524,44.3982],[-71.19938,44.4038],[-71.19403,44.41509],[-71.18914,44.4495],[-71.19403,44.41509],[-71.19938,44.4038],[-71.19524,44.3982],[-71.21219,44.39999],[-71.22251,44.39638],[-71.21219,44.39999],[-71.19524,44.3982]]},"properties":{"group":"plow","dataStatus":"reference","color":"#d6e8ff","title":"109 Route A The Hill","status":"District 1 \u00b7 route A","details":"New Hampshire winter-maintenance plow route. This is the route the state plows, not a live truck.","provider":"NHDOT","sourceUrl":"https://www.nh.gov/dot/","district":1,"plowRoute":"A"}},{"type":"Feature","id":"nh-plow-31","geometry":{"type":"MultiLineString","coordinates":[[[-71.22251,44.39638],[-71.22919,44.38661],[-71.27292,44.3731],[-71.22899,44.3867],[-71.21663,44.39919],[-71.19524,44.3982],[-71.19938,44.4038],[-71.19403,44.41509],[-71.18915,44.44948]],[[-71.18914,44.4495],[-71.19399,44.41529],[-71.19931,44.40244],[-71.19324,44.39506],[-71.17272,44.38796],[-71.17244,44.37765],[-71.1755,44.36493],[-71.1839,44.36105],[-71.18601,44.35695],[-71.19443,44.35098],[-71.19581,44.34531],[-71.203,44.34056]],[[-71.20305,44.34054],[-71.19581,44.34531],[-71.19443,44.35098],[-71.18601,44.35695],[-71.1839,44.36105],[-71.17529,44.36522],[-71.17272,44.38796],[-71.19312,44.39501],[-71.19524,44.3982],[-71.21219,44.39999],[-71.22251,44.39638]]]},"properties":{"group":"plow","dataStatus":"reference","color":"#d6e8ff","title":"109 Route B Glen Road","status":"District 1 \u00b7 route B","details":"New Hampshire winter-maintenance plow route. This is the route the state plows, not a live truck.","provider":"NHDOT","sourceUrl":"https://www.nh.gov/dot/","district":1,"plowRoute":"B"}},{"type":"Feature","id":"nh-plow-32","geometry":{"type":"MultiLineString","coordinates":[[[-71.22251,44.39638],[-71.21219,44.39999],[-71.19495,44.39787]],[[-71.19495,44.39787],[-71.19324,44.39506],[-71.18105,44.39017],[-71.1584,44.38494],[-71.13311,44.38715],[-71.11973,44.39639],[-71.0998,44.40577],[-71.08754,44.40794],[-71.08101,44.4065],[-71.07964,44.40277],[-71.07193,44.3972],[-71.05771,44.39825],[-71.04869,44.39283],[-71.03584,44.39314],[-71.02331,44.38517],[-71.01567,44.38511],[-71.02331,44.38517],[-71.03584,44.39314],[-71.04869,44.39283],[-71.05771,44.39825],[-71.07193,44.3972],[-71.07964,44.40277],[-71.08101,44.4065],[-71.08783,44.40796],[-71.09938,44.40594],[-71.11657,44.39806],[-71.1325,44.38725],[-71.15791,44.3849],[-71.17272,44.38796],[-71.15791,44.3849],[-71.1325,44.38725],[-71.11657,44.39806],[-71.09938,44.40594],[-71.08811,44.40796],[-71.08118,44.40661],[-71.07964,44.40277],[-71.07193,44.3972],[-71.05771,44.39825],[-71.04869,44.39283],[-71.03584,44.39314],[-71.02331,44.38517],[-71.01567,44.38511],[-71.02331,44.38517],[-71.03584,44.39314],[-71.04869,44.39283],[-71.05771,44.39825],[-71.07193,44.3972],[-71.07964,44.40277],[-71.08101,44.4065],[-71.08783,44.40796],[-71.09938,44.40594],[-71.11657,44.39806],[-71.13226,44.38732],[-71.15718,44.38495],[-71.18105,44.39017],[-71.19331,44.3951],[-71.19524,44.3982],[-71.21219,44.39999],[-71.22251,44.39638]]]},"properties":{"group":"plow","dataStatus":"reference","color":"#d6e8ff","title":"109 Route C Shelborne beat","status":"District 1 \u00b7 route C","details":"New Hampshire winter-maintenance plow route. This is the route the state plows, not a live truck.","provider":"NHDOT","sourceUrl":"https://www.nh.gov/dot/","district":1,"plowRoute":"C"}},{"type":"Feature","id":"nh-plow-33","geometry":{"type":"LineString","coordinates":[[-71.35098,44.26978],[-71.35633,44.2672],[-71.38336,44.26346],[-71.39511,44.25788],[-71.4035,44.26025],[-71.41177,44.26792],[-71.4323,44.26095],[-71.44892,44.25953],[-71.45784,44.26293],[-71.45141,44.25521],[-71.42447,44.2383],[-71.41842,44.22702],[-71.41057,44.22037],[-71.41071,44.21743],[-71.40446,44.21115],[-71.40292,44.206],[-71.40708,44.19879],[-71.40601,44.1933],[-71.39341,44.17315],[-71.38818,44.17096],[-71.39341,44.17315],[-71.40601,44.1933],[-71.40708,44.19879],[-71.40292,44.206],[-71.40446,44.21115],[-71.41071,44.21743],[-71.41057,44.22037],[-71.41842,44.22702],[-71.4181,44.22967],[-71.41952,44.229],[-71.42447,44.2383],[-71.45141,44.25521],[-71.4585,44.2634],[-71.47204,44.26956],[-71.49649,44.26468],[-71.51553,44.2715],[-71.52762,44.26857],[-71.53984,44.27085],[-71.52762,44.26857],[-71.51553,44.2715],[-71.49649,44.26468],[-71.47166,44.26953],[-71.44848,44.2595],[-71.43072,44.26119],[-71.41177,44.26792],[-71.4035,44.26025],[-71.39578,44.25785],[-71.38336,44.26346],[-71.35633,44.2672],[-71.35098,44.26978]]},"properties":{"group":"plow","dataStatus":"reference","color":"#d6e8ff","title":"112 Route B Route 302 and Base Station Road","status":"District 1 \u00b7 route B","details":"New Hampshire winter-maintenance plow route. This is the route the state plows, not a live truck.","provider":"NHDOT","sourceUrl":"https://www.nh.gov/dot/","district":1,"plowRoute":"B"}},{"type":"Feature","id":"nh-plow-67","geometry":{"type":"LineString","coordinates":[[-71.91297,43.87228],[-71.93124,43.87109],[-71.93661,43.87934],[-71.95038,43.88627],[-71.96759,43.89111],[-71.97308,43.89778],[-71.97923,43.90034],[-71.99081,43.90203],[-72.00412,43.89827],[-72.03067,43.90812],[-72.03459,43.90792],[-72.04648,43.89849],[-72.06348,43.90076],[-72.07109,43.89869],[-72.07617,43.89472],[-72.08053,43.88542],[-72.09715,43.8782],[-72.10116,43.87929],[-72.10619,43.88613],[-72.11438,43.88754],[-72.14169,43.90152],[-72.13256,43.90886],[-72.12214,43.91165],[-72.11377,43.92197],[-72.12214,43.91165],[-72.13256,43.90886],[-72.14169,43.90152],[-72.11438,43.88754],[-72.10604,43.88605],[-72.10004,43.87872],[-72.09187,43.87976],[-72.08063,43.88534],[-72.07617,43.89472],[-72.07109,43.89869],[-72.06348,43.90076],[-72.04648,43.89849],[-72.03278,43.90836],[-72.00412,43.89827],[-71.99081,43.90203],[-71.97923,43.90034],[-71.97308,43.89778],[-71.96759,43.89111],[-71.95038,43.88627],[-71.93661,43.87934],[-71.93124,43.87109],[-71.91297,43.87228]]},"properties":{"group":"plow","dataStatus":"reference","color":"#d6e8ff","title":"201 Route B NH 25 A from Dame Hill to NH 25","status":"District 2 \u00b7 route B","details":"New Hampshire winter-maintenance plow route. This is the route the state plows, not a live truck.","provider":"NHDOT","sourceUrl":"https://www.nh.gov/dot/","district":2,"plowRoute":"B"}},{"type":"Feature","id":"nh-plow-68","geometry":{"type":"LineString","coordinates":[[-72.06907,44.02578],[-72.07013,44.02156],[-72.08041,44.01627],[-72.08886,44.00729],[-72.09974,44.00387],[-72.10654,43.99384],[-72.1047,43.97825],[-72.11267,43.97801],[-72.10478,43.97808],[-72.10658,43.99367],[-72.10006,44.00359],[-72.08923,44.00706],[-72.08041,44.01627],[-72.06999,44.02171],[-72.06797,44.01511],[-72.08079,43.98405],[-72.07949,43.96997],[-72.10478,43.97808],[-72.07949,43.96997],[-72.08376,43.96201],[-72.09589,43.95813],[-72.1116,43.94263],[-72.1148,43.93387],[-72.11313,43.92166],[-72.1148,43.93387],[-72.1116,43.94263],[-72.09589,43.95813],[-72.08376,43.96201],[-72.07908,43.97065],[-72.08079,43.98405],[-72.06797,44.01511],[-72.06907,44.02578]]},"properties":{"group":"plow","dataStatus":"reference","color":"#d6e8ff","title":"201 Route C Rt 10 Piermont  NH 25 River Road","status":"District 2 \u00b7 route C","details":"New Hampshire winter-maintenance plow route. This is the route the state plows, not a live truck.","provider":"NHDOT","sourceUrl":"https://www.nh.gov/dot/","district":2,"plowRoute":"C"}},{"type":"Feature","id":"nh-plow-69","geometry":{"type":"LineString","coordinates":[[-72.07317,43.89755],[-72.09794,43.89179],[-72.10284,43.88357],[-72.09814,43.89162],[-72.09461,43.8935],[-72.07317,43.89755],[-72.08053,43.88542],[-72.09751,43.8782],[-72.10127,43.87939],[-72.10604,43.88605],[-72.11438,43.88754],[-72.14169,43.90152],[-72.13256,43.90886],[-72.12214,43.91165],[-72.11377,43.92197],[-72.12247,43.91145],[-72.13233,43.90897],[-72.13713,43.90525],[-72.13991,43.90749],[-72.13713,43.90525],[-72.14169,43.90152],[-72.11438,43.88754],[-72.10604,43.88605],[-72.10127,43.87939],[-72.09751,43.8782],[-72.08053,43.88542],[-72.07317,43.89755]]},"properties":{"group":"plow","dataStatus":"reference","color":"#d6e8ff","title":"201 Route E Bridge St West end of 25A Dame Hill Rd","status":"District 2 \u00b7 route E","details":"New Hampshire winter-maintenance plow route. This is the route the state plows, not a live truck.","provider":"NHDOT","sourceUrl":"https://www.nh.gov/dot/","district":2,"plowRoute":"E"}},{"type":"Feature","id":"nh-plow-70","geometry":{"type":"MultiLineString","coordinates":[[[-71.89777,43.8939],[-71.89623,43.89984],[-71.88893,43.90755],[-71.88806,43.91567],[-71.89088,43.92562],[-71.88892,43.93439],[-71.89087,43.92584],[-71.88804,43.91551],[-71.88909,43.90698],[-71.90333,43.89491],[-71.90344,43.88786],[-71.91006,43.88068],[-71.91292,43.873],[-71.91189,43.86975],[-71.90728,43.86772],[-71.91189,43.86975]],[[-71.91189,43.86975],[-71.91053,43.86667],[-71.90917,43.86798],[-71.91155,43.86068],[-71.90996,43.84493],[-71.90312,43.84133],[-71.89151,43.82281],[-71.8845,43.81967],[-71.89199,43.8233],[-71.90312,43.84133],[-71.90904,43.84382],[-71.91136,43.84824],[-71.91004,43.865],[-71.91235,43.8759],[-71.90344,43.88786],[-71.90333,43.89491],[-71.89623,43.89984],[-71.89823,43.89343]]]},"properties":{"group":"plow","dataStatus":"reference","color":"#d6e8ff","title":"NH 25 South Wentworth Village","status":"District 2 \u00b7 route A","details":"New Hampshire winter-maintenance plow route. This is the route the state plows, not a live truck.","provider":"NHDOT","sourceUrl":"https://www.nh.gov/dot/","district":2,"plowRoute":"A"}},{"type":"Feature","id":"nh-plow-71","geometry":{"type":"LineString","coordinates":[[-71.88221,44.00178],[-71.88163,43.99846],[-71.8856,43.9966],[-71.88803,43.98944],[-71.89371,43.98336],[-71.89141,43.97234],[-71.88524,43.96319],[-71.88902,43.9525],[-71.89506,43.94657],[-71.89501,43.94291],[-71.8886,43.93714],[-71.89241,43.924],[-71.88882,43.91913],[-71.88812,43.91278],[-71.88922,43.9067],[-71.89623,43.89984],[-71.89804,43.89332],[-71.89623,43.89984],[-71.88922,43.9067],[-71.88812,43.91278],[-71.88882,43.91913],[-71.89241,43.924],[-71.8886,43.93714],[-71.89501,43.94291],[-71.89506,43.94657],[-71.88902,43.9525],[-71.88524,43.96319],[-71.89141,43.97234],[-71.89367,43.98327],[-71.90312,43.99265],[-71.92093,43.9973],[-71.92985,44.00203],[-71.94737,44.01866],[-71.96037,44.02155],[-71.94777,44.0189],[-71.92985,44.00203],[-71.92093,43.9973],[-71.90312,43.99265],[-71.89371,43.98336],[-71.88803,43.98944],[-71.8856,43.9966],[-71.88163,43.99846],[-71.88221,44.00178]]},"properties":{"group":"plow","dataStatus":"reference","color":"#d6e8ff","title":"202 Route B NH 25 North Warren Comm. Glencliff","status":"District 2 \u00b7 route B","details":"New Hampshire winter-maintenance plow route. This is the route the state plows, not a live truck.","provider":"NHDOT","sourceUrl":"https://www.nh.gov/dot/","district":2,"plowRoute":"B"}},{"type":"Feature","id":"nh-plow-72","geometry":{"type":"LineString","coordinates":[[-71.89823,43.89343],[-71.89623,43.89984],[-71.88896,43.90741],[-71.88806,43.91567],[-71.89087,43.92278],[-71.91895,43.94021],[-71.93258,43.94261],[-71.93999,43.95085],[-71.953,43.9561],[-71.96388,43.96635],[-71.97743,43.98452],[-72.00145,44.00017],[-72.01372,43.99819],[-72.02163,43.98575],[-72.03025,43.9817],[-72.04422,43.97674],[-72.05512,43.97912],[-72.06356,43.97137],[-72.07139,43.9715],[-72.07708,43.96852],[-72.07949,43.96997],[-72.07708,43.96852],[-72.07139,43.9715],[-72.06356,43.97137],[-72.05512,43.97912],[-72.04422,43.97674],[-72.03025,43.9817],[-72.02163,43.98575],[-72.01372,43.99819],[-72.00145,44.00017],[-71.97743,43.98452],[-71.96138,43.96271],[-71.953,43.9561],[-71.93999,43.95085],[-71.93258,43.94261],[-71.91895,43.94021],[-71.89087,43.92278],[-71.88806,43.91567],[-71.88896,43.90741],[-71.89623,43.89984],[-71.89823,43.89343]]},"properties":{"group":"plow","dataStatus":"reference","color":"#d6e8ff","title":"202 Route C NH 25 C from NH 25 to NH 10","status":"District 2 \u00b7 route C","details":"New Hampshire winter-maintenance plow route. This is the route the state plows, not a live truck.","provider":"NHDOT","sourceUrl":"https://www.nh.gov/dot/","district":2,"plowRoute":"C"}},{"type":"Feature","id":"nh-plow-73","geometry":{"type":"LineString","coordinates":[[-71.79131,43.9765],[-71.79704,43.97968],[-71.81213,43.97903],[-71.82154,43.97234],[-71.82562,43.95885],[-71.84366,43.94987],[-71.86278,43.95327],[-71.87165,43.94834],[-71.87003,43.943],[-71.87198,43.94034],[-71.8876,43.93661],[-71.89087,43.9259],[-71.88806,43.91567],[-71.88896,43.90741],[-71.89623,43.89984],[-71.89818,43.89334],[-71.89623,43.89984],[-71.88896,43.90741],[-71.88806,43.91567],[-71.89087,43.9259],[-71.8876,43.93661],[-71.87198,43.94034],[-71.87003,43.943],[-71.87165,43.94834],[-71.86278,43.95327],[-71.84366,43.94987],[-71.82562,43.95885],[-71.82154,43.97234],[-71.81213,43.97903],[-71.79704,43.97968],[-71.79131,43.9765]]},"properties":{"group":"plow","dataStatus":"reference","color":"#d6e8ff","title":"202 Route D NH 118 from NH 25 to Woodstock T/L","status":"District 2 \u00b7 route D","details":"New Hampshire winter-maintenance plow route. This is the route the state plows, not a live truck.","provider":"NHDOT","sourceUrl":"https://www.nh.gov/dot/","district":2,"plowRoute":"D"}},{"type":"Feature","id":"nh-plow-74","geometry":{"type":"LineString","coordinates":[[-71.7686,43.70151],[-71.75828,43.71721],[-71.75144,43.73366],[-71.75374,43.75042],[-71.76068,43.77009],[-71.77578,43.78065],[-71.80264,43.79314],[-71.84696,43.79565],[-71.87005,43.81438],[-71.89102,43.82236],[-71.87005,43.81438],[-71.84696,43.79565],[-71.83784,43.79354],[-71.82309,43.79551],[-71.80264,43.79314],[-71.77552,43.7805],[-71.76248,43.77073],[-71.75516,43.75585],[-71.75142,43.7339],[-71.75808,43.71759],[-71.7686,43.70151]]},"properties":{"group":"plow","dataStatus":"reference","color":"#d6e8ff","title":"203 Route A NH 25 NH 3 A","status":"District 2 \u00b7 route A","details":"New Hampshire winter-maintenance plow route. This is the route the state plows, not a live truck.","provider":"NHDOT","sourceUrl":"https://www.nh.gov/dot/","district":2,"plowRoute":"A"}},{"type":"Feature","id":"nh-plow-75","geometry":{"type":"LineString","coordinates":[[-71.79319,43.88939],[-71.80271,43.87858],[-71.80514,43.87159],[-71.8041,43.86323],[-71.81119,43.86036],[-71.8136,43.85464],[-71.81423,43.8489],[-71.81146,43.8442],[-71.81482,43.83762],[-71.80993,43.82905],[-71.81042,43.80845],[-71.81704,43.79486],[-71.84018,43.79504],[-71.84514,43.77817],[-71.84211,43.77449],[-71.84283,43.76928],[-71.85531,43.76657],[-71.85788,43.7614],[-71.86255,43.75866],[-71.86902,43.75902],[-71.86255,43.75866],[-71.85788,43.7614],[-71.85531,43.76657],[-71.84283,43.76928],[-71.84211,43.77449],[-71.84514,43.77817],[-71.84018,43.79504],[-71.81704,43.79486],[-71.81042,43.80845],[-71.80993,43.82905],[-71.81482,43.83762],[-71.81146,43.8442],[-71.81423,43.8489],[-71.8136,43.85464],[-71.81119,43.86036],[-71.8041,43.86323],[-71.80514,43.87159],[-71.80271,43.87858],[-71.79319,43.88939]]},"properties":{"group":"plow","dataStatus":"reference","color":"#d6e8ff","title":"203 Route B Hall Brook Rd Stinson Lake Rd Ellswo","status":"District 2 \u00b7 route B","details":"New Hampshire winter-maintenance plow route. This is the route the state plows, not a live truck.","provider":"NHDOT","sourceUrl":"https://www.nh.gov/dot/","district":2,"plowRoute":"B"}},{"type":"Feature","id":"nh-plow-76","geometry":{"type":"LineString","coordinates":[[-71.68496,43.77253],[-71.6993,43.76788],[-71.7258,43.77131],[-71.76099,43.77023],[-71.76651,43.77315],[-71.76248,43.77073],[-71.75763,43.76133],[-71.76102,43.76888],[-71.75633,43.77083],[-71.76207,43.77049],[-71.77552,43.7805],[-71.80213,43.79296],[-71.83766,43.79495],[-71.80237,43.79305],[-71.77552,43.7805],[-71.7613,43.76925],[-71.72628,43.77132],[-71.69898,43.76789],[-71.68558,43.76898],[-71.68496,43.77253]]},"properties":{"group":"plow","dataStatus":"reference","color":"#d6e8ff","title":"203 Route C Traffic Circle Tenney Mtn Hwy (NH 25)","status":"District 2 \u00b7 route C","details":"New Hampshire winter-maintenance plow route. This is the route the state plows, not a live truck.","provider":"NHDOT","sourceUrl":"https://www.nh.gov/dot/","district":2,"plowRoute":"C"}},{"type":"Feature","id":"nh-plow-77","geometry":{"type":"LineString","coordinates":[[-71.68458,43.77343],[-71.70585,43.77414],[-71.72659,43.77973],[-71.74265,43.77736],[-71.75759,43.77952],[-71.80928,43.80516],[-71.81298,43.80447],[-71.81704,43.79486],[-71.83766,43.79495],[-71.81704,43.79486],[-71.81298,43.80447],[-71.80928,43.80516],[-71.76943,43.78431],[-71.75759,43.77952],[-71.74304,43.77752],[-71.7309,43.77124],[-71.74265,43.77736],[-71.72659,43.77973],[-71.70585,43.77414],[-71.68458,43.77343]]},"properties":{"group":"plow","dataStatus":"reference","color":"#d6e8ff","title":"203 Route D Quincy Rd Fairgrounds Rd Smith Bridge","status":"District 2 \u00b7 route D","details":"New Hampshire winter-maintenance plow route. This is the route the state plows, not a live truck.","provider":"NHDOT","sourceUrl":"https://www.nh.gov/dot/","district":2,"plowRoute":"D"}},{"type":"Feature","id":"nh-plow-78","geometry":{"type":"LineString","coordinates":[[-71.83346,43.70032],[-71.83547,43.70164],[-71.83289,43.70445],[-71.83612,43.70863],[-71.83702,43.71991],[-71.85413,43.74317],[-71.86193,43.74799],[-71.87001,43.75775],[-71.86972,43.75943],[-71.86497,43.75789],[-71.85827,43.76108],[-71.85515,43.76665],[-71.84283,43.76928],[-71.84211,43.77449],[-71.84514,43.77817],[-71.84018,43.79504],[-71.83784,43.79354],[-71.84018,43.79504],[-71.84514,43.77817],[-71.84211,43.77449],[-71.84283,43.76928],[-71.85515,43.76665],[-71.85827,43.76108],[-71.86497,43.75789],[-71.86972,43.75943],[-71.87001,43.75775],[-71.86193,43.74799],[-71.85413,43.74317],[-71.83702,43.71991],[-71.83612,43.70863],[-71.83289,43.70445],[-71.83547,43.70164],[-71.83346,43.70032]]},"properties":{"group":"plow","dataStatus":"reference","color":"#d6e8ff","title":"203 Route E North Groton Road","status":"District 2 \u00b7 route E","details":"New Hampshire winter-maintenance plow route. This is the route the state plows, not a live truck.","provider":"NHDOT","sourceUrl":"https://www.nh.gov/dot/","district":2,"plowRoute":"E"}},{"type":"Feature","id":"nh-plow-79","geometry":{"type":"MultiLineString","coordinates":[[[-72.0388,44.10804],[-72.02595,44.10012],[-72.02515,44.0845],[-72.03253,44.07226],[-72.04651,44.06697],[-72.04841,44.06414],[-72.05276,44.06746],[-72.04841,44.06414],[-72.0579,44.04306],[-72.05588,44.04087],[-72.04948,44.03596],[-72.02342,44.02764],[-72.01153,44.02878],[-72.00341,44.03224],[-71.99159,44.02873],[-71.97107,44.02689],[-71.96037,44.02155],[-71.94737,44.01866],[-71.96037,44.02155],[-71.97107,44.02689],[-71.99159,44.02873],[-72.00341,44.03224],[-72.01153,44.02878],[-72.02359,44.02767],[-72.04971,44.03606],[-72.0579,44.04306],[-72.06999,44.02171]],[[-72.06999,44.02171],[-72.05477,44.04658],[-72.04777,44.06592],[-72.03253,44.07226],[-72.02612,44.08107],[-72.02563,44.09952],[-72.0388,44.10804]]]},"properties":{"group":"plow","dataStatus":"reference","color":"#d6e8ff","title":"204 Route A NH 10 South NH 25 East","status":"District 2 \u00b7 route A","details":"New Hampshire winter-maintenance plow route. This is the route the state plows, not a live truck.","provider":"NHDOT","sourceUrl":"https://www.nh.gov/dot/","district":2,"plowRoute":"A"}},{"type":"Feature","id":"nh-plow-80","geometry":{"type":"MultiLineString","coordinates":[[[-72.0388,44.10804],[-72.02595,44.10012],[-72.02515,44.0845],[-72.03253,44.07226],[-72.04651,44.06697],[-72.04841,44.06414],[-72.05276,44.06746],[-72.04841,44.06414],[-72.0579,44.04306],[-72.05588,44.04087],[-72.04948,44.03596],[-72.02342,44.02764],[-72.01153,44.02878],[-72.00341,44.03224],[-71.99159,44.02873],[-71.97107,44.02689],[-71.96037,44.02155],[-71.94737,44.01866],[-71.96037,44.02155],[-71.97107,44.02689],[-71.99159,44.02873],[-72.00341,44.03224],[-72.01153,44.02878],[-72.02359,44.02767],[-72.04971,44.03606],[-72.0579,44.04306],[-72.06999,44.02171]],[[-72.06999,44.02171],[-72.05477,44.04658],[-72.04777,44.06592],[-72.03253,44.07226],[-72.02612,44.08107],[-72.02563,44.09952],[-72.0388,44.10804]]]},"properties":{"group":"plow","dataStatus":"reference","color":"#d6e8ff","title":"204 Route A NH 10 South NH 25 East","status":"District 2 \u00b7 route A","details":"New Hampshire winter-maintenance plow route. This is the route the state plows, not a live truck.","provider":"NHDOT","sourceUrl":"https://www.nh.gov/dot/","district":2,"plowRoute":"A"}},{"type":"Feature","id":"nh-plow-81","geometry":{"type":"LineString","coordinates":[[-71.83155,44.09565],[-71.84722,44.09784],[-71.85636,44.10191],[-71.8606,44.10053],[-71.86796,44.10584],[-71.89516,44.10718],[-71.92265,44.12118],[-71.94089,44.12036],[-71.95025,44.12873],[-71.95132,44.13309],[-71.9676,44.13832],[-71.96987,44.14264],[-71.96864,44.14683],[-71.97605,44.15286],[-72.00323,44.1503],[-72.01231,44.1457],[-72.02335,44.14363],[-72.04054,44.11369],[-72.0388,44.10804],[-72.03997,44.11601],[-72.02335,44.14363],[-72.01231,44.1457],[-72.00323,44.1503],[-71.97605,44.15286],[-71.96864,44.14683],[-71.96987,44.14264],[-71.9676,44.13832],[-71.95132,44.13309],[-71.95025,44.12873],[-71.94089,44.12036],[-71.92265,44.12118],[-71.89516,44.10718],[-71.86796,44.10584],[-71.8606,44.10053],[-71.85636,44.10191],[-71.84722,44.09784],[-71.83155,44.09565]]},"properties":{"group":"plow","dataStatus":"reference","color":"#d6e8ff","title":"204 Route B NH 10 North NH 302 NH 112","status":"District 2 \u00b7 route B","details":"New Hampshire winter-maintenance plow route. This is the route the state plows, not a live truck.","provider":"NHDOT","sourceUrl":"https://www.nh.gov/dot/","district":2,"plowRoute":"B"}},{"type":"Feature","id":"nh-plow-82","geometry":{"type":"LineString","coordinates":[[-71.84834,44.09814],[-71.88439,44.0984],[-71.88667,44.09618],[-71.90719,44.10577],[-71.91295,44.11279],[-71.93499,44.1207],[-71.91295,44.11279],[-71.90763,44.10609],[-71.90071,44.10313],[-71.9161,44.09859],[-71.93614,44.10047],[-71.95295,44.08747],[-71.9624,44.08673],[-71.97735,44.07713],[-71.9815,44.07674],[-72.01792,44.08609],[-72.02594,44.09062],[-72.02595,44.08792],[-72.02605,44.10027],[-72.0389,44.10833],[-72.02629,44.10064],[-72.0256,44.08967],[-71.9815,44.07674],[-71.97735,44.07713],[-71.9624,44.08673],[-71.95295,44.08747],[-71.93565,44.10059],[-71.91595,44.0986],[-71.90305,44.10325],[-71.88995,44.09925],[-71.88661,44.09618],[-71.88439,44.0984],[-71.84834,44.09814]]},"properties":{"group":"plow","dataStatus":"reference","color":"#d6e8ff","title":"204 Route C NH 116 Bradley Hill Rd","status":"District 2 \u00b7 route C","details":"New Hampshire winter-maintenance plow route. This is the route the state plows, not a live truck.","provider":"NHDOT","sourceUrl":"https://www.nh.gov/dot/","district":2,"plowRoute":"C"}},{"type":"Feature","id":"nh-plow-83","geometry":{"type":"LineString","coordinates":[[-72.0388,44.10804],[-72.04011,44.11565],[-72.03045,44.13167],[-72.03844,44.14731],[-72.03646,44.15736],[-72.04754,44.16755],[-72.04581,44.17148],[-72.05746,44.19809],[-72.04954,44.21149],[-72.04717,44.22569],[-72.04146,44.23897],[-72.04335,44.24382],[-72.04146,44.23897],[-72.04717,44.22569],[-72.04954,44.21149],[-72.05746,44.19809],[-72.04581,44.17148],[-72.04754,44.16755],[-72.03646,44.15736],[-72.03844,44.14731],[-72.03045,44.13167],[-72.04011,44.11565],[-72.0388,44.10804]]},"properties":{"group":"plow","dataStatus":"reference","color":"#d6e8ff","title":"204 Route D NH 135 Woodsville St (NH 302 W)","status":"District 2 \u00b7 route D","details":"New Hampshire winter-maintenance plow route. This is the route the state plows, not a live truck.","provider":"NHDOT","sourceUrl":"https://www.nh.gov/dot/","district":2,"plowRoute":"D"}},{"type":"Feature","id":"nh-plow-84","geometry":{"type":"LineString","coordinates":[[-71.9974,43.67547],[-72.00442,43.65577],[-72.00418,43.65052],[-72.01097,43.64647],[-72.04748,43.64569],[-72.06055,43.65066],[-72.0723,43.64972],[-72.08567,43.65396],[-72.11711,43.6427],[-72.1426,43.64467],[-72.14941,43.64267],[-72.16871,43.64875],[-72.14941,43.64267],[-72.1426,43.64467],[-72.11711,43.6427],[-72.08567,43.65396],[-72.0723,43.64972],[-72.06055,43.65066],[-72.04748,43.64569],[-72.01097,43.64647],[-72.00418,43.65052],[-72.00442,43.65577],[-71.9974,43.67547]]},"properties":{"group":"plow","dataStatus":"reference","color":"#d6e8ff","title":"205 Route A US 4 West - Enfield","status":"District 2 \u00b7 route A","details":"New Hampshire winter-maintenance plow route. This is the route the state plows, not a live truck.","provider":"NHDOT","sourceUrl":"https://www.nh.gov/dot/","district":2,"plowRoute":"A"}},{"type":"Feature","id":"nh-plow-85","geometry":{"type":"LineString","coordinates":[[-71.9974,43.67547],[-72.00442,43.65577],[-72.00418,43.65052],[-72.00981,43.64703],[-72.00073,43.63826],[-71.97707,43.62986],[-71.97115,43.61838],[-71.97072,43.61201],[-71.96411,43.6077],[-71.97067,43.59891],[-71.97166,43.5883],[-71.97671,43.58281],[-71.97268,43.57278],[-71.94382,43.55892],[-71.92545,43.56592],[-71.90863,43.56242],[-71.8986,43.55265],[-71.89056,43.55002],[-71.88044,43.53415],[-71.86261,43.52585],[-71.88044,43.53415],[-71.89056,43.55002],[-71.8986,43.55265],[-71.90863,43.56242],[-71.92545,43.56592],[-71.94382,43.55892],[-71.97268,43.57278],[-71.97671,43.58281],[-71.97166,43.5883],[-71.97067,43.59891],[-71.96411,43.6077],[-71.97072,43.61201],[-71.97115,43.61838],[-71.97707,43.62986],[-72.00073,43.63826],[-72.00981,43.64703],[-72.00418,43.65052],[-72.00442,43.65577],[-71.9974,43.67547]]},"properties":{"group":"plow","dataStatus":"reference","color":"#d6e8ff","title":"205 Route B US 4 East - Danbury","status":"District 2 \u00b7 route B","details":"New Hampshire winter-maintenance plow route. This is the route the state plows, not a live truck.","provider":"NHDOT","sourceUrl":"https://www.nh.gov/dot/","district":2,"plowRoute":"B"}},{"type":"Feature","id":"nh-plow-86","geometry":{"type":"LineString","coordinates":[[-71.9974,43.67547],[-72.00442,43.65577],[-72.00418,43.65052],[-72.01183,43.64643],[-72.01208,43.64897],[-72.02201,43.65561],[-72.03973,43.6602],[-72.05225,43.6817]]},"properties":{"group":"plow","dataStatus":"reference","color":"#d6e8ff","title":"205 Route C Canaan Ss Orange Rd NH 118S US 4E","status":"District 2 \u00b7 route C","details":"New Hampshire winter-maintenance plow route. This is the route the state plows, not a live truck.","provider":"NHDOT","sourceUrl":"https://www.nh.gov/dot/","district":2,"plowRoute":"C"}},{"type":"Feature","id":"nh-plow-87","geometry":{"type":"LineString","coordinates":[[-71.9974,43.67547],[-71.99108,43.68878],[-71.97793,43.69941],[-71.96881,43.69929],[-71.95816,43.71619],[-71.94709,43.72816],[-71.94817,43.75468],[-71.93545,43.7608],[-71.93609,43.7641],[-71.9294,43.7795],[-71.91637,43.78429],[-71.91336,43.79014],[-71.91503,43.79731],[-71.88885,43.81215],[-71.8845,43.81967],[-71.88885,43.81215],[-71.91503,43.79731],[-71.91336,43.79014],[-71.91637,43.78429],[-71.9294,43.7795],[-71.93609,43.7641],[-71.93545,43.7608],[-71.94817,43.75468],[-71.94709,43.72816],[-71.95816,43.71619],[-71.96881,43.69929],[-71.97793,43.69941],[-71.99108,43.68878],[-71.9974,43.67547]]},"properties":{"group":"plow","dataStatus":"reference","color":"#d6e8ff","title":"205 Route D NH 118 from 205 to NH 25","status":"District 2 \u00b7 route D","details":"New Hampshire winter-maintenance plow route. This is the route the state plows, not a live truck.","provider":"NHDOT","sourceUrl":"https://www.nh.gov/dot/","district":2,"plowRoute":"D"}},{"type":"Feature","id":"nh-plow-88","geometry":{"type":"LineString","coordinates":[[-71.66878,43.60618],[-71.6771,43.60518],[-71.68193,43.59959],[-71.68955,43.59591],[-71.70775,43.60357],[-71.71668,43.60209],[-71.74914,43.58687],[-71.75219,43.58088],[-71.75768,43.57722],[-71.75219,43.58088],[-71.74914,43.58687],[-71.73627,43.59126],[-71.7219,43.57925],[-71.73429,43.56999],[-71.73517,43.56641],[-71.73429,43.56999],[-71.72194,43.57843],[-71.73611,43.59091],[-71.73028,43.59658],[-71.70908,43.60375],[-71.68923,43.59595],[-71.68193,43.59959],[-71.6771,43.60518],[-71.66878,43.60618]]},"properties":{"group":"plow","dataStatus":"reference","color":"#d6e8ff","title":"206 Route A NH 104 E NH 3 A and NH 104 W","status":"District 2 \u00b7 route A","details":"New Hampshire winter-maintenance plow route. This is the route the state plows, not a live truck.","provider":"NHDOT","sourceUrl":"https://www.nh.gov/dot/","district":2,"plowRoute":"A"}},{"type":"Feature","id":"nh-plow-89","geometry":{"type":"LineString","coordinates":[[-71.72208,43.5984],[-71.72137,43.60044],[-71.73619,43.5913],[-71.74896,43.58698],[-71.75232,43.58074],[-71.75908,43.57644],[-71.77795,43.5721],[-71.78179,43.5637],[-71.79756,43.56085],[-71.81769,43.55099],[-71.82225,43.54357],[-71.81985,43.5365],[-71.82224,43.52947],[-71.83036,43.52207],[-71.84323,43.5198],[-71.86245,43.52542],[-71.84323,43.5198],[-71.83036,43.52207],[-71.82224,43.52947],[-71.81985,43.5365],[-71.82225,43.54357],[-71.81769,43.55099],[-71.79793,43.56072],[-71.7801,43.56496],[-71.78221,43.56158],[-71.79836,43.55963],[-71.80371,43.5533],[-71.81248,43.55068],[-71.80371,43.5533],[-71.79836,43.55963],[-71.78221,43.56158],[-71.77809,43.57202],[-71.75908,43.57644],[-71.75232,43.58074],[-71.74896,43.58698],[-71.73619,43.5913],[-71.72137,43.60044],[-71.72208,43.5984]]},"properties":{"group":"plow","dataStatus":"reference","color":"#d6e8ff","title":"206 Route C NH 104 W Old NH 104 (Smith River Rd)","status":"District 2 \u00b7 route C","details":"New Hampshire winter-maintenance plow route. This is the route the state plows, not a live truck.","provider":"NHDOT","sourceUrl":"https://www.nh.gov/dot/","district":2,"plowRoute":"C"}},{"type":"Feature","id":"nh-plow-91","geometry":{"type":"LineString","coordinates":[[-72.15857,43.8109],[-72.16557,43.80399],[-72.18519,43.77182],[-72.21224,43.75114],[-72.22869,43.74779],[-72.26736,43.72917],[-72.27902,43.71027],[-72.28332,43.708],[-72.27863,43.69389],[-72.26926,43.69139],[-72.26691,43.67812],[-72.24839,43.66581],[-72.24463,43.65888],[-72.23708,43.66967],[-72.2453,43.65866],[-72.24839,43.66581],[-72.26682,43.678],[-72.26926,43.69139],[-72.27854,43.69379],[-72.28232,43.70394],[-72.28937,43.70244],[-72.29503,43.67474],[-72.30518,43.66277],[-72.30868,43.65466],[-72.30518,43.66277],[-72.29503,43.67474],[-72.28937,43.70244],[-72.28232,43.70394],[-72.28332,43.708],[-72.27902,43.71027],[-72.26805,43.72859],[-72.22869,43.74779],[-72.21072,43.75209],[-72.18415,43.77283],[-72.16308,43.80729],[-72.15904,43.81066],[-72.15498,43.81003],[-72.15857,43.8109]]},"properties":{"group":"plow","dataStatus":"reference","color":"#d6e8ff","title":"207 Route A NH 10 Lyme Village to Leb Compact","status":"District 2 \u00b7 route A","details":"New Hampshire winter-maintenance plow route. This is the route the state plows, not a live truck.","provider":"NHDOT","sourceUrl":"https://www.nh.gov/dot/","district":2,"plowRoute":"A"}},{"type":"Feature","id":"nh-plow-92","geometry":{"type":"LineString","coordinates":[[-72.21091,43.70596],[-72.21764,43.6946],[-72.22977,43.69139],[-72.23313,43.6882],[-72.26923,43.69131],[-72.23313,43.6882],[-72.23755,43.66941],[-72.24513,43.65869],[-72.23708,43.66967],[-72.23313,43.6882],[-72.22977,43.69139],[-72.21764,43.6946],[-72.21091,43.70596]]},"properties":{"group":"plow","dataStatus":"reference","color":"#d6e8ff","title":"207 Route B US 4 Etna Rd Greenboro Hanover Ctr","status":"District 2 \u00b7 route B","details":"New Hampshire winter-maintenance plow route. This is the route the state plows, not a live truck.","provider":"NHDOT","sourceUrl":"https://www.nh.gov/dot/","district":2,"plowRoute":"B"}},{"type":"Feature","id":"nh-plow-93","geometry":{"type":"MultiLineString","coordinates":[[[-72.23708,43.66967],[-72.2453,43.65866],[-72.24432,43.65249],[-72.24951,43.6477],[-72.25356,43.64725],[-72.24951,43.6477],[-72.24432,43.65249],[-72.2453,43.65866],[-72.24432,43.65249],[-72.24951,43.6477],[-72.25356,43.64725],[-72.24757,43.64937],[-72.24412,43.65283],[-72.24438,43.65575]],[[-72.2453,43.65866],[-72.24432,43.65249],[-72.24951,43.6477],[-72.25356,43.64725],[-72.24951,43.6477],[-72.24406,43.65296],[-72.24692,43.66377],[-72.26682,43.678],[-72.26923,43.69131],[-72.26691,43.67812],[-72.24839,43.66581],[-72.2453,43.65866],[-72.24839,43.66581],[-72.26691,43.67812],[-72.26923,43.69131],[-72.26691,43.67812],[-72.24839,43.66581],[-72.2453,43.65866],[-72.23708,43.66967]]]},"properties":{"group":"plow","dataStatus":"reference","color":"#d6e8ff","title":"207 Route C NH 120 Leb Compact to Hanover Compact","status":"District 2 \u00b7 route C","details":"New Hampshire winter-maintenance plow route. This is the route the state plows, not a live truck.","provider":"NHDOT","sourceUrl":"https://www.nh.gov/dot/","district":2,"plowRoute":"C"}},{"type":"Feature","id":"nh-plow-94","geometry":{"type":"LineString","coordinates":[[-72.22641,43.62166],[-72.22011,43.61184],[-72.22008,43.60222],[-72.22585,43.58988],[-72.22624,43.57698],[-72.23356,43.56908],[-72.23386,43.56352],[-72.24041,43.54952],[-72.25884,43.54015],[-72.29163,43.53119],[-72.31009,43.5349],[-72.31806,43.52639],[-72.32479,43.52287],[-72.33275,43.52728],[-72.34396,43.54157],[-72.35166,43.54204],[-72.34396,43.54157],[-72.33275,43.52728],[-72.32479,43.52287],[-72.31806,43.52639],[-72.31009,43.5349],[-72.29163,43.53119],[-72.25884,43.54015],[-72.24041,43.54952],[-72.23386,43.56352],[-72.23356,43.56908],[-72.2262,43.5771],[-72.22585,43.58988],[-72.21933,43.60649],[-72.22016,43.61196],[-72.22641,43.62166],[-72.24766,43.63639],[-72.2508,43.64285],[-72.25456,43.64302],[-72.25356,43.64725],[-72.24951,43.6477],[-72.2442,43.65268],[-72.2453,43.65866],[-72.2375,43.66965],[-72.2453,43.65866],[-72.2442,43.65268],[-72.24951,43.6477],[-72.25356,43.64725],[-72.25459,43.64312],[-72.22641,43.62166]]},"properties":{"group":"plow","dataStatus":"reference","color":"#d6e8ff","title":"207 Route D NH 120 S Stage Road","status":"District 2 \u00b7 route D","details":"New Hampshire winter-maintenance plow route. This is the route the state plows, not a live truck.","provider":"NHDOT","sourceUrl":"https://www.nh.gov/dot/","district":2,"plowRoute":"D"}},{"type":"Feature","id":"nh-plow-95","geometry":{"type":"LineString","coordinates":[[-72.05435,43.54249],[-72.06968,43.57021],[-72.09261,43.58167],[-72.10331,43.58131],[-72.1137,43.59481],[-72.14416,43.61361],[-72.14736,43.6205],[-72.15584,43.62921],[-72.16509,43.63454],[-72.16872,43.64067],[-72.18373,43.6491],[-72.18856,43.64634],[-72.19042,43.64013],[-72.20794,43.63417],[-72.23299,43.63834],[-72.24025,43.6446],[-72.25339,43.64212],[-72.25356,43.64725],[-72.24951,43.6477],[-72.24432,43.65249],[-72.2453,43.65866],[-72.23708,43.66967],[-72.2453,43.65866],[-72.2442,43.65268],[-72.24951,43.6477],[-72.25356,43.64725],[-72.25399,43.64239],[-72.24025,43.6446],[-72.23299,43.63834],[-72.20784,43.63418],[-72.19042,43.64013],[-72.18806,43.64657],[-72.18373,43.6491],[-72.16872,43.64067],[-72.16509,43.63454],[-72.15584,43.62921],[-72.14736,43.6205],[-72.145,43.6144],[-72.1137,43.59481],[-72.10331,43.58131],[-72.09261,43.58167],[-72.06968,43.57021],[-72.05436,43.54252]]},"properties":{"group":"plow","dataStatus":"reference","color":"#d6e8ff","title":"207 Route E NH 4 A","status":"District 2 \u00b7 route E","details":"New Hampshire winter-maintenance plow route. This is the route the state plows, not a live truck.","provider":"NHDOT","sourceUrl":"https://www.nh.gov/dot/","district":2,"plowRoute":"E"}},{"type":"Feature","id":"nh-plow-96","geometry":{"type":"LineString","coordinates":[[-71.62562,43.31943],[-71.64117,43.34128],[-71.65296,43.37296],[-71.64556,43.39435],[-71.65828,43.41393],[-71.65154,43.43014],[-71.66034,43.44359],[-71.65933,43.45543],[-71.67587,43.45699],[-71.69437,43.46526],[-71.67587,43.45699],[-71.65933,43.45543],[-71.66034,43.44359],[-71.65326,43.43299],[-71.6532,43.42961],[-71.65675,43.42837],[-71.6532,43.42961],[-71.65303,43.43289],[-71.65154,43.43014],[-71.65828,43.41393],[-71.64556,43.39435],[-71.65296,43.37296],[-71.64117,43.34128],[-71.62562,43.31943]]},"properties":{"group":"plow","dataStatus":"reference","color":"#d6e8ff","title":"211 Route A Rte 3 Rte 11","status":"District 2 \u00b7 route A","details":"New Hampshire winter-maintenance plow route. This is the route the state plows, not a live truck.","provider":"NHDOT","sourceUrl":"https://www.nh.gov/dot/","district":2,"plowRoute":"A"}},{"type":"Feature","id":"nh-plow-129","geometry":{"type":"LineString","coordinates":[[-72.18675,43.60996],[-72.18894,43.61045],[-72.18165,43.60275],[-72.16712,43.59987],[-72.16739,43.58911],[-72.16017,43.57478],[-72.14292,43.56087],[-72.13852,43.54059],[-72.14227,43.52319],[-72.13501,43.51187],[-72.13113,43.49357],[-72.12587,43.49013],[-72.10718,43.48797],[-72.10163,43.47505],[-72.1031,43.46705],[-72.09369,43.45874],[-72.10227,43.468],[-72.10098,43.47519],[-72.10676,43.48898],[-72.1284,43.49173],[-72.13416,43.50518],[-72.13459,43.49739],[-72.12816,43.49098],[-72.12038,43.48986],[-72.13065,43.49392],[-72.13455,43.51179],[-72.14129,43.52211],[-72.1381,43.54094],[-72.14253,43.56106],[-72.15984,43.57505],[-72.16683,43.59034],[-72.16659,43.59978],[-72.18168,43.60301],[-72.18841,43.61074],[-72.18675,43.60996]]},"properties":{"group":"plow","dataStatus":"reference","color":"#d6e8ff","title":"224 Route E I89 Exit 13 & Springfield Rest Area","status":"District 2 \u00b7 route E","details":"New Hampshire winter-maintenance plow route. This is the route the state plows, not a live truck.","provider":"NHDOT","sourceUrl":"https://www.nh.gov/dot/","district":2,"plowRoute":"E"}},{"type":"Feature","id":"nh-plow-130","geometry":{"type":"MultiLineString","coordinates":[[[-72.18675,43.60996],[-72.18924,43.61028],[-72.18165,43.60275],[-72.1668,43.59969],[-72.16739,43.58911],[-72.16017,43.57478],[-72.14292,43.56087],[-72.13852,43.54059],[-72.14227,43.52319],[-72.13501,43.51187],[-72.13412,43.50176],[-72.13029,43.49258],[-72.12529,43.49],[-72.10749,43.48825],[-72.10169,43.47537],[-72.10322,43.4673],[-72.09543,43.46081],[-72.09143,43.453],[-72.07261,43.44306],[-72.04506,43.43581],[-72.0382,43.42214],[-72.01253,43.39793],[-71.98174,43.39248],[-72.01187,43.39825],[-72.03361,43.41809],[-72.04446,43.43597],[-72.07815,43.44572],[-72.089,43.45196],[-72.09417,43.45864],[-72.09116,43.45277],[-72.07889,43.44562],[-72.06554,43.43993],[-72.05674,43.44011],[-72.04506,43.43581],[-72.03991,43.42741],[-72.03972,43.42226]],[[-72.03972,43.42226],[-72.01074,43.3969],[-71.98439,43.39156],[-71.98846,43.39013],[-71.9779,43.39357],[-72.01212,43.39841],[-72.03361,43.41809],[-72.04446,43.43597],[-72.06176,43.44272],[-72.07239,43.44333],[-72.09013,43.45294],[-72.09538,43.46151],[-72.1025,43.46744],[-72.10098,43.47519],[-72.10718,43.48935],[-72.12444,43.49034],[-72.12982,43.49287],[-72.13392,43.50249],[-72.13455,43.51179],[-72.14138,43.52252],[-72.1381,43.54094],[-72.14262,43.56125],[-72.15984,43.57505],[-72.16683,43.59034],[-72.16659,43.59978],[-72.18168,43.60301],[-72.18841,43.61074],[-72.18675,43.60996]]]},"properties":{"group":"plow","dataStatus":"reference","color":"#d6e8ff","title":"224 Route F I89 Exits 12A, 12 & 11 North","status":"District 2 \u00b7 route F","details":"New Hampshire winter-maintenance plow route. This is the route the state plows, not a live truck.","provider":"NHDOT","sourceUrl":"https://www.nh.gov/dot/","district":2,"plowRoute":"F"}},{"type":"Feature","id":"nh-plow-131","geometry":{"type":"MultiLineString","coordinates":[[[-72.18675,43.60996],[-72.18924,43.61028],[-72.18165,43.60275],[-72.1668,43.59969],[-72.16739,43.58911],[-72.16017,43.57478],[-72.14292,43.56087],[-72.13852,43.54059],[-72.14227,43.52319],[-72.13501,43.51187],[-72.13412,43.50176],[-72.13029,43.49258],[-72.12529,43.49],[-72.10749,43.48825],[-72.10169,43.47537],[-72.10322,43.4673],[-72.09543,43.46081],[-72.09143,43.453],[-72.07261,43.44306],[-72.04506,43.43581],[-72.0382,43.42214],[-72.01253,43.39793],[-71.98174,43.39248],[-72.01187,43.39825],[-72.03361,43.41809],[-72.04446,43.43597],[-72.07815,43.44572],[-72.089,43.45196],[-72.09417,43.45864],[-72.09116,43.45277],[-72.07889,43.44562],[-72.06554,43.43993],[-72.05674,43.44011],[-72.04506,43.43581],[-72.03991,43.42741],[-72.03972,43.42226]],[[-72.03972,43.42226],[-72.01074,43.3969],[-71.98439,43.39156],[-71.98846,43.39013],[-71.9779,43.39357],[-72.01212,43.39841],[-72.03361,43.41809],[-72.04446,43.43597],[-72.06176,43.44272],[-72.07239,43.44333],[-72.09013,43.45294],[-72.09538,43.46151],[-72.1025,43.46744],[-72.10098,43.47519],[-72.10718,43.48935],[-72.12444,43.49034],[-72.12982,43.49287],[-72.13392,43.50249],[-72.13455,43.51179],[-72.14138,43.52252],[-72.1381,43.54094],[-72.14262,43.56125],[-72.15984,43.57505],[-72.16683,43.59034],[-72.16659,43.59978],[-72.18168,43.60301],[-72.18841,43.61074],[-72.18675,43.60996]]]},"properties":{"group":"plow","dataStatus":"reference","color":"#d6e8ff","title":"224 Route F I89 Exits 12A, 12 & 11 North","status":"District 2 \u00b7 route F","details":"New Hampshire winter-maintenance plow route. This is the route the state plows, not a live truck.","provider":"NHDOT","sourceUrl":"https://www.nh.gov/dot/","district":2,"plowRoute":"F"}},{"type":"Feature","id":"nh-plow-133","geometry":{"type":"LineString","coordinates":[[-71.10812,43.96226],[-71.10626,43.96368],[-71.11671,43.97396],[-71.11848,43.97878],[-71.12624,43.97868],[-71.11703,43.97885],[-71.1101,43.98931],[-71.10981,43.99751],[-71.11446,44.00629],[-71.113,44.01358],[-71.12428,44.04157],[-71.12494,44.0491],[-71.13023,44.05591],[-71.14125,44.06303],[-71.14307,44.06727],[-71.13869,44.07662],[-71.14307,44.06727],[-71.14125,44.06303],[-71.13023,44.05591],[-71.12494,44.0491],[-71.12428,44.04157],[-71.113,44.01358],[-71.11446,44.00629],[-71.10981,43.99751],[-71.1101,43.98931],[-71.11703,43.97885],[-71.12624,43.97868],[-71.11703,43.97885],[-71.1101,43.98931],[-71.10981,43.99751],[-71.11446,44.00629],[-71.113,44.01358],[-71.12428,44.04157],[-71.12494,44.0491],[-71.13023,44.05591],[-71.14125,44.06303],[-71.14307,44.06727],[-71.1387,44.07681],[-71.14307,44.06727],[-71.14125,44.06303],[-71.13023,44.05591],[-71.12494,44.0491],[-71.12428,44.04157],[-71.113,44.01358],[-71.11446,44.00629],[-71.10981,43.99751],[-71.1101,43.98931],[-71.11703,43.97885],[-71.12624,43.97868],[-71.11703,43.97885],[-71.1101,43.98931],[-71.10981,43.99751],[-71.11446,44.00629],[-71.113,44.01358],[-71.12428,44.04157],[-71.12494,44.0491],[-71.13023,44.05591],[-71.14125,44.06303],[-71.14307,44.06727],[-71.1387,44.07681],[-71.14261,44.07142],[-71.14173,44.06377],[-71.13023,44.05591],[-71.12503,44.04926],[-71.12428,44.04157],[-71.113,44.01358],[-71.11454,44.00665],[-71.10988,43.99786],[-71.11,43.98968],[-71.11788,43.98252],[-71.11036,43.9887],[-71.11779,43.98264],[-71.11036,43.9887],[-71.11848,43.97878],[-71.11671,43.97396],[-71.10626,43.96368],[-71.10812,43.96226]]},"properties":{"group":"plow","dataStatus":"reference","color":"#d6e8ff","title":"301 Route B  NH 16 North","status":"District 3 \u00b7 route B","details":"New Hampshire winter-maintenance plow route. This is the route the state plows, not a live truck.","provider":"NHDOT","sourceUrl":"https://www.nh.gov/dot/","district":3,"plowRoute":"B"}},{"type":"Feature","id":"nh-plow-134","geometry":{"type":"LineString","coordinates":[[-71.10812,43.96226],[-71.10626,43.96368],[-71.11671,43.97396],[-71.11848,43.97878],[-71.13345,43.97827],[-71.14204,43.98497],[-71.1702,43.99111],[-71.20031,43.98989],[-71.20999,43.99342],[-71.21816,43.99333],[-71.24031,44.00288],[-71.24555,44.01533],[-71.24812,44.01679],[-71.27669,44.00693],[-71.27698,43.99948],[-71.28067,43.99622],[-71.29117,43.99173],[-71.3091,43.98849],[-71.32982,43.99357],[-71.32829,43.99629],[-71.32253,43.99781],[-71.32089,44.00294],[-71.32253,43.99781],[-71.32829,43.99629],[-71.32982,43.99357],[-71.32829,43.99629],[-71.32253,43.99781],[-71.32089,44.00294],[-71.32253,43.99781],[-71.32829,43.99629],[-71.32982,43.99357],[-71.35613,43.99774],[-71.37348,43.99517],[-71.3992,43.99899],[-71.37348,43.99517],[-71.35593,43.99772],[-71.3091,43.98849],[-71.29117,43.99173],[-71.28067,43.99622],[-71.27698,43.99948],[-71.27669,44.00693],[-71.24812,44.01679],[-71.24555,44.01533],[-71.24031,44.00288],[-71.21843,43.99341],[-71.20999,43.99342],[-71.20031,43.98989],[-71.1702,43.99111],[-71.14204,43.98497],[-71.13345,43.97827],[-71.14204,43.98497],[-71.1702,43.99111],[-71.20031,43.98989],[-71.20999,43.99342],[-71.21843,43.99341],[-71.24031,44.00288],[-71.24555,44.01533],[-71.24812,44.01679],[-71.27669,44.00693],[-71.27698,43.99948],[-71.28067,43.99622],[-71.29117,43.99173],[-71.3091,43.98849],[-71.35593,43.99772],[-71.37348,43.99517],[-71.3992,43.99899],[-71.37348,43.99517],[-71.35593,43.99772],[-71.3091,43.98849],[-71.29117,43.99173],[-71.28067,43.99622],[-71.27698,43.99948],[-71.27669,44.00693],[-71.24812,44.01679],[-71.24555,44.01533],[-71.24031,44.00288],[-71.21816,43.99333],[-71.20999,43.99342],[-71.20031,43.98989],[-71.1702,43.99111],[-71.14204,43.98497],[-71.13345,43.97827],[-71.11848,43.97878],[-71.11671,43.97396],[-71.10626,43.96368],[-71.10812,43.96226]]},"properties":{"group":"plow","dataStatus":"reference","color":"#d6e8ff","title":"301 Route C   NH 112","status":"District 3 \u00b7 route C","details":"New Hampshire winter-maintenance plow route. This is the route the state plows, not a live truck.","provider":"NHDOT","sourceUrl":"https://www.nh.gov/dot/","district":3,"plowRoute":"C"}},{"type":"Feature","id":"nh-plow-135","geometry":{"type":"LineString","coordinates":[[-71.10812,43.96226],[-71.10626,43.96368],[-71.11671,43.97396],[-71.11848,43.97878],[-71.1085,43.96533],[-71.0932,43.95268],[-71.08819,43.94208],[-71.08752,43.93408],[-71.08217,43.92745],[-71.08752,43.93408],[-71.08819,43.94208],[-71.0932,43.95268],[-71.1085,43.96533],[-71.11848,43.97878],[-71.1085,43.96533],[-71.0932,43.95268],[-71.08819,43.94208],[-71.08752,43.93408],[-71.08217,43.92745],[-71.08752,43.93408],[-71.08819,43.94208],[-71.0932,43.95268],[-71.10626,43.96368],[-71.10812,43.96226]]},"properties":{"group":"plow","dataStatus":"reference","color":"#d6e8ff","title":"301 Route D NH 153","status":"District 3 \u00b7 route D","details":"New Hampshire winter-maintenance plow route. This is the route the state plows, not a live truck.","provider":"NHDOT","sourceUrl":"https://www.nh.gov/dot/","district":3,"plowRoute":"D"}},{"type":"Feature","id":"nh-plow-136","geometry":{"type":"LineString","coordinates":[[-71.10812,43.96226],[-71.10626,43.96368],[-71.11671,43.97396],[-71.11848,43.97878],[-71.10712,43.9802],[-71.07725,43.99614],[-71.05685,43.99486],[-71.04676,43.99174],[-71.03654,43.99549],[-71.00065,43.99891],[-70.99675,44.0011],[-71.00065,43.99891],[-71.03654,43.99549],[-71.04624,43.99178],[-71.07171,43.99692],[-71.08321,43.99324],[-71.08811,43.99749],[-71.08978,44.00641],[-71.10118,44.01424],[-71.1146,44.0175],[-71.10118,44.01424],[-71.08978,44.00641],[-71.08811,43.99749],[-71.0832,43.99288],[-71.10712,43.9802],[-71.11703,43.97885],[-71.10712,43.9802],[-71.07488,43.99674],[-71.04676,43.99174],[-71.03654,43.99549],[-71.00065,43.99891],[-70.99675,44.0011],[-71.00065,43.99891],[-71.03654,43.99549],[-71.04624,43.99178],[-71.07171,43.99692],[-71.08321,43.99324],[-71.08811,43.99749],[-71.08978,44.00641],[-71.10118,44.01424],[-71.1146,44.0175],[-71.10118,44.01424],[-71.08978,44.00641],[-71.08811,43.99749],[-71.0832,43.99288],[-71.10712,43.9802],[-71.11848,43.97878],[-71.11671,43.97396],[-71.10626,43.96368],[-71.10812,43.96226]]},"properties":{"group":"plow","dataStatus":"reference","color":"#d6e8ff","title":"301 Route E NH 302 / NH 113","status":"District 3 \u00b7 route E","details":"New Hampshire winter-maintenance plow route. This is the route the state plows, not a live truck.","provider":"NHDOT","sourceUrl":"https://www.nh.gov/dot/","district":3,"plowRoute":"E"}},{"type":"Feature","id":"nh-plow-137","geometry":{"type":"LineString","coordinates":[[-71.10812,43.96226],[-71.10626,43.96368],[-71.11671,43.97396],[-71.11848,43.97878],[-71.10712,43.9802],[-71.0832,43.99288],[-71.08821,43.99771],[-71.08843,44.00485],[-71.05343,44.01308],[-71.04597,44.00366],[-71.03259,44.00088],[-71.02374,44.00339],[-71.00411,44.02418],[-70.99992,44.036],[-71.01604,44.04834],[-71.03154,44.07872],[-71.01604,44.04834],[-70.99992,44.036],[-71.00411,44.02418],[-71.02374,44.00339],[-71.03259,44.00088],[-71.04597,44.00366],[-71.05343,44.01308],[-71.08843,44.00485],[-71.05343,44.01308],[-71.04597,44.00366],[-71.03259,44.00088],[-71.02374,44.00339],[-71.00425,44.024],[-70.99992,44.036],[-71.01604,44.04834],[-71.03154,44.07872],[-71.01604,44.04834],[-70.99992,44.036],[-71.00411,44.02418],[-71.02374,44.00339],[-71.03259,44.00088],[-71.04597,44.00366],[-71.05343,44.01308],[-71.08843,44.00485],[-71.08821,43.99771],[-71.0832,43.99288],[-71.10712,43.9802],[-71.11848,43.97878],[-71.11671,43.97396],[-71.10626,43.96368],[-71.10812,43.96226]]},"properties":{"group":"plow","dataStatus":"reference","color":"#d6e8ff","title":"301 Route F East Conway Road","status":"District 3 \u00b7 route F","details":"New Hampshire winter-maintenance plow route. This is the route the state plows, not a live truck.","provider":"NHDOT","sourceUrl":"https://www.nh.gov/dot/","district":3,"plowRoute":"F"}},{"type":"Feature","id":"nh-plow-138","geometry":{"type":"LineString","coordinates":[[-71.10812,43.96226],[-71.10626,43.96368],[-71.11671,43.97396],[-71.11848,43.97878],[-71.10712,43.9802],[-71.0832,43.99288],[-71.08821,43.99771],[-71.08843,44.00485],[-71.05343,44.01308],[-71.04597,44.00366],[-71.03259,44.00088],[-71.02374,44.00339],[-71.00411,44.02418],[-70.99948,44.0351],[-71.01546,44.04768],[-71.02025,44.05424],[-71.03163,44.08196],[-71.01951,44.09294],[-71.00685,44.09794],[-71.00595,44.10929],[-71.00335,44.11176],[-71.00488,44.12418],[-71.0027,44.12431],[-71.00488,44.12418],[-71.00335,44.11176],[-71.00595,44.10929],[-71.00685,44.09794],[-71.01951,44.09294],[-71.03163,44.08196],[-71.03143,44.07837],[-71.03074,44.08453],[-71.01477,44.09596],[-71.00685,44.09794],[-71.00595,44.10929],[-71.00335,44.11176],[-71.00488,44.12418],[-71.0027,44.12431],[-71.00488,44.12418],[-71.00335,44.11176],[-71.00595,44.10929],[-71.00685,44.09794],[-71.01951,44.09294],[-71.03163,44.08196],[-71.02025,44.05424],[-71.01546,44.04768],[-70.99948,44.0351],[-71.00411,44.02418],[-71.02374,44.00339],[-71.03259,44.00088],[-71.04597,44.00366],[-71.05343,44.01308],[-71.08843,44.00485],[-71.08821,43.99771],[-71.0832,43.99288],[-71.10712,43.9802],[-71.11848,43.97878],[-71.11671,43.97396],[-71.10626,43.96368],[-71.10812,43.96226]]},"properties":{"group":"plow","dataStatus":"reference","color":"#d6e8ff","title":"301 Route G Green Hill Road","status":"District 3 \u00b7 route G","details":"New Hampshire winter-maintenance plow route. This is the route the state plows, not a live truck.","provider":"NHDOT","sourceUrl":"https://www.nh.gov/dot/","district":3,"plowRoute":"G"}},{"type":"Feature","id":"nh-plow-139","geometry":{"type":"LineString","coordinates":[[-71.0106,44.16671],[-71.01046,44.16166],[-71.01052,44.16399],[-71.00471,44.16409],[-71.01056,44.16406],[-71.00979,44.17281],[-71.01195,44.17876],[-71.00901,44.19613],[-71.00587,44.20111],[-71.00736,44.2163],[-71.0167,44.24251],[-71.00912,44.25615],[-71.01128,44.26193],[-71.00932,44.26585],[-71.01128,44.26193],[-71.00912,44.25615],[-71.0167,44.24251],[-71.00736,44.2163],[-71.00587,44.20111],[-71.01187,44.18312],[-71.01046,44.16166],[-71.01052,44.16399],[-71.00471,44.16409],[-71.01056,44.16406],[-71.00979,44.17281],[-71.01195,44.17876],[-71.00901,44.19613],[-71.00587,44.20111],[-71.00736,44.2163],[-71.0167,44.24251],[-71.00912,44.25615],[-71.01128,44.26193],[-71.00932,44.26585],[-71.01128,44.26193],[-71.00912,44.25615],[-71.0167,44.24251],[-71.00736,44.2163],[-71.00587,44.20111],[-71.01187,44.18312],[-71.0106,44.16671]]},"properties":{"group":"plow","dataStatus":"reference","color":"#d6e8ff","title":"301 Route H North Chatham","status":"District 3 \u00b7 route H","details":"New Hampshire winter-maintenance plow route. This is the route the state plows, not a live truck.","provider":"NHDOT","sourceUrl":"https://www.nh.gov/dot/","district":3,"plowRoute":"H"}},{"type":"Feature","id":"nh-plow-140","geometry":{"type":"LineString","coordinates":[[-71.21304,43.86557],[-71.22035,43.87761],[-71.21655,43.8813],[-71.19366,43.883],[-71.18288,43.88801],[-71.17029,43.8873],[-71.14589,43.89956],[-71.14857,43.91363],[-71.14625,43.93521],[-71.14953,43.9403],[-71.15095,43.94997],[-71.14535,43.96164],[-71.14585,43.96542],[-71.14535,43.96164],[-71.15095,43.94997],[-71.14953,43.9403],[-71.14625,43.93521],[-71.14857,43.91363],[-71.14589,43.89956],[-71.16999,43.88738],[-71.18288,43.88801],[-71.19366,43.883],[-71.21395,43.88208],[-71.22035,43.87761],[-71.21395,43.88208],[-71.19366,43.883],[-71.18288,43.88801],[-71.16999,43.88738],[-71.14589,43.89956],[-71.14857,43.91363],[-71.14625,43.93521],[-71.14953,43.9403],[-71.15095,43.94997],[-71.14535,43.96164],[-71.14585,43.96542],[-71.14535,43.96164],[-71.15095,43.94997],[-71.14953,43.9403],[-71.14625,43.93521],[-71.14857,43.91363],[-71.14585,43.89962],[-71.16999,43.88738],[-71.17773,43.88818],[-71.17733,43.876],[-71.18491,43.86622],[-71.18604,43.861],[-71.18617,43.84109],[-71.20574,43.8232],[-71.18617,43.84109],[-71.18604,43.861],[-71.18491,43.86622],[-71.17733,43.876],[-71.17748,43.88847],[-71.17733,43.876],[-71.18491,43.86622],[-71.18604,43.861],[-71.18617,43.84109],[-71.20574,43.8232],[-71.18617,43.84109],[-71.18604,43.861],[-71.18491,43.86622],[-71.17733,43.876],[-71.17748,43.88847],[-71.19384,43.88297],[-71.2166,43.88127],[-71.22035,43.87761],[-71.21304,43.86557]]},"properties":{"group":"plow","dataStatus":"reference","color":"#d6e8ff","title":"302 Route A NH 113 & NH 41","status":"District 3 \u00b7 route A","details":"New Hampshire winter-maintenance plow route. This is the route the state plows, not a live truck.","provider":"NHDOT","sourceUrl":"https://www.nh.gov/dot/","district":3,"plowRoute":"A"}},{"type":"Feature","id":"nh-plow-141","geometry":{"type":"LineString","coordinates":[[-71.21304,43.86557],[-71.21554,43.87194],[-71.22276,43.87859],[-71.23935,43.87953],[-71.24669,43.87388],[-71.24925,43.86782],[-71.2625,43.85978],[-71.26835,43.86707],[-71.26898,43.87286],[-71.2844,43.87981],[-71.28561,43.88446],[-71.29411,43.888],[-71.29871,43.8948],[-71.30858,43.89853],[-71.31335,43.90727],[-71.31877,43.90975],[-71.34994,43.90771],[-71.34887,43.89871],[-71.35189,43.89307],[-71.36452,43.89029],[-71.37265,43.88496],[-71.39826,43.88249],[-71.40102,43.88007],[-71.39784,43.867],[-71.39036,43.85553],[-71.3923,43.84461],[-71.39586,43.84156],[-71.3923,43.84461],[-71.39035,43.85544],[-71.39111,43.85939],[-71.39789,43.86713],[-71.40061,43.88117],[-71.37287,43.88491],[-71.36423,43.89041],[-71.352,43.89301],[-71.34887,43.89871],[-71.34977,43.90774],[-71.31495,43.90867],[-71.30858,43.89853],[-71.29848,43.89465],[-71.29411,43.888],[-71.28561,43.88446],[-71.28422,43.87968],[-71.26898,43.87286],[-71.26835,43.86707],[-71.2625,43.85978],[-71.26835,43.86707],[-71.26898,43.87286],[-71.28422,43.87968],[-71.28561,43.88446],[-71.29411,43.888],[-71.29848,43.89465],[-71.30858,43.89853],[-71.31495,43.90867],[-71.34977,43.90774],[-71.34887,43.89871],[-71.352,43.89301],[-71.36423,43.89041],[-71.37287,43.88491],[-71.40061,43.88117],[-71.39789,43.86713],[-71.39111,43.85939],[-71.39035,43.85544],[-71.3923,43.84461],[-71.39586,43.84156],[-71.3923,43.84461],[-71.39035,43.85544],[-71.39111,43.85939],[-71.39789,43.86713],[-71.40061,43.88117],[-71.37287,43.88491],[-71.36423,43.89041],[-71.352,43.89301],[-71.34887,43.89871],[-71.34977,43.90774],[-71.31495,43.90867],[-71.30858,43.89853],[-71.29848,43.89465],[-71.29411,43.888],[-71.28561,43.88446],[-71.28422,43.87968],[-71.26898,43.87286],[-71.26835,43.86707],[-71.2625,43.85978],[-71.24925,43.86782],[-71.24669,43.87388],[-71.23935,43.87953],[-71.22904,43.88028],[-71.22035,43.87761],[-71.21304,43.86557]]},"properties":{"group":"plow","dataStatus":"reference","color":"#d6e8ff","title":"302 Route B NH 113A Sandwich","status":"District 3 \u00b7 route B","details":"New Hampshire winter-maintenance plow route. This is the route the state plows, not a live truck.","provider":"NHDOT","sourceUrl":"https://www.nh.gov/dot/","district":3,"plowRoute":"B"}},{"type":"Feature","id":"nh-plow-142","geometry":{"type":"LineString","coordinates":[[-71.21304,43.86557],[-71.21564,43.87208],[-71.22856,43.88589],[-71.22742,43.89426],[-71.23769,43.91351],[-71.2363,43.91653],[-71.22391,43.92296],[-71.2363,43.91653],[-71.23769,43.91351],[-71.22742,43.89426],[-71.22856,43.88589],[-71.21986,43.87774],[-71.22856,43.88589],[-71.22742,43.89426],[-71.23774,43.91377],[-71.22391,43.92296],[-71.2363,43.91653],[-71.23769,43.91351],[-71.22742,43.89426],[-71.22856,43.88589],[-71.21564,43.87208],[-71.21304,43.86557]]},"properties":{"group":"plow","dataStatus":"reference","color":"#d6e8ff","title":"302 Route C NH 16 North & Albany T/L to 25 West","status":"District 3 \u00b7 route C","details":"New Hampshire winter-maintenance plow route. This is the route the state plows, not a live truck.","provider":"NHDOT","sourceUrl":"https://www.nh.gov/dot/","district":3,"plowRoute":"C"}},{"type":"Feature","id":"nh-plow-143","geometry":{"type":"LineString","coordinates":[[-71.21304,43.86557],[-71.20627,43.85691],[-71.20566,43.84528],[-71.20845,43.83651],[-71.20703,43.82466],[-71.18998,43.81378],[-71.18066,43.80234],[-71.18114,43.7941],[-71.17164,43.78718],[-71.15918,43.76761],[-71.13501,43.751],[-71.12901,43.7426],[-71.12966,43.73351],[-71.12528,43.72597],[-71.12334,43.71448],[-71.11143,43.70393],[-71.12334,43.71448],[-71.12528,43.72597],[-71.12966,43.73351],[-71.12901,43.7426],[-71.13501,43.751],[-71.15918,43.76761],[-71.17164,43.78718],[-71.18114,43.7941],[-71.18066,43.80234],[-71.18998,43.81378],[-71.20703,43.82466],[-71.20845,43.83651],[-71.20566,43.84528],[-71.20624,43.85668],[-71.21049,43.8634]]},"properties":{"group":"plow","dataStatus":"reference","color":"#d6e8ff","title":"302 Route D NH 16 South NH 25 West to NH 28 West","status":"District 3 \u00b7 route D","details":"New Hampshire winter-maintenance plow route. This is the route the state plows, not a live truck.","provider":"NHDOT","sourceUrl":"https://www.nh.gov/dot/","district":3,"plowRoute":"D"}},{"type":"Feature","id":"nh-plow-144","geometry":{"type":"LineString","coordinates":[[-71.21304,43.86557],[-71.2063,43.85712],[-71.20566,43.84528],[-71.20846,43.83598],[-71.20728,43.82514],[-71.20226,43.82039],[-71.20415,43.81941],[-71.27476,43.83046],[-71.2902,43.82964],[-71.30859,43.82449],[-71.32749,43.82762],[-71.30859,43.82449],[-71.2902,43.82964],[-71.27476,43.83046],[-71.20415,43.81941],[-71.20226,43.82039],[-71.20723,43.81915],[-71.2276,43.82423],[-71.27476,43.83046],[-71.2902,43.82964],[-71.30859,43.82449],[-71.32749,43.82762],[-71.30859,43.82449],[-71.2902,43.82964],[-71.27476,43.83046],[-71.20415,43.81941],[-71.20226,43.82039],[-71.20723,43.81915],[-71.2276,43.82423],[-71.27476,43.83046],[-71.2902,43.82964],[-71.30859,43.82449],[-71.32749,43.82762],[-71.30859,43.82449],[-71.2902,43.82964],[-71.27476,43.83046],[-71.20415,43.81941],[-71.20226,43.82039],[-71.20728,43.82514],[-71.20846,43.83598],[-71.20566,43.84528],[-71.2063,43.85712],[-71.21304,43.86557]]},"properties":{"group":"plow","dataStatus":"reference","color":"#d6e8ff","title":"302 Route E NH 25 West","status":"District 3 \u00b7 route E","details":"New Hampshire winter-maintenance plow route. This is the route the state plows, not a live truck.","provider":"NHDOT","sourceUrl":"https://www.nh.gov/dot/","district":3,"plowRoute":"E"}},{"type":"Feature","id":"nh-plow-145","geometry":{"type":"LineString","coordinates":[[-71.21304,43.86557],[-71.21554,43.87194],[-71.22289,43.87866],[-71.2294,43.8803],[-71.24187,43.87903],[-71.24925,43.86782],[-71.2625,43.85978],[-71.26323,43.85089],[-71.26645,43.84513],[-71.26452,43.84087],[-71.26665,43.83162],[-71.26452,43.84087],[-71.26645,43.84513],[-71.26323,43.85089],[-71.2625,43.85978],[-71.24925,43.86782],[-71.24187,43.87903],[-71.22904,43.88028],[-71.21964,43.87612],[-71.22904,43.88028],[-71.2416,43.87918],[-71.24925,43.86782],[-71.2625,43.85978],[-71.26323,43.85089],[-71.26645,43.84513],[-71.26452,43.84087],[-71.26665,43.83162],[-71.26452,43.84087],[-71.26645,43.84513],[-71.26323,43.85089],[-71.2625,43.85978],[-71.24925,43.86782],[-71.24187,43.87903],[-71.22918,43.88029],[-71.22035,43.87761],[-71.21304,43.86557]]},"properties":{"group":"plow","dataStatus":"reference","color":"#d6e8ff","title":"302 Route F NH 113 Westside","status":"District 3 \u00b7 route F","details":"New Hampshire winter-maintenance plow route. This is the route the state plows, not a live truck.","provider":"NHDOT","sourceUrl":"https://www.nh.gov/dot/","district":3,"plowRoute":"F"}},{"type":"Feature","id":"nh-plow-146","geometry":{"type":"LineString","coordinates":[[-71.07488,43.8244],[-71.07317,43.82542],[-71.06697,43.81917],[-71.06563,43.80866],[-71.05248,43.79214],[-71.07139,43.79287],[-71.09055,43.78738],[-71.10208,43.78167],[-71.12345,43.76575],[-71.13363,43.76273],[-71.14286,43.75528],[-71.13363,43.76273],[-71.12244,43.76637],[-71.10093,43.78235],[-71.07309,43.79254],[-71.02577,43.79258],[-71.0057,43.7983],[-70.99385,43.79338],[-70.98915,43.79364],[-70.99385,43.79338],[-71.0057,43.7983],[-71.02577,43.79258],[-71.07309,43.79254],[-71.10093,43.78235],[-71.12244,43.76637],[-71.13363,43.76273],[-71.14286,43.75528],[-71.13363,43.76273],[-71.12345,43.76575],[-71.10208,43.78167],[-71.09055,43.78738],[-71.07139,43.79287],[-71.05248,43.79214],[-71.06563,43.80866],[-71.06697,43.81917],[-71.07317,43.82542],[-71.07488,43.8244]]},"properties":{"group":"plow","dataStatus":"reference","color":"#d6e8ff","title":"303 Route B NH 25 East","status":"District 3 \u00b7 route B","details":"New Hampshire winter-maintenance plow route. This is the route the state plows, not a live truck.","provider":"NHDOT","sourceUrl":"https://www.nh.gov/dot/","district":3,"plowRoute":"B"}},{"type":"Feature","id":"nh-plow-147","geometry":{"type":"LineString","coordinates":[[-71.07488,43.8244],[-71.07317,43.82542],[-71.08001,43.83941],[-71.09255,43.84727],[-71.08797,43.85823],[-71.08982,43.86492],[-71.08412,43.88016],[-71.07181,43.88983],[-71.07035,43.89476],[-71.07476,43.90459],[-71.08174,43.90972],[-71.07317,43.9165],[-71.07427,43.92057],[-71.08217,43.92745],[-71.0741,43.92034],[-71.07403,43.9147],[-71.06128,43.91095],[-71.0507,43.91486],[-71.04145,43.91216],[-71.0323,43.91401],[-71.02221,43.91983],[-71.01704,43.91636],[-71.0027,43.91443],[-70.99281,43.91642],[-71.0027,43.91443],[-71.01704,43.91636],[-71.02203,43.91984],[-71.03111,43.91433],[-71.04127,43.91216],[-71.04857,43.91504],[-71.06128,43.91095],[-71.07403,43.9147],[-71.06128,43.91095],[-71.04857,43.91504],[-71.04127,43.91216],[-71.03111,43.91433],[-71.02203,43.91984],[-71.01704,43.91636],[-71.0027,43.91443],[-70.99281,43.91642],[-71.0027,43.91443],[-71.01704,43.91636],[-71.02203,43.91984],[-71.03111,43.91433],[-71.04127,43.91216],[-71.04814,43.91504],[-71.06096,43.91095],[-71.07533,43.91412],[-71.08174,43.90972],[-71.07423,43.90373],[-71.07038,43.89517],[-71.07127,43.89062],[-71.08407,43.88027],[-71.08986,43.86475],[-71.08407,43.88027],[-71.07181,43.88983],[-71.07034,43.89484],[-71.07476,43.90459],[-71.08174,43.90972],[-71.07317,43.9165],[-71.07427,43.92057],[-71.08217,43.92745],[-71.07427,43.92057],[-71.07317,43.9165],[-71.08174,43.90972],[-71.07476,43.90459],[-71.07035,43.89476],[-71.07181,43.88983],[-71.08412,43.88016],[-71.08982,43.86492],[-71.08797,43.85823],[-71.09255,43.84727],[-71.08001,43.83941],[-71.07317,43.82542],[-71.07488,43.8244]]},"properties":{"group":"plow","dataStatus":"reference","color":"#d6e8ff","title":"303 Route C NH 153 North & Brownfield Road","status":"District 3 \u00b7 route C","details":"New Hampshire winter-maintenance plow route. This is the route the state plows, not a live truck.","provider":"NHDOT","sourceUrl":"https://www.nh.gov/dot/","district":3,"plowRoute":"C"}},{"type":"Feature","id":"nh-plow-148","geometry":{"type":"LineString","coordinates":[[-71.07488,43.8244],[-71.07317,43.82542],[-71.08021,43.83966],[-71.09243,43.84668],[-71.08797,43.85823],[-71.08986,43.86475],[-71.08797,43.85823],[-71.09239,43.84657],[-71.08143,43.84109],[-71.07354,43.82575],[-71.08143,43.84109],[-71.09239,43.84657],[-71.08797,43.85823],[-71.08986,43.86475],[-71.08797,43.85823],[-71.09239,43.84657],[-71.08143,43.84109],[-71.07354,43.82575],[-71.01735,43.80856],[-70.99912,43.79684],[-71.01735,43.80856],[-71.07354,43.82575],[-71.01735,43.80856],[-70.99912,43.79684],[-71.0172,43.8085],[-71.03617,43.81357],[-71.03438,43.80942],[-71.05893,43.80176],[-71.03402,43.80993],[-71.03617,43.81357],[-71.03438,43.80942],[-71.05893,43.80176],[-71.03402,43.80993],[-71.0401,43.81615],[-71.0667,43.82509],[-71.07488,43.8244]]},"properties":{"group":"plow","dataStatus":"reference","color":"#d6e8ff","title":"303 Route D NH 153 North & Short Roads","status":"District 3 \u00b7 route D","details":"New Hampshire winter-maintenance plow route. This is the route the state plows, not a live truck.","provider":"NHDOT","sourceUrl":"https://www.nh.gov/dot/","district":3,"plowRoute":"D"}},{"type":"Feature","id":"nh-plow-149","geometry":{"type":"LineString","coordinates":[[-71.07488,43.8244],[-71.07317,43.82542],[-71.06697,43.81917],[-71.06563,43.80866],[-71.05248,43.79214],[-71.03492,43.79237],[-71.01739,43.78678],[-70.99942,43.77661],[-70.99664,43.7612],[-71.00921,43.73747],[-70.99684,43.71939],[-70.98211,43.71174],[-70.98181,43.69985],[-70.97792,43.69299],[-70.98031,43.68439],[-70.97792,43.69299],[-70.98181,43.69985],[-70.98211,43.71174],[-70.99684,43.71939],[-71.00921,43.73747],[-70.99664,43.7612],[-70.99964,43.77664],[-71.01739,43.78678],[-71.03492,43.79237],[-71.01739,43.78678],[-70.99958,43.77655],[-70.99664,43.7612],[-71.00921,43.73747],[-70.99684,43.71939],[-70.98211,43.71174],[-70.98181,43.69985],[-70.97792,43.69299],[-70.98031,43.68439],[-70.97792,43.69299],[-70.98181,43.69985],[-70.98211,43.71174],[-70.99684,43.71939],[-71.00921,43.73747],[-70.99664,43.7612],[-70.99964,43.77664],[-71.01739,43.78678],[-71.03492,43.79237],[-71.05248,43.79214],[-71.06563,43.80866],[-71.06697,43.81917],[-71.07317,43.82542],[-71.07488,43.8244]]},"properties":{"group":"plow","dataStatus":"reference","color":"#d6e8ff","title":"303 Route E NH 153 South Province Lake","status":"District 3 \u00b7 route E","details":"New Hampshire winter-maintenance plow route. This is the route the state plows, not a live truck.","provider":"NHDOT","sourceUrl":"https://www.nh.gov/dot/","district":3,"plowRoute":"E"}},{"type":"Feature","id":"nh-plow-150","geometry":{"type":"LineString","coordinates":[[-71.40576,43.76927],[-71.39608,43.75514],[-71.40663,43.74459],[-71.41245,43.74217],[-71.41539,43.73407],[-71.42984,43.72662],[-71.43647,43.71708],[-71.46232,43.70815],[-71.45828,43.68841],[-71.46232,43.70815],[-71.46078,43.70946],[-71.46324,43.70632],[-71.45827,43.68844],[-71.46324,43.70632],[-71.46078,43.70946],[-71.46324,43.70632],[-71.45828,43.68841],[-71.46232,43.70815],[-71.43647,43.71708],[-71.42984,43.72662],[-71.41587,43.73366],[-71.41229,43.74234],[-71.40663,43.74459],[-71.39411,43.75604],[-71.40663,43.74459],[-71.41229,43.74234],[-71.41587,43.73366],[-71.42984,43.72662],[-71.43713,43.71671],[-71.46257,43.70886],[-71.47245,43.7125],[-71.48405,43.7106],[-71.50241,43.70293],[-71.51073,43.70357],[-71.51714,43.69915],[-71.51073,43.70357],[-71.50241,43.70293],[-71.48405,43.7106],[-71.4726,43.71251],[-71.46078,43.70946],[-71.47513,43.71239],[-71.50241,43.70293],[-71.51053,43.70364],[-71.51714,43.69915],[-71.51073,43.70357],[-71.50241,43.70293],[-71.48405,43.7106],[-71.47245,43.7125],[-71.46257,43.70886],[-71.43658,43.71701],[-71.42984,43.72662],[-71.41539,43.73407],[-71.41245,43.74217],[-71.40663,43.74459],[-71.39608,43.75514],[-71.40576,43.76927]]},"properties":{"group":"plow","dataStatus":"reference","color":"#d6e8ff","title":"305 Route A NH 25 / 109 to Center Harbor & NH 25 B","status":"District 3 \u00b7 route A","details":"New Hampshire winter-maintenance plow route. This is the route the state plows, not a live truck.","provider":"NHDOT","sourceUrl":"https://www.nh.gov/dot/","district":3,"plowRoute":"A"}},{"type":"Feature","id":"nh-plow-151","geometry":{"type":"LineString","coordinates":[[-71.40576,43.76927],[-71.39738,43.75641],[-71.39377,43.75626],[-71.38291,43.7695],[-71.3787,43.78547],[-71.37136,43.79618],[-71.35912,43.80169],[-71.35474,43.80658],[-71.35259,43.81785],[-71.32749,43.82762],[-71.35259,43.81785],[-71.35474,43.80658],[-71.35912,43.80169],[-71.37136,43.79618],[-71.3787,43.78547],[-71.38291,43.7695],[-71.39377,43.75626],[-71.39608,43.75514],[-71.38824,43.76127],[-71.38291,43.7695],[-71.3787,43.78547],[-71.37136,43.79618],[-71.35912,43.80169],[-71.35474,43.80658],[-71.35259,43.81785],[-71.32749,43.82762],[-71.35259,43.81785],[-71.35474,43.80658],[-71.35912,43.80169],[-71.37136,43.79618],[-71.3787,43.78547],[-71.38291,43.7695],[-71.39377,43.75626],[-71.39738,43.75641],[-71.40676,43.76886],[-71.39608,43.75514],[-71.40576,43.76927]]},"properties":{"group":"plow","dataStatus":"reference","color":"#d6e8ff","title":"305 Route B NH 25 East to Tamworth \\ NH 109 to shed","status":"District 3 \u00b7 route B","details":"New Hampshire winter-maintenance plow route. This is the route the state plows, not a live truck.","provider":"NHDOT","sourceUrl":"https://www.nh.gov/dot/","district":3,"plowRoute":"B"}},{"type":"Feature","id":"nh-plow-152","geometry":{"type":"LineString","coordinates":[[-71.40576,43.76927],[-71.40778,43.76978],[-71.40518,43.77185],[-71.4109,43.791],[-71.44005,43.80755],[-71.452,43.8044],[-71.46009,43.80566],[-71.47192,43.80262],[-71.50093,43.80145],[-71.50794,43.79538],[-71.51478,43.7935],[-71.52442,43.79432],[-71.52962,43.79033],[-71.53691,43.7926],[-71.54742,43.79108],[-71.55442,43.78175],[-71.55392,43.76826],[-71.55928,43.7636],[-71.55515,43.75214],[-71.55862,43.74783],[-71.56915,43.74305],[-71.57739,43.74434],[-71.57967,43.74094],[-71.5864,43.73845],[-71.58821,43.73234],[-71.5864,43.73845],[-71.57967,43.74094],[-71.57739,43.74434],[-71.56915,43.74305],[-71.55862,43.74783],[-71.55515,43.75214],[-71.55928,43.7636],[-71.55392,43.76826],[-71.55442,43.78175],[-71.54742,43.79108],[-71.53691,43.7926],[-71.52962,43.79033],[-71.52442,43.79432],[-71.51478,43.7935],[-71.50794,43.79538],[-71.50093,43.80145],[-71.47192,43.80262],[-71.46009,43.80566],[-71.452,43.8044],[-71.43971,43.8074],[-71.452,43.8044],[-71.46009,43.80566],[-71.47192,43.80262],[-71.50093,43.80145],[-71.50829,43.79522],[-71.52452,43.7943],[-71.52949,43.79035],[-71.53691,43.7926],[-71.54724,43.7912],[-71.55442,43.78175],[-71.55395,43.76819],[-71.55928,43.7636],[-71.55515,43.75214],[-71.55862,43.74783],[-71.56903,43.74309],[-71.57684,43.74457],[-71.57974,43.74089],[-71.58498,43.73976],[-71.58798,43.73128],[-71.58498,43.73976],[-71.57974,43.74089],[-71.57684,43.74457],[-71.56903,43.74309],[-71.55862,43.74783],[-71.55515,43.75214],[-71.55928,43.7636],[-71.55392,43.76826],[-71.55442,43.78175],[-71.54742,43.79108],[-71.53691,43.7926],[-71.52962,43.79033],[-71.52442,43.79432],[-71.51478,43.7935],[-71.50794,43.79538],[-71.50093,43.80145],[-71.47192,43.80262],[-71.46009,43.80566],[-71.452,43.8044],[-71.44005,43.80755],[-71.4109,43.791],[-71.40518,43.77185],[-71.40778,43.76978],[-71.40576,43.76927]]},"properties":{"group":"plow","dataStatus":"reference","color":"#d6e8ff","title":"305 Route C Holderness Road","status":"District 3 \u00b7 route C","details":"New Hampshire winter-maintenance plow route. This is the route the state plows, not a live truck.","provider":"NHDOT","sourceUrl":"https://www.nh.gov/dot/","district":3,"plowRoute":"C"}},{"type":"Feature","id":"nh-plow-153","geometry":{"type":"LineString","coordinates":[[-71.40576,43.76927],[-71.40778,43.76978],[-71.40518,43.77185],[-71.4109,43.791],[-71.40249,43.79193],[-71.39821,43.79515],[-71.36951,43.79796],[-71.39821,43.79515],[-71.40249,43.79193],[-71.4109,43.791],[-71.40249,43.79193],[-71.39821,43.79515],[-71.36951,43.79796],[-71.39821,43.79515],[-71.40249,43.79193],[-71.4109,43.791],[-71.43796,43.80628],[-71.43292,43.81246],[-71.40127,43.82127],[-71.39586,43.84156],[-71.40127,43.82127],[-71.43292,43.81246],[-71.43796,43.80628],[-71.43292,43.81246],[-71.40127,43.82127],[-71.39586,43.84156],[-71.40127,43.82127],[-71.43292,43.81246],[-71.43796,43.80628],[-71.4109,43.791],[-71.40558,43.77409],[-71.40676,43.76886],[-71.40558,43.77409],[-71.4109,43.791],[-71.43796,43.80628],[-71.4109,43.791],[-71.40518,43.77185],[-71.40778,43.76978],[-71.40576,43.76927]]},"properties":{"group":"plow","dataStatus":"reference","color":"#d6e8ff","title":"305 Route D North Sandwich \\ NH 109 \\ Little Pond","status":"District 3 \u00b7 route D","details":"New Hampshire winter-maintenance plow route. This is the route the state plows, not a live truck.","provider":"NHDOT","sourceUrl":"https://www.nh.gov/dot/","district":3,"plowRoute":"D"}},{"type":"Feature","id":"nh-plow-154","geometry":{"type":"LineString","coordinates":[[-71.40576,43.76927],[-71.40778,43.76978],[-71.40518,43.77185],[-71.4109,43.791],[-71.43971,43.8074],[-71.44278,43.80474],[-71.44646,43.79437],[-71.46988,43.7844],[-71.48084,43.77234],[-71.47973,43.76598],[-71.48273,43.75413],[-71.47816,43.74633],[-71.47498,43.72308],[-71.46031,43.70982],[-71.4758,43.72527],[-71.47816,43.74633],[-71.48273,43.75413],[-71.47973,43.76598],[-71.48084,43.77234],[-71.46988,43.7844],[-71.44646,43.79437],[-71.44278,43.80474],[-71.43971,43.8074],[-71.44278,43.80474],[-71.44646,43.79437],[-71.46988,43.7844],[-71.48084,43.77234],[-71.47973,43.76598],[-71.48273,43.75413],[-71.47816,43.74633],[-71.47581,43.72534],[-71.47266,43.72036],[-71.46031,43.70982],[-71.4758,43.72527],[-71.47816,43.74633],[-71.48273,43.75413],[-71.47973,43.76598],[-71.48084,43.77234],[-71.46988,43.7844],[-71.44646,43.79437],[-71.44278,43.80474],[-71.43971,43.8074],[-71.4109,43.791],[-71.40518,43.77185],[-71.40778,43.76978],[-71.40576,43.76927]]},"properties":{"group":"plow","dataStatus":"reference","color":"#d6e8ff","title":"305 Route F Bean Road","status":"District 3 \u00b7 route E","details":"New Hampshire winter-maintenance plow route. This is the route the state plows, not a live truck.","provider":"NHDOT","sourceUrl":"https://www.nh.gov/dot/","district":3,"plowRoute":"E"}},{"type":"Feature","id":"nh-plow-155","geometry":{"type":"LineString","coordinates":[[-71.27717,43.68106],[-71.26553,43.67808],[-71.24623,43.68781],[-71.23548,43.68134],[-71.22208,43.69618],[-71.20553,43.68696],[-71.18797,43.68566],[-71.18431,43.68232],[-71.17076,43.67855],[-71.13954,43.68406],[-71.13049,43.69087],[-71.11616,43.68456],[-71.09769,43.6821],[-71.0886,43.68503],[-71.09769,43.6821],[-71.11616,43.68456],[-71.13049,43.69087],[-71.13954,43.68406],[-71.17076,43.67855],[-71.18431,43.68232],[-71.18797,43.68566],[-71.20553,43.68696],[-71.22208,43.69618],[-71.20553,43.68696],[-71.18797,43.68566],[-71.18431,43.68232],[-71.17076,43.67855],[-71.13954,43.68406],[-71.13049,43.69087],[-71.11616,43.68456],[-71.09769,43.6821],[-71.0886,43.68503],[-71.09769,43.6821],[-71.11616,43.68456],[-71.13049,43.69087],[-71.13954,43.68406],[-71.17076,43.67855],[-71.18431,43.68232],[-71.18797,43.68566],[-71.20553,43.68696],[-71.22208,43.69618],[-71.23548,43.68134],[-71.24623,43.68781],[-71.26553,43.67808],[-71.27717,43.68106]]},"properties":{"group":"plow","dataStatus":"reference","color":"#d6e8ff","title":"311 Route A NH 171 Ledge Hill Road to NH 16","status":"District 3 \u00b7 route A","details":"New Hampshire winter-maintenance plow route. This is the route the state plows, not a live truck.","provider":"NHDOT","sourceUrl":"https://www.nh.gov/dot/","district":3,"plowRoute":"A"}},{"type":"Feature","id":"nh-plow-156","geometry":{"type":"LineString","coordinates":[[-71.27717,43.68106],[-71.28752,43.68159],[-71.29254,43.67803],[-71.29308,43.67186],[-71.28514,43.66548],[-71.27688,43.65053],[-71.27948,43.64365],[-71.27559,43.62317],[-71.27049,43.61858],[-71.25301,43.61104],[-71.25181,43.60366],[-71.23706,43.59457],[-71.21495,43.5845],[-71.20777,43.58431],[-71.21495,43.5845],[-71.23706,43.59457],[-71.25181,43.60366],[-71.25301,43.61104],[-71.27049,43.61858],[-71.27559,43.62317],[-71.27948,43.64365],[-71.27693,43.65066],[-71.28514,43.66548],[-71.29306,43.67155],[-71.29254,43.67803],[-71.28752,43.68159],[-71.29254,43.67803],[-71.29306,43.67155],[-71.28514,43.66548],[-71.27693,43.65066],[-71.27948,43.64365],[-71.27559,43.62317],[-71.27049,43.61858],[-71.25301,43.61104],[-71.25181,43.60366],[-71.23706,43.59457],[-71.21495,43.5845],[-71.20777,43.58431],[-71.21495,43.5845],[-71.23706,43.59457],[-71.25181,43.60366],[-71.25301,43.61104],[-71.27049,43.61858],[-71.27559,43.62317],[-71.27948,43.64365],[-71.27693,43.65066],[-71.28514,43.66548],[-71.29306,43.67155],[-71.29254,43.67803],[-71.28752,43.68159],[-71.27609,43.68115],[-71.26263,43.6758],[-71.2457,43.65108],[-71.24889,43.6431],[-71.24432,43.63802],[-71.2437,43.63065],[-71.23787,43.62473],[-71.23624,43.61572],[-71.2248,43.60942],[-71.21381,43.60806],[-71.2053,43.5906],[-71.21381,43.60806],[-71.2248,43.60942],[-71.23624,43.61572],[-71.23787,43.62473],[-71.2437,43.63065],[-71.24432,43.63802],[-71.24889,43.6431],[-71.24575,43.65119],[-71.26553,43.67808],[-71.24575,43.65119],[-71.24889,43.6431],[-71.24432,43.63802],[-71.2437,43.63065],[-71.23787,43.62473],[-71.23624,43.61572],[-71.2248,43.60942],[-71.21381,43.60806],[-71.2053,43.5906],[-71.21381,43.60806],[-71.2248,43.60942],[-71.23624,43.61572],[-71.23787,43.62473],[-71.2437,43.63065],[-71.24432,43.63802],[-71.24889,43.6431],[-71.24586,43.64815],[-71.24664,43.65288],[-71.26279,43.67597],[-71.27717,43.68106]]},"properties":{"group":"plow","dataStatus":"reference","color":"#d6e8ff","title":"311 Route B NH 109 Three Sisters Store NH 109A to NH 28","status":"District 3 \u00b7 route B","details":"New Hampshire winter-maintenance plow route. This is the route the state plows, not a live truck.","provider":"NHDOT","sourceUrl":"https://www.nh.gov/dot/","district":3,"plowRoute":"B"}},{"type":"Feature","id":"nh-plow-157","geometry":{"type":"LineString","coordinates":[[-71.27717,43.68106],[-71.26279,43.67597],[-71.24664,43.65288],[-71.24586,43.64815],[-71.24889,43.6431],[-71.24432,43.63802],[-71.2437,43.63065],[-71.23787,43.62473],[-71.23601,43.61544],[-71.2248,43.60942],[-71.21381,43.60806],[-71.20813,43.59492],[-71.20466,43.5926],[-71.20777,43.58431],[-71.1867,43.57357],[-71.17755,43.5658],[-71.17599,43.56181],[-71.18644,43.55312],[-71.17599,43.56181],[-71.17755,43.5658],[-71.1867,43.57357],[-71.20777,43.58431],[-71.20466,43.5926],[-71.20813,43.59492],[-71.21381,43.60806],[-71.2248,43.60942],[-71.23601,43.61544],[-71.23787,43.62473],[-71.2437,43.63065],[-71.24432,43.63802],[-71.24889,43.6431],[-71.24586,43.64815],[-71.24664,43.65288],[-71.26279,43.67597],[-71.27717,43.68106]]},"properties":{"group":"plow","dataStatus":"reference","color":"#d6e8ff","title":"311 Route C NH 109A to NH 28 Alton T/L","status":"District 3 \u00b7 route C","details":"New Hampshire winter-maintenance plow route. This is the route the state plows, not a live truck.","provider":"NHDOT","sourceUrl":"https://www.nh.gov/dot/","district":3,"plowRoute":"C"}},{"type":"Feature","id":"nh-plow-158","geometry":{"type":"LineString","coordinates":[[-71.27717,43.68106],[-71.28752,43.68159],[-71.29254,43.67803],[-71.29308,43.67186],[-71.28514,43.66548],[-71.27693,43.65066],[-71.27947,43.64345],[-71.27541,43.623],[-71.27947,43.64345],[-71.27693,43.65066],[-71.28514,43.66548],[-71.29306,43.67155],[-71.29254,43.67803],[-71.28752,43.68159],[-71.29848,43.68891],[-71.31218,43.6904],[-71.31569,43.69557],[-71.33313,43.70438],[-71.34082,43.71106],[-71.34806,43.71143],[-71.35192,43.72336],[-71.3575,43.73028],[-71.35455,43.74081],[-71.36117,43.74687],[-71.38807,43.76146],[-71.36117,43.74687],[-71.35455,43.74081],[-71.3575,43.73028],[-71.35192,43.72336],[-71.34791,43.71132],[-71.34082,43.71106],[-71.33313,43.70438],[-71.31569,43.69557],[-71.31218,43.6904],[-71.29848,43.68891],[-71.28752,43.68159],[-71.29848,43.68891],[-71.31218,43.6904],[-71.31569,43.69557],[-71.33313,43.70438],[-71.34082,43.71106],[-71.34806,43.71143],[-71.35192,43.72336],[-71.3575,43.73028],[-71.35455,43.74081],[-71.36117,43.74687],[-71.38807,43.76146],[-71.36117,43.74687],[-71.35455,43.74081],[-71.3575,43.73028],[-71.35192,43.72336],[-71.34791,43.71132],[-71.34082,43.71106],[-71.33313,43.70438],[-71.31569,43.69557],[-71.31107,43.6899],[-71.29848,43.68891],[-71.28437,43.68004],[-71.27717,43.68106]]},"properties":{"group":"plow","dataStatus":"reference","color":"#d6e8ff","title":"311 Route  D NH 109 Libby Museum to NH 25","status":"District 3 \u00b7 route D","details":"New Hampshire winter-maintenance plow route. This is the route the state plows, not a live truck.","provider":"NHDOT","sourceUrl":"https://www.nh.gov/dot/","district":3,"plowRoute":"D"}},{"type":"Feature","id":"nh-plow-159","geometry":{"type":"LineString","coordinates":[[-71.27717,43.68106],[-71.28437,43.68004],[-71.29848,43.68891],[-71.31107,43.6899],[-71.31569,43.69557],[-71.33313,43.70438],[-71.34082,43.71106],[-71.34806,43.71143],[-71.35192,43.72336],[-71.3575,43.73028],[-71.35455,43.74081],[-71.33368,43.72618],[-71.31084,43.71599],[-71.28779,43.70964],[-71.25233,43.70565],[-71.22207,43.69618],[-71.20553,43.68696],[-71.18797,43.68566],[-71.18319,43.68208],[-71.18797,43.68566],[-71.20553,43.68696],[-71.22207,43.69618],[-71.25233,43.70565],[-71.28779,43.70964],[-71.31084,43.71599],[-71.33368,43.72618],[-71.35406,43.7404],[-71.33368,43.72618],[-71.31084,43.71599],[-71.28779,43.70964],[-71.25233,43.70565],[-71.22207,43.69618],[-71.20553,43.68696],[-71.18797,43.68566],[-71.18319,43.68208],[-71.18797,43.68566],[-71.20553,43.68696],[-71.22207,43.69618],[-71.25233,43.70565],[-71.28779,43.70964],[-71.31084,43.71599],[-71.33308,43.72584],[-71.35445,43.74034],[-71.3575,43.73028],[-71.35192,43.72336],[-71.34806,43.71143],[-71.34082,43.71106],[-71.33313,43.70438],[-71.31569,43.69557],[-71.31107,43.6899],[-71.29848,43.68891],[-71.28437,43.68004],[-71.27717,43.68106]]},"properties":{"group":"plow","dataStatus":"reference","color":"#d6e8ff","title":"311 Route E NH 171 NH 25 to Pork Hill Road","status":"District 3 \u00b7 route E","details":"New Hampshire winter-maintenance plow route. This is the route the state plows, not a live truck.","provider":"NHDOT","sourceUrl":"https://www.nh.gov/dot/","district":3,"plowRoute":"E"}},{"type":"Feature","id":"nh-plow-160","geometry":{"type":"LineString","coordinates":[[-71.27717,43.68106],[-71.26553,43.67808],[-71.24623,43.68781],[-71.23548,43.68134],[-71.22208,43.69618],[-71.20553,43.68696],[-71.18797,43.68566],[-71.18431,43.68232],[-71.17089,43.67857],[-71.13954,43.68406],[-71.13049,43.69087],[-71.12116,43.68665],[-71.12472,43.67818],[-71.13867,43.6663],[-71.1602,43.65612],[-71.1608,43.65001],[-71.15649,43.6388],[-71.1574,43.63058],[-71.16762,43.62365],[-71.17786,43.61123],[-71.19902,43.59821],[-71.2053,43.5906],[-71.19902,43.59821],[-71.17786,43.61123],[-71.16762,43.62365],[-71.1574,43.63058],[-71.15649,43.6388],[-71.1608,43.65001],[-71.1602,43.65612],[-71.1439,43.66269],[-71.12831,43.67453],[-71.11044,43.70301],[-71.12831,43.67453],[-71.1439,43.66269],[-71.1602,43.65612],[-71.1608,43.65001],[-71.15649,43.6388],[-71.1574,43.63058],[-71.16762,43.62365],[-71.17786,43.61123],[-71.19902,43.59821],[-71.2053,43.5906],[-71.19902,43.59821],[-71.17786,43.61123],[-71.16762,43.62365],[-71.1574,43.63058],[-71.15649,43.6388],[-71.1608,43.65001],[-71.1602,43.65612],[-71.1439,43.66269],[-71.12831,43.67453],[-71.11044,43.70301],[-71.12122,43.68684],[-71.13049,43.69087],[-71.13954,43.68406],[-71.16648,43.67888],[-71.18418,43.68227],[-71.18797,43.68566],[-71.20417,43.68651],[-71.22208,43.69618],[-71.23548,43.68134],[-71.24623,43.68781],[-71.26553,43.67808],[-71.27717,43.68106]]},"properties":{"group":"plow","dataStatus":"reference","color":"#d6e8ff","title":"311 Route F NH 28   NH 109A to NH 16","status":"District 3 \u00b7 route F","details":"New Hampshire winter-maintenance plow route. This is the route the state plows, not a live truck.","provider":"NHDOT","sourceUrl":"https://www.nh.gov/dot/","district":3,"plowRoute":"F"}},{"type":"Feature","id":"nh-plow-161","geometry":{"type":"LineString","coordinates":[[-71.02533,43.53871],[-71.02707,43.53907],[-71.02277,43.52861],[-71.02818,43.51785],[-71.02943,43.50216],[-71.02133,43.49469],[-71.0294,43.50194],[-71.02629,43.52712],[-71.03308,43.54114],[-71.04006,43.54912],[-71.04126,43.56512],[-71.03271,43.5839],[-71.03173,43.59574],[-71.04043,43.61455],[-71.03173,43.59574],[-71.03271,43.5839],[-71.04126,43.56512],[-71.04006,43.54912],[-71.02773,43.53021],[-71.02699,43.52197],[-71.02773,43.53021],[-71.04006,43.54912],[-71.04126,43.56512],[-71.03271,43.5839],[-71.03173,43.59574],[-71.04043,43.61455],[-71.03173,43.59574],[-71.03271,43.5839],[-71.04126,43.56512],[-71.04006,43.54912],[-71.02773,43.53021],[-71.02699,43.52197],[-71.02773,43.53021],[-71.04006,43.54912],[-71.04126,43.56512],[-71.03271,43.5839],[-71.03173,43.59574],[-71.04043,43.61455],[-71.03173,43.59574],[-71.03271,43.5839],[-71.04126,43.56512],[-71.04006,43.54912],[-71.03272,43.54046],[-71.02629,43.52712],[-71.02629,43.52185],[-71.02275,43.52878],[-71.02707,43.53907],[-71.02533,43.53871]]},"properties":{"group":"plow","dataStatus":"reference","color":"#d6e8ff","title":"312 Route A NH 16 South Hamony Drive to Wonton's","status":"District 3 \u00b7 route A","details":"New Hampshire winter-maintenance plow route. This is the route the state plows, not a live truck.","provider":"NHDOT","sourceUrl":"https://www.nh.gov/dot/","district":3,"plowRoute":"A"}},{"type":"Feature","id":"nh-plow-163","geometry":{"type":"LineString","coordinates":[[-71.02533,43.53871],[-71.02707,43.53907],[-71.02573,43.55163],[-71.02964,43.55869],[-71.02793,43.56155],[-71.02933,43.56872],[-71.03257,43.57335],[-71.03691,43.57407],[-71.03241,43.58508],[-71.03191,43.59723],[-71.04841,43.63131],[-71.0617,43.64113],[-71.10158,43.65564],[-71.11291,43.67174],[-71.11219,43.67773],[-71.11648,43.68475],[-71.11219,43.67773],[-71.11291,43.67174],[-71.10158,43.65564],[-71.0617,43.64113],[-71.10158,43.65564],[-71.11291,43.67174],[-71.11219,43.67773],[-71.11648,43.68475],[-71.11219,43.67773],[-71.11291,43.67174],[-71.10158,43.65564],[-71.0617,43.64113],[-71.04841,43.63131],[-71.03191,43.59723],[-71.03241,43.58508],[-71.03691,43.57407],[-71.03257,43.57335],[-71.02933,43.56872],[-71.02793,43.56155],[-71.02964,43.55869],[-71.02573,43.55163],[-71.02707,43.53907],[-71.02533,43.53871]]},"properties":{"group":"plow","dataStatus":"reference","color":"#d6e8ff","title":"312 Route C Brown's Ridge Road \\ Fish Hatchery 4 lanes","status":"District 3 \u00b7 route C","details":"New Hampshire winter-maintenance plow route. This is the route the state plows, not a live truck.","provider":"NHDOT","sourceUrl":"https://www.nh.gov/dot/","district":3,"plowRoute":"C"}},{"type":"Feature","id":"nh-plow-164","geometry":{"type":"LineString","coordinates":[[-71.02533,43.53871],[-71.02724,43.54068],[-71.02631,43.55385],[-71.04629,43.54893],[-71.06185,43.55287],[-71.06492,43.55921],[-71.08326,43.56765],[-71.08719,43.5843],[-71.09251,43.58817],[-71.1433,43.61264],[-71.15291,43.61196],[-71.1716,43.6193],[-71.15291,43.61196],[-71.1433,43.61264],[-71.09228,43.58803],[-71.08719,43.5843],[-71.08326,43.56765],[-71.06467,43.55901],[-71.06182,43.55249],[-71.06239,43.54616],[-71.05151,43.53641],[-71.03281,43.52883],[-71.02731,43.52931],[-71.03281,43.52883],[-71.05304,43.53744],[-71.06239,43.54616],[-71.0619,43.55289],[-71.04629,43.54893],[-71.02631,43.55385],[-71.02724,43.54068],[-71.02533,43.53871]]},"properties":{"group":"plow","dataStatus":"reference","color":"#d6e8ff","title":"312 Route D Wentworth Road NH 16 to NH 28 & Governor's Road","status":"District 3 \u00b7 route D","details":"New Hampshire winter-maintenance plow route. This is the route the state plows, not a live truck.","provider":"NHDOT","sourceUrl":"https://www.nh.gov/dot/","district":3,"plowRoute":"D"}},{"type":"Feature","id":"nh-plow-165","geometry":{"type":"LineString","coordinates":[[-71.02533,43.53871],[-71.02707,43.53907],[-71.02573,43.55163],[-71.02964,43.55869],[-71.02793,43.56155],[-71.02928,43.56847],[-71.01619,43.57989],[-71.01582,43.58323],[-71.01063,43.58845],[-71.01211,43.59497],[-71.00791,43.60247],[-71.00986,43.61143],[-70.9935,43.61827],[-70.99353,43.62395],[-70.98404,43.62817],[-70.9814,43.63999],[-70.97681,43.6419],[-70.98527,43.64766],[-70.99155,43.66126],[-70.99119,43.67347],[-70.98831,43.67896],[-70.98031,43.68439],[-70.98831,43.67896],[-70.99217,43.66997],[-70.99004,43.66675],[-70.99155,43.66126],[-70.98935,43.65461],[-70.9798,43.64228],[-70.98063,43.63664],[-70.98416,43.62804],[-70.99353,43.62395],[-70.9935,43.61827],[-71.00972,43.61167],[-71.00791,43.60247],[-71.01211,43.59497],[-71.01063,43.58845],[-71.01582,43.58323],[-71.01619,43.57989],[-71.02928,43.56847],[-71.01619,43.57989],[-71.01582,43.58323],[-71.01063,43.58845],[-71.01211,43.59497],[-71.00791,43.60247],[-71.00972,43.61167],[-70.99371,43.61812],[-70.99343,43.62407],[-70.98299,43.62974],[-70.97979,43.64223],[-70.98935,43.65461],[-70.99155,43.66126],[-70.99004,43.66675],[-70.99217,43.66997],[-70.98831,43.67896],[-70.98031,43.68439],[-70.98831,43.67896],[-70.99217,43.66997],[-70.99004,43.66675],[-70.99155,43.66126],[-70.98935,43.65461],[-70.9798,43.64228],[-70.98063,43.63664],[-70.98416,43.62804],[-70.99353,43.62395],[-70.9935,43.61827],[-71.00986,43.61143],[-71.00791,43.60247],[-71.01211,43.59497],[-71.01063,43.58845],[-71.01582,43.58323],[-71.01619,43.57989],[-71.02928,43.56847],[-71.02793,43.56155],[-71.02964,43.55869],[-71.02573,43.55163],[-71.02707,43.53907],[-71.02533,43.53871]]},"properties":{"group":"plow","dataStatus":"reference","color":"#d6e8ff","title":"312 Route E NH 153 North to Province Lake","status":"District 3 \u00b7 route E","details":"New Hampshire winter-maintenance plow route. This is the route the state plows, not a live truck.","provider":"NHDOT","sourceUrl":"https://www.nh.gov/dot/","district":3,"plowRoute":"E"}},{"type":"Feature","id":"nh-plow-166","geometry":{"type":"LineString","coordinates":[[-71.02533,43.53871],[-71.02727,43.54114],[-71.02572,43.55114],[-71.02009,43.54172],[-70.99986,43.53854],[-70.98962,43.53083],[-70.97264,43.53301],[-70.96003,43.54388],[-70.95787,43.54935],[-70.95166,43.55229],[-70.95787,43.54935],[-70.96003,43.54388],[-70.97264,43.53301],[-70.98962,43.53083],[-70.99986,43.53854],[-71.02009,43.54172],[-71.02572,43.55114],[-71.02009,43.54172],[-70.99986,43.53854],[-70.98918,43.53075],[-70.97196,43.53327],[-70.95992,43.544],[-70.9586,43.54867],[-70.95166,43.55229],[-70.95787,43.54935],[-70.96003,43.54388],[-70.97264,43.53301],[-70.98962,43.53083],[-70.99986,43.53854],[-71.02009,43.54172],[-71.02572,43.55114],[-71.02727,43.54114],[-71.02533,43.53871]]},"properties":{"group":"plow","dataStatus":"reference","color":"#d6e8ff","title":"312 Route F Lovell Lake Road","status":"District 3 \u00b7 route F","details":"New Hampshire winter-maintenance plow route. This is the route the state plows, not a live truck.","provider":"NHDOT","sourceUrl":"https://www.nh.gov/dot/","district":3,"plowRoute":"F"}},{"type":"Feature","id":"nh-plow-167","geometry":{"type":"LineString","coordinates":[[-71.02533,43.53871],[-71.02707,43.53907],[-71.02274,43.52912],[-71.0268,43.51996],[-71.02706,43.49764],[-71.0268,43.51996],[-71.02268,43.53164],[-71.02698,43.53841],[-71.02573,43.55163],[-71.02964,43.55869],[-71.02793,43.56155],[-71.02933,43.56872],[-71.03257,43.57335],[-71.03691,43.57407],[-71.03257,43.57335],[-71.02933,43.56872],[-71.02793,43.56155],[-71.02964,43.55869],[-71.02573,43.55163],[-71.02698,43.53841],[-71.02268,43.53164],[-71.0268,43.51996],[-71.02706,43.49764],[-71.0268,43.51996],[-71.02274,43.52912],[-71.02707,43.53907],[-71.02533,43.53871]]},"properties":{"group":"plow","dataStatus":"reference","color":"#d6e8ff","title":"312 Route G NH 153 NH 16 to Union Fire Station","status":"District 3 \u00b7 route G","details":"New Hampshire winter-maintenance plow route. This is the route the state plows, not a live truck.","provider":"NHDOT","sourceUrl":"https://www.nh.gov/dot/","district":3,"plowRoute":"G"}},{"type":"Feature","id":"nh-plow-168","geometry":{"type":"LineString","coordinates":[[-71.64068,43.61764],[-71.64201,43.61631],[-71.63953,43.61538],[-71.64447,43.61403],[-71.63984,43.60783],[-71.65251,43.63148],[-71.64699,43.64508],[-71.64928,43.6636],[-71.64269,43.68249],[-71.64273,43.69279],[-71.64953,43.70332],[-71.65058,43.71304],[-71.6606,43.74147],[-71.66676,43.75031],[-71.67541,43.75659],[-71.68259,43.77079],[-71.67384,43.7885],[-71.67608,43.80266],[-71.66428,43.81654],[-71.67122,43.81112],[-71.67725,43.80194],[-71.67432,43.78846],[-71.68298,43.77069],[-71.67585,43.75651],[-71.66698,43.74998],[-71.66102,43.74138],[-71.6511,43.71323],[-71.64999,43.7033],[-71.64322,43.69281],[-71.64319,43.68236],[-71.64972,43.66356],[-71.6474,43.64525],[-71.65297,43.63132],[-71.64487,43.619],[-71.64389,43.61273],[-71.63953,43.61538],[-71.64201,43.61631],[-71.64068,43.61764]]},"properties":{"group":"plow","dataStatus":"reference","color":"#d6e8ff","title":"324 Route A I93 Mainline North","status":"District 3 \u00b7 route A","details":"New Hampshire winter-maintenance plow route. This is the route the state plows, not a live truck.","provider":"NHDOT","sourceUrl":"https://www.nh.gov/dot/","district":3,"plowRoute":"A"}},{"type":"Feature","id":"nh-plow-169","geometry":{"type":"LineString","coordinates":[[-71.64068,43.61764],[-71.64201,43.61631],[-71.63953,43.61538],[-71.64144,43.61412],[-71.6491,43.62407],[-71.64009,43.60811],[-71.62716,43.59913],[-71.62157,43.5916],[-71.62664,43.58189],[-71.61787,43.56161],[-71.61459,43.53486],[-71.61767,43.52424],[-71.61783,43.50748],[-71.60992,43.49857],[-71.59657,43.49052],[-71.57099,43.45313],[-71.57075,43.4494],[-71.5762,43.44242],[-71.57043,43.44911],[-71.57073,43.45348],[-71.59611,43.49096],[-71.61687,43.50698],[-71.61209,43.52621],[-71.61708,43.56103],[-71.6257,43.57985],[-71.62107,43.5919],[-71.62602,43.59872],[-71.63957,43.60816],[-71.6491,43.62407],[-71.64474,43.61871],[-71.64389,43.61273],[-71.63953,43.61538],[-71.64201,43.61631],[-71.64068,43.61764]]},"properties":{"group":"plow","dataStatus":"reference","color":"#d6e8ff","title":"324 Route C I93 South Mainline","status":"District 3 \u00b7 route C","details":"New Hampshire winter-maintenance plow route. This is the route the state plows, not a live truck.","provider":"NHDOT","sourceUrl":"https://www.nh.gov/dot/","district":3,"plowRoute":"C"}},{"type":"Feature","id":"nh-plow-170","geometry":{"type":"LineString","coordinates":[[-71.64068,43.61764],[-71.64201,43.61631],[-71.63953,43.61538],[-71.6438,43.61277],[-71.64372,43.61453],[-71.63969,43.60767],[-71.62716,43.59913],[-71.62157,43.5916],[-71.62662,43.58163],[-71.61775,43.56099],[-71.61455,43.53431],[-71.61767,43.52424],[-71.61806,43.50841],[-71.61483,43.50328],[-71.61671,43.50351],[-71.59682,43.49078],[-71.57674,43.46169],[-71.59611,43.49096],[-71.61203,43.50141],[-71.61683,43.50735],[-71.61209,43.52621],[-71.61708,43.56103],[-71.6257,43.57985],[-71.62107,43.5919],[-71.62602,43.59872],[-71.63987,43.60853],[-71.64068,43.61764]]},"properties":{"group":"plow","dataStatus":"reference","color":"#d6e8ff","title":"324 Route D I93 South Ramps & Rest Area","status":"District 3 \u00b7 route D","details":"New Hampshire winter-maintenance plow route. This is the route the state plows, not a live truck.","provider":"NHDOT","sourceUrl":"https://www.nh.gov/dot/","district":3,"plowRoute":"D"}},{"type":"Feature","id":"nh-plow-171","geometry":{"type":"LineString","coordinates":[[-71.64068,43.61764],[-71.64201,43.61631],[-71.63953,43.61538],[-71.64299,43.61306],[-71.65905,43.60698],[-71.66878,43.60618],[-71.6578,43.60737],[-71.64281,43.61314],[-71.63559,43.61845],[-71.64021,43.62787],[-71.65296,43.63343],[-71.64816,43.645],[-71.6524,43.65679],[-71.63775,43.68876],[-71.6293,43.6928],[-71.6312,43.69518],[-71.6293,43.6928],[-71.63775,43.68876],[-71.65238,43.657],[-71.64816,43.645],[-71.65296,43.63343],[-71.65009,43.63083],[-71.64387,43.63031],[-71.63799,43.62527],[-71.63559,43.61845],[-71.63953,43.61538],[-71.64201,43.61631],[-71.64068,43.61764]]},"properties":{"group":"plow","dataStatus":"reference","color":"#d6e8ff","title":"324 Route E NH 132 North","status":"District 3 \u00b7 route E","details":"New Hampshire winter-maintenance plow route. This is the route the state plows, not a live truck.","provider":"NHDOT","sourceUrl":"https://www.nh.gov/dot/","district":3,"plowRoute":"E"}},{"type":"Feature","id":"nh-plow-172","geometry":{"type":"LineString","coordinates":[[-71.64068,43.61764],[-71.64201,43.61631],[-71.63953,43.61538],[-71.63559,43.61845],[-71.64281,43.61314],[-71.65799,43.60732],[-71.64611,43.60611],[-71.62909,43.59529],[-71.62577,43.58617],[-71.62683,43.57955],[-71.61744,43.57185],[-71.60942,43.55055],[-71.60906,43.53911],[-71.59792,43.52839],[-71.59476,43.52211],[-71.59792,43.52839],[-71.60906,43.53911],[-71.60942,43.55055],[-71.61744,43.57185],[-71.62683,43.57955],[-71.62577,43.58617],[-71.62909,43.59529],[-71.64611,43.60611],[-71.65799,43.60732],[-71.6415,43.61386],[-71.63953,43.61538],[-71.64201,43.61631],[-71.64068,43.61764]]},"properties":{"group":"plow","dataStatus":"reference","color":"#d6e8ff","title":"324 Route F NH 132 South","status":"District 3 \u00b7 route F","details":"New Hampshire winter-maintenance plow route. This is the route the state plows, not a live truck.","provider":"NHDOT","sourceUrl":"https://www.nh.gov/dot/","district":3,"plowRoute":"F"}},{"type":"Feature","id":"nh-plow-173","geometry":{"type":"LineString","coordinates":[[-71.64068,43.61764],[-71.64201,43.61631],[-71.63953,43.61538],[-71.64217,43.61346],[-71.65905,43.60698],[-71.66878,43.60618],[-71.67243,43.60889],[-71.66635,43.61975],[-71.65908,43.62021],[-71.65634,43.62258],[-71.65823,43.63086],[-71.65488,43.64163],[-71.6575,43.65779],[-71.65102,43.68792],[-71.6525,43.69426],[-71.65703,43.69615],[-71.66378,43.71002],[-71.65784,43.71237],[-71.66393,43.71059],[-71.66931,43.71388],[-71.67197,43.72232],[-71.66962,43.7142],[-71.66417,43.7112],[-71.65703,43.69615],[-71.6525,43.69426],[-71.65102,43.68792],[-71.6575,43.65779],[-71.65488,43.64163],[-71.65823,43.63086],[-71.65634,43.62258],[-71.65908,43.62021],[-71.66635,43.61975],[-71.67243,43.60889],[-71.66878,43.60618],[-71.65905,43.60698],[-71.64217,43.61346],[-71.63953,43.61538],[-71.64201,43.61631],[-71.64068,43.61764]]},"properties":{"group":"plow","dataStatus":"reference","color":"#d6e8ff","title":"324 Route G River Road","status":"District 3 \u00b7 route G","details":"New Hampshire winter-maintenance plow route. This is the route the state plows, not a live truck.","provider":"NHDOT","sourceUrl":"https://www.nh.gov/dot/","district":3,"plowRoute":"G"}},{"type":"Feature","id":"nh-plow-174","geometry":{"type":"LineString","coordinates":[[-71.64068,43.61764],[-71.64201,43.61631],[-71.63953,43.61538],[-71.64144,43.61412],[-71.65251,43.63148],[-71.64695,43.64538],[-71.64933,43.66284],[-71.64237,43.68423],[-71.64425,43.6977],[-71.63134,43.69527],[-71.63033,43.70547],[-71.62401,43.71757],[-71.6077,43.72529],[-71.62401,43.71757],[-71.63033,43.70547],[-71.63134,43.69527],[-71.64191,43.69846],[-71.64834,43.69795],[-71.65163,43.70765],[-71.65708,43.71024],[-71.66161,43.71748],[-71.67656,43.72414],[-71.67468,43.73222],[-71.67637,43.73872],[-71.68738,43.7516],[-71.68742,43.76012],[-71.68738,43.7516],[-71.67637,43.73872],[-71.67468,43.73222],[-71.67646,43.72399],[-71.66161,43.71748],[-71.65708,43.71024],[-71.65163,43.70765],[-71.6489,43.69826],[-71.64233,43.69852],[-71.64985,43.69947],[-71.64424,43.69535],[-71.64263,43.68639],[-71.64965,43.66424],[-71.64745,43.64493],[-71.65298,43.63166],[-71.64487,43.619],[-71.64389,43.61273],[-71.63953,43.61538],[-71.64201,43.61631],[-71.64068,43.61764]]},"properties":{"group":"plow","dataStatus":"reference","color":"#d6e8ff","title":"324 Route I NH 3","status":"District 3 \u00b7 route I","details":"New Hampshire winter-maintenance plow route. This is the route the state plows, not a live truck.","provider":"NHDOT","sourceUrl":"https://www.nh.gov/dot/","district":3,"plowRoute":"I"}},{"type":"Feature","id":"nh-plow-175","geometry":{"type":"LineString","coordinates":[[-71.66755,43.8766],[-71.66435,43.87736],[-71.66255,43.87418],[-71.66564,43.87146],[-71.67068,43.87179],[-71.67653,43.87918],[-71.67352,43.87291],[-71.65285,43.85989],[-71.64565,43.84756],[-71.6605,43.82077],[-71.67104,43.81132],[-71.67479,43.80489],[-71.66031,43.82006],[-71.64515,43.84763],[-71.65313,43.86069],[-71.66834,43.8703],[-71.66695,43.87128],[-71.66847,43.86833],[-71.67008,43.86942],[-71.65352,43.86052],[-71.64845,43.85067],[-71.65409,43.86491],[-71.63889,43.86672],[-71.65409,43.86491],[-71.64595,43.84615],[-71.6607,43.82048],[-71.67134,43.81192],[-71.67479,43.80489],[-71.66031,43.82006],[-71.64447,43.85097],[-71.65373,43.86118],[-71.66828,43.87022],[-71.66242,43.87466],[-71.66435,43.87736],[-71.66755,43.8766]]},"properties":{"group":"plow","dataStatus":"reference","color":"#d6e8ff","title":"325 Route A I93 South","status":"District 3 \u00b7 route A","details":"New Hampshire winter-maintenance plow route. This is the route the state plows, not a live truck.","provider":"NHDOT","sourceUrl":"https://www.nh.gov/dot/","district":3,"plowRoute":"A"}},{"type":"Feature","id":"nh-plow-176","geometry":{"type":"LineString","coordinates":[[-71.66755,43.8766],[-71.66435,43.87736],[-71.66255,43.87418],[-71.66594,43.87141],[-71.67324,43.87411],[-71.68774,43.89908],[-71.69167,43.91376],[-71.68635,43.93041],[-71.68832,43.93673],[-71.68713,43.94585],[-71.67478,43.97002],[-71.6774,43.97864],[-71.6705,43.99489],[-71.68162,44.04517],[-71.67109,43.99477],[-71.67785,43.97842],[-71.67515,43.97038],[-71.68772,43.94625],[-71.68887,43.93665],[-71.68696,43.93051],[-71.69248,43.91377],[-71.68879,43.89912],[-71.6695,43.86834],[-71.66244,43.87452],[-71.66435,43.87736],[-71.66755,43.8766]]},"properties":{"group":"plow","dataStatus":"reference","color":"#d6e8ff","title":"325 Route B I93 North","status":"District 3 \u00b7 route B","details":"New Hampshire winter-maintenance plow route. This is the route the state plows, not a live truck.","provider":"NHDOT","sourceUrl":"https://www.nh.gov/dot/","district":3,"plowRoute":"B"}},{"type":"Feature","id":"nh-plow-177","geometry":{"type":"LineString","coordinates":[[-71.66755,43.8766],[-71.66435,43.87736],[-71.66255,43.87418],[-71.66594,43.87141],[-71.67293,43.87367],[-71.68763,43.89883],[-71.69101,43.90943],[-71.69114,43.91718],[-71.68632,43.93067],[-71.68831,43.93647],[-71.68713,43.94585],[-71.67809,43.96181],[-71.68108,43.95804],[-71.68263,43.95917],[-71.67981,43.9578],[-71.68093,43.9545],[-71.67809,43.96181],[-71.68156,43.9579],[-71.6832,43.96137],[-71.68178,43.9567],[-71.68539,43.94925],[-71.67809,43.96181],[-71.68772,43.94625],[-71.68887,43.93665],[-71.68696,43.93051],[-71.6915,43.92109],[-71.69201,43.90935],[-71.68879,43.89912],[-71.6695,43.86834],[-71.66244,43.87452],[-71.66435,43.87736],[-71.66755,43.8766]]},"properties":{"group":"plow","dataStatus":"reference","color":"#d6e8ff","title":"325 Route C I93 North Ramps 30, 31, and 32","status":"District 3 \u00b7 route C","details":"New Hampshire winter-maintenance plow route. This is the route the state plows, not a live truck.","provider":"NHDOT","sourceUrl":"https://www.nh.gov/dot/","district":3,"plowRoute":"C"}},{"type":"Feature","id":"nh-plow-178","geometry":{"type":"LineString","coordinates":[[-71.66755,43.8766],[-71.66435,43.87736],[-71.66243,43.87501],[-71.66882,43.86669],[-71.66425,43.84388],[-71.66882,43.86669],[-71.6625,43.87529],[-71.6811,43.89787],[-71.68555,43.91222],[-71.68515,43.93332],[-71.67905,43.93898],[-71.6768,43.94696],[-71.68177,43.95106],[-71.67981,43.9578],[-71.6863,43.96575],[-71.6851,43.97845],[-71.68196,43.98389],[-71.68602,43.99223],[-71.68273,43.99584],[-71.68615,44.01019],[-71.68345,44.02205],[-71.68615,44.01019],[-71.68272,43.99604],[-71.68601,43.9921],[-71.68196,43.98406],[-71.6851,43.97845],[-71.68435,43.97354],[-71.68122,43.9766],[-71.68387,43.98049],[-71.68185,43.97637],[-71.6863,43.96575],[-71.67981,43.9578],[-71.68177,43.95106],[-71.6768,43.94696],[-71.67905,43.93898],[-71.68515,43.93332],[-71.68555,43.91222],[-71.6811,43.89787],[-71.66435,43.87736],[-71.66755,43.8766]]},"properties":{"group":"plow","dataStatus":"reference","color":"#d6e8ff","title":"325 Route D US 3 North","status":"District 3 \u00b7 route D","details":"New Hampshire winter-maintenance plow route. This is the route the state plows, not a live truck.","provider":"NHDOT","sourceUrl":"https://www.nh.gov/dot/","district":3,"plowRoute":"D"}},{"type":"Feature","id":"nh-plow-179","geometry":{"type":"LineString","coordinates":[[-71.66755,43.8766],[-71.66435,43.87736],[-71.66242,43.87484],[-71.66871,43.8676],[-71.66683,43.85074],[-71.66335,43.84242],[-71.65805,43.83729],[-71.66347,43.82341],[-71.6629,43.8155],[-71.67402,43.80277],[-71.6735,43.79656],[-71.66992,43.79443],[-71.66735,43.78667],[-71.68458,43.77343],[-71.6874,43.75989],[-71.68458,43.77343],[-71.66735,43.78667],[-71.66992,43.79443],[-71.6735,43.79656],[-71.67402,43.80277],[-71.6629,43.8155],[-71.66355,43.82303],[-71.65821,43.83847],[-71.66596,43.8462],[-71.67858,43.848],[-71.69559,43.85451],[-71.70149,43.8612],[-71.71384,43.86422],[-71.7198,43.871],[-71.73789,43.87403],[-71.7451,43.87253],[-71.73789,43.87403],[-71.71994,43.87104],[-71.71384,43.86422],[-71.70149,43.8612],[-71.69542,43.85443],[-71.67858,43.848],[-71.66596,43.8462],[-71.6688,43.86692],[-71.66242,43.87484],[-71.66435,43.87736],[-71.66755,43.8766]]},"properties":{"group":"plow","dataStatus":"reference","color":"#d6e8ff","title":"325 Route E US 3 South Ellsworth","status":"District 3 \u00b7 route E","details":"New Hampshire winter-maintenance plow route. This is the route the state plows, not a live truck.","provider":"NHDOT","sourceUrl":"https://www.nh.gov/dot/","district":3,"plowRoute":"E"}},{"type":"Feature","id":"nh-plow-180","geometry":{"type":"LineString","coordinates":[[-71.64345,43.85104],[-71.66522,43.84801],[-71.6688,43.86692],[-71.66242,43.87484],[-71.66435,43.87736],[-71.66755,43.8766],[-71.66435,43.87736],[-71.66242,43.87484],[-71.6688,43.86692],[-71.66522,43.84801],[-71.63998,43.85179],[-71.63398,43.85927],[-71.63174,43.86463],[-71.6336,43.8682],[-71.63108,43.87056],[-71.60935,43.88052],[-71.59356,43.88213],[-71.57713,43.8887],[-71.56435,43.91061],[-71.52696,43.92572],[-71.51805,43.93225],[-71.50739,43.94304],[-71.51401,43.94707],[-71.51729,43.9574],[-71.51401,43.94707],[-71.50739,43.94304],[-71.51805,43.93225],[-71.52696,43.92572],[-71.56435,43.91061],[-71.57713,43.8887],[-71.59356,43.88213],[-71.60935,43.88052],[-71.63108,43.87056],[-71.6336,43.8682],[-71.63175,43.86449],[-71.6342,43.85888],[-71.63928,43.85227],[-71.64345,43.85104]]},"properties":{"group":"plow","dataStatus":"reference","color":"#d6e8ff","title":"325 Route  F The Valley NH 49","status":"District 3 \u00b7 route F","details":"New Hampshire winter-maintenance plow route. This is the route the state plows, not a live truck.","provider":"NHDOT","sourceUrl":"https://www.nh.gov/dot/","district":3,"plowRoute":"F"}},{"type":"Feature","id":"nh-plow-181","geometry":{"type":"LineString","coordinates":[[-71.66755,43.8766],[-71.66435,43.87736],[-71.66242,43.87484],[-71.6688,43.86692],[-71.66522,43.84801],[-71.64079,43.85143],[-71.6341,43.85904],[-71.63276,43.86196],[-71.6392,43.86697],[-71.6363,43.86483],[-71.63719,43.86698],[-71.63355,43.86834],[-71.6392,43.86697],[-71.6363,43.86483],[-71.65763,43.88306],[-71.673,43.9164],[-71.66914,43.93693],[-71.66568,43.94352],[-71.66583,43.95053],[-71.67473,43.96233],[-71.67332,43.96916],[-71.68155,43.97723],[-71.67745,43.98207],[-71.67261,43.99537],[-71.67687,44.0012],[-71.67519,44.00415],[-71.67832,44.01815],[-71.68345,44.02205],[-71.67832,44.01815],[-71.67519,44.00415],[-71.67687,44.0012],[-71.67261,43.99537],[-71.67745,43.98207],[-71.68157,43.97731],[-71.67332,43.96916],[-71.67473,43.96233],[-71.66614,43.95141],[-71.66545,43.94505],[-71.67225,43.9251],[-71.6722,43.91523],[-71.68491,43.91777],[-71.67188,43.91487],[-71.65763,43.88306],[-71.63276,43.86196],[-71.6341,43.85904],[-71.64079,43.85143],[-71.66522,43.84801],[-71.6688,43.86692],[-71.66242,43.87484],[-71.66435,43.87736],[-71.66755,43.8766]]},"properties":{"group":"plow","dataStatus":"reference","color":"#d6e8ff","title":"325 Route G NH 175 North","status":"District 3 \u00b7 route G","details":"New Hampshire winter-maintenance plow route. This is the route the state plows, not a live truck.","provider":"NHDOT","sourceUrl":"https://www.nh.gov/dot/","district":3,"plowRoute":"G"}},{"type":"Feature","id":"nh-plow-182","geometry":{"type":"LineString","coordinates":[[-71.66755,43.8766],[-71.66435,43.87736],[-71.66242,43.87484],[-71.6688,43.86692],[-71.66522,43.84801],[-71.64091,43.85139],[-71.63276,43.86196],[-71.63165,43.85876],[-71.63457,43.85634],[-71.63528,43.84895],[-71.64257,43.83461],[-71.63897,43.82334],[-71.6406,43.82073],[-71.65014,43.81591],[-71.65375,43.80899],[-71.67174,43.81205],[-71.65375,43.80899],[-71.66366,43.78273],[-71.67537,43.77435],[-71.67474,43.76373],[-71.67193,43.76092],[-71.67474,43.76373],[-71.67527,43.77459],[-71.66366,43.78273],[-71.65981,43.79717],[-71.65064,43.81541],[-71.63909,43.82276],[-71.64257,43.83461],[-71.63528,43.84895],[-71.63457,43.85634],[-71.63165,43.85876],[-71.63276,43.86196],[-71.64091,43.85139],[-71.66522,43.84801],[-71.6688,43.86692],[-71.66242,43.87484],[-71.66435,43.87736],[-71.66755,43.8766]]},"properties":{"group":"plow","dataStatus":"reference","color":"#d6e8ff","title":"325 Route H NH 175 South","status":"District 3 \u00b7 route H","details":"New Hampshire winter-maintenance plow route. This is the route the state plows, not a live truck.","provider":"NHDOT","sourceUrl":"https://www.nh.gov/dot/","district":3,"plowRoute":"H"}},{"type":"Feature","id":"nh-plow-183","geometry":{"type":"LineString","coordinates":[[-71.50116,43.62352],[-71.50377,43.62244],[-71.50445,43.62424],[-71.49875,43.6405],[-71.5013,43.64548],[-71.50317,43.64485],[-71.50056,43.64711],[-71.50923,43.64109],[-71.52054,43.64269],[-71.52771,43.64109],[-71.53208,43.62989],[-71.5461,43.62264],[-71.58654,43.6197],[-71.61943,43.62474],[-71.63559,43.61845],[-71.61943,43.62474],[-71.58654,43.6197],[-71.54622,43.62261],[-71.53208,43.62989],[-71.52771,43.64109],[-71.52054,43.64269],[-71.5097,43.641],[-71.50171,43.6455],[-71.49946,43.64034],[-71.50445,43.62413],[-71.50377,43.62244],[-71.50116,43.62352]]},"properties":{"group":"plow","dataStatus":"reference","color":"#d6e8ff","title":"309 Route A NH 104","status":"District 3 \u00b7 route A","details":"New Hampshire winter-maintenance plow route. This is the route the state plows, not a live truck.","provider":"NHDOT","sourceUrl":"https://www.nh.gov/dot/","district":3,"plowRoute":"A"}},{"type":"Feature","id":"nh-plow-184","geometry":{"type":"LineString","coordinates":[[-71.50116,43.62352],[-71.50377,43.62244],[-71.50444,43.62439],[-71.49938,43.64016],[-71.4874,43.63303],[-71.4859,43.62348],[-71.47661,43.612],[-71.46477,43.60588],[-71.45288,43.60305],[-71.46477,43.60588],[-71.47661,43.612],[-71.4859,43.62348],[-71.4874,43.63303],[-71.50062,43.64191],[-71.50115,43.646],[-71.49692,43.65381],[-71.50051,43.65932],[-71.50283,43.67059],[-71.50942,43.68075],[-71.50975,43.69006],[-71.51443,43.69274],[-71.51714,43.69915],[-71.51443,43.69274],[-71.50975,43.69006],[-71.50942,43.68075],[-71.50283,43.67059],[-71.50051,43.65932],[-71.49688,43.65367],[-71.5013,43.64548],[-71.49946,43.64034],[-71.50444,43.62439],[-71.50377,43.62244],[-71.50116,43.62352]]},"properties":{"group":"plow","dataStatus":"reference","color":"#d6e8ff","title":"309 Route B US 3","status":"District 3 \u00b7 route B","details":"New Hampshire winter-maintenance plow route. This is the route the state plows, not a live truck.","provider":"NHDOT","sourceUrl":"https://www.nh.gov/dot/","district":3,"plowRoute":"B"}},{"type":"Feature","id":"nh-plow-185","geometry":{"type":"LineString","coordinates":[[-71.50116,43.62352],[-71.50377,43.62244],[-71.50445,43.62424],[-71.49906,43.64028],[-71.50127,43.64559],[-71.49682,43.65286],[-71.49993,43.6582],[-71.49178,43.66328],[-71.48493,43.67346],[-71.45867,43.68362],[-71.45828,43.68841],[-71.45867,43.68362],[-71.48493,43.67346],[-71.49178,43.66328],[-71.49993,43.6582],[-71.49682,43.65286],[-71.50127,43.64559],[-71.49946,43.64034],[-71.50445,43.62424],[-71.50377,43.62244],[-71.50116,43.62352]]},"properties":{"group":"plow","dataStatus":"reference","color":"#d6e8ff","title":"309 Route C NH 25","status":"District 3 \u00b7 route C","details":"New Hampshire winter-maintenance plow route. This is the route the state plows, not a live truck.","provider":"NHDOT","sourceUrl":"https://www.nh.gov/dot/","district":3,"plowRoute":"C"}},{"type":"Feature","id":"nh-plow-186","geometry":{"type":"LineString","coordinates":[[-71.50116,43.62352],[-71.50377,43.62244],[-71.50444,43.62439],[-71.49875,43.6405],[-71.4874,43.63303],[-71.4859,43.62348],[-71.47661,43.612],[-71.45401,43.60331],[-71.47661,43.612],[-71.4859,43.62348],[-71.4874,43.63303],[-71.50038,43.64157],[-71.50444,43.62439],[-71.50377,43.62244],[-71.50116,43.62352]]},"properties":{"group":"plow","dataStatus":"reference","color":"#d6e8ff","title":"309 Route D Roundabouts","status":"District 3 \u00b7 route D","details":"New Hampshire winter-maintenance plow route. This is the route the state plows, not a live truck.","provider":"NHDOT","sourceUrl":"https://www.nh.gov/dot/","district":3,"plowRoute":"D"}},{"type":"Feature","id":"nh-plow-187","geometry":{"type":"LineString","coordinates":[[-71.50116,43.62352],[-71.50377,43.62244],[-71.50302,43.61635],[-71.5139,43.62373],[-71.53608,43.64547],[-71.54807,43.65314],[-71.56093,43.66828],[-71.5712,43.68712],[-71.59142,43.68949],[-71.60878,43.68421],[-71.61897,43.68633],[-71.62925,43.6933],[-71.61897,43.68633],[-71.60878,43.68421],[-71.59142,43.68949],[-71.5712,43.68712],[-71.55226,43.65696],[-71.54703,43.66053],[-71.5453,43.66546],[-71.52812,43.67247],[-71.52231,43.68328],[-71.51022,43.69057],[-71.52231,43.68328],[-71.52812,43.67247],[-71.5453,43.66546],[-71.54703,43.66053],[-71.55226,43.65696],[-71.50302,43.61635],[-71.50377,43.62244],[-71.50116,43.62352]]},"properties":{"group":"plow","dataStatus":"reference","color":"#d6e8ff","title":"309 Route E Winona Road / Waukewan","status":"District 3 \u00b7 route E","details":"New Hampshire winter-maintenance plow route. This is the route the state plows, not a live truck.","provider":"NHDOT","sourceUrl":"https://www.nh.gov/dot/","district":3,"plowRoute":"E"}},{"type":"Feature","id":"nh-plow-188","geometry":{"type":"LineString","coordinates":[[-71.50116,43.62352],[-71.50377,43.62244],[-71.50444,43.62439],[-71.49922,43.64044],[-71.50443,43.62401],[-71.50208,43.61081],[-71.4974,43.60523],[-71.49661,43.59625],[-71.49265,43.58851],[-71.49469,43.57851],[-71.48652,43.56555],[-71.48942,43.55362],[-71.4851,43.54653],[-71.48942,43.55362],[-71.48652,43.56555],[-71.49469,43.57851],[-71.49265,43.58851],[-71.49661,43.59625],[-71.4974,43.60523],[-71.50271,43.61335],[-71.50377,43.62244],[-71.50116,43.62352]]},"properties":{"group":"plow","dataStatus":"reference","color":"#d6e8ff","title":"309 Route F NH 106 / Pease Road","status":"District 3 \u00b7 route F","details":"New Hampshire winter-maintenance plow route. This is the route the state plows, not a live truck.","provider":"NHDOT","sourceUrl":"https://www.nh.gov/dot/","district":3,"plowRoute":"F"}},{"type":"Feature","id":"nh-plow-189","geometry":{"type":"LineString","coordinates":[[-71.50116,43.62352],[-71.50377,43.62244],[-71.50266,43.61312],[-71.4974,43.60523],[-71.49661,43.59625],[-71.49262,43.58836],[-71.49473,43.57866],[-71.48631,43.56383],[-71.49628,43.56671],[-71.50508,43.57725],[-71.51412,43.58202],[-71.51796,43.5884],[-71.51803,43.59877],[-71.52578,43.61165],[-71.53707,43.61572],[-71.54403,43.62122],[-71.55195,43.62279],[-71.54403,43.62122],[-71.53707,43.61572],[-71.52578,43.61165],[-71.51803,43.59877],[-71.51796,43.5884],[-71.51412,43.58202],[-71.50508,43.57725],[-71.49628,43.56671],[-71.48631,43.56383],[-71.49473,43.57866],[-71.49262,43.58836],[-71.49661,43.59625],[-71.4974,43.60523],[-71.50266,43.61312],[-71.50377,43.62244],[-71.50116,43.62352]]},"properties":{"group":"plow","dataStatus":"reference","color":"#d6e8ff","title":"309 Route G Meredith Center Road","status":"District 3 \u00b7 route G","details":"New Hampshire winter-maintenance plow route. This is the route the state plows, not a live truck.","provider":"NHDOT","sourceUrl":"https://www.nh.gov/dot/","district":3,"plowRoute":"G"}},{"type":"Feature","id":"nh-plow-190","geometry":{"type":"LineString","coordinates":[[-71.50116,43.62352],[-71.50377,43.62244],[-71.50444,43.62439],[-71.49906,43.64028],[-71.5013,43.64548],[-71.49692,43.65381],[-71.50051,43.65932],[-71.50283,43.67059],[-71.50942,43.68075],[-71.50981,43.6902],[-71.51443,43.69274],[-71.51926,43.70289],[-71.53048,43.71607],[-71.56033,43.72367],[-71.56508,43.72595],[-71.56895,43.73208],[-71.59119,43.73143],[-71.60056,43.72625],[-71.6077,43.72529],[-71.61759,43.73659],[-71.62229,43.7471],[-71.65422,43.74788],[-71.6712,43.75727],[-71.67193,43.76092],[-71.6712,43.75727],[-71.65422,43.74788],[-71.62229,43.7471],[-71.61759,43.73659],[-71.6077,43.72529],[-71.60056,43.72625],[-71.59119,43.73143],[-71.56895,43.73208],[-71.56508,43.72595],[-71.56033,43.72367],[-71.53048,43.71607],[-71.51926,43.70289],[-71.51443,43.69274],[-71.50981,43.6902],[-71.50942,43.68075],[-71.50283,43.67059],[-71.50051,43.65932],[-71.49692,43.65381],[-71.5013,43.64548],[-71.49946,43.64034],[-71.50444,43.62439],[-71.50377,43.62244],[-71.50116,43.62352]]},"properties":{"group":"plow","dataStatus":"reference","color":"#d6e8ff","title":"309 Route H","status":"District 3 \u00b7 route H","details":"New Hampshire winter-maintenance plow route. This is the route the state plows, not a live truck.","provider":"NHDOT","sourceUrl":"https://www.nh.gov/dot/","district":3,"plowRoute":"H"}},{"type":"Feature","id":"nh-plow-191","geometry":{"type":"LineString","coordinates":[[-71.51991,43.44465],[-71.49057,43.44664],[-71.48645,43.44419],[-71.47527,43.44493],[-71.48645,43.44419],[-71.49057,43.44664],[-71.50517,43.44424],[-71.53812,43.44576],[-71.55905,43.45015],[-71.56765,43.45505],[-71.56528,43.45643],[-71.56558,43.46422],[-71.57081,43.47465],[-71.58304,43.48938],[-71.57081,43.47465],[-71.56569,43.46447],[-71.56637,43.45405],[-71.55836,43.4499],[-71.53885,43.44586],[-71.51991,43.44465]]},"properties":{"group":"plow","dataStatus":"reference","color":"#d6e8ff","title":"313 Route A NH 140 / NH 132 North","status":"District 3 \u00b7 route A","details":"New Hampshire winter-maintenance plow route. This is the route the state plows, not a live truck.","provider":"NHDOT","sourceUrl":"https://www.nh.gov/dot/","district":3,"plowRoute":"A"}},{"type":"Feature","id":"nh-plow-192","geometry":{"type":"LineString","coordinates":[[-71.51991,43.44465],[-71.55759,43.4497],[-71.56765,43.45505],[-71.55649,43.45969],[-71.58334,43.44514],[-71.55649,43.45969],[-71.58334,43.44514],[-71.56765,43.45505],[-71.55759,43.4497],[-71.51991,43.44465]]},"properties":{"group":"plow","dataStatus":"reference","color":"#d6e8ff","title":"313 Route C US 3 South","status":"District 3 \u00b7 route C","details":"New Hampshire winter-maintenance plow route. This is the route the state plows, not a live truck.","provider":"NHDOT","sourceUrl":"https://www.nh.gov/dot/","district":3,"plowRoute":"C"}},{"type":"Feature","id":"nh-plow-194","geometry":{"type":"LineString","coordinates":[[-71.51991,43.44465],[-71.55759,43.4497],[-71.56765,43.45505],[-71.5789,43.44666],[-71.59303,43.44225],[-71.59198,43.43399],[-71.58774,43.42635],[-71.59331,43.42016],[-71.60878,43.38311],[-71.60301,43.35778],[-71.59622,43.34653],[-71.60301,43.35778],[-71.60878,43.38311],[-71.59331,43.42016],[-71.58774,43.42635],[-71.59198,43.43399],[-71.59303,43.44225],[-71.5789,43.44666],[-71.56765,43.45505],[-71.55759,43.4497],[-71.51991,43.44465]]},"properties":{"group":"plow","dataStatus":"reference","color":"#d6e8ff","title":"313 Route E NH 132 South","status":"District 3 \u00b7 route E","details":"New Hampshire winter-maintenance plow route. This is the route the state plows, not a live truck.","provider":"NHDOT","sourceUrl":"https://www.nh.gov/dot/","district":3,"plowRoute":"E"}},{"type":"Feature","id":"nh-plow-195","geometry":{"type":"LineString","coordinates":[[-71.46545,43.458],[-71.47527,43.44493],[-71.46198,43.44073],[-71.44534,43.441],[-71.42437,43.42296],[-71.40992,43.42361],[-71.3878,43.41103],[-71.38586,43.40224],[-71.36455,43.39284],[-71.35563,43.3844],[-71.35278,43.37799],[-71.35312,43.36898],[-71.35278,43.37799],[-71.35563,43.3844],[-71.36455,43.39284],[-71.38586,43.40224],[-71.3878,43.41103],[-71.40992,43.42361],[-71.42437,43.42296],[-71.44534,43.441],[-71.46198,43.44073],[-71.47527,43.44493],[-71.46545,43.458]]},"properties":{"group":"plow","dataStatus":"reference","color":"#d6e8ff","title":"314 Route A NH 140 / NH 107 South","status":"District 3 \u00b7 route A","details":"New Hampshire winter-maintenance plow route. This is the route the state plows, not a live truck.","provider":"NHDOT","sourceUrl":"https://www.nh.gov/dot/","district":3,"plowRoute":"A"}},{"type":"Feature","id":"nh-plow-196","geometry":{"type":"LineString","coordinates":[[-71.46545,43.458],[-71.47527,43.44493],[-71.46198,43.44073],[-71.44534,43.441],[-71.42437,43.42296],[-71.41651,43.42198],[-71.4133,43.42415],[-71.42106,43.44903],[-71.42109,43.46658],[-71.42878,43.47289],[-71.4306,43.48404],[-71.43887,43.49327],[-71.44555,43.49676],[-71.45082,43.50893],[-71.45638,43.51455],[-71.45082,43.50893],[-71.44555,43.49676],[-71.43887,43.49327],[-71.4306,43.48404],[-71.42878,43.47289],[-71.42109,43.46658],[-71.42106,43.44903],[-71.4133,43.42415],[-71.41651,43.42198],[-71.42437,43.42296],[-71.44534,43.441],[-71.46198,43.44073],[-71.47527,43.44493],[-71.46545,43.458]]},"properties":{"group":"plow","dataStatus":"reference","color":"#d6e8ff","title":"314 Route B NH 140 / NH 107 North","status":"District 3 \u00b7 route B","details":"New Hampshire winter-maintenance plow route. This is the route the state plows, not a live truck.","provider":"NHDOT","sourceUrl":"https://www.nh.gov/dot/","district":3,"plowRoute":"B"}},{"type":"Feature","id":"nh-plow-197","geometry":{"type":"LineString","coordinates":[[-71.45963,43.51517],[-71.46418,43.49317],[-71.46243,43.48696],[-71.46831,43.46643],[-71.46545,43.458],[-71.46831,43.46643],[-71.4625,43.48664],[-71.46413,43.49357],[-71.45891,43.51296],[-71.46406,43.51851],[-71.45963,43.51515]]},"properties":{"group":"plow","dataStatus":"reference","color":"#d6e8ff","title":"314 Route C NH 106","status":"District 3 \u00b7 route C","details":"New Hampshire winter-maintenance plow route. This is the route the state plows, not a live truck.","provider":"NHDOT","sourceUrl":"https://www.nh.gov/dot/","district":3,"plowRoute":"C"}},{"type":"Feature","id":"nh-plow-198","geometry":{"type":"LineString","coordinates":[[-71.46545,43.458],[-71.46831,43.46643],[-71.46243,43.48696],[-71.46418,43.49317],[-71.46152,43.50586],[-71.45951,43.511],[-71.45352,43.51383],[-71.44342,43.52859],[-71.4389,43.53953],[-71.43887,43.54859],[-71.43053,43.55694],[-71.43316,43.56787],[-71.43519,43.56618],[-71.4306,43.5567],[-71.43861,43.54911],[-71.4389,43.53953],[-71.44306,43.5294],[-71.45369,43.51366],[-71.45848,43.51221],[-71.48796,43.51654],[-71.45921,43.51174],[-71.46413,43.49357],[-71.4625,43.48664],[-71.46831,43.46643],[-71.46545,43.458]]},"properties":{"group":"plow","dataStatus":"reference","color":"#d6e8ff","title":"314 Route D The Laconia ByPass","status":"District 3 \u00b7 route D","details":"New Hampshire winter-maintenance plow route. This is the route the state plows, not a live truck.","provider":"NHDOT","sourceUrl":"https://www.nh.gov/dot/","district":3,"plowRoute":"D"}},{"type":"Feature","id":"nh-plow-199","geometry":{"type":"LineString","coordinates":[[-71.46545,43.458],[-71.46831,43.46643],[-71.46243,43.48696],[-71.46418,43.49317],[-71.46152,43.50586],[-71.4595,43.51103],[-71.45333,43.51404],[-71.44153,43.53111],[-71.44031,43.53589],[-71.4443,43.52684],[-71.4389,43.53953],[-71.43887,43.54859],[-71.43053,43.55694],[-71.43316,43.56787],[-71.43534,43.56612],[-71.4326,43.56728],[-71.43534,43.56612],[-71.4306,43.5567],[-71.43874,43.54886],[-71.43958,43.53762],[-71.44523,43.52529],[-71.45514,43.51355],[-71.45346,43.51299],[-71.45051,43.51786],[-71.45514,43.51355],[-71.45384,43.51269],[-71.45051,43.51786],[-71.45507,43.51277],[-71.46059,43.51386],[-71.45957,43.51084],[-71.45516,43.51273],[-71.46034,43.51262],[-71.45963,43.51517],[-71.46423,43.51277],[-71.48796,43.51654],[-71.4903,43.51426],[-71.48785,43.51622],[-71.47683,43.51593],[-71.45921,43.51174],[-71.45907,43.51456],[-71.46451,43.5128],[-71.45921,43.51174],[-71.46413,43.49357],[-71.4625,43.48664],[-71.46831,43.46643],[-71.46545,43.458]]},"properties":{"group":"plow","dataStatus":"reference","color":"#d6e8ff","title":"314 Route E Laconia By Pass Ramps","status":"District 3 \u00b7 route E","details":"New Hampshire winter-maintenance plow route. This is the route the state plows, not a live truck.","provider":"NHDOT","sourceUrl":"https://www.nh.gov/dot/","district":3,"plowRoute":"E"}},{"type":"Feature","id":"nh-plow-200","geometry":{"type":"LineString","coordinates":[[-71.32192,43.534],[-71.32173,43.53722],[-71.3186,43.53915],[-71.30057,43.54068],[-71.31924,43.53891],[-71.32212,43.53375],[-71.3289,43.52905],[-71.34466,43.52945],[-71.35051,43.54491],[-71.37253,43.56218],[-71.3859,43.56432],[-71.3941,43.56192],[-71.39564,43.55742],[-71.41017,43.54524],[-71.42981,43.53947],[-71.43946,43.53167],[-71.44995,43.53128],[-71.43946,43.53167],[-71.42981,43.53947],[-71.41042,43.54511],[-71.39564,43.55742],[-71.39451,43.56165],[-71.38617,43.56431],[-71.37351,43.56278],[-71.35247,43.54689],[-71.34488,43.52951],[-71.3289,43.52905],[-71.32212,43.53375],[-71.31924,43.53891],[-71.30057,43.54068],[-71.31924,43.53891],[-71.32212,43.53375],[-71.3289,43.52905],[-71.34466,43.52945],[-71.35051,43.54491],[-71.37253,43.56218],[-71.3859,43.56432],[-71.3941,43.56192],[-71.39564,43.55742],[-71.41017,43.54524],[-71.42981,43.53947],[-71.43946,43.53167],[-71.44995,43.53128],[-71.43984,43.53156],[-71.44324,43.53125],[-71.45382,43.51354],[-71.46078,43.51358],[-71.45897,43.51266],[-71.46418,43.49317],[-71.4624,43.48716],[-71.46831,43.46643],[-71.46626,43.45832],[-71.46831,43.46643],[-71.46243,43.48696],[-71.46413,43.49357],[-71.45951,43.511],[-71.45333,43.51404],[-71.44142,43.53138],[-71.42956,43.53958],[-71.40946,43.54566],[-71.39564,43.55742],[-71.3941,43.56192],[-71.3859,43.56432],[-71.37253,43.56218],[-71.35051,43.54491],[-71.34508,43.52958],[-71.3289,43.52905],[-71.3219,43.53403]]},"properties":{"group":"plow","dataStatus":"reference","color":"#d6e8ff","title":"314 Route F NH 11A","status":"District 3 \u00b7 route F","details":"New Hampshire winter-maintenance plow route. This is the route the state plows, not a live truck.","provider":"NHDOT","sourceUrl":"https://www.nh.gov/dot/","district":3,"plowRoute":"F"}},{"type":"Feature","id":"nh-plow-201","geometry":{"type":"LineString","coordinates":[[-71.46545,43.458],[-71.46831,43.46643],[-71.46243,43.48696],[-71.46418,43.49317],[-71.4613,43.50651],[-71.45951,43.511],[-71.45352,43.51383],[-71.44484,43.52591],[-71.43901,43.53913],[-71.43887,43.54859],[-71.43047,43.55719],[-71.43316,43.56787],[-71.44099,43.56333],[-71.44863,43.56308],[-71.42032,43.56904],[-71.3892,43.58087],[-71.38163,43.58613],[-71.36758,43.5766],[-71.35044,43.57239],[-71.32752,43.55884],[-71.35044,43.57239],[-71.36758,43.5766],[-71.38163,43.58613],[-71.38948,43.58075],[-71.42781,43.5674],[-71.38948,43.58075],[-71.38163,43.58613],[-71.36758,43.5766],[-71.35044,43.57239],[-71.32752,43.55884],[-71.35044,43.57239],[-71.36758,43.5766],[-71.38163,43.58613],[-71.38948,43.58075],[-71.42781,43.5674],[-71.38948,43.58075],[-71.38225,43.58614],[-71.36503,43.57537],[-71.35261,43.57273],[-71.36503,43.57537],[-71.38225,43.58614],[-71.3892,43.58087],[-71.41978,43.56924],[-71.43496,43.56624],[-71.43047,43.55719],[-71.43887,43.54859],[-71.4389,43.53953],[-71.44394,43.5275],[-71.45382,43.51354],[-71.46078,43.51358],[-71.45897,43.51266],[-71.46418,43.49317],[-71.4624,43.48716],[-71.46831,43.46643],[-71.46545,43.458]]},"properties":{"group":"plow","dataStatus":"reference","color":"#d6e8ff","title":"314 Route G NH 11","status":"District 3 \u00b7 route G","details":"New Hampshire winter-maintenance plow route. This is the route the state plows, not a live truck.","provider":"NHDOT","sourceUrl":"https://www.nh.gov/dot/","district":3,"plowRoute":"G"}},{"type":"Feature","id":"nh-plow-202","geometry":{"type":"LineString","coordinates":[[-71.46545,43.458],[-71.46831,43.46643],[-71.46243,43.48696],[-71.46418,43.49317],[-71.46145,43.5061],[-71.45951,43.511],[-71.45352,43.51383],[-71.44394,43.5275],[-71.4389,43.53953],[-71.43887,43.54859],[-71.43047,43.55719],[-71.43439,43.56745],[-71.42781,43.5674],[-71.43288,43.57389],[-71.43234,43.57805],[-71.42125,43.58852],[-71.43261,43.59961],[-71.44097,43.60227],[-71.45483,43.60347],[-71.43298,43.59982],[-71.42125,43.58852],[-71.43298,43.59982],[-71.45483,43.60347],[-71.43298,43.59982],[-71.42079,43.58817],[-71.40814,43.57957],[-71.40063,43.57748],[-71.40119,43.57482],[-71.39619,43.57197],[-71.39912,43.55553],[-71.39746,43.5564],[-71.39912,43.55553],[-71.39619,43.57197],[-71.40119,43.57482],[-71.40063,43.57748],[-71.40814,43.57957],[-71.42125,43.58852],[-71.40814,43.57957],[-71.40063,43.57748],[-71.40119,43.57482],[-71.39646,43.5727],[-71.39877,43.56152],[-71.39746,43.5564],[-71.39912,43.55553],[-71.39619,43.57197],[-71.40119,43.57482],[-71.40063,43.57748],[-71.40814,43.57957],[-71.42125,43.58852],[-71.4313,43.58005],[-71.43301,43.57425],[-71.42781,43.5674],[-71.43287,43.57643],[-71.42125,43.58852],[-71.43234,43.57805],[-71.43288,43.57389],[-71.42781,43.5674],[-71.43496,43.56624],[-71.43047,43.55719],[-71.43887,43.54859],[-71.4389,43.53953],[-71.44394,43.5275],[-71.45382,43.51354],[-71.46078,43.51358],[-71.45897,43.51266],[-71.46418,43.49317],[-71.4624,43.48716],[-71.46831,43.46643],[-71.46545,43.458]]},"properties":{"group":"plow","dataStatus":"reference","color":"#d6e8ff","title":"314 Route H NH 11 B & C","status":"District 3 \u00b7 route H","details":"New Hampshire winter-maintenance plow route. This is the route the state plows, not a live truck.","provider":"NHDOT","sourceUrl":"https://www.nh.gov/dot/","district":3,"plowRoute":"H"}},{"type":"Feature","id":"nh-plow-203","geometry":{"type":"LineString","coordinates":[[-71.21249,43.45564],[-71.21554,43.45625],[-71.21,43.45056],[-71.21904,43.45427],[-71.22673,43.46057],[-71.23221,43.46987],[-71.23571,43.47059],[-71.23254,43.47012],[-71.23571,43.47059],[-71.23254,43.47012],[-71.23421,43.48107],[-71.2414,43.48893],[-71.24415,43.49599],[-71.2439,43.50289],[-71.23924,43.50641],[-71.22339,43.50481],[-71.2386,43.50669],[-71.24381,43.50307],[-71.24415,43.49599],[-71.2414,43.48893],[-71.23583,43.48487],[-71.23254,43.47012],[-71.23583,43.48487],[-71.2426,43.4911],[-71.24397,43.50265],[-71.23633,43.50736],[-71.22346,43.50491],[-71.23924,43.50641],[-71.2439,43.50289],[-71.24415,43.49599],[-71.2414,43.48893],[-71.23583,43.48487],[-71.23335,43.47756],[-71.23429,43.4723],[-71.22673,43.46057],[-71.21,43.45056],[-71.21554,43.45625],[-71.21249,43.45564]]},"properties":{"group":"plow","dataStatus":"reference","color":"#d6e8ff","title":"315 Route A NH 28A","status":"District 3 \u00b7 route A","details":"New Hampshire winter-maintenance plow route. This is the route the state plows, not a live truck.","provider":"NHDOT","sourceUrl":"https://www.nh.gov/dot/","district":3,"plowRoute":"A"}},{"type":"Feature","id":"nh-plow-204","geometry":{"type":"LineString","coordinates":[[-71.21249,43.45564],[-71.21554,43.45625],[-71.21259,43.45176],[-71.2265,43.46035],[-71.23211,43.46977],[-71.23542,43.47006],[-71.23914,43.475],[-71.24263,43.48331],[-71.25364,43.48946],[-71.26493,43.50412],[-71.26695,43.51541],[-71.27301,43.52024],[-71.27715,43.5344],[-71.28234,43.53696],[-71.27548,43.53238],[-71.27322,43.52068],[-71.26695,43.51541],[-71.26452,43.50341],[-71.25276,43.48851],[-71.24237,43.48301],[-71.23542,43.47006],[-71.24237,43.48301],[-71.25276,43.48851],[-71.26452,43.50341],[-71.26695,43.51541],[-71.27301,43.52024],[-71.27669,43.53397],[-71.29,43.53884],[-71.29728,43.53804],[-71.31206,43.55255],[-71.32752,43.55884],[-71.31206,43.55255],[-71.29728,43.53804],[-71.29024,43.53889],[-71.27715,43.5344],[-71.27301,43.52024],[-71.26695,43.51541],[-71.26493,43.50412],[-71.25364,43.48946],[-71.24263,43.48331],[-71.23914,43.475],[-71.23542,43.47006],[-71.23211,43.46977],[-71.22663,43.46046],[-71.21,43.45056],[-71.21554,43.45625],[-71.21249,43.45564]]},"properties":{"group":"plow","dataStatus":"reference","color":"#d6e8ff","title":"315 Route B NH 11 West","status":"District 3 \u00b7 route B","details":"New Hampshire winter-maintenance plow route. This is the route the state plows, not a live truck.","provider":"NHDOT","sourceUrl":"https://www.nh.gov/dot/","district":3,"plowRoute":"B"}},{"type":"Feature","id":"nh-plow-205","geometry":{"type":"LineString","coordinates":[[-71.21249,43.45564],[-71.21554,43.45625],[-71.21,43.45056],[-71.22389,43.46495],[-71.22934,43.50048],[-71.21539,43.5081],[-71.21431,43.51717],[-71.20522,43.5243],[-71.20316,43.53755],[-71.19926,43.54557],[-71.18745,43.55254],[-71.19926,43.54557],[-71.20316,43.53755],[-71.20522,43.5243],[-71.21431,43.51717],[-71.21539,43.5081],[-71.22934,43.50048],[-71.22389,43.46495],[-71.21,43.45056],[-71.22389,43.46495],[-71.22936,43.50038],[-71.21539,43.5081],[-71.21431,43.51717],[-71.20522,43.5243],[-71.20316,43.53755],[-71.19926,43.54557],[-71.18745,43.55254],[-71.19926,43.54557],[-71.20316,43.53755],[-71.20522,43.5243],[-71.21431,43.51717],[-71.21539,43.5081],[-71.22934,43.50048],[-71.22389,43.46495],[-71.21,43.45056],[-71.21554,43.45625],[-71.21249,43.45564]]},"properties":{"group":"plow","dataStatus":"reference","color":"#d6e8ff","title":"315 Route C NH 28 North","status":"District 3 \u00b7 route C","details":"New Hampshire winter-maintenance plow route. This is the route the state plows, not a live truck.","provider":"NHDOT","sourceUrl":"https://www.nh.gov/dot/","district":3,"plowRoute":"C"}},{"type":"Feature","id":"nh-plow-206","geometry":{"type":"LineString","coordinates":[[-71.21249,43.45564],[-71.21554,43.45625],[-71.21128,43.45085],[-71.21186,43.44634],[-71.20829,43.4433],[-71.20665,43.43405],[-71.2087,43.428],[-71.20363,43.41869],[-71.20446,43.41429],[-71.22526,43.40327],[-71.23115,43.39715],[-71.24742,43.39011],[-71.25753,43.37949],[-71.25401,43.36629],[-71.26744,43.34456],[-71.25401,43.36629],[-71.25753,43.37949],[-71.25401,43.36629],[-71.26744,43.34456],[-71.25401,43.36629],[-71.25753,43.37949],[-71.24742,43.39011],[-71.23115,43.39715],[-71.22526,43.40327],[-71.20446,43.41429],[-71.20363,43.41869],[-71.2087,43.428],[-71.20665,43.43405],[-71.20825,43.44314],[-71.21194,43.44648],[-71.20978,43.45089],[-71.21184,43.45202],[-71.21194,43.44648],[-71.20825,43.44314],[-71.20665,43.43405],[-71.2087,43.428],[-71.20363,43.41869],[-71.20453,43.41416],[-71.22526,43.40327],[-71.23115,43.39715],[-71.24742,43.39011],[-71.25753,43.37949],[-71.24742,43.39011],[-71.23115,43.39715],[-71.22526,43.40327],[-71.20453,43.41416],[-71.20363,43.41869],[-71.2087,43.428],[-71.20665,43.43405],[-71.20825,43.44314],[-71.21208,43.44708],[-71.20978,43.45089],[-71.21554,43.45625],[-71.21249,43.45564]]},"properties":{"group":"plow","dataStatus":"reference","color":"#d6e8ff","title":"315 Route D NH 28 South","status":"District 3 \u00b7 route D","details":"New Hampshire winter-maintenance plow route. This is the route the state plows, not a live truck.","provider":"NHDOT","sourceUrl":"https://www.nh.gov/dot/","district":3,"plowRoute":"D"}},{"type":"Feature","id":"nh-plow-207","geometry":{"type":"LineString","coordinates":[[-71.21249,43.45564],[-71.21554,43.45625],[-71.21206,43.45142],[-71.1869,43.43585],[-71.16967,43.43352],[-71.13746,43.41289],[-71.11009,43.4013],[-71.13746,43.41289],[-71.16967,43.43352],[-71.1869,43.43585],[-71.2122,43.45182],[-71.1869,43.43585],[-71.16967,43.43352],[-71.13746,43.41289],[-71.11008,43.4013],[-71.13746,43.41289],[-71.16967,43.43352],[-71.1869,43.43585],[-71.21554,43.45625],[-71.21249,43.45564]]},"properties":{"group":"plow","dataStatus":"reference","color":"#d6e8ff","title":"315 Route E NH 11 East","status":"District 3 \u00b7 route E","details":"New Hampshire winter-maintenance plow route. This is the route the state plows, not a live truck.","provider":"NHDOT","sourceUrl":"https://www.nh.gov/dot/","district":3,"plowRoute":"E"}},{"type":"Feature","id":"nh-plow-208","geometry":{"type":"LineString","coordinates":[[-71.21249,43.45564],[-71.21554,43.45625],[-71.21231,43.45179],[-71.22118,43.45639],[-71.24295,43.44694],[-71.24877,43.43948],[-71.24787,43.4322],[-71.25078,43.42705],[-71.26053,43.42617],[-71.26624,43.42278],[-71.28731,43.42577],[-71.2931,43.41809],[-71.30556,43.42193],[-71.3155,43.41875],[-71.34481,43.42878],[-71.36426,43.42524],[-71.39822,43.43275],[-71.4133,43.42415],[-71.39822,43.43275],[-71.36426,43.42524],[-71.34481,43.42878],[-71.3155,43.41875],[-71.30556,43.42193],[-71.2931,43.41809],[-71.30556,43.42193],[-71.3155,43.41875],[-71.34481,43.42878],[-71.36426,43.42524],[-71.39822,43.43275],[-71.4133,43.42415],[-71.39822,43.43275],[-71.36426,43.42524],[-71.34481,43.42878],[-71.3155,43.41875],[-71.30556,43.42193],[-71.2931,43.41809],[-71.28731,43.42577],[-71.26624,43.42278],[-71.26053,43.42617],[-71.25078,43.42705],[-71.24787,43.4322],[-71.24877,43.43948],[-71.24295,43.44694],[-71.22118,43.45639],[-71.21,43.45056],[-71.21554,43.45625],[-71.21249,43.45564]]},"properties":{"group":"plow","dataStatus":"reference","color":"#d6e8ff","title":"315 Route F NH 140","status":"District 3 \u00b7 route F","details":"New Hampshire winter-maintenance plow route. This is the route the state plows, not a live truck.","provider":"NHDOT","sourceUrl":"https://www.nh.gov/dot/","district":3,"plowRoute":"F"}},{"type":"Feature","id":"nh-plow-209","geometry":{"type":"LineString","coordinates":[[-71.47716,43.32042],[-71.47783,43.32595],[-71.46778,43.34014],[-71.46341,43.36808],[-71.45037,43.40223],[-71.45174,43.40807],[-71.44937,43.41851],[-71.4577,43.42922],[-71.47642,43.43535],[-71.47527,43.44493],[-71.47642,43.43535],[-71.4577,43.42922],[-71.44937,43.41851],[-71.45174,43.40807],[-71.45037,43.40223],[-71.46341,43.36808],[-71.46778,43.34014],[-71.47783,43.32595],[-71.47716,43.32042]]},"properties":{"group":"plow","dataStatus":"reference","color":"#d6e8ff","title":"316 Route A NH 106 North","status":"District 3 \u00b7 route A","details":"New Hampshire winter-maintenance plow route. This is the route the state plows, not a live truck.","provider":"NHDOT","sourceUrl":"https://www.nh.gov/dot/","district":3,"plowRoute":"A"}},{"type":"Feature","id":"nh-plow-210","geometry":{"type":"LineString","coordinates":[[-71.47716,43.32042],[-71.47045,43.29557],[-71.46179,43.28452],[-71.46162,43.27416],[-71.45694,43.25875],[-71.46913,43.23708],[-71.45694,43.25875],[-71.46162,43.27416],[-71.46179,43.28452],[-71.47045,43.29557],[-71.47716,43.32042]]},"properties":{"group":"plow","dataStatus":"reference","color":"#d6e8ff","title":"316 Route B NH 106 South","status":"District 3 \u00b7 route B","details":"New Hampshire winter-maintenance plow route. This is the route the state plows, not a live truck.","provider":"NHDOT","sourceUrl":"https://www.nh.gov/dot/","district":3,"plowRoute":"B"}},{"type":"Feature","id":"nh-plow-211","geometry":{"type":"LineString","coordinates":[[-71.47716,43.32042],[-71.47792,43.32572],[-71.48784,43.32955],[-71.4943,43.34566],[-71.54166,43.34356],[-71.55451,43.33606],[-71.57313,43.3384],[-71.58401,43.33709],[-71.56421,43.33686],[-71.56346,43.32738],[-71.57167,43.32442],[-71.56346,43.32738],[-71.56421,43.33686],[-71.55411,43.33614],[-71.54396,43.34298],[-71.49434,43.34566],[-71.48765,43.32928],[-71.47792,43.32572],[-71.48765,43.32928],[-71.49434,43.34566],[-71.54166,43.34356],[-71.55451,43.33606],[-71.57313,43.3384],[-71.58401,43.33709],[-71.56421,43.33686],[-71.56346,43.32738],[-71.57167,43.32442],[-71.56346,43.32738],[-71.56421,43.33686],[-71.55411,43.33614],[-71.54396,43.34298],[-71.49424,43.34574],[-71.48784,43.32955],[-71.47792,43.32572],[-71.47716,43.32042]]},"properties":{"group":"plow","dataStatus":"reference","color":"#d6e8ff","title":"316 Route C Baptist Road","status":"District 3 \u00b7 route C","details":"New Hampshire winter-maintenance plow route. This is the route the state plows, not a live truck.","provider":"NHDOT","sourceUrl":"https://www.nh.gov/dot/","district":3,"plowRoute":"C"}},{"type":"Feature","id":"nh-plow-212","geometry":{"type":"LineString","coordinates":[[-71.47716,43.32042],[-71.47164,43.29875],[-71.46484,43.28735],[-71.44843,43.29814],[-71.4391,43.30135],[-71.43312,43.31392],[-71.42811,43.31797],[-71.41131,43.31962],[-71.40556,43.32502],[-71.40506,43.33042],[-71.40112,43.33613],[-71.39029,43.32741],[-71.36972,43.31683],[-71.36004,43.31339],[-71.35122,43.31336],[-71.33173,43.30401],[-71.32634,43.30404],[-71.31574,43.31477],[-71.32634,43.30404],[-71.33173,43.30401],[-71.35122,43.31336],[-71.36004,43.31339],[-71.36972,43.31683],[-71.39029,43.32741],[-71.40064,43.33596],[-71.40506,43.33042],[-71.40556,43.32502],[-71.41131,43.31962],[-71.42811,43.31797],[-71.43312,43.31392],[-71.4391,43.30135],[-71.46427,43.28815],[-71.47053,43.29576],[-71.47716,43.32042]]},"properties":{"group":"plow","dataStatus":"reference","color":"#d6e8ff","title":"316 Route D NH 129 & Pittsfield / Loudon Road","status":"District 3 \u00b7 route D","details":"New Hampshire winter-maintenance plow route. This is the route the state plows, not a live truck.","provider":"NHDOT","sourceUrl":"https://www.nh.gov/dot/","district":3,"plowRoute":"D"}},{"type":"Feature","id":"nh-plow-213","geometry":{"type":"LineString","coordinates":[[-71.47716,43.32042],[-71.47053,43.29576],[-71.46427,43.28791],[-71.44843,43.29814],[-71.4391,43.30135],[-71.43312,43.31392],[-71.42811,43.31797],[-71.41131,43.31962],[-71.40556,43.32502],[-71.40506,43.33042],[-71.39763,43.34212],[-71.38118,43.35244],[-71.36866,43.36625],[-71.35621,43.36679],[-71.35312,43.36898],[-71.34564,43.36164],[-71.33756,43.35846],[-71.32477,43.34117],[-71.31774,43.33626],[-71.31243,43.31784],[-71.31575,43.31487],[-71.30511,43.32027],[-71.31243,43.31643],[-71.31781,43.33636],[-71.32477,43.34117],[-71.33756,43.35846],[-71.34564,43.36164],[-71.35312,43.36898],[-71.35621,43.36679],[-71.36866,43.36625],[-71.38118,43.35244],[-71.39763,43.34212],[-71.40506,43.33042],[-71.40556,43.32502],[-71.41131,43.31962],[-71.42811,43.31797],[-71.43312,43.31392],[-71.4391,43.30135],[-71.44843,43.29814],[-71.46413,43.28817],[-71.47053,43.29576],[-71.47716,43.32042]]},"properties":{"group":"plow","dataStatus":"reference","color":"#d6e8ff","title":"316 Route E NH 129 & NH 107","status":"District 3 \u00b7 route E","details":"New Hampshire winter-maintenance plow route. This is the route the state plows, not a live truck.","provider":"NHDOT","sourceUrl":"https://www.nh.gov/dot/","district":3,"plowRoute":"E"}},{"type":"Feature","id":"nh-plow-214","geometry":{"type":"LineString","coordinates":[[-71.51991,43.44465],[-71.55759,43.4497],[-71.56765,43.45505],[-71.58334,43.44514],[-71.56546,43.45634],[-71.55613,43.45873],[-71.56546,43.45634],[-71.58334,43.44514],[-71.56546,43.45634],[-71.55008,43.46131],[-71.53797,43.48384],[-71.52902,43.48728],[-71.51756,43.50001],[-71.50721,43.50221],[-71.49522,43.51298],[-71.48416,43.51831],[-71.49522,43.51298],[-71.50721,43.50221],[-71.51756,43.50001],[-71.52902,43.48728],[-71.53797,43.48384],[-71.54993,43.46143],[-71.56765,43.45505],[-71.55759,43.4497],[-71.51991,43.44465]]},"properties":{"group":"plow","dataStatus":"reference","color":"#d6e8ff","title":"313 Route B  US 3 North","status":"District 3 \u00b7 route B","details":"New Hampshire winter-maintenance plow route. This is the route the state plows, not a live truck.","provider":"NHDOT","sourceUrl":"https://www.nh.gov/dot/","district":3,"plowRoute":"B"}},{"type":"Feature","id":"nh-plow-215","geometry":{"type":"LineString","coordinates":[[-71.68259,43.77163],[-71.68037,43.77387],[-71.69101,43.76938],[-71.68042,43.77299],[-71.67797,43.7803],[-71.68358,43.77198],[-71.69101,43.76938],[-71.68042,43.77299],[-71.67797,43.7803],[-71.68358,43.77198],[-71.69101,43.76938],[-71.6837,43.7711],[-71.67928,43.75996],[-71.68752,43.75996],[-71.67193,43.76092],[-71.68077,43.75997],[-71.66743,43.75042],[-71.66118,43.74167],[-71.6511,43.71323],[-71.65009,43.70358],[-71.64567,43.69666],[-71.64985,43.69947],[-71.6473,43.69926],[-71.64311,43.69238],[-71.64319,43.68236],[-71.64972,43.66356],[-71.6474,43.64525],[-71.65298,43.63166],[-71.6446,43.61839],[-71.64479,43.61239],[-71.63953,43.61538],[-71.64201,43.61631],[-71.64068,43.61764],[-71.64201,43.61631],[-71.63953,43.61538],[-71.64253,43.61505],[-71.6525,43.63179],[-71.64699,43.64508],[-71.64928,43.6636],[-71.64256,43.68313],[-71.6444,43.69818],[-71.64233,43.69852],[-71.64487,43.69808],[-71.64233,43.69852],[-71.64545,43.69868],[-71.64942,43.70306],[-71.65058,43.71304],[-71.66072,43.7417],[-71.66676,43.75031],[-71.67554,43.75677],[-71.67767,43.76102],[-71.67574,43.76131],[-71.67845,43.76249],[-71.68233,43.77172]]},"properties":{"group":"plow","dataStatus":"reference","color":"#d6e8ff","title":"324 Route B I93 North Ramps","status":"District 3 \u00b7 route B","details":"New Hampshire winter-maintenance plow route. This is the route the state plows, not a live truck.","provider":"NHDOT","sourceUrl":"https://www.nh.gov/dot/","district":3,"plowRoute":"B"}},{"type":"Feature","id":"nh-plow-216","geometry":{"type":"LineString","coordinates":[[-71.07488,43.8244],[-71.07317,43.82542],[-71.06697,43.81917],[-71.06563,43.80866],[-71.05248,43.79214],[-71.07112,43.79291],[-71.08838,43.78818],[-71.14064,43.75716],[-71.14732,43.76034],[-71.13644,43.75273],[-71.1402,43.7575],[-71.14732,43.76034],[-71.14286,43.75528],[-71.13644,43.75273],[-71.14064,43.75716],[-71.14732,43.76034],[-71.14286,43.75528],[-71.13644,43.75273],[-71.14064,43.75716],[-71.14286,43.75528],[-71.15073,43.76008],[-71.15535,43.76861],[-71.16421,43.77667],[-71.15535,43.76861],[-71.15122,43.76054],[-71.14286,43.75528],[-71.15122,43.76054],[-71.15535,43.76861],[-71.16421,43.77667],[-71.15227,43.76399],[-71.1501,43.75959],[-71.15264,43.75462],[-71.14149,43.75354],[-71.15149,43.75362],[-71.15295,43.75503],[-71.1501,43.75959],[-71.15295,43.75503],[-71.1513,43.75349],[-71.14149,43.75354],[-71.15149,43.75362],[-71.15295,43.75503],[-71.1501,43.75959],[-71.14238,43.75491],[-71.13998,43.7506],[-71.13356,43.74914],[-71.13998,43.7506],[-71.14149,43.75354],[-71.13974,43.75046],[-71.13356,43.74914],[-71.13998,43.7506],[-71.14306,43.75521],[-71.13363,43.76273],[-71.12275,43.76617],[-71.10023,43.78272],[-71.07228,43.79273],[-71.05248,43.79214],[-71.06563,43.80866],[-71.06697,43.81917],[-71.07317,43.82542],[-71.07488,43.8244]]},"properties":{"group":"plow","dataStatus":"reference","color":"#d6e8ff","title":"303 Route A NH 16B Ossipee & Ramps","status":"District 3 \u00b7 route A","details":"New Hampshire winter-maintenance plow route. This is the route the state plows, not a live truck.","provider":"NHDOT","sourceUrl":"https://www.nh.gov/dot/","district":3,"plowRoute":"A"}},{"type":"Feature","id":"nh-plow-217","geometry":{"type":"LineString","coordinates":[[-70.99315,43.39557],[-70.99063,43.39368],[-70.98923,43.37999],[-70.98043,43.36612],[-70.98027,43.36211],[-70.98226,43.36941],[-70.99201,43.383],[-70.99013,43.38801],[-70.99196,43.38232],[-70.98607,43.37365],[-70.98944,43.38063],[-70.99088,43.39229],[-70.98541,43.41877],[-70.98922,43.42952],[-70.98829,43.4373],[-70.98432,43.44242],[-70.99136,43.46543],[-70.99881,43.47945],[-70.99136,43.46543],[-70.9843,43.44218],[-70.98813,43.43797],[-70.98922,43.42968],[-70.98544,43.41844],[-70.99063,43.39368],[-70.99315,43.39557]]},"properties":{"group":"plow","dataStatus":"reference","color":"#d6e8ff","title":"601  Route A NH 125","status":"District 6 \u00b7 route A","details":"New Hampshire winter-maintenance plow route. This is the route the state plows, not a live truck.","provider":"NHDOT","sourceUrl":"https://www.nh.gov/dot/","district":6,"plowRoute":"A"}},{"type":"Feature","id":"nh-plow-218","geometry":{"type":"LineString","coordinates":[[-70.99315,43.39557],[-70.99063,43.39368],[-70.98544,43.41844],[-70.98922,43.42968],[-70.98813,43.43797],[-70.98432,43.44242],[-70.99136,43.46543],[-70.99974,43.48171],[-70.98697,43.4798],[-70.98153,43.48143],[-70.97307,43.48684],[-70.96595,43.49971],[-70.96366,43.49931],[-70.96589,43.50005],[-70.97332,43.48657],[-70.98651,43.47981],[-71.01141,43.48182],[-71.02694,43.49439],[-71.05112,43.47205],[-71.06093,43.4684],[-71.05112,43.47205],[-71.02694,43.49439],[-71.01273,43.48242],[-70.99836,43.47909],[-70.99136,43.46543],[-70.9843,43.44218],[-70.98813,43.43797],[-70.98922,43.42968],[-70.98544,43.41844],[-70.99063,43.39368],[-70.99315,43.39557]]},"properties":{"group":"plow","dataStatus":"reference","color":"#d6e8ff","title":"601  Route B Applebee / Union Loop","status":"District 6 \u00b7 route B","details":"New Hampshire winter-maintenance plow route. This is the route the state plows, not a live truck.","provider":"NHDOT","sourceUrl":"https://www.nh.gov/dot/","district":6,"plowRoute":"B"}},{"type":"Feature","id":"nh-plow-219","geometry":{"type":"LineString","coordinates":[[-70.99315,43.39557],[-70.99063,43.39368],[-70.98999,43.39551],[-71.00747,43.40327],[-70.98802,43.36848],[-70.98356,43.33274],[-70.98834,43.32798],[-70.99298,43.32762],[-70.98397,43.32715],[-70.98826,43.36947],[-70.99686,43.38272],[-71.00423,43.40204],[-70.98999,43.39551],[-70.99063,43.39368],[-70.99315,43.39557]]},"properties":{"group":"plow","dataStatus":"reference","color":"#d6e8ff","title":"601  Route ECScottie's Route","status":"District 6 \u00b7 route C","details":"New Hampshire winter-maintenance plow route. This is the route the state plows, not a live truck.","provider":"NHDOT","sourceUrl":"https://www.nh.gov/dot/","district":6,"plowRoute":"C"}},{"type":"Feature","id":"nh-plow-220","geometry":{"type":"LineString","coordinates":[[-70.99315,43.39557],[-70.99063,43.39368],[-70.98999,43.39551],[-70.99678,43.39744],[-71.00595,43.40504],[-71.00969,43.42669],[-71.00707,43.43769],[-70.99528,43.45147],[-70.99416,43.45801],[-71.00666,43.48414],[-71.02651,43.4983],[-71.00666,43.48414],[-70.99416,43.45801],[-70.99528,43.45147],[-71.00707,43.43769],[-71.00969,43.42669],[-71.00674,43.403],[-70.98999,43.39551],[-70.99063,43.39368],[-70.99315,43.39557]]},"properties":{"group":"plow","dataStatus":"reference","color":"#d6e8ff","title":"601  Route D NH 16 North Extension Mainline Only","status":"District 6 \u00b7 route D","details":"New Hampshire winter-maintenance plow route. This is the route the state plows, not a live truck.","provider":"NHDOT","sourceUrl":"https://www.nh.gov/dot/","district":6,"plowRoute":"D"}},{"type":"Feature","id":"nh-plow-221","geometry":{"type":"LineString","coordinates":[[-71.00961,43.48139],[-71.00235,43.48024],[-71.00415,43.47949],[-71.00757,43.48505],[-71.02651,43.4983],[-71.00666,43.48414],[-71.00494,43.4798],[-71.00689,43.47958],[-71.00414,43.47818],[-70.99427,43.45833],[-70.99528,43.45147],[-71.00742,43.43698],[-71.00966,43.42595],[-71.00674,43.403],[-70.98999,43.39551],[-70.99063,43.39368],[-70.99315,43.39557],[-70.99063,43.39368],[-70.98999,43.39551],[-71.00384,43.402],[-71.00729,43.40924],[-71.00883,43.43315],[-70.99389,43.45613],[-71.00249,43.47484],[-71.00211,43.48021],[-71.00961,43.48139]]},"properties":{"group":"plow","dataStatus":"reference","color":"#d6e8ff","title":"601  Route E NH 16 Extension with Ramps","status":"District 6 \u00b7 route E","details":"New Hampshire winter-maintenance plow route. This is the route the state plows, not a live truck.","provider":"NHDOT","sourceUrl":"https://www.nh.gov/dot/","district":6,"plowRoute":"E"}},{"type":"Feature","id":"nh-plow-222","geometry":{"type":"LineString","coordinates":[[-70.99315,43.39557],[-70.99063,43.39368],[-70.98999,43.39551],[-71.02484,43.4083],[-71.04669,43.38979],[-71.06438,43.38839],[-71.06447,43.40136],[-71.06878,43.41677],[-71.05981,43.43846],[-71.06078,43.44761],[-71.05832,43.45714],[-71.06093,43.4684],[-71.05832,43.45714],[-71.06078,43.44761],[-71.05981,43.43846],[-71.06878,43.41677],[-71.06447,43.40136],[-71.06438,43.38839],[-71.04669,43.38979],[-71.02484,43.4083],[-70.98999,43.39551],[-70.99063,43.39368],[-70.99315,43.39557]]},"properties":{"group":"plow","dataStatus":"reference","color":"#d6e8ff","title":"601  Route F Farmington Loop","status":"District 6 \u00b7 route F","details":"New Hampshire winter-maintenance plow route. This is the route the state plows, not a live truck.","provider":"NHDOT","sourceUrl":"https://www.nh.gov/dot/","district":6,"plowRoute":"F"}},{"type":"Feature","id":"nh-plow-223","geometry":{"type":"LineString","coordinates":[[-71.13595,43.27709],[-71.14683,43.28069],[-71.14938,43.28659],[-71.15849,43.29101],[-71.16121,43.29663],[-71.17253,43.29903],[-71.18766,43.30824],[-71.20206,43.30584],[-71.22437,43.31332],[-71.25172,43.32623],[-71.25855,43.33378],[-71.25951,43.33949],[-71.26744,43.34456],[-71.25951,43.33949],[-71.25855,43.33378],[-71.25172,43.32623],[-71.22437,43.31332],[-71.20206,43.30584],[-71.18766,43.30824],[-71.17253,43.29903],[-71.16121,43.29663],[-71.15849,43.29101],[-71.14938,43.28659],[-71.14683,43.28069],[-71.13595,43.27709]]},"properties":{"group":"plow","dataStatus":"reference","color":"#d6e8ff","title":"602  Route A Parker Mountain","status":"District 6 \u00b7 route A","details":"New Hampshire winter-maintenance plow route. This is the route the state plows, not a live truck.","provider":"NHDOT","sourceUrl":"https://www.nh.gov/dot/","district":6,"plowRoute":"A"}},{"type":"Feature","id":"nh-plow-224","geometry":{"type":"LineString","coordinates":[[-71.13595,43.27709],[-71.12194,43.2681],[-71.11679,43.2699],[-71.10115,43.26766],[-71.08558,43.26926],[-71.06916,43.27541],[-71.0639,43.28177],[-71.03774,43.29883],[-71.00354,43.30463],[-71.03774,43.29883],[-71.0639,43.28177],[-71.06916,43.27541],[-71.08558,43.26926],[-71.10115,43.26766],[-71.11679,43.2699],[-71.12194,43.2681],[-71.13595,43.27709]]},"properties":{"group":"plow","dataStatus":"reference","color":"#d6e8ff","title":"602  Route B Rochester","status":"District 6 \u00b7 route B","details":"New Hampshire winter-maintenance plow route. This is the route the state plows, not a live truck.","provider":"NHDOT","sourceUrl":"https://www.nh.gov/dot/","district":6,"plowRoute":"B"}},{"type":"Feature","id":"nh-plow-225","geometry":{"type":"LineString","coordinates":[[-71.14243,43.22715],[-71.14947,43.24098],[-71.14614,43.24226],[-71.12593,43.27051],[-71.13595,43.27709],[-71.10902,43.26018],[-71.09417,43.25729],[-71.08276,43.24295],[-71.06754,43.23124],[-71.08276,43.24295],[-71.09417,43.25729],[-71.10885,43.2601],[-71.12593,43.27051],[-71.14614,43.24226],[-71.14947,43.24098],[-71.13813,43.2179],[-71.14347,43.21158],[-71.14102,43.20718],[-71.14924,43.19383],[-71.14102,43.20718],[-71.14347,43.21158],[-71.13814,43.21774],[-71.14195,43.22725]]},"properties":{"group":"plow","dataStatus":"reference","color":"#d6e8ff","title":"602  Route C Rollercoaster Road","status":"District 6 \u00b7 route C","details":"New Hampshire winter-maintenance plow route. This is the route the state plows, not a live truck.","provider":"NHDOT","sourceUrl":"https://www.nh.gov/dot/","district":6,"plowRoute":"C"}},{"type":"Feature","id":"nh-plow-226","geometry":{"type":"LineString","coordinates":[[-71.13595,43.27709],[-71.12593,43.27051],[-71.14614,43.24226],[-71.14947,43.24098],[-71.13813,43.2179],[-71.14347,43.21158],[-71.14102,43.20718],[-71.14924,43.19383],[-71.14617,43.19838],[-71.13453,43.19771],[-71.122,43.20146],[-71.11525,43.19997],[-71.08981,43.20724],[-71.08275,43.21536],[-71.06885,43.22247],[-71.04472,43.22237],[-71.06973,43.22226],[-71.07149,43.22564],[-71.06833,43.23068],[-71.0641,43.2324],[-71.07112,43.22627],[-71.07111,43.22076],[-71.08275,43.21536],[-71.08953,43.20736],[-71.11525,43.19997],[-71.122,43.20146],[-71.13453,43.19771],[-71.14675,43.19822],[-71.14098,43.2073],[-71.14347,43.21158],[-71.13813,43.2179],[-71.14947,43.24098],[-71.14614,43.24226],[-71.12593,43.27051],[-71.13595,43.27709]]},"properties":{"group":"plow","dataStatus":"reference","color":"#d6e8ff","title":"602  Route D NH 202 Loop","status":"District 6 \u00b7 route D","details":"New Hampshire winter-maintenance plow route. This is the route the state plows, not a live truck.","provider":"NHDOT","sourceUrl":"https://www.nh.gov/dot/","district":6,"plowRoute":"D"}},{"type":"Feature","id":"nh-plow-227","geometry":{"type":"LineString","coordinates":[[-70.98231,43.25928],[-70.97905,43.26076],[-70.98205,43.27495],[-70.9732,43.29266],[-70.97247,43.30094],[-70.91253,43.27275],[-70.89856,43.25456],[-70.90024,43.24863],[-70.8971,43.23182],[-70.90024,43.24863],[-70.89851,43.25438],[-70.90628,43.26497],[-70.87963,43.25928],[-70.90669,43.26517],[-70.91191,43.27255],[-70.90613,43.26456],[-70.91826,43.27643],[-70.97247,43.30094],[-70.9732,43.29266],[-70.98205,43.27495],[-70.97905,43.26076],[-70.98231,43.25928]]},"properties":{"group":"plow","dataStatus":"reference","color":"#d6e8ff","title":"603  Route A Rochester Hill","status":"District 6 \u00b7 route A","details":"New Hampshire winter-maintenance plow route. This is the route the state plows, not a live truck.","provider":"NHDOT","sourceUrl":"https://www.nh.gov/dot/","district":6,"plowRoute":"A"}},{"type":"Feature","id":"nh-plow-228","geometry":{"type":"LineString","coordinates":[[-70.98231,43.25928],[-70.97905,43.26076],[-70.98205,43.27495],[-70.9732,43.29266],[-70.97247,43.30094],[-70.96564,43.29895],[-70.91253,43.27275],[-70.89856,43.25456],[-70.90024,43.24863],[-70.8971,43.23182],[-70.92179,43.25643],[-70.94107,43.26783],[-70.95311,43.2722],[-70.94107,43.26783],[-70.92179,43.25643],[-70.8971,43.23172],[-70.90024,43.24863],[-70.89856,43.25456],[-70.91253,43.27275],[-70.96564,43.29895],[-70.97247,43.30094],[-70.9732,43.29266],[-70.98205,43.27495],[-70.97905,43.26076],[-70.98231,43.25928]]},"properties":{"group":"plow","dataStatus":"reference","color":"#d6e8ff","title":"603  Route B Old Dover Road","status":"District 6 \u00b7 route B","details":"New Hampshire winter-maintenance plow route. This is the route the state plows, not a live truck.","provider":"NHDOT","sourceUrl":"https://www.nh.gov/dot/","district":6,"plowRoute":"B"}},{"type":"Feature","id":"nh-plow-229","geometry":{"type":"LineString","coordinates":[[-70.98231,43.25928],[-70.97906,43.26009],[-70.98216,43.2741],[-70.97794,43.28291],[-70.98337,43.28461],[-70.99309,43.29475],[-70.99558,43.31147],[-70.99336,43.31153],[-70.99407,43.31733],[-71.00807,43.33362],[-71.02052,43.34342],[-71.03959,43.36774],[-71.06058,43.37565],[-71.0739,43.38439],[-71.11008,43.4013],[-71.0739,43.38439],[-71.06058,43.37565],[-71.03959,43.36774],[-71.02052,43.34342],[-71.00807,43.33362],[-70.99681,43.31989],[-70.99337,43.29491],[-70.9795,43.28148],[-70.98216,43.27383],[-70.97906,43.26009],[-70.98231,43.25928]]},"properties":{"group":"plow","dataStatus":"reference","color":"#d6e8ff","title":"603  Route C NH 11","status":"District 6 \u00b7 route C","details":"New Hampshire winter-maintenance plow route. This is the route the state plows, not a live truck.","provider":"NHDOT","sourceUrl":"https://www.nh.gov/dot/","district":6,"plowRoute":"C"}},{"type":"Feature","id":"nh-plow-230","geometry":{"type":"LineString","coordinates":[[-70.98231,43.25928],[-70.97906,43.26009],[-70.98216,43.2741],[-70.97793,43.28285],[-70.98337,43.28461],[-70.99352,43.29559],[-70.99564,43.31836],[-70.98718,43.32575],[-70.97383,43.3305],[-70.95836,43.32467],[-70.94003,43.33552],[-70.94252,43.33232],[-70.95919,43.32461],[-70.97134,43.331],[-70.97361,43.33536],[-70.9748,43.33105],[-70.9699,43.33002],[-70.97384,43.3346],[-70.97563,43.33017],[-70.98105,43.32754],[-70.98746,43.32917],[-70.98598,43.32759],[-70.99626,43.31988],[-71.00856,43.33414],[-71.02116,43.34412],[-71.03959,43.36774],[-71.06058,43.37565],[-71.0739,43.38439],[-71.11008,43.4013],[-71.0739,43.38439],[-71.06058,43.37565],[-71.03959,43.36774],[-71.02052,43.34342],[-71.00807,43.33362],[-70.99681,43.31989],[-70.99337,43.29491],[-70.9795,43.28148],[-70.98216,43.27383],[-70.97906,43.26009],[-70.98231,43.25928]]},"properties":{"group":"plow","dataStatus":"reference","color":"#d6e8ff","title":"603  Route D East Rochester","status":"District 6 \u00b7 route D","details":"New Hampshire winter-maintenance plow route. This is the route the state plows, not a live truck.","provider":"NHDOT","sourceUrl":"https://www.nh.gov/dot/","district":6,"plowRoute":"D"}},{"type":"Feature","id":"nh-plow-231","geometry":{"type":"LineString","coordinates":[[-70.98231,43.25928],[-70.97906,43.26009],[-70.97933,43.25369],[-70.99164,43.23544],[-70.99253,43.22184],[-70.99572,43.21277],[-71.00709,43.21579],[-71.033,43.21624],[-71.06051,43.23237],[-71.0641,43.2324],[-71.05634,43.2364],[-71.05466,43.24339],[-71.05071,43.24792],[-71.03858,43.25215],[-71.01932,43.2689],[-71.01197,43.2836],[-70.9915,43.29796],[-71.01197,43.2836],[-71.01932,43.2689],[-71.03858,43.25215],[-71.05071,43.24792],[-71.05466,43.24339],[-71.05634,43.2364],[-71.0641,43.2324],[-71.06051,43.23237],[-71.033,43.21624],[-71.00709,43.21579],[-70.99572,43.21277],[-70.99253,43.22184],[-70.99164,43.23544],[-70.97933,43.25369],[-70.97906,43.26009],[-70.98231,43.25928]]},"properties":{"group":"plow","dataStatus":"reference","color":"#d6e8ff","title":"603  Route E NH 202 / 126","status":"District 6 \u00b7 route E","details":"New Hampshire winter-maintenance plow route. This is the route the state plows, not a live truck.","provider":"NHDOT","sourceUrl":"https://www.nh.gov/dot/","district":6,"plowRoute":"E"}},{"type":"Feature","id":"nh-plow-232","geometry":{"type":"LineString","coordinates":[[-70.98231,43.25928],[-70.97906,43.26009],[-70.97933,43.25369],[-70.99164,43.23544],[-70.99253,43.22184],[-70.99572,43.21277],[-70.98167,43.21031],[-70.94698,43.19525],[-70.9132,43.18777],[-70.90171,43.18934],[-70.88983,43.18398],[-70.90171,43.18934],[-70.9132,43.18777],[-70.94698,43.19525],[-70.98167,43.21031],[-70.99572,43.21277],[-70.99253,43.22184],[-70.99164,43.23544],[-70.97933,43.25369],[-70.97906,43.26009],[-70.98231,43.25928]]},"properties":{"group":"plow","dataStatus":"reference","color":"#d6e8ff","title":"603  Route F Dover's 9","status":"District 6 \u00b7 route F","details":"New Hampshire winter-maintenance plow route. This is the route the state plows, not a live truck.","provider":"NHDOT","sourceUrl":"https://www.nh.gov/dot/","district":6,"plowRoute":"F"}},{"type":"Feature","id":"nh-plow-233","geometry":{"type":"LineString","coordinates":[[-71.2343,43.22005],[-71.21403,43.21968],[-71.19315,43.21153],[-71.17844,43.209],[-71.14924,43.19383],[-71.17296,43.20719],[-71.19315,43.21153],[-71.21403,43.21968],[-71.25268,43.22323],[-71.29184,43.22135],[-71.25268,43.22323],[-71.2343,43.22005]]},"properties":{"group":"plow","dataStatus":"reference","color":"#d6e8ff","title":"604  Route A Route 4","status":"District 6 \u00b7 route A","details":"New Hampshire winter-maintenance plow route. This is the route the state plows, not a live truck.","provider":"NHDOT","sourceUrl":"https://www.nh.gov/dot/","district":6,"plowRoute":"A"}},{"type":"Feature","id":"nh-plow-234","geometry":{"type":"LineString","coordinates":[[-71.2343,43.22005],[-71.25268,43.22323],[-71.29184,43.22135],[-71.27207,43.20027],[-71.26494,43.17857],[-71.23268,43.15356],[-71.23456,43.14873],[-71.23268,43.15356],[-71.26494,43.17857],[-71.27207,43.20027],[-71.29184,43.22135],[-71.26677,43.2219],[-71.261,43.21899],[-71.25428,43.22322],[-71.261,43.21899],[-71.26677,43.2219],[-71.25268,43.22323],[-71.2343,43.22005]]},"properties":{"group":"plow","dataStatus":"reference","color":"#d6e8ff","title":"604  Route B 1/4 Tank's Route","status":"District 6 \u00b7 route B","details":"New Hampshire winter-maintenance plow route. This is the route the state plows, not a live truck.","provider":"NHDOT","sourceUrl":"https://www.nh.gov/dot/","district":6,"plowRoute":"B"}},{"type":"Feature","id":"nh-plow-235","geometry":{"type":"LineString","coordinates":[[-71.2343,43.22005],[-71.21403,43.21968],[-71.19315,43.21153],[-71.17844,43.209],[-71.14924,43.19383],[-71.15753,43.18717],[-71.18131,43.18028],[-71.20267,43.16395],[-71.21198,43.1621],[-71.22925,43.16521],[-71.23235,43.1615],[-71.23237,43.15313],[-71.23235,43.1615],[-71.22925,43.16521],[-71.21198,43.1621],[-71.20267,43.16395],[-71.18131,43.18028],[-71.15753,43.18717],[-71.14924,43.19383],[-71.17844,43.209],[-71.19315,43.21153],[-71.21403,43.21968],[-71.2343,43.22005]]},"properties":{"group":"plow","dataStatus":"reference","color":"#d6e8ff","title":"604  Route C Route 43","status":"District 6 \u00b7 route C","details":"New Hampshire winter-maintenance plow route. This is the route the state plows, not a live truck.","provider":"NHDOT","sourceUrl":"https://www.nh.gov/dot/","district":6,"plowRoute":"C"}},{"type":"Feature","id":"nh-plow-236","geometry":{"type":"LineString","coordinates":[[-71.2343,43.22005],[-71.25268,43.22323],[-71.29184,43.22135],[-71.27207,43.20027],[-71.26595,43.18007],[-71.26149,43.1745],[-71.24603,43.16546],[-71.23992,43.15768],[-71.2323,43.15284],[-71.23566,43.13888],[-71.24052,43.13243],[-71.23492,43.12351],[-71.24189,43.11657],[-71.24155,43.10742],[-71.24676,43.10305],[-71.25201,43.09029],[-71.25684,43.08954],[-71.26013,43.09345],[-71.26786,43.09593],[-71.27491,43.08793],[-71.26786,43.09593],[-71.26013,43.09345],[-71.25693,43.08958],[-71.25267,43.08969],[-71.24676,43.10305],[-71.24155,43.10742],[-71.23203,43.10049],[-71.23117,43.09481],[-71.23369,43.08715],[-71.22295,43.07881],[-71.23369,43.08715],[-71.23117,43.09481],[-71.23203,43.10049],[-71.24155,43.10742],[-71.24195,43.11643],[-71.23486,43.12381],[-71.24052,43.13243],[-71.23436,43.14192],[-71.23494,43.14784],[-71.23237,43.15313],[-71.23977,43.15754],[-71.24603,43.16546],[-71.26149,43.1745],[-71.26595,43.18007],[-71.27207,43.20027],[-71.29184,43.22135],[-71.25268,43.22323],[-71.2343,43.22005]]},"properties":{"group":"plow","dataStatus":"reference","color":"#d6e8ff","title":"604  Route D Bub's Route","status":"District 6 \u00b7 route D","details":"New Hampshire winter-maintenance plow route. This is the route the state plows, not a live truck.","provider":"NHDOT","sourceUrl":"https://www.nh.gov/dot/","district":6,"plowRoute":"D"}},{"type":"Feature","id":"nh-plow-237","geometry":{"type":"LineString","coordinates":[[-71.2343,43.22005],[-71.24165,43.22175],[-71.24228,43.22509],[-71.24897,43.23098],[-71.24693,43.23591],[-71.25637,43.25643],[-71.27482,43.2609],[-71.28716,43.27323],[-71.29188,43.28562],[-71.29627,43.28672],[-71.30683,43.29894],[-71.32439,43.30579],[-71.30683,43.29894],[-71.29627,43.28672],[-71.29188,43.28562],[-71.28716,43.27323],[-71.27482,43.2609],[-71.25629,43.25635],[-71.24689,43.23567],[-71.24898,43.23103],[-71.24667,43.22933],[-71.25428,43.22322],[-71.24667,43.22933],[-71.24165,43.22175],[-71.2343,43.22005]]},"properties":{"group":"plow","dataStatus":"reference","color":"#d6e8ff","title":"604  Route E Catamount","status":"District 6 \u00b7 route E","details":"New Hampshire winter-maintenance plow route. This is the route the state plows, not a live truck.","provider":"NHDOT","sourceUrl":"https://www.nh.gov/dot/","district":6,"plowRoute":"E"}},{"type":"Feature","id":"nh-plow-238","geometry":{"type":"LineString","coordinates":[[-71.2343,43.22005],[-71.21403,43.21968],[-71.19315,43.21153],[-71.17844,43.209],[-71.14688,43.19257],[-71.13888,43.18414],[-71.14102,43.16959],[-71.1181,43.15562],[-71.11323,43.14856],[-71.11118,43.13541],[-71.10255,43.12816],[-71.10455,43.12199],[-71.10107,43.11379],[-71.11933,43.09229],[-71.1272,43.0881],[-71.13103,43.07961],[-71.13972,43.07255],[-71.14546,43.06197],[-71.16404,43.03937],[-71.14546,43.06197],[-71.13972,43.07255],[-71.13103,43.07961],[-71.1272,43.0881],[-71.11933,43.09229],[-71.10107,43.11379],[-71.10455,43.12199],[-71.10255,43.12816],[-71.11118,43.13541],[-71.11323,43.14856],[-71.1181,43.15562],[-71.14102,43.16959],[-71.13888,43.18414],[-71.14688,43.19257],[-71.17844,43.209],[-71.19315,43.21153],[-71.21403,43.21968],[-71.2343,43.22005]]},"properties":{"group":"plow","dataStatus":"reference","color":"#d6e8ff","title":"604  Route F Route A NH 152/156","status":"District 6 \u00b7 route F","details":"New Hampshire winter-maintenance plow route. This is the route the state plows, not a live truck.","provider":"NHDOT","sourceUrl":"https://www.nh.gov/dot/","district":6,"plowRoute":"F"}},{"type":"Feature","id":"nh-plow-239","geometry":{"type":"LineString","coordinates":[[-71.00368,43.15944],[-71.00557,43.1587],[-71.00742,43.14925],[-71.06469,43.15615],[-71.10629,43.1797],[-71.13624,43.1855],[-71.14924,43.19383],[-71.13624,43.1855],[-71.10629,43.1797],[-71.06469,43.15615],[-71.00659,43.14879],[-71.00557,43.1587],[-71.00368,43.15944]]},"properties":{"group":"plow","dataStatus":"reference","color":"#d6e8ff","title":"605  Route A Route B Upper US 4","status":"District 6 \u00b7 route A","details":"New Hampshire winter-maintenance plow route. This is the route the state plows, not a live truck.","provider":"NHDOT","sourceUrl":"https://www.nh.gov/dot/","district":6,"plowRoute":"A"}},{"type":"Feature","id":"nh-plow-240","geometry":{"type":"LineString","coordinates":[[-71.00368,43.15944],[-71.00557,43.1587],[-71.00682,43.14883],[-70.98223,43.15056],[-70.95964,43.14426],[-70.94441,43.15433],[-70.93919,43.15527],[-70.92554,43.15108],[-70.91361,43.13981],[-70.90664,43.13755],[-70.91686,43.1429],[-70.91151,43.13811],[-70.92554,43.15108],[-70.93908,43.15526],[-70.94462,43.15421],[-70.95721,43.14484],[-70.96484,43.14507],[-70.95684,43.14434],[-70.95228,43.14831],[-70.96068,43.1443],[-70.98203,43.15053],[-71.00557,43.14896],[-71.00557,43.1587],[-71.00368,43.15944]]},"properties":{"group":"plow","dataStatus":"reference","color":"#d6e8ff","title":"605  Route B Route  Lower US 4","status":"District 6 \u00b7 route B","details":"New Hampshire winter-maintenance plow route. This is the route the state plows, not a live truck.","provider":"NHDOT","sourceUrl":"https://www.nh.gov/dot/","district":6,"plowRoute":"B"}},{"type":"Feature","id":"nh-plow-241","geometry":{"type":"LineString","coordinates":[[-71.00368,43.15944],[-71.00557,43.1587],[-71.0087,43.14399],[-71.01956,43.13535],[-71.02284,43.12924],[-71.00623,43.14904],[-71.00547,43.16685],[-70.99927,43.1834],[-70.99572,43.21277],[-70.99927,43.1834],[-71.00547,43.16685],[-71.00592,43.16002],[-71.00368,43.15944]]},"properties":{"group":"plow","dataStatus":"reference","color":"#d6e8ff","title":"605  Route C Route 125 North","status":"District 6 \u00b7 route C","details":"New Hampshire winter-maintenance plow route. This is the route the state plows, not a live truck.","provider":"NHDOT","sourceUrl":"https://www.nh.gov/dot/","district":6,"plowRoute":"C"}},{"type":"Feature","id":"nh-plow-242","geometry":{"type":"LineString","coordinates":[[-71.00368,43.15944],[-71.00557,43.1587],[-71.00908,43.14347],[-71.0194,43.13551],[-71.02229,43.12974],[-71.03855,43.11467],[-71.04306,43.10058],[-71.03566,43.07849],[-71.04916,43.06308],[-71.05709,43.04833],[-71.04916,43.06308],[-71.03566,43.07849],[-71.04306,43.10058],[-71.03855,43.11467],[-71.02229,43.12974],[-71.0194,43.13551],[-71.00908,43.14347],[-71.00623,43.14904],[-71.00557,43.1587],[-71.00368,43.15944]]},"properties":{"group":"plow","dataStatus":"reference","color":"#d6e8ff","title":"605  Route D Route 125 South","status":"District 6 \u00b7 route D","details":"New Hampshire winter-maintenance plow route. This is the route the state plows, not a live truck.","provider":"NHDOT","sourceUrl":"https://www.nh.gov/dot/","district":6,"plowRoute":"D"}},{"type":"Feature","id":"nh-plow-243","geometry":{"type":"LineString","coordinates":[[-71.00368,43.15944],[-71.00557,43.1587],[-71.00908,43.14347],[-71.0194,43.13551],[-71.02229,43.12974],[-71.03864,43.11447],[-71.04306,43.10058],[-71.03538,43.07957],[-71.02689,43.08448],[-71.02607,43.09104],[-71.02083,43.09664],[-71.01879,43.10869],[-71.01341,43.11552],[-71.01182,43.12234],[-71.00152,43.13213],[-70.98535,43.13658],[-70.97052,43.13472],[-70.95938,43.13647],[-70.94671,43.14234],[-70.96793,43.13495],[-70.98512,43.1366],[-70.9762,43.15081],[-70.98512,43.1366],[-71.00102,43.13244],[-71.01171,43.12248],[-71.01341,43.11552],[-71.01879,43.10869],[-71.02083,43.09664],[-71.02607,43.09104],[-71.02682,43.08459],[-71.0306,43.08085],[-71.03529,43.08056],[-71.04306,43.10058],[-71.03864,43.11447],[-71.02229,43.12974],[-71.0194,43.13551],[-71.00908,43.14347],[-71.00623,43.14904],[-71.00557,43.1587],[-71.00368,43.15944]]},"properties":{"group":"plow","dataStatus":"reference","color":"#d6e8ff","title":"605  Route F Route 155/155A","status":"District 6 \u00b7 route E","details":"New Hampshire winter-maintenance plow route. This is the route the state plows, not a live truck.","provider":"NHDOT","sourceUrl":"https://www.nh.gov/dot/","district":6,"plowRoute":"E"}},{"type":"Feature","id":"nh-plow-244","geometry":{"type":"LineString","coordinates":[[-71.00368,43.15944],[-71.00557,43.1587],[-71.00908,43.14347],[-71.0383,43.11513],[-71.04298,43.10165],[-71.04207,43.09835],[-71.06647,43.09756],[-71.088,43.11102],[-71.10164,43.11617],[-71.088,43.11102],[-71.06624,43.0975],[-71.03108,43.098],[-71.00718,43.09164],[-70.99831,43.08272],[-70.98577,43.07962],[-70.97186,43.0821],[-70.98168,43.08992],[-70.98389,43.0967],[-70.99277,43.10109],[-70.99532,43.10834],[-71.02284,43.12924],[-70.99532,43.10834],[-70.99277,43.10109],[-70.98389,43.0967],[-70.98168,43.08992],[-70.97186,43.0821],[-70.9875,43.0799],[-70.99873,43.08289],[-71.00718,43.09164],[-71.04285,43.09976],[-71.03821,43.11527],[-71.00908,43.14347],[-71.00623,43.14904],[-71.00557,43.1587],[-71.00368,43.15944]]},"properties":{"group":"plow","dataStatus":"reference","color":"#d6e8ff","title":"605  Route E Route 152 Lee Hook","status":"District 6 \u00b7 route F","details":"New Hampshire winter-maintenance plow route. This is the route the state plows, not a live truck.","provider":"NHDOT","sourceUrl":"https://www.nh.gov/dot/","district":6,"plowRoute":"F"}},{"type":"Feature","id":"nh-plow-245","geometry":{"type":"LineString","coordinates":[[-70.85415,43.16743],[-70.84623,43.16604],[-70.84273,43.16168],[-70.8357,43.13416],[-70.84066,43.12847],[-70.83027,43.12237],[-70.81209,43.10423],[-70.79417,43.09427],[-70.81084,43.10356],[-70.81577,43.10884],[-70.81232,43.1044],[-70.79417,43.09427],[-70.81106,43.10373],[-70.81901,43.11344],[-70.83679,43.12683],[-70.8379,43.13041],[-70.8357,43.13416],[-70.8428,43.16186],[-70.84623,43.16604],[-70.85415,43.16743]]},"properties":{"group":"plow","dataStatus":"reference","color":"#d6e8ff","title":"606  Route A Woodbury Ave","status":"District 6 \u00b7 route A","details":"New Hampshire winter-maintenance plow route. This is the route the state plows, not a live truck.","provider":"NHDOT","sourceUrl":"https://www.nh.gov/dot/","district":6,"plowRoute":"A"}},{"type":"Feature","id":"nh-plow-246","geometry":{"type":"LineString","coordinates":[[-70.85415,43.16743],[-70.84623,43.16604],[-70.84273,43.16168],[-70.83569,43.134],[-70.84223,43.12873],[-70.87782,43.13146],[-70.91091,43.13907],[-70.89078,43.1679],[-70.91219,43.13625],[-70.92151,43.13299],[-70.91269,43.13583],[-70.91018,43.14026],[-70.91135,43.138],[-70.8995,43.13769],[-70.87782,43.13146],[-70.84112,43.12862],[-70.83044,43.12251],[-70.81209,43.10423],[-70.79417,43.09427],[-70.81106,43.10373],[-70.81901,43.11344],[-70.83679,43.12683],[-70.8379,43.13041],[-70.8357,43.13416],[-70.8428,43.16186],[-70.84623,43.16604],[-70.85415,43.16743]]},"properties":{"group":"plow","dataStatus":"reference","color":"#d6e8ff","title":"606  Route B US 4 NH 108","status":"District 6 \u00b7 route B","details":"New Hampshire winter-maintenance plow route. This is the route the state plows, not a live truck.","provider":"NHDOT","sourceUrl":"https://www.nh.gov/dot/","district":6,"plowRoute":"B"}},{"type":"Feature","id":"nh-plow-247","geometry":{"type":"LineString","coordinates":[[-70.85415,43.16743],[-70.84623,43.16604],[-70.8428,43.16186],[-70.8357,43.13416],[-70.83658,43.12742],[-70.83795,43.13004],[-70.83602,43.13239],[-70.83661,43.12706],[-70.8357,43.13416],[-70.8429,43.16205],[-70.84592,43.16588],[-70.85471,43.16783],[-70.86729,43.17646],[-70.87402,43.18744],[-70.87474,43.19473],[-70.87187,43.1958],[-70.87584,43.20104],[-70.87167,43.2014],[-70.86096,43.21595],[-70.86289,43.25067],[-70.85842,43.25254],[-70.83487,43.22997],[-70.83911,43.23251],[-70.85206,43.22509],[-70.86266,43.22432],[-70.85206,43.22509],[-70.83928,43.23247],[-70.85842,43.25254],[-70.86289,43.25067],[-70.86096,43.21595],[-70.87167,43.2014],[-70.87584,43.20104],[-70.87297,43.1836],[-70.86745,43.17659],[-70.85415,43.16743]]},"properties":{"group":"plow","dataStatus":"reference","color":"#d6e8ff","title":"606  Route C Dover Point Green Street","status":"District 6 \u00b7 route C","details":"New Hampshire winter-maintenance plow route. This is the route the state plows, not a live truck.","provider":"NHDOT","sourceUrl":"https://www.nh.gov/dot/","district":6,"plowRoute":"C"}},{"type":"Feature","id":"nh-plow-248","geometry":{"type":"LineString","coordinates":[[-70.85415,43.16743],[-70.86745,43.17659],[-70.87231,43.18262],[-70.87461,43.195],[-70.86498,43.20184],[-70.84211,43.19568],[-70.83474,43.19629],[-70.82525,43.19048],[-70.83474,43.19629],[-70.84211,43.19568],[-70.86498,43.20184],[-70.84994,43.2111],[-70.81134,43.22731],[-70.85949,43.20522],[-70.84972,43.2112],[-70.83887,43.2143],[-70.83899,43.22723],[-70.83639,43.23018],[-70.8176,43.23722],[-70.83851,43.22819],[-70.83931,43.21484],[-70.81463,43.22533],[-70.82765,43.2265],[-70.83661,43.22998],[-70.82765,43.2265],[-70.81463,43.22533],[-70.85003,43.21105],[-70.87188,43.19589],[-70.87443,43.19868],[-70.8729,43.18348],[-70.86745,43.17659],[-70.85415,43.16743]]},"properties":{"group":"plow","dataStatus":"reference","color":"#d6e8ff","title":"606  Route D Rollinsford","status":"District 6 \u00b7 route D","details":"New Hampshire winter-maintenance plow route. This is the route the state plows, not a live truck.","provider":"NHDOT","sourceUrl":"https://www.nh.gov/dot/","district":6,"plowRoute":"D"}},{"type":"Feature","id":"nh-plow-249","geometry":{"type":"LineString","coordinates":[[-70.85415,43.16743],[-70.86787,43.17701],[-70.8731,43.18383],[-70.87391,43.19062],[-70.88346,43.19057],[-70.88624,43.18859],[-70.88586,43.18576],[-70.89433,43.1806],[-70.91327,43.17669],[-70.92412,43.16955],[-70.96848,43.1573],[-70.9762,43.15081],[-70.94671,43.14234],[-70.9762,43.15081],[-70.96848,43.1573],[-70.93625,43.16593],[-70.93077,43.15295],[-70.93625,43.16593],[-70.92334,43.16988],[-70.91346,43.17662],[-70.89392,43.18078],[-70.88586,43.18576],[-70.88616,43.18872],[-70.88574,43.18588],[-70.89357,43.18094],[-70.91327,43.17669],[-70.92043,43.17201],[-70.91327,43.17669],[-70.89357,43.18094],[-70.88586,43.18576],[-70.88624,43.18859],[-70.88346,43.19057],[-70.87391,43.19062],[-70.8731,43.18383],[-70.86787,43.17701],[-70.85415,43.16743]]},"properties":{"group":"plow","dataStatus":"reference","color":"#d6e8ff","title":"606  Route E 155/155A Silver Street","status":"District 6 \u00b7 route F","details":"New Hampshire winter-maintenance plow route. This is the route the state plows, not a live truck.","provider":"NHDOT","sourceUrl":"https://www.nh.gov/dot/","district":6,"plowRoute":"F"}},{"type":"Feature","id":"nh-plow-250","geometry":{"type":"LineString","coordinates":[[-70.99276,43.00847],[-70.97542,43.00056],[-70.959,43.00317],[-70.947,43.00078],[-70.95839,43.00336],[-70.97679,43.00181],[-70.98943,43.00711],[-71.08047,43.02753],[-71.11067,43.02553],[-71.13355,43.03158],[-71.16425,43.03232],[-71.16559,43.0283],[-71.13536,43.03142],[-71.11101,43.02535],[-71.08065,43.02735],[-70.98937,43.00688],[-70.97681,43.00159],[-70.95854,43.00316],[-70.947,43.00078],[-70.9581,43.00335],[-70.97281,43.00178],[-70.99276,43.00847]]},"properties":{"group":"plow","dataStatus":"reference","color":"#d6e8ff","title":"607  Route F 101 Mainline West","status":"District 6 \u00b7 route E","details":"New Hampshire winter-maintenance plow route. This is the route the state plows, not a live truck.","provider":"NHDOT","sourceUrl":"https://www.nh.gov/dot/","district":6,"plowRoute":"E"}},{"type":"Feature","id":"nh-plow-251","geometry":{"type":"LineString","coordinates":[[-70.99276,43.00847],[-70.97542,43.00056],[-70.95809,43.00315],[-70.93466,42.99887],[-70.91171,42.97943],[-70.88431,42.96638],[-70.85553,42.95878],[-70.84716,42.93772],[-70.8135,42.91533],[-70.84716,42.93772],[-70.85504,42.9588],[-70.88391,42.96638],[-70.9117,42.97967],[-70.93449,42.99903],[-70.95751,43.00331],[-70.97251,43.00173],[-70.99276,43.00847]]},"properties":{"group":"plow","dataStatus":"reference","color":"#d6e8ff","title":"607  Route B 101 Mailine East","status":"District 6 \u00b7 route B","details":"New Hampshire winter-maintenance plow route. This is the route the state plows, not a live truck.","provider":"NHDOT","sourceUrl":"https://www.nh.gov/dot/","district":6,"plowRoute":"B"}},{"type":"Feature","id":"nh-plow-252","geometry":{"type":"LineString","coordinates":[[-70.99276,43.00847],[-70.97698,43.0026],[-71.07371,43.0272],[-71.10881,43.02551],[-71.13355,43.03158],[-71.16425,43.03232],[-71.16559,43.0283],[-71.13536,43.03142],[-71.1114,43.02532],[-71.08035,43.02731],[-71.03647,43.01697],[-71.03443,43.01395],[-71.0388,43.01296],[-71.03387,43.01593],[-70.98937,43.00688],[-70.97436,42.99903],[-70.97789,43.00326],[-70.98819,43.00717],[-71.03021,43.01791],[-70.98819,43.00717],[-70.97789,43.00326],[-70.97436,42.99903],[-70.97799,43.00331],[-70.99276,43.00847]]},"properties":{"group":"plow","dataStatus":"reference","color":"#d6e8ff","title":"607  Route C 101 Western Ramps","status":"District 6 \u00b7 route C","details":"New Hampshire winter-maintenance plow route. This is the route the state plows, not a live truck.","provider":"NHDOT","sourceUrl":"https://www.nh.gov/dot/","district":6,"plowRoute":"C"}},{"type":"Feature","id":"nh-plow-254","geometry":{"type":"LineString","coordinates":[[-70.99276,43.00847],[-70.97542,43.00056],[-70.95809,43.00315],[-70.93374,42.99848],[-70.91465,42.98116],[-70.89417,42.9705],[-70.85491,42.95842],[-70.85324,42.95396],[-70.85702,42.95606],[-70.85663,42.95372],[-70.85581,42.95615],[-70.85663,42.95372],[-70.8526,42.95201],[-70.84915,42.94027],[-70.84262,42.93347],[-70.84487,42.93023],[-70.83737,42.93023],[-70.83035,42.92674],[-70.83785,42.93082],[-70.83801,42.93364],[-70.84612,42.92991],[-70.83758,42.93187],[-70.84915,42.94027],[-70.85381,42.95821],[-70.88391,42.96638],[-70.9117,42.97967],[-70.93345,42.99858],[-70.95736,43.0033],[-70.97281,43.00178],[-70.99276,43.00847]]},"properties":{"group":"plow","dataStatus":"reference","color":"#d6e8ff","title":"607  Route A 101 Eastern Ramps","status":"District 6 \u00b7 route A","details":"New Hampshire winter-maintenance plow route. This is the route the state plows, not a live truck.","provider":"NHDOT","sourceUrl":"https://www.nh.gov/dot/","district":6,"plowRoute":"A"}},{"type":"Feature","id":"nh-plow-255","geometry":{"type":"LineString","coordinates":[[-71.05709,43.04833],[-71.07228,43.03335],[-71.07518,43.01035],[-71.08163,42.99243],[-71.07683,42.98176],[-71.05984,42.95827],[-71.05934,42.95017],[-71.0442,42.94005],[-71.04459,42.93034],[-71.0442,42.94005],[-71.05934,42.95017],[-71.05984,42.95827],[-71.07683,42.98176],[-71.08163,42.99243],[-71.07518,43.01035],[-71.07228,43.03335],[-71.05709,43.04833]]},"properties":{"group":"plow","dataStatus":"reference","color":"#d6e8ff","title":"608  Route A Route 125","status":"District 6 \u00b7 route A","details":"New Hampshire winter-maintenance plow route. This is the route the state plows, not a live truck.","provider":"NHDOT","sourceUrl":"https://www.nh.gov/dot/","district":6,"plowRoute":"A"}},{"type":"Feature","id":"nh-plow-256","geometry":{"type":"LineString","coordinates":[[-71.05709,43.04833],[-71.07179,43.03411],[-71.07354,43.0298],[-71.07502,43.01108],[-71.08165,42.99285],[-71.07359,42.97805],[-71.0834,42.97536],[-71.0913,42.96695],[-71.10778,42.96984],[-71.12095,42.97809],[-71.11905,42.97173],[-71.12075,42.96575],[-71.11569,42.95681],[-71.11757,42.94056],[-71.1238,42.92256],[-71.12587,42.8964],[-71.1238,42.92256],[-71.11757,42.94056],[-71.11569,42.95681],[-71.12075,42.96575],[-71.11905,42.97173],[-71.12095,42.97809],[-71.10778,42.96984],[-71.0913,42.96695],[-71.0834,42.97536],[-71.07359,42.97805],[-71.08165,42.99285],[-71.07502,43.01108],[-71.07354,43.0298],[-71.07179,43.03411],[-71.05709,43.04833]]},"properties":{"group":"plow","dataStatus":"reference","color":"#d6e8ff","title":"608  Route B 111A Danville","status":"District 6 \u00b7 route B","details":"New Hampshire winter-maintenance plow route. This is the route the state plows, not a live truck.","provider":"NHDOT","sourceUrl":"https://www.nh.gov/dot/","district":6,"plowRoute":"B"}},{"type":"Feature","id":"nh-plow-257","geometry":{"type":"LineString","coordinates":[[-71.05709,43.04833],[-71.07228,43.03335],[-71.07518,43.01035],[-71.08165,42.99285],[-71.07683,42.98176],[-71.05984,42.95827],[-71.05842,42.94917],[-71.0483,42.94359],[-71.04954,42.94445],[-71.02567,42.9488],[-71.01834,42.95271],[-71.01052,42.95304],[-71.00535,42.9587],[-70.99015,42.96285],[-70.98507,42.9686],[-70.96948,42.97703],[-70.98507,42.9686],[-70.99015,42.96285],[-71.00535,42.9587],[-71.01052,42.95304],[-71.04839,42.94414],[-71.05842,42.94917],[-71.05984,42.95827],[-71.07683,42.98176],[-71.08165,42.99285],[-71.07518,43.01035],[-71.07228,43.03335],[-71.05709,43.04833]]},"properties":{"group":"plow","dataStatus":"reference","color":"#d6e8ff","title":"608  Route C 111 Kingston","status":"District 6 \u00b7 route C","details":"New Hampshire winter-maintenance plow route. This is the route the state plows, not a live truck.","provider":"NHDOT","sourceUrl":"https://www.nh.gov/dot/","district":6,"plowRoute":"C"}},{"type":"Feature","id":"nh-plow-258","geometry":{"type":"LineString","coordinates":[[-71.05709,43.04833],[-71.07179,43.03411],[-71.07354,43.0298],[-71.07502,43.01108],[-71.08165,42.99285],[-71.07359,42.97805],[-71.0834,42.97536],[-71.0913,42.96695],[-71.08366,42.97519],[-71.07106,42.97906],[-71.06381,42.98492],[-71.03767,42.99121],[-71.02034,42.99354],[-70.99394,42.98671],[-70.97174,42.98426],[-70.9938,42.98669],[-71.02091,42.99356],[-71.05326,42.98861],[-71.0651,42.9843],[-71.07359,42.97805],[-71.08165,42.99285],[-71.07502,43.01108],[-71.07354,43.0298],[-71.07179,43.03411],[-71.05709,43.04833]]},"properties":{"group":"plow","dataStatus":"reference","color":"#d6e8ff","title":"608  Route D 111A Brentwood","status":"District 6 \u00b7 route D","details":"New Hampshire winter-maintenance plow route. This is the route the state plows, not a live truck.","provider":"NHDOT","sourceUrl":"https://www.nh.gov/dot/","district":6,"plowRoute":"D"}},{"type":"Feature","id":"nh-plow-259","geometry":{"type":"LineString","coordinates":[[-71.05709,43.04833],[-71.07228,43.03335],[-71.07518,43.01035],[-71.08165,42.99285],[-71.07683,42.98176],[-71.05984,42.95827],[-71.05988,42.95143],[-71.05765,42.94832],[-71.07127,42.95234],[-71.08747,42.96653],[-71.11277,42.97233],[-71.13171,42.98595],[-71.1437,42.99152],[-71.15784,43.00522],[-71.1437,42.99152],[-71.13171,42.98595],[-71.11277,42.97233],[-71.08747,42.96653],[-71.07127,42.95234],[-71.05495,42.9473],[-71.05945,42.95036],[-71.05984,42.95827],[-71.07683,42.98176],[-71.08165,42.99285],[-71.07518,43.01035],[-71.07228,43.03335],[-71.05709,43.04833]]},"properties":{"group":"plow","dataStatus":"reference","color":"#d6e8ff","title":"608  Route E Route 107","status":"District 6 \u00b7 route E","details":"New Hampshire winter-maintenance plow route. This is the route the state plows, not a live truck.","provider":"NHDOT","sourceUrl":"https://www.nh.gov/dot/","district":6,"plowRoute":"E"}},{"type":"Feature","id":"nh-plow-260","geometry":{"type":"LineString","coordinates":[[-71.05709,43.04833],[-71.0692,43.0364],[-71.07694,43.03906],[-71.08699,43.03656],[-71.09712,43.03994],[-71.11141,43.04087],[-71.1225,43.03749],[-71.13526,43.03966],[-71.15194,43.03639],[-71.16208,43.03896],[-71.15194,43.03639],[-71.13526,43.03966],[-71.12225,43.03752],[-71.11168,43.04087],[-71.09712,43.03994],[-71.08699,43.03656],[-71.0726,43.0383],[-71.0663,43.03432],[-71.04878,43.03143],[-71.03021,43.01791],[-71.03186,43.01911],[-71.03021,43.01791],[-71.03394,43.01422],[-71.07579,43.00852],[-71.03653,43.01321],[-71.03021,43.01791],[-71.04918,43.03166],[-71.0663,43.03432],[-71.07092,43.03774],[-71.06746,43.03487],[-71.0692,43.0364],[-71.05709,43.04833]]},"properties":{"group":"plow","dataStatus":"reference","color":"#d6e8ff","title":"608  Route F Route 27","status":"District 6 \u00b7 route F","details":"New Hampshire winter-maintenance plow route. This is the route the state plows, not a live truck.","provider":"NHDOT","sourceUrl":"https://www.nh.gov/dot/","district":6,"plowRoute":"F"}},{"type":"Feature","id":"nh-plow-261","geometry":{"type":"LineString","coordinates":[[-70.9332,43.04494],[-70.92276,43.03624],[-70.91671,43.02154],[-70.90309,43.03751],[-70.89534,43.04185],[-70.85837,43.03521],[-70.84214,43.03629],[-70.82172,43.0418],[-70.80819,43.05787],[-70.79521,43.05724],[-70.80819,43.05787],[-70.82172,43.0418],[-70.84214,43.03629],[-70.85837,43.03521],[-70.89534,43.04185],[-70.90309,43.03751],[-70.91212,43.02479],[-70.91627,43.02369],[-70.92286,43.03638],[-70.9332,43.04494]]},"properties":{"group":"plow","dataStatus":"reference","color":"#d6e8ff","title":"609  Route C Route 33 Portsmouth","status":"District 6 \u00b7 route C","details":"New Hampshire winter-maintenance plow route. This is the route the state plows, not a live truck.","provider":"NHDOT","sourceUrl":"https://www.nh.gov/dot/","district":6,"plowRoute":"C"}},{"type":"Feature","id":"nh-plow-262","geometry":{"type":"LineString","coordinates":[[-70.9332,43.04494],[-70.9227,43.03616],[-70.91655,43.01731],[-70.9199,43.00253],[-70.92924,42.99067],[-70.91981,43.00274],[-70.91497,43.02333],[-70.91735,43.02298],[-70.91656,43.01687],[-70.91981,43.00274],[-70.92924,42.99067],[-70.91981,43.00274],[-70.91497,43.02333],[-70.91787,43.02455],[-70.92298,43.03652],[-70.9332,43.04494]]},"properties":{"group":"plow","dataStatus":"reference","color":"#d6e8ff","title":"609  Route B Route 108 Exeter","status":"District 6 \u00b7 route B","details":"New Hampshire winter-maintenance plow route. This is the route the state plows, not a live truck.","provider":"NHDOT","sourceUrl":"https://www.nh.gov/dot/","district":6,"plowRoute":"B"}},{"type":"Feature","id":"nh-plow-390","geometry":{"type":"LineString","coordinates":[[-72.16791,42.90988],[-72.15946,42.91586],[-72.15125,42.91725],[-72.15289,42.92629],[-72.1467,42.93055],[-72.1452,42.9354],[-72.13872,42.93759],[-72.11559,42.93695],[-72.10489,42.94401],[-72.09544,42.94545],[-72.09056,42.93651],[-72.0708,42.92856],[-72.06769,42.92449],[-72.06709,42.91682],[-72.06117,42.90853],[-72.06188,42.90587],[-72.06125,42.90882],[-72.06709,42.91682],[-72.06769,42.92449],[-72.0708,42.92856],[-72.09056,42.93651],[-72.09544,42.94545],[-72.10489,42.94401],[-72.11559,42.93695],[-72.13872,42.93759],[-72.1452,42.9354],[-72.1467,42.93055],[-72.15289,42.92629],[-72.15125,42.91725],[-72.15946,42.91586],[-72.16791,42.90988]]},"properties":{"group":"plow","dataStatus":"reference","color":"#d6e8ff","title":"412 Route D Chesham Rd, Dubln Rd, Main Street","status":"District 4 \u00b7 route D","details":"New Hampshire winter-maintenance plow route. This is the route the state plows, not a live truck.","provider":"NHDOT","sourceUrl":"https://www.nh.gov/dot/","district":4,"plowRoute":"D"}},{"type":"Feature","id":"nh-plow-263","geometry":{"type":"LineString","coordinates":[[-70.9332,43.04494],[-70.92347,43.03696],[-70.90237,43.03816],[-70.91167,43.02541],[-70.90144,43.02416],[-70.89351,43.01826],[-70.87165,43.00978],[-70.86776,43.00494],[-70.8501,42.99793],[-70.84271,42.98825],[-70.8429,42.98281],[-70.84517,42.98068],[-70.85598,42.98613],[-70.86288,42.98559],[-70.88418,42.99199],[-70.88687,42.99448],[-70.88666,42.99788],[-70.9176,43.01259],[-70.88666,42.99788],[-70.88687,42.99448],[-70.88418,42.99199],[-70.86288,42.98559],[-70.85598,42.98613],[-70.84517,42.98068],[-70.8426,42.98341],[-70.84271,42.98825],[-70.8501,42.99793],[-70.86776,43.00494],[-70.87165,43.00978],[-70.89351,43.01826],[-70.90144,43.02416],[-70.91167,43.02541],[-70.90237,43.03816],[-70.92347,43.03696],[-70.9332,43.04494]]},"properties":{"group":"plow","dataStatus":"reference","color":"#d6e8ff","title":"609  Route A Bunker Hill/Winnicutt/Squamscott","status":"District 6 \u00b7 route A","details":"New Hampshire winter-maintenance plow route. This is the route the state plows, not a live truck.","provider":"NHDOT","sourceUrl":"https://www.nh.gov/dot/","district":6,"plowRoute":"A"}},{"type":"Feature","id":"nh-plow-264","geometry":{"type":"LineString","coordinates":[[-70.9332,43.04494],[-70.92283,43.03634],[-70.91635,43.02165],[-70.91499,43.02346],[-70.91787,43.02455],[-70.9227,43.03616],[-70.93018,43.04147],[-70.93977,43.05952],[-70.93628,43.06359],[-70.93953,43.07108],[-70.9344,43.08309],[-70.93174,43.1005],[-70.91766,43.12802],[-70.92074,43.13307],[-70.91766,43.12802],[-70.93167,43.10073],[-70.9344,43.08309],[-70.93842,43.0756],[-70.93941,43.07698],[-70.95125,43.07363],[-70.96408,43.08087],[-70.97186,43.0821],[-70.96408,43.08087],[-70.95105,43.0736],[-70.93941,43.07698],[-70.93954,43.06912],[-70.93625,43.06374],[-70.93964,43.05679],[-70.93193,43.04749],[-70.93126,43.04431],[-70.9332,43.04494]]},"properties":{"group":"plow","dataStatus":"reference","color":"#d6e8ff","title":"609  Route D Route 152/108 Durham","status":"District 6 \u00b7 route D","details":"New Hampshire winter-maintenance plow route. This is the route the state plows, not a live truck.","provider":"NHDOT","sourceUrl":"https://www.nh.gov/dot/","district":6,"plowRoute":"D"}},{"type":"Feature","id":"nh-plow-265","geometry":{"type":"LineString","coordinates":[[-70.9332,43.04494],[-70.93094,43.04278],[-70.94187,43.03603],[-70.94431,43.03007],[-70.94033,43.01943],[-70.94558,43.01393],[-70.94762,43.00488],[-70.94614,42.99582],[-70.95075,42.98855],[-70.94614,42.99582],[-70.94762,43.00488],[-70.94558,43.01393],[-70.94033,43.01943],[-70.94431,43.03007],[-70.94187,43.03603],[-70.93074,43.04268],[-70.9332,43.04494]]},"properties":{"group":"plow","dataStatus":"reference","color":"#d6e8ff","title":"609  Route E Route 85","status":"District 6 \u00b7 route E","details":"New Hampshire winter-maintenance plow route. This is the route the state plows, not a live truck.","provider":"NHDOT","sourceUrl":"https://www.nh.gov/dot/","district":6,"plowRoute":"E"}},{"type":"Feature","id":"nh-plow-266","geometry":{"type":"LineString","coordinates":[[-70.9332,43.04494],[-70.93094,43.04278],[-70.94276,43.03481],[-70.9497,43.03757],[-70.96342,43.03248],[-71.00631,43.04072],[-71.01696,43.04016],[-71.02942,43.04946],[-71.04046,43.05154],[-71.05227,43.05756],[-71.04046,43.05154],[-71.02942,43.04946],[-71.01696,43.04016],[-71.00631,43.04072],[-70.96342,43.03248],[-70.9497,43.03757],[-70.94276,43.03481],[-70.93074,43.04268],[-70.9332,43.04494]]},"properties":{"group":"plow","dataStatus":"reference","color":"#d6e8ff","title":"609  Route F Route 87","status":"District 6 \u00b7 route F","details":"New Hampshire winter-maintenance plow route. This is the route the state plows, not a live truck.","provider":"NHDOT","sourceUrl":"https://www.nh.gov/dot/","district":6,"plowRoute":"F"}},{"type":"Feature","id":"nh-plow-267","geometry":{"type":"LineString","coordinates":[[-70.80827,43.00088],[-70.81075,43.00175],[-70.79996,43.0196],[-70.78622,43.03193],[-70.77823,43.03593],[-70.77099,43.04919],[-70.77003,43.05649],[-70.78057,43.07348],[-70.77019,43.05664],[-70.77099,43.04919],[-70.77823,43.03593],[-70.78622,43.03193],[-70.79996,43.0196],[-70.81075,43.00175],[-70.80827,43.00088]]},"properties":{"group":"plow","dataStatus":"reference","color":"#d6e8ff","title":"610  Route A Route 1 to circle","status":"District 6 \u00b7 route A","details":"New Hampshire winter-maintenance plow route. This is the route the state plows, not a live truck.","provider":"NHDOT","sourceUrl":"https://www.nh.gov/dot/","district":6,"plowRoute":"A"}},{"type":"Feature","id":"nh-plow-268","geometry":{"type":"LineString","coordinates":[[-70.80827,43.00088],[-70.81075,43.00175],[-70.81954,42.99059],[-70.83003,42.98488],[-70.83356,42.98028],[-70.83582,42.96892],[-70.83363,42.9573],[-70.83582,42.96892],[-70.83355,42.98031],[-70.83003,42.98488],[-70.81939,42.99074],[-70.79996,43.0196],[-70.78622,43.03193],[-70.80003,43.01951],[-70.81075,43.00175],[-70.80827,43.00088]]},"properties":{"group":"plow","dataStatus":"reference","color":"#d6e8ff","title":"610  Route B Route 1 South","status":"District 6 \u00b7 route B","details":"New Hampshire winter-maintenance plow route. This is the route the state plows, not a live truck.","provider":"NHDOT","sourceUrl":"https://www.nh.gov/dot/","district":6,"plowRoute":"B"}},{"type":"Feature","id":"nh-plow-269","geometry":{"type":"LineString","coordinates":[[-70.80827,43.00088],[-70.81075,43.00175],[-70.79996,43.0196],[-70.78622,43.03193],[-70.77842,43.03575],[-70.77271,43.04517],[-70.73429,43.04469],[-70.73518,43.03412],[-70.729,43.02889],[-70.73507,43.03388],[-70.73583,43.03953],[-70.73429,43.04469],[-70.72381,43.04901],[-70.71678,43.04413],[-70.71546,43.03959],[-70.72353,43.0292],[-70.73114,43.02764],[-70.73533,43.01271],[-70.74134,43.01101],[-70.73493,43.01315],[-70.731,43.02779],[-70.72523,43.02818],[-70.71897,43.03275],[-70.71539,43.03982],[-70.71618,43.04322],[-70.72476,43.04919],[-70.73656,43.04427],[-70.74641,43.04603],[-70.74788,43.05268],[-70.73545,43.05471],[-70.71836,43.0631],[-70.71514,43.07084],[-70.74517,43.07073],[-70.71479,43.07021],[-70.71836,43.0631],[-70.73545,43.05471],[-70.74788,43.05268],[-70.74671,43.04601],[-70.75737,43.04354],[-70.77271,43.04517],[-70.77842,43.03575],[-70.78622,43.03193],[-70.79996,43.0196],[-70.81075,43.00175],[-70.80827,43.00088]]},"properties":{"group":"plow","dataStatus":"reference","color":"#d6e8ff","title":"610  Route C Newcastle","status":"District 6 \u00b7 route C","details":"New Hampshire winter-maintenance plow route. This is the route the state plows, not a live truck.","provider":"NHDOT","sourceUrl":"https://www.nh.gov/dot/","district":6,"plowRoute":"C"}},{"type":"Feature","id":"nh-plow-270","geometry":{"type":"LineString","coordinates":[[-70.80827,43.00088],[-70.81075,43.00175],[-70.81968,42.99046],[-70.83044,42.98453],[-70.83521,42.97385],[-70.79811,42.96391],[-70.7863,42.96328],[-70.77547,42.95847],[-70.78603,42.95273],[-70.78974,42.94412],[-70.79403,42.94121],[-70.78974,42.94412],[-70.78603,42.95273],[-70.77248,42.9609],[-70.77008,42.96457],[-70.77217,42.96836],[-70.76463,42.97375],[-70.76569,42.97821],[-70.758,42.99559],[-70.75131,43.00366],[-70.74529,43.00224],[-70.74486,43.00688],[-70.74134,43.01101],[-70.74486,43.00688],[-70.74529,43.00224],[-70.75131,43.00366],[-70.75786,42.99581],[-70.76569,42.97821],[-70.76463,42.97375],[-70.7719,42.96889],[-70.77009,42.96453],[-70.77547,42.95847],[-70.7863,42.96328],[-70.80946,42.96716],[-70.81789,42.96266],[-70.82533,42.96237],[-70.82761,42.95833],[-70.82533,42.96237],[-70.81789,42.96266],[-70.80946,42.96716],[-70.83521,42.97385],[-70.83367,42.98006],[-70.83014,42.98479],[-70.81954,42.99059],[-70.81075,43.00175],[-70.80827,43.00088]]},"properties":{"group":"plow","dataStatus":"reference","color":"#d6e8ff","title":"610  Route D Atlantic Avenue","status":"District 6 \u00b7 route D","details":"New Hampshire winter-maintenance plow route. This is the route the state plows, not a live truck.","provider":"NHDOT","sourceUrl":"https://www.nh.gov/dot/","district":6,"plowRoute":"D"}},{"type":"Feature","id":"nh-plow-271","geometry":{"type":"LineString","coordinates":[[-70.80827,43.00088],[-70.81075,43.00175],[-70.8071,43.00689],[-70.81917,43.0117],[-70.82655,43.01897],[-70.83228,43.02129],[-70.83034,43.02533],[-70.83255,43.03672],[-70.82793,43.04047],[-70.82971,43.03996],[-70.82691,43.04021],[-70.83255,43.03672],[-70.83061,43.02363],[-70.84192,43.01251],[-70.84865,42.99695],[-70.84199,42.98626],[-70.84731,42.97678],[-70.84199,42.9861],[-70.84843,42.99764],[-70.84192,43.01251],[-70.83228,43.02129],[-70.82655,43.01897],[-70.81917,43.0117],[-70.8071,43.00689],[-70.81075,43.00175],[-70.80827,43.00088]]},"properties":{"group":"plow","dataStatus":"reference","color":"#d6e8ff","title":"610  Route E Post Road /  Breakfast Hill Road","status":"District 6 \u00b7 route E","details":"New Hampshire winter-maintenance plow route. This is the route the state plows, not a live truck.","provider":"NHDOT","sourceUrl":"https://www.nh.gov/dot/","district":6,"plowRoute":"E"}},{"type":"Feature","id":"nh-plow-272","geometry":{"type":"LineString","coordinates":[[-70.80827,43.00088],[-70.81075,43.00175],[-70.80003,43.01951],[-70.79375,43.02527],[-70.80627,43.03045],[-70.81961,43.04471],[-70.82368,43.04398],[-70.83202,43.07019],[-70.83113,43.07896],[-70.83202,43.07019],[-70.82393,43.04924],[-70.8238,43.04349],[-70.82874,43.03967],[-70.81983,43.04482],[-70.80627,43.03045],[-70.79375,43.02527],[-70.80003,43.01951],[-70.81075,43.00175],[-70.80827,43.00088]]},"properties":{"group":"plow","dataStatus":"reference","color":"#d6e8ff","title":"610  Route F South Newington","status":"District 6 \u00b7 route F","details":"New Hampshire winter-maintenance plow route. This is the route the state plows, not a live truck.","provider":"NHDOT","sourceUrl":"https://www.nh.gov/dot/","district":6,"plowRoute":"F"}},{"type":"Feature","id":"nh-plow-273","geometry":{"type":"LineString","coordinates":[[-71.07501,42.87429],[-71.07704,42.87894],[-71.08124,42.88095],[-71.0902,42.86624],[-71.09176,42.85855],[-71.10168,42.85333],[-71.10526,42.8475],[-71.12397,42.87149],[-71.12557,42.87819],[-71.13668,42.89004],[-71.14271,42.89157],[-71.14905,42.90354],[-71.15636,42.90675],[-71.17038,42.9206],[-71.18628,42.9243],[-71.18701,42.92825],[-71.18595,42.92411],[-71.17009,42.92041],[-71.15636,42.90675],[-71.14898,42.90346],[-71.14261,42.89146],[-71.1367,42.89006],[-71.12874,42.88209],[-71.12397,42.87149],[-71.10526,42.8475],[-71.10769,42.84251],[-71.10866,42.85186],[-71.10769,42.84251],[-71.10216,42.85289],[-71.0917,42.85864],[-71.0902,42.86624],[-71.08124,42.88095],[-71.07704,42.87894],[-71.07501,42.87429]]},"properties":{"group":"plow","dataStatus":"reference","color":"#d6e8ff","title":"611  Route A 121A Sandowns Route","status":"District 6 \u00b7 route A","details":"New Hampshire winter-maintenance plow route. This is the route the state plows, not a live truck.","provider":"NHDOT","sourceUrl":"https://www.nh.gov/dot/","district":6,"plowRoute":"A"}},{"type":"Feature","id":"nh-plow-275","geometry":{"type":"LineString","coordinates":[[-71.07501,42.87429],[-71.07704,42.87894],[-71.08124,42.88095],[-71.06117,42.8633],[-71.05786,42.85531],[-71.04737,42.84782],[-71.05795,42.8554],[-71.05752,42.85791],[-71.06559,42.86731],[-71.05177,42.87444],[-71.03547,42.87088],[-71.03425,42.86942],[-71.04274,42.86137],[-71.03498,42.85639],[-71.04274,42.86137],[-71.04183,42.8636],[-71.02533,42.87544],[-71.01989,42.87152],[-71.01633,42.86171],[-71.02051,42.87216],[-71.01569,42.87431],[-70.9976,42.86455],[-71.01368,42.87427],[-71.02051,42.87216],[-71.02533,42.87544],[-71.03425,42.86942],[-71.05177,42.87444],[-71.06559,42.86731],[-71.07501,42.87429]]},"properties":{"group":"plow","dataStatus":"reference","color":"#d6e8ff","title":"611  Route C Bear Hill Loop","status":"District 6 \u00b7 route C","details":"New Hampshire winter-maintenance plow route. This is the route the state plows, not a live truck.","provider":"NHDOT","sourceUrl":"https://www.nh.gov/dot/","district":6,"plowRoute":"C"}},{"type":"Feature","id":"nh-plow-276","geometry":{"type":"LineString","coordinates":[[-71.07501,42.87429],[-71.07704,42.87894],[-71.08124,42.88095],[-71.07167,42.90528],[-71.0473,42.92153],[-71.04441,42.93023],[-71.02694,42.92993],[-71.00831,42.92273],[-70.99165,42.92166],[-70.99178,42.93902],[-70.98666,42.94292],[-70.96888,42.9471],[-70.9571,42.95903],[-70.95199,42.97026],[-70.9571,42.95903],[-70.96888,42.9471],[-70.98666,42.94292],[-70.99178,42.93902],[-70.99165,42.92166],[-71.00831,42.92273],[-71.02694,42.92993],[-71.04459,42.93034],[-71.0473,42.92153],[-71.07167,42.90528],[-71.08124,42.88095],[-71.07704,42.87894],[-71.07501,42.87429]]},"properties":{"group":"plow","dataStatus":"reference","color":"#d6e8ff","title":"611  Route D NH 108 / NH 107","status":"District 6 \u00b7 route D","details":"New Hampshire winter-maintenance plow route. This is the route the state plows, not a live truck.","provider":"NHDOT","sourceUrl":"https://www.nh.gov/dot/","district":6,"plowRoute":"D"}},{"type":"Feature","id":"nh-plow-277","geometry":{"type":"LineString","coordinates":[[-71.07501,42.87429],[-71.07704,42.87894],[-71.08124,42.88095],[-71.07167,42.90528],[-71.0473,42.92153],[-71.04348,42.93043],[-71.02062,42.91118],[-71.0096,42.90704],[-70.99689,42.89571],[-70.98567,42.89319],[-70.96435,42.88163],[-70.94895,42.87618],[-70.96252,42.88123],[-70.95997,42.87176],[-70.96252,42.88123],[-70.98567,42.89319],[-70.99689,42.89571],[-71.0096,42.90704],[-71.02062,42.91118],[-71.0445,42.93102],[-71.04719,42.92163],[-71.07167,42.90528],[-71.08124,42.88095],[-71.07704,42.87894],[-71.07501,42.87429]]},"properties":{"group":"plow","dataStatus":"reference","color":"#d6e8ff","title":"611  Route E NH 107 A","status":"District 6 \u00b7 route E","details":"New Hampshire winter-maintenance plow route. This is the route the state plows, not a live truck.","provider":"NHDOT","sourceUrl":"https://www.nh.gov/dot/","district":6,"plowRoute":"E"}},{"type":"Feature","id":"nh-plow-278","geometry":{"type":"LineString","coordinates":[[-71.07501,42.87429],[-71.06117,42.8633],[-71.05786,42.85531],[-71.04737,42.84782],[-71.05625,42.83519],[-71.06544,42.80652],[-71.05625,42.83519],[-71.04673,42.84846],[-71.04177,42.86371],[-71.02533,42.87544],[-71.02908,42.88578],[-71.01911,42.8939],[-71.01578,42.90382],[-71.01787,42.91456],[-71.00872,42.92284],[-71.01787,42.91456],[-71.01578,42.90382],[-71.01911,42.8939],[-71.02908,42.88578],[-71.02533,42.87544],[-71.04171,42.8638],[-71.04711,42.84799],[-71.05786,42.85531],[-71.06117,42.8633],[-71.07501,42.87429]]},"properties":{"group":"plow","dataStatus":"reference","color":"#d6e8ff","title":"611  Route F NH 108","status":"District 6 \u00b7 route F","details":"New Hampshire winter-maintenance plow route. This is the route the state plows, not a live truck.","provider":"NHDOT","sourceUrl":"https://www.nh.gov/dot/","district":6,"plowRoute":"F"}},{"type":"Feature","id":"nh-plow-279","geometry":{"type":"LineString","coordinates":[[-71.07501,42.87429],[-71.07704,42.87894],[-71.08124,42.88095],[-71.07167,42.90528],[-71.06293,42.91076],[-71.06457,42.91221],[-71.0998,42.90619],[-71.14565,42.8896],[-71.15597,42.87406],[-71.17339,42.86086],[-71.15597,42.87406],[-71.14565,42.8896],[-71.0998,42.90619],[-71.06457,42.91221],[-71.06293,42.91076],[-71.07167,42.90528],[-71.08124,42.88095],[-71.07704,42.87894],[-71.07501,42.87429]]},"properties":{"group":"plow","dataStatus":"reference","color":"#d6e8ff","title":"611  Route G NH 111","status":"District 6 \u00b7 route G","details":"New Hampshire winter-maintenance plow route. This is the route the state plows, not a live truck.","provider":"NHDOT","sourceUrl":"https://www.nh.gov/dot/","district":6,"plowRoute":"G"}},{"type":"Feature","id":"nh-plow-280","geometry":{"type":"LineString","coordinates":[[-71.07501,42.87429],[-71.07704,42.87894],[-71.08124,42.88095],[-71.0902,42.86624],[-71.09078,42.85964],[-71.10216,42.85289],[-71.10744,42.8433],[-71.10768,42.82953],[-71.10286,42.8152],[-71.09632,42.81802],[-71.09111,42.81216],[-71.09632,42.81802],[-71.10286,42.8152],[-71.10773,42.83],[-71.10769,42.84251],[-71.10526,42.8475],[-71.09766,42.84181],[-71.09492,42.83656],[-71.09029,42.84022],[-71.08587,42.83972],[-71.05867,42.82479],[-71.08587,42.83972],[-71.09029,42.84022],[-71.09492,42.83656],[-71.09766,42.84181],[-71.10526,42.8475],[-71.10168,42.85333],[-71.09078,42.85964],[-71.0902,42.86624],[-71.08124,42.88095],[-71.07704,42.87894],[-71.07501,42.87429]]},"properties":{"group":"plow","dataStatus":"reference","color":"#d6e8ff","title":"611  Route H 125 South / Sweet Hill Road","status":"District 6 \u00b7 route H","details":"New Hampshire winter-maintenance plow route. This is the route the state plows, not a live truck.","provider":"NHDOT","sourceUrl":"https://www.nh.gov/dot/","district":6,"plowRoute":"H"}},{"type":"Feature","id":"nh-plow-281","geometry":{"type":"LineString","coordinates":[[-71.07501,42.87429],[-71.07704,42.87894],[-71.08124,42.88095],[-71.0902,42.86624],[-71.09117,42.85968],[-71.09026,42.86611],[-71.07924,42.8844],[-71.07147,42.90561],[-71.04719,42.92163],[-71.0445,42.93102],[-71.04719,42.92163],[-71.07167,42.90528],[-71.08124,42.88095],[-71.07704,42.87894],[-71.07501,42.87429]]},"properties":{"group":"plow","dataStatus":"reference","color":"#d6e8ff","title":"611  Route I 125 North with Ramps","status":"District 6 \u00b7 route I","details":"New Hampshire winter-maintenance plow route. This is the route the state plows, not a live truck.","provider":"NHDOT","sourceUrl":"https://www.nh.gov/dot/","district":6,"plowRoute":"I"}},{"type":"Feature","id":"nh-plow-282","geometry":{"type":"LineString","coordinates":[[-70.86156,42.97168],[-70.84788,42.97642],[-70.84587,42.97458],[-70.83915,42.96238],[-70.83393,42.95891],[-70.83215,42.94877],[-70.83778,42.94172],[-70.82113,42.93822],[-70.79403,42.94121],[-70.79963,42.91902],[-70.8062,42.91711],[-70.81217,42.91133],[-70.81922,42.88554],[-70.8183,42.87242],[-70.8396,42.8697],[-70.85861,42.87161],[-70.86367,42.8702],[-70.81826,42.87196],[-70.81924,42.88539],[-70.81546,42.90006],[-70.80637,42.91663],[-70.7993,42.91942],[-70.79403,42.94121],[-70.79963,42.91902],[-70.8062,42.91711],[-70.81217,42.91133],[-70.81922,42.88554],[-70.81826,42.87196],[-70.81924,42.88539],[-70.81546,42.90006],[-70.80637,42.91663],[-70.7993,42.91942],[-70.79403,42.94121],[-70.82113,42.93822],[-70.83778,42.94172],[-70.83215,42.94877],[-70.83393,42.95891],[-70.83915,42.96238],[-70.84587,42.97458],[-70.84788,42.97642],[-70.86156,42.97168]]},"properties":{"group":"plow","dataStatus":"reference","color":"#d6e8ff","title":"612  Route A Route 1A /286","status":"District 6 \u00b7 route A","details":"New Hampshire winter-maintenance plow route. This is the route the state plows, not a live truck.","provider":"NHDOT","sourceUrl":"https://www.nh.gov/dot/","district":6,"plowRoute":"A"}},{"type":"Feature","id":"nh-plow-283","geometry":{"type":"LineString","coordinates":[[-70.86156,42.97168],[-70.84731,42.97623],[-70.83915,42.96238],[-70.83393,42.95891],[-70.8321,42.94906],[-70.8379,42.94183],[-70.83875,42.93366],[-70.86485,42.91504],[-70.86546,42.9058],[-70.87287,42.89305],[-70.86732,42.88107],[-70.87218,42.87531],[-70.87014,42.87407],[-70.87169,42.87608],[-70.8673,42.88078],[-70.87287,42.89279],[-70.87048,42.89715],[-70.87268,42.89358],[-70.90264,42.89826],[-70.90921,42.902],[-70.91216,42.90666],[-70.92601,42.90694],[-70.91237,42.90672],[-70.90366,42.8985],[-70.87302,42.89352],[-70.86732,42.88107],[-70.87055,42.87559],[-70.86732,42.88107],[-70.87287,42.89305],[-70.86546,42.9058],[-70.86485,42.91504],[-70.84734,42.92921],[-70.83777,42.93113],[-70.83827,42.93366],[-70.8449,42.93032],[-70.83763,42.93129],[-70.8379,42.94183],[-70.8321,42.94906],[-70.83393,42.95891],[-70.83915,42.96238],[-70.84731,42.97623],[-70.86156,42.97168]]},"properties":{"group":"plow","dataStatus":"reference","color":"#d6e8ff","title":"612  Route B Route 1/107","status":"District 6 \u00b7 route B","details":"New Hampshire winter-maintenance plow route. This is the route the state plows, not a live truck.","provider":"NHDOT","sourceUrl":"https://www.nh.gov/dot/","district":6,"plowRoute":"B"}},{"type":"Feature","id":"nh-plow-284","geometry":{"type":"LineString","coordinates":[[-70.86156,42.97168],[-70.84731,42.97623],[-70.83915,42.96238],[-70.83393,42.95891],[-70.83213,42.94889],[-70.8379,42.94183],[-70.83875,42.93366],[-70.86465,42.91536],[-70.86546,42.9058],[-70.87268,42.89358],[-70.90366,42.8985],[-70.91237,42.90672],[-70.92888,42.90579],[-70.96211,42.91085],[-70.97955,42.91912],[-70.99165,42.92166],[-70.97955,42.91912],[-70.96211,42.91085],[-70.92888,42.90579],[-70.91237,42.90672],[-70.90366,42.8985],[-70.87268,42.89358],[-70.86546,42.9058],[-70.86465,42.91536],[-70.84734,42.92921],[-70.83777,42.93113],[-70.8379,42.94183],[-70.83213,42.94889],[-70.83393,42.95891],[-70.83915,42.96238],[-70.84731,42.97623],[-70.86156,42.97168]]},"properties":{"group":"plow","dataStatus":"reference","color":"#d6e8ff","title":"612  Route C NH 107","status":"District 6 \u00b7 route C","details":"New Hampshire winter-maintenance plow route. This is the route the state plows, not a live truck.","provider":"NHDOT","sourceUrl":"https://www.nh.gov/dot/","district":6,"plowRoute":"C"}},{"type":"Feature","id":"nh-plow-285","geometry":{"type":"LineString","coordinates":[[-70.86156,42.97168],[-70.84731,42.97623],[-70.83915,42.96238],[-70.83393,42.95891],[-70.83213,42.94889],[-70.8379,42.94183],[-70.83875,42.93366],[-70.86465,42.91536],[-70.86546,42.9058],[-70.87268,42.89358],[-70.90366,42.8985],[-70.91237,42.90672],[-70.92601,42.90694],[-70.92955,42.91389],[-70.92867,42.9181],[-70.94291,42.92687],[-70.94873,42.93916],[-70.95995,42.94981],[-70.95986,42.95601],[-70.95995,42.94981],[-70.94873,42.93916],[-70.94291,42.92687],[-70.92894,42.91788],[-70.92955,42.91389],[-70.92372,42.89603],[-70.92886,42.89219],[-70.93056,42.88468],[-70.92886,42.89219],[-70.92373,42.89586],[-70.92601,42.90694],[-70.91237,42.90672],[-70.90366,42.8985],[-70.87268,42.89358],[-70.86551,42.90567],[-70.86498,42.9147],[-70.86221,42.91842],[-70.84734,42.92921],[-70.83763,42.93129],[-70.8379,42.94183],[-70.83213,42.94889],[-70.83393,42.95891],[-70.83915,42.96238],[-70.84745,42.97633],[-70.86156,42.97168]]},"properties":{"group":"plow","dataStatus":"reference","color":"#d6e8ff","title":"612 Route D NH 150","status":"District 6 \u00b7 route D","details":"New Hampshire winter-maintenance plow route. This is the route the state plows, not a live truck.","provider":"NHDOT","sourceUrl":"https://www.nh.gov/dot/","district":6,"plowRoute":"D"}},{"type":"Feature","id":"nh-plow-286","geometry":{"type":"LineString","coordinates":[[-70.86156,42.97168],[-70.86903,42.97465],[-70.87953,42.97168],[-70.90153,42.97156],[-70.91029,42.96549],[-70.88793,42.92881],[-70.86427,42.91585],[-70.86869,42.90978],[-70.87576,42.90696],[-70.88343,42.90983],[-70.8983,42.90978],[-70.90075,42.91228],[-70.89998,42.91567],[-70.91062,42.92074],[-70.92195,42.91724],[-70.92892,42.91783],[-70.92195,42.91724],[-70.91062,42.92074],[-70.89998,42.91567],[-70.90075,42.91228],[-70.8983,42.90978],[-70.88343,42.90983],[-70.87576,42.90696],[-70.86869,42.90978],[-70.86385,42.91638],[-70.88793,42.92881],[-70.91029,42.96549],[-70.90153,42.97156],[-70.87953,42.97168],[-70.86903,42.97465],[-70.86156,42.97168]]},"properties":{"group":"plow","dataStatus":"reference","color":"#d6e8ff","title":"612 Route E  Route 88/84","status":"District 6 \u00b7 route E","details":"New Hampshire winter-maintenance plow route. This is the route the state plows, not a live truck.","provider":"NHDOT","sourceUrl":"https://www.nh.gov/dot/","district":6,"plowRoute":"E"}},{"type":"Feature","id":"nh-plow-287","geometry":{"type":"LineString","coordinates":[[-70.86156,42.97168],[-70.85975,42.97289],[-70.86903,42.97465],[-70.89771,42.97032],[-70.86934,42.97464],[-70.85928,42.97294],[-70.83893,42.98007],[-70.83376,42.97982],[-70.84632,42.97865],[-70.83521,42.97385],[-70.84367,42.97832],[-70.84735,42.97651],[-70.83915,42.96238],[-70.83393,42.95891],[-70.83915,42.96238],[-70.84718,42.97594],[-70.84582,42.97976],[-70.84788,42.97642],[-70.85812,42.9732],[-70.86551,42.97393],[-70.86156,42.97168]]},"properties":{"group":"plow","dataStatus":"reference","color":"#d6e8ff","title":"612  Route F Route 111/151/Hobbs Road","status":"District 6 \u00b7 route F","details":"New Hampshire winter-maintenance plow route. This is the route the state plows, not a live truck.","provider":"NHDOT","sourceUrl":"https://www.nh.gov/dot/","district":6,"plowRoute":"F"}},{"type":"Feature","id":"nh-plow-288","geometry":{"type":"LineString","coordinates":[[-71.49536,42.7448],[-71.49059,42.74669],[-71.4925,42.74856],[-71.49263,42.76923],[-71.49425,42.76864],[-71.49291,42.74829],[-71.49031,42.74298],[-71.47303,42.73339],[-71.45971,42.73464],[-71.45365,42.73144],[-71.44965,42.72],[-71.45115,42.70515],[-71.44881,42.69973],[-71.45089,42.70519],[-71.44925,42.72037],[-71.45409,42.73294],[-71.45966,42.73512],[-71.47295,42.73355],[-71.49156,42.74495],[-71.49327,42.76299],[-71.49142,42.7696],[-71.49637,42.76762],[-71.49418,42.76797],[-71.49359,42.76308],[-71.49315,42.7485],[-71.49531,42.74557]]},"properties":{"group":"plow","dataStatus":"reference","color":"#d6e8ff","title":"815 Route A Mainline","status":"District 8 \u00b7 route A","details":"New Hampshire winter-maintenance plow route. This is the route the state plows, not a live truck.","provider":"NHDOT","sourceUrl":"https://www.nh.gov/dot/","district":8,"plowRoute":"A"}},{"type":"Feature","id":"nh-plow-289","geometry":{"type":"LineString","coordinates":[[-71.49536,42.7448],[-71.46898,42.73244],[-71.47086,42.73159],[-71.46203,42.73443],[-71.45586,42.73347],[-71.45059,42.72331],[-71.44032,42.72306],[-71.44006,42.72103],[-71.44288,42.72065],[-71.42505,42.72904],[-71.43484,42.72476],[-71.4422,42.72532],[-71.44504,42.72415],[-71.4409,42.72425],[-71.45128,42.72087],[-71.45223,42.7079],[-71.44919,42.69964],[-71.4505,42.7054],[-71.44789,42.7179],[-71.45425,42.73311],[-71.45971,42.7353],[-71.47348,42.7339],[-71.48856,42.74188],[-71.4914,42.74847],[-71.49536,42.7448]]},"properties":{"group":"plow","dataStatus":"reference","color":"#d6e8ff","title":"815 Route B Exit 2 Mainline","status":"District 8 \u00b7 route B","details":"New Hampshire winter-maintenance plow route. This is the route the state plows, not a live truck.","provider":"NHDOT","sourceUrl":"https://www.nh.gov/dot/","district":8,"plowRoute":"B"}},{"type":"Feature","id":"nh-plow-290","geometry":{"type":"LineString","coordinates":[[-71.49536,42.7448],[-71.49062,42.74659],[-71.49186,42.74847],[-71.49419,42.74541],[-71.4906,42.74665],[-71.4922,42.75229],[-71.49014,42.75304],[-71.48834,42.75007],[-71.49241,42.74908],[-71.49263,42.76923],[-71.49425,42.76864],[-71.49315,42.7485],[-71.49632,42.74652],[-71.49558,42.74187],[-71.49513,42.74447],[-71.49224,42.74477],[-71.47141,42.73303],[-71.45229,42.73487],[-71.45635,42.73649],[-71.46977,42.73402],[-71.45761,42.73772],[-71.4663,42.73378],[-71.47276,42.73375],[-71.48646,42.74047],[-71.49104,42.74484],[-71.48354,42.75177],[-71.49536,42.7448]]},"properties":{"group":"plow","dataStatus":"reference","color":"#d6e8ff","title":"815 Route C Exits 3 & 5 Ramps","status":"District 8 \u00b7 route C","details":"New Hampshire winter-maintenance plow route. This is the route the state plows, not a live truck.","provider":"NHDOT","sourceUrl":"https://www.nh.gov/dot/","district":8,"plowRoute":"C"}},{"type":"Feature","id":"nh-plow-291","geometry":{"type":"LineString","coordinates":[[-71.49536,42.7448],[-71.49059,42.74669],[-71.49242,42.74796],[-71.49327,42.76299],[-71.4926,42.76863],[-71.49034,42.76978],[-71.49228,42.76673],[-71.49034,42.76978],[-71.49425,42.76864],[-71.49315,42.7485],[-71.49536,42.7448]]},"properties":{"group":"plow","dataStatus":"reference","color":"#d6e8ff","title":"815 Route D DMV / E-Z pass parking Lot","status":"District 8 \u00b7 route D","details":"New Hampshire winter-maintenance plow route. This is the route the state plows, not a live truck.","provider":"NHDOT","sourceUrl":"https://www.nh.gov/dot/","district":8,"plowRoute":"D"}},{"type":"Feature","id":"nh-plow-292","geometry":{"type":"LineString","coordinates":[[-71.49202,42.82736],[-71.48939,42.82092],[-71.51217,42.82507],[-71.52293,42.81004],[-71.53107,42.80731],[-71.54371,42.80706],[-71.5462,42.80483],[-71.54371,42.80706],[-71.53107,42.80731],[-71.52293,42.81004],[-71.51246,42.82427],[-71.48778,42.82085],[-71.51251,42.8247],[-71.49474,42.81919],[-71.4943,42.82721],[-71.49202,42.82736]]},"properties":{"group":"plow","dataStatus":"reference","color":"#d6e8ff","title":"820 Route A Industrial & Continental","status":"District 8 \u00b7 route A","details":"New Hampshire winter-maintenance plow route. This is the route the state plows, not a live truck.","provider":"NHDOT","sourceUrl":"https://www.nh.gov/dot/","district":8,"plowRoute":"A"}},{"type":"Feature","id":"nh-plow-293","geometry":{"type":"MultiLineString","coordinates":[[[-71.49202,42.82736],[-71.4881,42.82136],[-71.49527,42.82164],[-71.4933,42.83281],[-71.4961,42.84793]],[[-71.4961,42.84793],[-71.50197,42.86597],[-71.50132,42.8701],[-71.48117,42.88302],[-71.46338,42.90386],[-71.46967,42.94062],[-71.47666,42.96551],[-71.47426,42.97582],[-71.47686,42.9656],[-71.46991,42.94089],[-71.46353,42.90414],[-71.48122,42.88318],[-71.50185,42.86936],[-71.49354,42.83299],[-71.49544,42.82465],[-71.49908,42.82185],[-71.49414,42.81943],[-71.49583,42.8199],[-71.49438,42.82694],[-71.49202,42.82736]]]},"properties":{"group":"plow","dataStatus":"reference","color":"#d6e8ff","title":"820 Route B North Mainline","status":"District 8 \u00b7 route B","details":"New Hampshire winter-maintenance plow route. This is the route the state plows, not a live truck.","provider":"NHDOT","sourceUrl":"https://www.nh.gov/dot/","district":8,"plowRoute":"B"}},{"type":"Feature","id":"nh-plow-294","geometry":{"type":"LineString","coordinates":[[-71.49202,42.82736],[-71.4943,42.82721],[-71.49368,42.83919],[-71.49569,42.84007],[-71.49358,42.83142],[-71.49914,42.80629],[-71.49303,42.77605],[-71.49328,42.74494],[-71.49058,42.74674],[-71.4925,42.74856],[-71.49283,42.77653],[-71.49895,42.80633],[-71.49624,42.81772],[-71.49328,42.82034],[-71.51251,42.8247],[-71.49662,42.82049],[-71.49914,42.80657],[-71.49638,42.79099],[-71.50234,42.79014],[-71.49358,42.78975],[-71.49378,42.78773],[-71.49894,42.80704],[-71.4943,42.82721],[-71.49202,42.82736]]},"properties":{"group":"plow","dataStatus":"reference","color":"#d6e8ff","title":"820 Route C South Mainline","status":"District 8 \u00b7 route C","details":"New Hampshire winter-maintenance plow route. This is the route the state plows, not a live truck.","provider":"NHDOT","sourceUrl":"https://www.nh.gov/dot/","district":8,"plowRoute":"C"}},{"type":"Feature","id":"nh-plow-295","geometry":{"type":"LineString","coordinates":[[-71.49202,42.82736],[-71.4881,42.82136],[-71.49262,42.82024],[-71.4983,42.82245],[-71.49587,42.82245],[-71.49914,42.80671],[-71.49638,42.79099],[-71.50234,42.79014],[-71.49562,42.78777],[-71.49404,42.77964],[-71.49851,42.77929],[-71.49213,42.77525],[-71.49151,42.77748],[-71.49489,42.77851],[-71.49408,42.77545],[-71.4915,42.77543],[-71.49175,42.77789],[-71.49851,42.77929],[-71.49318,42.77452],[-71.49637,42.76762],[-71.49142,42.7696],[-71.49244,42.77456],[-71.48323,42.78115],[-71.46818,42.78687],[-71.4801,42.783],[-71.49058,42.77579],[-71.49434,42.78387],[-71.49266,42.78935],[-71.50234,42.79014],[-71.50165,42.78796],[-71.49262,42.7886],[-71.49517,42.78837],[-71.49895,42.80678],[-71.4943,42.82721],[-71.49202,42.82736]]},"properties":{"group":"plow","dataStatus":"reference","color":"#d6e8ff","title":"820 Route D South End Ramps","status":"District 8 \u00b7 route D","details":"New Hampshire winter-maintenance plow route. This is the route the state plows, not a live truck.","provider":"NHDOT","sourceUrl":"https://www.nh.gov/dot/","district":8,"plowRoute":"D"}},{"type":"Feature","id":"nh-plow-296","geometry":{"type":"LineString","coordinates":[[-71.49202,42.82736],[-71.4943,42.82721],[-71.49368,42.83521],[-71.50193,42.86856],[-71.49861,42.87295],[-71.48164,42.8826],[-71.46462,42.90108],[-71.46331,42.9053],[-71.46551,42.91789],[-71.4648,42.90112],[-71.48167,42.88278],[-71.49905,42.87282],[-71.50205,42.86883],[-71.49703,42.85186],[-71.49577,42.83789],[-71.4907,42.8395],[-71.49202,42.82736]]},"properties":{"group":"plow","dataStatus":"reference","color":"#d6e8ff","title":"820 Route E Bedford Toll A (from shed)","status":"District 8 \u00b7 route E","details":"New Hampshire winter-maintenance plow route. This is the route the state plows, not a live truck.","provider":"NHDOT","sourceUrl":"https://www.nh.gov/dot/","district":8,"plowRoute":"E"}},{"type":"Feature","id":"nh-plow-297","geometry":{"type":"LineString","coordinates":[[-71.46452,42.91239],[-71.46551,42.91789],[-71.46476,42.91237],[-71.46576,42.91779],[-71.46476,42.91237],[-71.46576,42.91779],[-71.46476,42.91237],[-71.46576,42.91779],[-71.46476,42.91237],[-71.46576,42.91779],[-71.46476,42.91237],[-71.46576,42.91779],[-71.46476,42.91237],[-71.46576,42.91779],[-71.46476,42.91237],[-71.46576,42.91779],[-71.46476,42.91237],[-71.46576,42.91779],[-71.46476,42.91237],[-71.46576,42.91779],[-71.46476,42.91237],[-71.4652,42.91639],[-71.464,42.91429],[-71.46228,42.91554],[-71.46416,42.91436],[-71.46576,42.91779],[-71.46452,42.91239]]},"properties":{"group":"plow","dataStatus":"reference","color":"#d6e8ff","title":"820 Route F Bedford Toll (not including shed)","status":"District 8 \u00b7 route F","details":"New Hampshire winter-maintenance plow route. This is the route the state plows, not a live truck.","provider":"NHDOT","sourceUrl":"https://www.nh.gov/dot/","district":8,"plowRoute":"F"}},{"type":"Feature","id":"nh-plow-298","geometry":{"type":"LineString","coordinates":[[-71.49202,42.82736],[-71.4943,42.82721],[-71.49277,42.8393],[-71.502,42.86825],[-71.49888,42.87275],[-71.48783,42.87795],[-71.4775,42.88629],[-71.47626,42.88329],[-71.47859,42.88481],[-71.47626,42.88329],[-71.47555,42.88545],[-71.47995,42.88727],[-71.48185,42.88281],[-71.49905,42.87282],[-71.50212,42.86855],[-71.49366,42.83303],[-71.49544,42.82465],[-71.49908,42.82185],[-71.5131,42.82393],[-71.49657,42.82037],[-71.49914,42.80657],[-71.49638,42.79099],[-71.50198,42.78885],[-71.49262,42.7886],[-71.49517,42.78837],[-71.49895,42.80678],[-71.4943,42.82721],[-71.49202,42.82736]]},"properties":{"group":"plow","dataStatus":"reference","color":"#d6e8ff","title":"820 Route G Exits 10, 11 & 12","status":"District 8 \u00b7 route G","details":"New Hampshire winter-maintenance plow route. This is the route the state plows, not a live truck.","provider":"NHDOT","sourceUrl":"https://www.nh.gov/dot/","district":8,"plowRoute":"G"}},{"type":"Feature","id":"nh-plow-299","geometry":{"type":"LineString","coordinates":[[-71.50225,42.79156],[-71.50503,42.7907],[-71.50225,42.79156],[-71.50198,42.78885],[-71.49568,42.78791],[-71.4945,42.7757],[-71.48925,42.77671],[-71.4881,42.77911],[-71.49058,42.77579],[-71.49324,42.77923],[-71.49461,42.78628],[-71.49266,42.78935],[-71.50202,42.78901],[-71.50225,42.79156]]},"properties":{"group":"plow","dataStatus":"reference","color":"#d6e8ff","title":"820 Route H Exit 7 & 8 (Bus Station) Park & Ride","status":"District 8 \u00b7 route H","details":"New Hampshire winter-maintenance plow route. This is the route the state plows, not a live truck.","provider":"NHDOT","sourceUrl":"https://www.nh.gov/dot/","district":8,"plowRoute":"H"}},{"type":"Feature","id":"nh-plow-300","geometry":{"type":"LineString","coordinates":[[-71.47113,43.08338],[-71.46997,43.08659],[-71.47675,43.08542],[-71.47329,43.08194],[-71.47262,43.06908],[-71.47224,43.07904],[-71.47573,43.09578],[-71.47485,43.10638],[-71.48512,43.12698],[-71.51019,43.1579],[-71.53055,43.17121],[-71.53223,43.17834],[-71.52247,43.18702],[-71.53279,43.20782],[-71.53367,43.21704],[-71.53193,43.21778],[-71.53527,43.21756],[-71.53199,43.20535],[-71.52268,43.1873],[-71.53247,43.17825],[-71.53054,43.17081],[-71.50983,43.15723],[-71.48581,43.12765],[-71.47548,43.1076],[-71.47595,43.09524],[-71.4716,43.06491],[-71.47466,43.05259],[-71.46495,43.04198],[-71.46259,43.04442],[-71.46607,43.04503],[-71.47108,43.05082],[-71.47368,43.08603],[-71.47113,43.08338]]},"properties":{"group":"plow","dataStatus":"reference","color":"#d6e8ff","title":"825 Route A North End Mainline","status":"District 8 \u00b7 route A","details":"New Hampshire winter-maintenance plow route. This is the route the state plows, not a live truck.","provider":"NHDOT","sourceUrl":"https://www.nh.gov/dot/","district":8,"plowRoute":"A"}},{"type":"Feature","id":"nh-plow-301","geometry":{"type":"LineString","coordinates":[[-71.47113,43.08338],[-71.47564,43.09476],[-71.47508,43.10993],[-71.4853,43.12727],[-71.51019,43.1579],[-71.53065,43.1719],[-71.53238,43.17774],[-71.52975,43.17628],[-71.5288,43.18082],[-71.52255,43.18621],[-71.52566,43.1934],[-71.52308,43.18538],[-71.53303,43.17993],[-71.5298,43.17835],[-71.52341,43.18468],[-71.5251,43.19321],[-71.52094,43.19267],[-71.52504,43.19338],[-71.53182,43.209],[-71.53357,43.20878],[-71.52587,43.1935],[-71.53224,43.20713],[-71.53182,43.209],[-71.52603,43.20904],[-71.53357,43.20878],[-71.52277,43.18711],[-71.5243,43.1841],[-71.53318,43.18002],[-71.53065,43.17102],[-71.51053,43.15797],[-71.48581,43.12765],[-71.47488,43.10502],[-71.47467,43.08542],[-71.47657,43.08505],[-71.46997,43.08659],[-71.47113,43.08338]]},"properties":{"group":"plow","dataStatus":"reference","color":"#d6e8ff","title":"825 Route B Concord Ramps A (from shed)","status":"District 8 \u00b7 route B","details":"New Hampshire winter-maintenance plow route. This is the route the state plows, not a live truck.","provider":"NHDOT","sourceUrl":"https://www.nh.gov/dot/","district":8,"plowRoute":"B"}},{"type":"Feature","id":"nh-plow-302","geometry":{"type":"LineString","coordinates":[[-71.53257,43.1773],[-71.53096,43.17839],[-71.52975,43.17628],[-71.52873,43.18091],[-71.52268,43.18581],[-71.52611,43.19331],[-71.52277,43.18609],[-71.53296,43.18006],[-71.53036,43.17831],[-71.52268,43.18581],[-71.52504,43.19338],[-71.52094,43.19267],[-71.52504,43.19338],[-71.53182,43.209],[-71.53357,43.20878],[-71.52587,43.1935],[-71.53224,43.20713],[-71.53182,43.209],[-71.52603,43.20904],[-71.53357,43.20878],[-71.52277,43.18609],[-71.53318,43.18002],[-71.53129,43.17147],[-71.53573,43.16921],[-71.53418,43.16712],[-71.53014,43.17046],[-71.52771,43.16984],[-71.53257,43.1773]]},"properties":{"group":"plow","dataStatus":"reference","color":"#d6e8ff","title":"825 Route C Concord Ramps B (not including shed)","status":"District 8 \u00b7 route C","details":"New Hampshire winter-maintenance plow route. This is the route the state plows, not a live truck.","provider":"NHDOT","sourceUrl":"https://www.nh.gov/dot/","district":8,"plowRoute":"C"}},{"type":"Feature","id":"nh-plow-303","geometry":{"type":"LineString","coordinates":[[-71.47113,43.08338],[-71.47482,43.08289],[-71.47031,43.08384],[-71.47011,43.08843],[-71.46801,43.08909],[-71.47175,43.08648],[-71.47411,43.08888],[-71.47508,43.10993],[-71.4853,43.12727],[-71.5104,43.15811],[-71.5292,43.16962],[-71.53259,43.17701],[-71.52918,43.17968],[-71.53285,43.18035],[-71.53133,43.1711],[-71.53565,43.16929],[-71.53501,43.16761],[-71.52995,43.16879],[-71.51107,43.15844],[-71.48563,43.12739],[-71.47488,43.10502],[-71.47467,43.08542],[-71.47657,43.08505],[-71.46997,43.08659],[-71.47113,43.08338]]},"properties":{"group":"plow","dataStatus":"reference","color":"#d6e8ff","title":"825 Route D I 89 Ramps","status":"District 8 \u00b7 route D","details":"New Hampshire winter-maintenance plow route. This is the route the state plows, not a live truck.","provider":"NHDOT","sourceUrl":"https://www.nh.gov/dot/","district":8,"plowRoute":"D"}},{"type":"Feature","id":"nh-plow-304","geometry":{"type":"LineString","coordinates":[[-71.47465,43.10249],[-71.47595,43.09524],[-71.47243,43.07831],[-71.47199,43.04762],[-71.48537,43.03496],[-71.48872,43.02415],[-71.47778,43.01176],[-71.47496,42.99942],[-71.47081,42.99576],[-71.47031,42.98043],[-71.47695,42.96656],[-71.47517,42.94997],[-71.46981,42.94543],[-71.47678,42.96676],[-71.47008,42.9806],[-71.47064,42.99577],[-71.47481,42.99952],[-71.47763,43.01184],[-71.48854,43.02409],[-71.48534,43.03471],[-71.47151,43.04809],[-71.47224,43.07904],[-71.47573,43.09578],[-71.47391,43.10207],[-71.47571,43.10325],[-71.4716,43.06491],[-71.4746,43.05233],[-71.46421,43.0426],[-71.46653,43.04256],[-71.46376,43.04517],[-71.46251,43.04401],[-71.47103,43.05056],[-71.47368,43.08603],[-71.47113,43.08338],[-71.47559,43.09451],[-71.47465,43.10249]]},"properties":{"group":"plow","dataStatus":"reference","color":"#d6e8ff","title":"825 Route E South End Mainline","status":"District 8 \u00b7 route E","details":"New Hampshire winter-maintenance plow route. This is the route the state plows, not a live truck.","provider":"NHDOT","sourceUrl":"https://www.nh.gov/dot/","district":8,"plowRoute":"E"}},{"type":"Feature","id":"nh-plow-305","geometry":{"type":"LineString","coordinates":[[-71.47113,43.08338],[-71.46997,43.08659],[-71.47675,43.08542],[-71.47241,43.07804],[-71.47214,43.04705],[-71.48537,43.03496],[-71.48871,43.02465],[-71.48709,43.02018],[-71.47756,43.01137],[-71.47632,43.00105],[-71.47378,43.00458],[-71.48114,43.01706],[-71.47589,43.00762],[-71.47486,42.99921],[-71.47081,42.99576],[-71.47105,42.98492],[-71.47064,42.99577],[-71.47471,42.9993],[-71.47376,43.00452],[-71.47608,43.00518],[-71.47516,42.998],[-71.47081,42.99576],[-71.47227,42.98437],[-71.47022,42.98109],[-71.47635,42.9715],[-71.47467,42.97598],[-71.47155,42.97629],[-71.46967,42.98224],[-71.47111,42.98462],[-71.47108,42.9782],[-71.47712,42.97172],[-71.47494,42.97557],[-71.47163,42.97615],[-71.47037,42.98504],[-71.46767,42.9861],[-71.47133,42.98616],[-71.47064,42.99577],[-71.47481,42.99952],[-71.47466,43.00527],[-71.47651,43.00087],[-71.47375,43.00446],[-71.4774,43.01144],[-71.48701,43.02032],[-71.48853,43.02477],[-71.4852,43.03491],[-71.47168,43.0473],[-71.4727,43.0847],[-71.46997,43.08659],[-71.47113,43.08338]]},"properties":{"group":"plow","dataStatus":"reference","color":"#d6e8ff","title":"825 Route F Manchester Ramps A (from shed)","status":"District 8 \u00b7 route F","details":"New Hampshire winter-maintenance plow route. This is the route the state plows, not a live truck.","provider":"NHDOT","sourceUrl":"https://www.nh.gov/dot/","district":8,"plowRoute":"F"}},{"type":"Feature","id":"nh-plow-306","geometry":{"type":"LineString","coordinates":[[-71.47531,43.00222],[-71.47637,43.00064],[-71.47378,43.00458],[-71.48114,43.01706],[-71.47589,43.00762],[-71.47486,42.99921],[-71.47081,42.99576],[-71.47154,42.98464],[-71.47061,42.99558],[-71.47471,42.9993],[-71.47376,43.00452],[-71.47608,43.00518],[-71.47516,42.998],[-71.47081,42.99576],[-71.47227,42.98437],[-71.47022,42.98109],[-71.47624,42.9715],[-71.47467,42.97598],[-71.47155,42.97629],[-71.46967,42.98224],[-71.47111,42.98462],[-71.47108,42.9782],[-71.47712,42.97172],[-71.47494,42.97557],[-71.47163,42.97615],[-71.47037,42.98504],[-71.46767,42.9861],[-71.47133,42.98616],[-71.4707,42.99598],[-71.47481,42.99952],[-71.47466,43.00527],[-71.47646,43.00121],[-71.47378,43.00458],[-71.48114,43.01706],[-71.47531,43.00222]]},"properties":{"group":"plow","dataStatus":"reference","color":"#d6e8ff","title":"825 Route G Manchester Ramps B  (not including shed)","status":"District 8 \u00b7 route G","details":"New Hampshire winter-maintenance plow route. This is the route the state plows, not a live truck.","provider":"NHDOT","sourceUrl":"https://www.nh.gov/dot/","district":8,"plowRoute":"G"}},{"type":"Feature","id":"nh-plow-307","geometry":{"type":"LineString","coordinates":[[-71.47113,43.08338],[-71.46997,43.08659],[-71.47675,43.08542],[-71.47336,43.08219],[-71.4719,43.07037],[-71.4718,43.05975],[-71.47466,43.05259],[-71.46421,43.0426],[-71.46653,43.04256],[-71.46376,43.04517],[-71.46252,43.04396],[-71.46982,43.04817],[-71.46935,43.0549],[-71.47302,43.05553],[-71.47257,43.04598],[-71.48521,43.03516],[-71.4887,43.02491],[-71.48709,43.02018],[-71.47756,43.01137],[-71.47591,43.00092],[-71.47375,43.00446],[-71.4774,43.01144],[-71.48829,43.02271],[-71.48621,43.03308],[-71.47147,43.0461],[-71.46641,43.04478],[-71.46541,43.04199],[-71.4625,43.04408],[-71.47103,43.05056],[-71.47269,43.08509],[-71.46934,43.08681],[-71.47113,43.08338],[-71.47381,43.08628],[-71.47573,43.09578],[-71.47391,43.10207],[-71.47571,43.10325],[-71.47262,43.06908],[-71.47267,43.08524],[-71.46997,43.08659],[-71.47113,43.08338]]},"properties":{"group":"plow","dataStatus":"reference","color":"#d6e8ff","title":"825 Route H I 93 Ramps","status":"District 8 \u00b7 route H","details":"New Hampshire winter-maintenance plow route. This is the route the state plows, not a live truck.","provider":"NHDOT","sourceUrl":"https://www.nh.gov/dot/","district":8,"plowRoute":"H"}},{"type":"Feature","id":"nh-plow-308","geometry":{"type":"LineString","coordinates":[[-71.47113,43.08338],[-71.47401,43.08717],[-71.47573,43.09607],[-71.47391,43.10207],[-71.47571,43.10325],[-71.47262,43.06908],[-71.47368,43.08603],[-71.47113,43.08338]]},"properties":{"group":"plow","dataStatus":"reference","color":"#d6e8ff","title":"825 Route I Hooksett Toll Plaza","status":"District 8 \u00b7 route I","details":"New Hampshire winter-maintenance plow route. This is the route the state plows, not a live truck.","provider":"NHDOT","sourceUrl":"https://www.nh.gov/dot/","district":8,"plowRoute":"I"}},{"type":"Feature","id":"nh-plow-309","geometry":{"type":"LineString","coordinates":[[-70.86062,42.95317],[-70.85753,42.95217],[-70.85485,42.96873],[-70.85309,42.96885],[-70.85746,42.96962],[-70.8552,42.96896],[-70.86187,42.93644],[-70.87743,42.90574],[-70.88348,42.8802],[-70.87696,42.90582],[-70.86151,42.93618],[-70.85728,42.95352],[-70.86062,42.95317]]},"properties":{"group":"plow","dataStatus":"reference","color":"#d6e8ff","title":"830 Route G South End Mainline","status":"District 8 \u00b7 route F","details":"New Hampshire winter-maintenance plow route. This is the route the state plows, not a live truck.","provider":"NHDOT","sourceUrl":"https://www.nh.gov/dot/","district":8,"plowRoute":"F"}},{"type":"Feature","id":"nh-plow-310","geometry":{"type":"LineString","coordinates":[[-70.86062,42.95317],[-70.85833,42.95365],[-70.86238,42.93505],[-70.87989,42.89686],[-70.88232,42.89493],[-70.88575,42.8966],[-70.88106,42.8931],[-70.88348,42.8802],[-70.87894,42.89437],[-70.88184,42.89559],[-70.88008,42.89544],[-70.88309,42.88012],[-70.88007,42.88375],[-70.87986,42.89275],[-70.87664,42.89419],[-70.8792,42.89575],[-70.877,42.90571],[-70.86151,42.93618],[-70.85728,42.95352],[-70.86062,42.95317]]},"properties":{"group":"plow","dataStatus":"reference","color":"#d6e8ff","title":"830 Route B South End Ramps","status":"District 8 \u00b7 route B","details":"New Hampshire winter-maintenance plow route. This is the route the state plows, not a live truck.","provider":"NHDOT","sourceUrl":"https://www.nh.gov/dot/","district":8,"plowRoute":"B"}},{"type":"Feature","id":"nh-plow-312","geometry":{"type":"LineString","coordinates":[[-70.86062,42.95317],[-70.85753,42.95217],[-70.85485,42.96873],[-70.85309,42.96885],[-70.8574,42.96975],[-70.85523,42.96878],[-70.85833,42.95365],[-70.86062,42.95317]]},"properties":{"group":"plow","dataStatus":"reference","color":"#d6e8ff","title":"830 Route D Hampton Main Toll Plaza","status":"District 8 \u00b7 route D","details":"New Hampshire winter-maintenance plow route. This is the route the state plows, not a live truck.","provider":"NHDOT","sourceUrl":"https://www.nh.gov/dot/","district":8,"plowRoute":"D"}},{"type":"Feature","id":"nh-plow-313","geometry":{"type":"LineString","coordinates":[[-70.86062,42.95317],[-70.85748,42.95228],[-70.84916,42.99244],[-70.81068,43.05177],[-70.77635,43.07858],[-70.77096,43.08967],[-70.7654,43.09339],[-70.77115,43.0897],[-70.77673,43.07849],[-70.81114,43.05182],[-70.84951,42.99264],[-70.85833,42.95365],[-70.86062,42.95317]]},"properties":{"group":"plow","dataStatus":"reference","color":"#d6e8ff","title":"830 Route E Norh End Mainline A (from shed)","status":"District 8 \u00b7 route E","details":"New Hampshire winter-maintenance plow route. This is the route the state plows, not a live truck.","provider":"NHDOT","sourceUrl":"https://www.nh.gov/dot/","district":8,"plowRoute":"E"}},{"type":"Feature","id":"nh-plow-389","geometry":{"type":"LineString","coordinates":[[-72.16791,42.90988],[-72.17228,42.91057],[-72.17945,42.90617],[-72.19628,42.90645],[-72.20585,42.90323],[-72.20649,42.88796],[-72.20224,42.88399],[-72.18648,42.87806],[-72.1789,42.87073],[-72.15271,42.85773],[-72.13131,42.83764],[-72.12002,42.83741],[-72.10968,42.83003],[-72.05857,42.82842],[-72.03732,42.82248],[-72.02343,42.81484],[-72.03732,42.82248],[-72.05857,42.82842],[-72.10968,42.83003],[-72.12002,42.83741],[-72.13131,42.83764],[-72.15271,42.85773],[-72.1789,42.87073],[-72.18648,42.87806],[-72.20224,42.88399],[-72.20649,42.88796],[-72.20585,42.90323],[-72.19628,42.90645],[-72.17945,42.90617],[-72.17228,42.91057],[-72.16791,42.90988]]},"properties":{"group":"plow","dataStatus":"reference","color":"#d6e8ff","title":"412 Route C NH 124","status":"District 4 \u00b7 route C","details":"New Hampshire winter-maintenance plow route. This is the route the state plows, not a live truck.","provider":"NHDOT","sourceUrl":"https://www.nh.gov/dot/","district":4,"plowRoute":"C"}},{"type":"Feature","id":"nh-plow-314","geometry":{"type":"LineString","coordinates":[[-70.86062,42.95317],[-70.85748,42.95228],[-70.84839,42.99389],[-70.81052,43.052],[-70.8006,43.05764],[-70.80667,43.05833],[-70.81098,43.05589],[-70.80974,43.05403],[-70.82673,43.02614],[-70.84891,42.99378],[-70.85833,42.95365],[-70.86062,42.95317]]},"properties":{"group":"plow","dataStatus":"reference","color":"#d6e8ff","title":"830 Route F North End Mainline B (shed to exit 3 and back)","status":"District 8 \u00b7 route F","details":"New Hampshire winter-maintenance plow route. This is the route the state plows, not a live truck.","provider":"NHDOT","sourceUrl":"https://www.nh.gov/dot/","district":8,"plowRoute":"F"}},{"type":"Feature","id":"nh-plow-315","geometry":{"type":"LineString","coordinates":[[-70.8033,43.09018],[-70.7906,43.07983],[-70.78799,43.07145],[-70.79823,43.06213],[-70.81086,43.05601],[-70.80625,43.05836],[-70.80141,43.05646],[-70.80707,43.05506],[-70.7877,43.06975],[-70.78979,43.07995],[-70.80172,43.09097],[-70.8033,43.09018],[-70.80172,43.09097],[-70.78979,43.07995],[-70.7877,43.06975],[-70.80939,43.05351],[-70.8481,42.99437],[-70.85748,42.95228],[-70.85917,42.95238],[-70.86063,42.95333],[-70.85833,42.95365],[-70.84866,42.99421],[-70.80961,43.05391],[-70.78818,43.07087],[-70.79019,43.07932],[-70.8033,43.09018]]},"properties":{"group":"plow","dataStatus":"reference","color":"#d6e8ff","title":"830 Route A Exit 4 A (from shed)","status":"District 8 \u00b7 route A","details":"New Hampshire winter-maintenance plow route. This is the route the state plows, not a live truck.","provider":"NHDOT","sourceUrl":"https://www.nh.gov/dot/","district":8,"plowRoute":"A"}},{"type":"Feature","id":"nh-plow-316","geometry":{"type":"LineString","coordinates":[[-70.79873,43.06149],[-70.78895,43.06799],[-70.78742,43.07159],[-70.78957,43.07966],[-70.80172,43.09097],[-70.8033,43.09018],[-70.78991,43.07894],[-70.78802,43.0713],[-70.79823,43.06213],[-70.81086,43.05601],[-70.80667,43.05833],[-70.80119,43.05723],[-70.80455,43.05496],[-70.80707,43.05537],[-70.79873,43.06149]]},"properties":{"group":"plow","dataStatus":"reference","color":"#d6e8ff","title":"830 Route H Exit 4 B (not including shed)","status":"District 8 \u00b7 route H","details":"New Hampshire winter-maintenance plow route. This is the route the state plows, not a live truck.","provider":"NHDOT","sourceUrl":"https://www.nh.gov/dot/","district":8,"plowRoute":"H"}},{"type":"Feature","id":"nh-plow-317","geometry":{"type":"LineString","coordinates":[[-70.86062,42.95317],[-70.85748,42.95228],[-70.84792,42.99467],[-70.81052,43.052],[-70.80103,43.05659],[-70.80707,43.05506],[-70.7877,43.06975],[-70.78979,43.07995],[-70.80172,43.09097],[-70.8033,43.09018],[-70.7906,43.07983],[-70.78791,43.07196],[-70.79823,43.06213],[-70.81086,43.05601],[-70.80667,43.05833],[-70.80115,43.05715],[-70.80627,43.05452],[-70.80414,43.0579],[-70.7803,43.0725],[-70.78523,43.07146],[-70.77927,43.07566],[-70.77969,43.07381],[-70.7852,43.07138],[-70.77591,43.07904],[-70.77096,43.08967],[-70.7654,43.09339],[-70.77544,43.08433],[-70.77748,43.0779],[-70.78617,43.07242],[-70.78818,43.07774],[-70.78207,43.07227],[-70.81098,43.05589],[-70.8098,43.05393],[-70.84966,42.99233],[-70.85833,42.95365],[-70.86062,42.95317]]},"properties":{"group":"plow","dataStatus":"reference","color":"#d6e8ff","title":"830 Route I North End Ramps A (from Shed)","status":"District 8 \u00b7 route I","details":"New Hampshire winter-maintenance plow route. This is the route the state plows, not a live truck.","provider":"NHDOT","sourceUrl":"https://www.nh.gov/dot/","district":8,"plowRoute":"I"}},{"type":"Feature","id":"nh-plow-318","geometry":{"type":"LineString","coordinates":[[-70.81134,43.05075],[-70.80103,43.05659],[-70.80707,43.05506],[-70.78742,43.07077],[-70.78979,43.07995],[-70.80172,43.09097],[-70.8033,43.09018],[-70.7906,43.07983],[-70.78791,43.07196],[-70.79823,43.06213],[-70.81086,43.05601],[-70.80667,43.05833],[-70.80115,43.05715],[-70.80627,43.05452],[-70.80414,43.0579],[-70.7803,43.0725],[-70.78523,43.07146],[-70.77927,43.07566],[-70.77969,43.07381],[-70.7852,43.07138],[-70.77591,43.07904],[-70.77096,43.08967],[-70.7654,43.09339],[-70.77098,43.08992],[-70.77748,43.0779],[-70.78617,43.07242],[-70.78818,43.07774],[-70.78207,43.07227],[-70.80667,43.05833]]},"properties":{"group":"plow","dataStatus":"reference","color":"#d6e8ff","title":"830 Route J North End Ramps B (not including shed)","status":"District 8 \u00b7 route J","details":"New Hampshire winter-maintenance plow route. This is the route the state plows, not a live truck.","provider":"NHDOT","sourceUrl":"https://www.nh.gov/dot/","district":8,"plowRoute":"J"}},{"type":"Feature","id":"nh-plow-319","geometry":{"type":"LineString","coordinates":[[-70.86062,42.95317],[-70.85748,42.95228],[-70.84901,42.99274],[-70.80983,43.05295],[-70.75766,43.08926],[-70.81021,43.05314],[-70.84951,42.99264],[-70.85833,42.95365],[-70.86062,42.95317]]},"properties":{"group":"plow","dataStatus":"reference","color":"#d6e8ff","title":"830 Route K Route 1 By-Pass A (from shed)","status":"District 8 \u00b7 route K","details":"New Hampshire winter-maintenance plow route. This is the route the state plows, not a live truck.","provider":"NHDOT","sourceUrl":"https://www.nh.gov/dot/","district":8,"plowRoute":"K"}},{"type":"Feature","id":"nh-plow-320","geometry":{"type":"LineString","coordinates":[[-70.7801,43.07282],[-70.75766,43.08926],[-70.7818,43.07287],[-70.75766,43.08926],[-70.7818,43.07287],[-70.7801,43.07282]]},"properties":{"group":"plow","dataStatus":"reference","color":"#d6e8ff","title":"830 Route L Route 1 By-Pass (not including shed)","status":"District 8 \u00b7 route L","details":"New Hampshire winter-maintenance plow route. This is the route the state plows, not a live truck.","provider":"NHDOT","sourceUrl":"https://www.nh.gov/dot/","district":8,"plowRoute":"L"}},{"type":"Feature","id":"nh-plow-321","geometry":{"type":"LineString","coordinates":[[-70.86062,42.95317],[-70.85748,42.95228],[-70.84916,42.99244],[-70.81068,43.05177],[-70.77635,43.07858],[-70.77096,43.08967],[-70.7654,43.09339],[-70.77115,43.0897],[-70.77673,43.07849],[-70.81114,43.05182],[-70.77655,43.07839],[-70.77083,43.08984],[-70.7654,43.09339],[-70.77115,43.0897],[-70.77673,43.07849],[-70.81114,43.05182],[-70.84951,42.99264],[-70.85833,42.95365],[-70.86062,42.95317]]},"properties":{"group":"plow","dataStatus":"reference","color":"#d6e8ff","title":"830 Route M High Level Bridge A (from shed)","status":"District 8 \u00b7 route M","details":"New Hampshire winter-maintenance plow route. This is the route the state plows, not a live truck.","provider":"NHDOT","sourceUrl":"https://www.nh.gov/dot/","district":8,"plowRoute":"M"}},{"type":"Feature","id":"nh-plow-322","geometry":{"type":"LineString","coordinates":[[-70.80414,43.0579],[-70.77635,43.07858],[-70.77096,43.08967],[-70.7654,43.09339],[-70.77115,43.0897],[-70.77673,43.07849],[-70.81173,43.05089],[-70.77635,43.07858],[-70.77096,43.08967],[-70.7654,43.09339],[-70.77115,43.0897],[-70.77697,43.07829],[-70.79334,43.06526],[-70.81086,43.05601],[-70.80667,43.05833],[-70.80113,43.05682],[-70.80692,43.05479],[-70.80414,43.0579]]},"properties":{"group":"plow","dataStatus":"reference","color":"#d6e8ff","title":"830 Route N High Level Bridge (not including shed)","status":"District 8 \u00b7 route N","details":"New Hampshire winter-maintenance plow route. This is the route the state plows, not a live truck.","provider":"NHDOT","sourceUrl":"https://www.nh.gov/dot/","district":8,"plowRoute":"N"}},{"type":"Feature","id":"nh-plow-323","geometry":{"type":"LineString","coordinates":[[-70.88716,43.18523],[-70.8744,43.18044],[-70.8505,43.15953],[-70.84376,43.14971],[-70.84294,43.14019],[-70.83724,43.12705],[-70.82171,43.11468],[-70.80661,43.09392],[-70.7803,43.0725],[-70.80657,43.09429],[-70.8183,43.11424],[-70.82301,43.11526],[-70.80322,43.09009],[-70.78454,43.07562],[-70.79348,43.07352],[-70.784,43.07535],[-70.78008,43.07297],[-70.78341,43.07514],[-70.7813,43.07609],[-70.78416,43.07568],[-70.79361,43.0856],[-70.80639,43.09426],[-70.8101,43.09983],[-70.80481,43.09958],[-70.81053,43.10048],[-70.81452,43.10913],[-70.83679,43.12683],[-70.84274,43.14035],[-70.84367,43.14995],[-70.85031,43.15955],[-70.86297,43.17215],[-70.87467,43.18078],[-70.88609,43.18454],[-70.89338,43.19275],[-70.89788,43.2037],[-70.8922,43.21282],[-70.89307,43.21816],[-70.89086,43.22043],[-70.89639,43.21689],[-70.8922,43.21356],[-70.89805,43.20295],[-70.89418,43.19365],[-70.88707,43.18514]]},"properties":{"group":"plow","dataStatus":"reference","color":"#d6e8ff","title":"835 Route F South Ramps A (from shed)","status":"District 8 \u00b7 route F","details":"New Hampshire winter-maintenance plow route. This is the route the state plows, not a live truck.","provider":"NHDOT","sourceUrl":"https://www.nh.gov/dot/","district":8,"plowRoute":"F"}},{"type":"Feature","id":"nh-plow-324","geometry":{"type":"LineString","coordinates":[[-70.78179,43.07299],[-70.78008,43.07297],[-70.79361,43.0856],[-70.80759,43.09542],[-70.81005,43.09993],[-70.80481,43.09958],[-70.81053,43.10048],[-70.8183,43.11424],[-70.82301,43.11526],[-70.80322,43.09009],[-70.78454,43.07562],[-70.79198,43.07385],[-70.784,43.07535],[-70.78179,43.07299]]},"properties":{"group":"plow","dataStatus":"reference","color":"#d6e8ff","title":"835 Route B South Ramps B (not including shed)","status":"District 8 \u00b7 route B","details":"New Hampshire winter-maintenance plow route. This is the route the state plows, not a live truck.","provider":"NHDOT","sourceUrl":"https://www.nh.gov/dot/","district":8,"plowRoute":"B"}},{"type":"Feature","id":"nh-plow-325","geometry":{"type":"LineString","coordinates":[[-70.89014,43.22024],[-70.89639,43.21689],[-70.89215,43.21443],[-70.89807,43.20371],[-70.89418,43.19365],[-70.88647,43.18463],[-70.8744,43.18044],[-70.85022,43.15922],[-70.84376,43.14971],[-70.83952,43.13124],[-70.84373,43.12836],[-70.83084,43.12283],[-70.82074,43.11155],[-70.82308,43.11518],[-70.8183,43.11424],[-70.83647,43.12647],[-70.83932,43.1322],[-70.83745,43.13324],[-70.8408,43.12866],[-70.82404,43.11688],[-70.82036,43.11306],[-70.82224,43.11202],[-70.82221,43.1158],[-70.8183,43.11424],[-70.83695,43.12702],[-70.84274,43.14035],[-70.84357,43.14971],[-70.85009,43.15932],[-70.87422,43.18051],[-70.88634,43.18473],[-70.89405,43.19374],[-70.89786,43.20393],[-70.89204,43.21322],[-70.89287,43.21882],[-70.89014,43.22024]]},"properties":{"group":"plow","dataStatus":"reference","color":"#d6e8ff","title":"835 Route C Exit 6 A (exits 6, 5 & 4 from shed)","status":"District 8 \u00b7 route C","details":"New Hampshire winter-maintenance plow route. This is the route the state plows, not a live truck.","provider":"NHDOT","sourceUrl":"https://www.nh.gov/dot/","district":8,"plowRoute":"C"}},{"type":"Feature","id":"nh-plow-326","geometry":{"type":"LineString","coordinates":[[-70.84239,43.13871],[-70.83951,43.13106],[-70.84373,43.12836],[-70.83084,43.12283],[-70.82074,43.11155],[-70.82308,43.11518],[-70.8183,43.11424],[-70.83647,43.12647],[-70.83932,43.1322],[-70.83745,43.13324],[-70.84073,43.12857],[-70.82404,43.11688],[-70.82036,43.11306],[-70.82224,43.11202],[-70.82221,43.1158],[-70.8183,43.11424],[-70.83647,43.12647],[-70.84213,43.13876]]},"properties":{"group":"plow","dataStatus":"reference","color":"#d6e8ff","title":"835 Route D Exit 6 B (exits 6, 5 & 4 not including shed)","status":"District 8 \u00b7 route D","details":"New Hampshire winter-maintenance plow route. This is the route the state plows, not a live truck.","provider":"NHDOT","sourceUrl":"https://www.nh.gov/dot/","district":8,"plowRoute":"D"}},{"type":"Feature","id":"nh-plow-328","geometry":{"type":"LineString","coordinates":[[-70.84239,43.13871],[-70.84072,43.13536],[-70.84239,43.13871]]},"properties":{"group":"plow","dataStatus":"reference","color":"#d6e8ff","title":"835 Route A Dover Toll (not including shed)","status":"District 8 \u00b7 route A","details":"New Hampshire winter-maintenance plow route. This is the route the state plows, not a live truck.","provider":"NHDOT","sourceUrl":"https://www.nh.gov/dot/","district":8,"plowRoute":"A"}},{"type":"Feature","id":"nh-plow-329","geometry":{"type":"LineString","coordinates":[[-70.89014,43.22024],[-70.89475,43.2193],[-70.89942,43.22251],[-70.89211,43.2152],[-70.89807,43.20371],[-70.89376,43.193],[-70.88622,43.18445],[-70.87486,43.18072],[-70.86316,43.1721],[-70.85022,43.15922],[-70.84376,43.14971],[-70.84294,43.14019],[-70.83736,43.12719],[-70.82198,43.11497],[-70.80737,43.09466],[-70.8033,43.09018],[-70.80172,43.09097],[-70.80833,43.09638],[-70.81452,43.10913],[-70.83695,43.12702],[-70.84274,43.14035],[-70.84357,43.14971],[-70.85009,43.15932],[-70.86297,43.17215],[-70.87467,43.18078],[-70.88609,43.18454],[-70.89355,43.19299],[-70.89788,43.2037],[-70.89192,43.21519],[-70.89942,43.22251],[-70.89343,43.21742],[-70.89511,43.21626],[-70.89014,43.22024]]},"properties":{"group":"plow","dataStatus":"reference","color":"#d6e8ff","title":"835 Route G South Mainline","status":"District 8 \u00b7 route G","details":"New Hampshire winter-maintenance plow route. This is the route the state plows, not a live truck.","provider":"NHDOT","sourceUrl":"https://www.nh.gov/dot/","district":8,"plowRoute":"G"}},{"type":"Feature","id":"nh-plow-330","geometry":{"type":"LineString","coordinates":[[-70.89014,43.22024],[-70.88813,43.22236],[-70.88986,43.22374],[-70.88868,43.22203],[-70.90183,43.21416],[-70.89636,43.21667],[-70.89227,43.21487],[-70.89802,43.20273],[-70.88678,43.18396],[-70.8851,43.18534],[-70.89338,43.19275],[-70.89783,43.20272],[-70.89204,43.21322],[-70.89302,43.21866],[-70.89942,43.22251],[-70.89343,43.21742],[-70.8948,43.21622],[-70.88977,43.22125],[-70.88673,43.22128],[-70.89409,43.21918],[-70.89929,43.2226],[-70.89343,43.21742],[-70.89511,43.21626],[-70.89086,43.22043],[-70.90183,43.21416],[-70.89636,43.21667],[-70.89227,43.21487],[-70.89802,43.20273],[-70.88668,43.18399],[-70.8851,43.18534],[-70.89338,43.19275],[-70.89786,43.20294],[-70.89204,43.21322],[-70.89198,43.21965]]},"properties":{"group":"plow","dataStatus":"reference","color":"#d6e8ff","title":"835 Route H Exit 9","status":"District 8 \u00b7 route H","details":"New Hampshire winter-maintenance plow route. This is the route the state plows, not a live truck.","provider":"NHDOT","sourceUrl":"https://www.nh.gov/dot/","district":8,"plowRoute":"H"}},{"type":"Feature","id":"nh-plow-360","geometry":{"type":"LineString","coordinates":[[-72.1253,43.02198],[-72.11929,43.03058],[-72.1043,43.03697],[-72.08162,43.03686],[-72.07341,43.04049],[-72.07738,43.04826],[-72.07757,43.0569],[-72.09079,43.06483],[-72.09379,43.07784],[-72.11471,43.079],[-72.127,43.08505],[-72.13257,43.0843],[-72.14825,43.09886],[-72.17992,43.10192],[-72.1919,43.09974],[-72.19482,43.10242],[-72.1919,43.09974],[-72.17992,43.10192],[-72.14825,43.09886],[-72.13257,43.0843],[-72.127,43.08505],[-72.11471,43.079],[-72.09379,43.07784],[-72.09079,43.06483],[-72.07757,43.0569],[-72.07738,43.04826],[-72.07341,43.04049],[-72.08162,43.03686],[-72.1043,43.03697],[-72.11929,43.03058],[-72.1253,43.02198]]},"properties":{"group":"plow","dataStatus":"reference","color":"#d6e8ff","title":"407 Route D NH 123, NH 9 to NH 10","status":"District 4 \u00b7 route D","details":"New Hampshire winter-maintenance plow route. This is the route the state plows, not a live truck.","provider":"NHDOT","sourceUrl":"https://www.nh.gov/dot/","district":4,"plowRoute":"D"}},{"type":"Feature","id":"nh-plow-361","geometry":{"type":"LineString","coordinates":[[-72.1253,43.02198],[-72.13945,43.01451],[-72.14328,43.00843],[-72.14918,43.00542],[-72.1686,43.00714],[-72.19418,42.9932],[-72.19806,42.99661],[-72.20124,42.99576],[-72.20628,42.99859],[-72.20783,43.0038],[-72.21798,43.0128],[-72.22913,43.01028],[-72.24193,43.01496],[-72.24394,43.00656],[-72.25819,42.98921],[-72.24394,43.00656],[-72.24193,43.01496],[-72.22913,43.01028],[-72.21751,43.01257],[-72.20783,43.0038],[-72.20628,42.99859],[-72.20124,42.99576],[-72.19806,42.99661],[-72.19418,42.9932],[-72.19623,42.99177],[-72.1686,43.00714],[-72.1489,43.00554],[-72.14328,43.00843],[-72.13945,43.01451],[-72.1253,43.02198]]},"properties":{"group":"plow","dataStatus":"reference","color":"#d6e8ff","title":"407 Route E Sullivan Center Road","status":"District 4 \u00b7 route E","details":"New Hampshire winter-maintenance plow route. This is the route the state plows, not a live truck.","provider":"NHDOT","sourceUrl":"https://www.nh.gov/dot/","district":4,"plowRoute":"E"}},{"type":"Feature","id":"nh-plow-362","geometry":{"type":"LineString","coordinates":[[-72.1253,43.02198],[-72.13945,43.01451],[-72.14328,43.00843],[-72.1489,43.00554],[-72.16024,43.00675],[-72.15828,43.00587],[-72.16044,43.00149],[-72.1437,42.99895],[-72.13329,42.99155],[-72.12598,42.98969],[-72.12512,42.98533],[-72.12827,42.97732],[-72.12376,42.96964],[-72.12398,42.96175],[-72.10775,42.95497],[-72.09895,42.94541],[-72.10506,42.94985],[-72.1076,42.95488],[-72.1218,42.95971],[-72.12472,42.96302],[-72.13121,42.95021],[-72.14549,42.93996],[-72.1452,42.9354],[-72.14549,42.93996],[-72.13121,42.95021],[-72.12357,42.9647],[-72.12396,42.97021],[-72.12827,42.97732],[-72.12519,42.98803],[-72.14328,42.99879],[-72.16044,43.00149],[-72.15878,43.00492],[-72.16071,43.00583],[-72.14853,43.00571],[-72.14313,43.00857],[-72.13945,43.01451],[-72.1253,43.02198]]},"properties":{"group":"plow","dataStatus":"reference","color":"#d6e8ff","title":"407 Route F Nelson Road, Breed Road, Granite Lake Road","status":"District 4 \u00b7 route F","details":"New Hampshire winter-maintenance plow route. This is the route the state plows, not a live truck.","provider":"NHDOT","sourceUrl":"https://www.nh.gov/dot/","district":4,"plowRoute":"F"}},{"type":"Feature","id":"nh-plow-363","geometry":{"type":"LineString","coordinates":[[-71.97444,42.98325],[-71.97191,42.98629],[-71.96067,42.98812],[-71.95363,42.98496],[-71.93697,42.9868],[-71.92611,42.99627],[-71.93265,43.00767],[-71.93833,43.03107],[-71.93543,43.04084],[-71.91571,43.06497],[-71.92066,43.0947],[-71.91545,43.10402],[-71.91917,43.11194],[-71.91545,43.10402],[-71.92066,43.0947],[-71.91571,43.06497],[-71.93543,43.04084],[-71.93833,43.03107],[-71.93265,43.00767],[-71.92611,42.99627],[-71.93773,42.98698],[-71.95363,42.98496],[-71.96067,42.98812],[-71.97191,42.98629],[-71.97444,42.98325]]},"properties":{"group":"plow","dataStatus":"reference","color":"#d6e8ff","title":"408 Route A US 202 & NH 137","status":"District 4 \u00b7 route A","details":"New Hampshire winter-maintenance plow route. This is the route the state plows, not a live truck.","provider":"NHDOT","sourceUrl":"https://www.nh.gov/dot/","district":4,"plowRoute":"A"}},{"type":"Feature","id":"nh-plow-364","geometry":{"type":"LineString","coordinates":[[-71.97444,42.98325],[-71.97979,42.97345],[-71.97795,42.96858],[-71.956,42.96111],[-71.94245,42.97571],[-71.93697,42.9868],[-71.94266,42.97544],[-71.96102,42.95554],[-71.96508,42.94614],[-71.96102,42.9334],[-71.94852,42.92758],[-71.94097,42.92045],[-71.9367,42.90383],[-71.93894,42.89916],[-71.9367,42.90383],[-71.94097,42.92045],[-71.94852,42.92758],[-71.96102,42.9334],[-71.96506,42.94636],[-71.956,42.96111],[-71.94899,42.96248],[-71.93482,42.95674],[-71.94881,42.96245],[-71.95649,42.96118],[-71.97746,42.9681],[-71.97979,42.97345],[-71.97444,42.98325]]},"properties":{"group":"plow","dataStatus":"reference","color":"#d6e8ff","title":"408 Route B US 202 & Forest Road","status":"District 4 \u00b7 route B","details":"New Hampshire winter-maintenance plow route. This is the route the state plows, not a live truck.","provider":"NHDOT","sourceUrl":"https://www.nh.gov/dot/","district":4,"plowRoute":"B"}},{"type":"Feature","id":"nh-plow-365","geometry":{"type":"LineString","coordinates":[[-71.97444,42.98325],[-71.97751,42.98075],[-71.97977,42.97332],[-71.97795,42.96858],[-71.97288,42.96516],[-71.97175,42.95469],[-71.96426,42.94033],[-71.97175,42.95469],[-71.97282,42.96503],[-71.97795,42.96858],[-71.97937,42.97299],[-71.98704,42.97327],[-71.99283,42.97814],[-72.01892,42.98904],[-72.04632,43.00652],[-72.05192,43.01357],[-72.06771,43.0228],[-72.07038,43.03784],[-72.07311,43.04152],[-72.07038,43.03784],[-72.06749,43.02255],[-72.01979,42.98949],[-71.98511,42.97285],[-71.98002,42.97317],[-71.97444,42.98325]]},"properties":{"group":"plow","dataStatus":"reference","color":"#d6e8ff","title":"408 Route C NH 123 & NH 137","status":"District 4 \u00b7 route C","details":"New Hampshire winter-maintenance plow route. This is the route the state plows, not a live truck.","provider":"NHDOT","sourceUrl":"https://www.nh.gov/dot/","district":4,"plowRoute":"C"}},{"type":"Feature","id":"nh-plow-366","geometry":{"type":"LineString","coordinates":[[-71.97444,42.98325],[-71.97191,42.98629],[-71.96067,42.98812],[-71.95363,42.98496],[-71.93697,42.9868],[-71.92597,42.99711],[-71.93257,43.00743],[-71.94011,43.03475],[-71.96368,43.04148],[-71.96527,43.05094],[-71.96967,43.0527],[-71.9729,43.06042],[-71.97505,43.0723],[-71.98146,43.07522],[-71.97505,43.0723],[-71.9729,43.06042],[-71.96967,43.0527],[-71.96527,43.05094],[-71.96368,43.04148],[-71.94011,43.03475],[-71.93257,43.00743],[-71.92597,42.99711],[-71.93773,42.98698],[-71.95363,42.98496],[-71.96067,42.98812],[-71.97191,42.98629],[-71.97444,42.98325]]},"properties":{"group":"plow","dataStatus":"reference","color":"#d6e8ff","title":"408 Route D NH 31, US 202 - NH 9","status":"District 4 \u00b7 route D","details":"New Hampshire winter-maintenance plow route. This is the route the state plows, not a live truck.","provider":"NHDOT","sourceUrl":"https://www.nh.gov/dot/","district":4,"plowRoute":"D"}},{"type":"Feature","id":"nh-plow-367","geometry":{"type":"LineString","coordinates":[[-71.97444,42.98325],[-71.97979,42.97345],[-71.97795,42.96858],[-71.956,42.96111],[-71.97539,42.96703],[-71.98111,42.97314],[-71.99521,42.96149],[-72.00531,42.95759],[-72.00886,42.94786],[-72.01723,42.93847],[-72.01531,42.92855],[-72.00209,42.91961],[-72.00025,42.91379],[-72.0023,42.9103],[-72.01888,42.908],[-72.02289,42.90548],[-72.02393,42.90135],[-72.02274,42.90563],[-72.01508,42.90981],[-72.00197,42.91055],[-72.00021,42.91394],[-72.00139,42.91875],[-72.01477,42.92783],[-72.01715,42.93938],[-72.00886,42.94786],[-72.00595,42.95697],[-71.99521,42.96149],[-71.98345,42.9729],[-71.98002,42.97317],[-71.97444,42.98325]]},"properties":{"group":"plow","dataStatus":"reference","color":"#d6e8ff","title":"408 Route E NH 137 (101 - 123) & Forest Road (123 - US 202)","status":"District 4 \u00b7 route E","details":"New Hampshire winter-maintenance plow route. This is the route the state plows, not a live truck.","provider":"NHDOT","sourceUrl":"https://www.nh.gov/dot/","district":4,"plowRoute":"E"}},{"type":"Feature","id":"nh-plow-368","geometry":{"type":"LineString","coordinates":[[-71.89013,42.96508],[-71.88776,42.96632],[-71.87734,42.95847],[-71.87244,42.95041],[-71.86511,42.94843],[-71.8602,42.94408],[-71.8527,42.93503],[-71.85021,42.92471],[-71.82729,42.91016],[-71.81176,42.89196],[-71.7908,42.88443],[-71.81176,42.89196],[-71.82729,42.91016],[-71.85021,42.92471],[-71.8527,42.93503],[-71.8602,42.94408],[-71.86511,42.94843],[-71.87244,42.95041],[-71.87734,42.95847],[-71.88776,42.96632],[-71.89013,42.96508]]},"properties":{"group":"plow","dataStatus":"reference","color":"#d6e8ff","title":"409 Route A NH 31, Center Road - NH 136 (East)","status":"District 4 \u00b7 route A","details":"New Hampshire winter-maintenance plow route. This is the route the state plows, not a live truck.","provider":"NHDOT","sourceUrl":"https://www.nh.gov/dot/","district":4,"plowRoute":"A"}},{"type":"Feature","id":"nh-plow-369","geometry":{"type":"LineString","coordinates":[[-71.89013,42.96508],[-71.88811,42.96655],[-71.8776,42.9587],[-71.87244,42.95041],[-71.87742,42.95855],[-71.89847,42.97363],[-71.90102,42.97963],[-71.89876,42.98686],[-71.90667,42.9918],[-71.90693,42.99853],[-71.92646,43.0012],[-71.92692,42.99877],[-71.92419,43.00237],[-71.90686,42.99846],[-71.90667,42.9918],[-71.89876,42.98686],[-71.90047,42.97654],[-71.88811,42.96655],[-71.89013,42.96508]]},"properties":{"group":"plow","dataStatus":"reference","color":"#d6e8ff","title":"409 Route B NH 31, NH 136 (west) - US 202","status":"District 4 \u00b7 route B","details":"New Hampshire winter-maintenance plow route. This is the route the state plows, not a live truck.","provider":"NHDOT","sourceUrl":"https://www.nh.gov/dot/","district":4,"plowRoute":"B"}},{"type":"Feature","id":"nh-plow-370","geometry":{"type":"LineString","coordinates":[[-71.89013,42.96508],[-71.88811,42.96655],[-71.88076,42.96029],[-71.88435,42.96904],[-71.87987,42.97256],[-71.87961,42.97837],[-71.87616,42.97871],[-71.8749,42.97505],[-71.87616,42.97871],[-71.87913,42.9788],[-71.87987,42.97256],[-71.88435,42.96904],[-71.88076,42.96029],[-71.88811,42.96655],[-71.89013,42.96508]]},"properties":{"group":"plow","dataStatus":"reference","color":"#d6e8ff","title":"409 Route C Crotched Mtn Road","status":"District 4 \u00b7 route C","details":"New Hampshire winter-maintenance plow route. This is the route the state plows, not a live truck.","provider":"NHDOT","sourceUrl":"https://www.nh.gov/dot/","district":4,"plowRoute":"C"}},{"type":"Feature","id":"nh-plow-371","geometry":{"type":"LineString","coordinates":[[-71.89013,42.96508],[-71.88811,42.96655],[-71.8776,42.9587],[-71.87244,42.95041],[-71.88988,42.94939],[-71.90058,42.93916],[-71.91007,42.93658],[-71.91801,42.92801],[-71.9168,42.9168],[-71.93373,42.90088],[-71.93885,42.8991],[-71.93373,42.90088],[-71.9168,42.9168],[-71.91801,42.92801],[-71.91007,42.93658],[-71.90058,42.93916],[-71.88988,42.94939],[-71.87244,42.95041],[-71.8776,42.9587],[-71.88811,42.96655],[-71.89013,42.96508]]},"properties":{"group":"plow","dataStatus":"reference","color":"#d6e8ff","title":"409 Route D NH 136, US 202 - NH 31 (North)","status":"District 4 \u00b7 route D","details":"New Hampshire winter-maintenance plow route. This is the route the state plows, not a live truck.","provider":"NHDOT","sourceUrl":"https://www.nh.gov/dot/","district":4,"plowRoute":"D"}},{"type":"Feature","id":"nh-plow-372","geometry":{"type":"LineString","coordinates":[[-71.89013,42.96508],[-71.88811,42.96655],[-71.8776,42.9587],[-71.87244,42.95041],[-71.89006,42.94931],[-71.89641,42.94219],[-71.90967,42.93685],[-71.91768,42.92853],[-71.9168,42.9168],[-71.93373,42.90088],[-71.94263,42.89713],[-71.94609,42.88825],[-71.94881,42.86766],[-71.94609,42.88825],[-71.94263,42.89713],[-71.93373,42.90088],[-71.9168,42.9168],[-71.91768,42.92853],[-71.90967,42.93685],[-71.89641,42.94219],[-71.89006,42.94931],[-71.87244,42.95041],[-71.8776,42.9587],[-71.88811,42.96655],[-71.89013,42.96508]]},"properties":{"group":"plow","dataStatus":"reference","color":"#d6e8ff","title":"409 Route E NH 136, US 202 - NH 31 (North)","status":"District 4 \u00b7 route E","details":"New Hampshire winter-maintenance plow route. This is the route the state plows, not a live truck.","provider":"NHDOT","sourceUrl":"https://www.nh.gov/dot/","district":4,"plowRoute":"E"}},{"type":"Feature","id":"nh-plow-374","geometry":{"type":"LineString","coordinates":[[-71.89013,42.96508],[-71.88811,42.96655],[-71.90047,42.97654],[-71.89876,42.98686],[-71.90667,42.9918],[-71.90686,42.99846],[-71.92387,43.00198],[-71.90222,43.00824],[-71.89143,43.01748],[-71.88459,43.01699],[-71.87808,43.01279],[-71.8675,43.01166],[-71.86149,43.01381],[-71.84861,43.0086],[-71.8376,43.00883],[-71.81209,42.98726],[-71.8376,43.00883],[-71.84861,43.0086],[-71.86149,43.01381],[-71.8675,43.01166],[-71.87808,43.01279],[-71.88459,43.01699],[-71.89143,43.01748],[-71.90222,43.00824],[-71.92387,43.00198],[-71.90686,42.99846],[-71.90667,42.9918],[-71.89876,42.98686],[-71.90047,42.97654],[-71.88811,42.96655],[-71.89013,42.96508]]},"properties":{"group":"plow","dataStatus":"reference","color":"#d6e8ff","title":"409 Route G NH 47, NH 31 - NH 136","status":"District 4 \u00b7 route G","details":"New Hampshire winter-maintenance plow route. This is the route the state plows, not a live truck.","provider":"NHDOT","sourceUrl":"https://www.nh.gov/dot/","district":4,"plowRoute":"G"}},{"type":"Feature","id":"nh-plow-375","geometry":{"type":"LineString","coordinates":[[-71.89013,42.96508],[-71.88811,42.96655],[-71.8776,42.9587],[-71.87244,42.95041],[-71.88552,42.94998],[-71.90354,42.95423],[-71.92836,42.95398],[-71.93482,42.95674],[-71.92836,42.95398],[-71.90354,42.95423],[-71.88552,42.94998],[-71.87244,42.95041],[-71.8776,42.9587],[-71.88811,42.96655],[-71.89013,42.96508]]},"properties":{"group":"plow","dataStatus":"reference","color":"#d6e8ff","title":"409 Route H Forest Road, NH 136 - Coverd Bridge (Hancock T/L)","status":"District 4 \u00b7 route H","details":"New Hampshire winter-maintenance plow route. This is the route the state plows, not a live truck.","provider":"NHDOT","sourceUrl":"https://www.nh.gov/dot/","district":4,"plowRoute":"H"}},{"type":"Feature","id":"nh-plow-376","geometry":{"type":"LineString","coordinates":[[-72.46005,42.7937],[-72.44263,42.78949],[-72.43518,42.78308],[-72.42356,42.77762],[-72.39838,42.77196],[-72.38961,42.76691],[-72.39674,42.74476],[-72.4067,42.73178],[-72.41628,42.73352],[-72.43795,42.72619],[-72.41628,42.73352],[-72.40689,42.73163],[-72.39674,42.74476],[-72.38961,42.76691],[-72.39838,42.77196],[-72.42356,42.77762],[-72.44286,42.78957],[-72.46175,42.79423],[-72.46565,42.79285],[-72.44677,42.79],[-72.46565,42.79285],[-72.46005,42.7937]]},"properties":{"group":"plow","dataStatus":"reference","color":"#d6e8ff","title":"410 Route A NH 10, MA S/L - NH119; NH 119,  NH10","status":"District 4 \u00b7 route A","details":"New Hampshire winter-maintenance plow route. This is the route the state plows, not a live truck.","provider":"NHDOT","sourceUrl":"https://www.nh.gov/dot/","district":4,"plowRoute":"A"}},{"type":"Feature","id":"nh-plow-377","geometry":{"type":"LineString","coordinates":[[-72.46005,42.7937],[-72.46453,42.79366],[-72.47127,42.78763],[-72.50298,42.78548],[-72.50531,42.7921],[-72.5152,42.79426],[-72.52923,42.80511],[-72.54345,42.82989],[-72.54569,42.84788],[-72.55606,42.85157],[-72.54569,42.84788],[-72.54345,42.82989],[-72.52923,42.80511],[-72.5152,42.79426],[-72.50531,42.7921],[-72.50298,42.78548],[-72.47127,42.78763],[-72.46453,42.79366],[-72.46005,42.7937]]},"properties":{"group":"plow","dataStatus":"reference","color":"#d6e8ff","title":"410 Route B NH119, VT S/L - PS 410","status":"District 4 \u00b7 route B","details":"New Hampshire winter-maintenance plow route. This is the route the state plows, not a live truck.","provider":"NHDOT","sourceUrl":"https://www.nh.gov/dot/","district":4,"plowRoute":"B"}},{"type":"Feature","id":"nh-plow-378","geometry":{"type":"LineString","coordinates":[[-72.46005,42.7937],[-72.46453,42.79366],[-72.47086,42.78774],[-72.48052,42.78702],[-72.48538,42.84443],[-72.47998,42.85324],[-72.47433,42.88044],[-72.47999,42.85322],[-72.48537,42.84464],[-72.47987,42.78973],[-72.48052,42.78702],[-72.48615,42.7864],[-72.48641,42.78324],[-72.48091,42.7702],[-72.47036,42.75761],[-72.46898,42.75101],[-72.45944,42.74303],[-72.45077,42.72671],[-72.45944,42.74303],[-72.46898,42.75101],[-72.46993,42.75681],[-72.48091,42.7702],[-72.48648,42.7837],[-72.48615,42.7864],[-72.47106,42.78768],[-72.46453,42.79366],[-72.46005,42.7937]]},"properties":{"group":"plow","dataStatus":"reference","color":"#d6e8ff","title":"410 Route C NH 63, MA S/L - Stage Rd (Chesterfield)","status":"District 4 \u00b7 route C","details":"New Hampshire winter-maintenance plow route. This is the route the state plows, not a live truck.","provider":"NHDOT","sourceUrl":"https://www.nh.gov/dot/","district":4,"plowRoute":"C"}},{"type":"Feature","id":"nh-plow-379","geometry":{"type":"LineString","coordinates":[[-72.46005,42.7937],[-72.44263,42.78949],[-72.43518,42.78308],[-72.42356,42.77762],[-72.39811,42.77188],[-72.38121,42.76266],[-72.37075,42.75272],[-72.36988,42.744],[-72.36258,42.7239],[-72.3709,42.75298],[-72.37762,42.76005],[-72.38961,42.76691],[-72.38335,42.77338],[-72.35224,42.7589],[-72.33211,42.76208],[-72.3119,42.75573],[-72.30376,42.75834],[-72.27177,42.75458],[-72.30376,42.75834],[-72.3119,42.75573],[-72.33211,42.76208],[-72.35241,42.75893],[-72.38335,42.77338],[-72.38961,42.76691],[-72.39838,42.77196],[-72.42356,42.77762],[-72.43518,42.78308],[-72.44263,42.78949],[-72.46005,42.7937]]},"properties":{"group":"plow","dataStatus":"reference","color":"#d6e8ff","title":"410 Route D NH 78; NH 119, NH 10 - NH 32","status":"District 4 \u00b7 route D","details":"New Hampshire winter-maintenance plow route. This is the route the state plows, not a live truck.","provider":"NHDOT","sourceUrl":"https://www.nh.gov/dot/","district":4,"plowRoute":"D"}},{"type":"Feature","id":"nh-plow-380","geometry":{"type":"LineString","coordinates":[[-72.46005,42.7937],[-72.44263,42.78949],[-72.43518,42.78308],[-72.42356,42.77762],[-72.39838,42.77196],[-72.38961,42.76691],[-72.38213,42.77525],[-72.38128,42.78756],[-72.36492,42.80418],[-72.36154,42.82538],[-72.35729,42.83532],[-72.35279,42.8409],[-72.34785,42.84111],[-72.34122,42.84578],[-72.34785,42.84111],[-72.35279,42.8409],[-72.35729,42.83532],[-72.36154,42.82538],[-72.36492,42.80418],[-72.38128,42.78756],[-72.38213,42.77525],[-72.38961,42.76691],[-72.39838,42.77196],[-72.42356,42.77762],[-72.43518,42.78308],[-72.44263,42.78949],[-72.46005,42.7937]]},"properties":{"group":"plow","dataStatus":"reference","color":"#d6e8ff","title":"410 Route E NH 10, NH 119 (west) - Westport Village Roa","status":"District 4 \u00b7 route E","details":"New Hampshire winter-maintenance plow route. This is the route the state plows, not a live truck.","provider":"NHDOT","sourceUrl":"https://www.nh.gov/dot/","district":4,"plowRoute":"E"}},{"type":"Feature","id":"nh-plow-381","geometry":{"type":"LineString","coordinates":[[-72.30607,42.90278],[-72.30542,42.90083],[-72.29759,42.90568],[-72.29485,42.91095],[-72.29741,42.90581],[-72.33051,42.87885],[-72.33815,42.85342],[-72.35279,42.8409],[-72.33815,42.85342],[-72.32909,42.8801],[-72.32236,42.88393],[-72.30752,42.88423],[-72.29738,42.88983],[-72.28771,42.88705],[-72.29738,42.88983],[-72.30799,42.8841],[-72.32263,42.88387],[-72.30825,42.89674],[-72.30607,42.90278]]},"properties":{"group":"plow","dataStatus":"reference","color":"#d6e8ff","title":"410 Route F NH 10, Westport Village Rd - Keene T/L","status":"District 4 \u00b7 route \u009c","details":"New Hampshire winter-maintenance plow route. This is the route the state plows, not a live truck.","provider":"NHDOT","sourceUrl":"https://www.nh.gov/dot/","district":4,"plowRoute":"\u009c"}},{"type":"Feature","id":"nh-plow-382","geometry":{"type":"LineString","coordinates":[[-72.20843,42.86853],[-72.19212,42.84912],[-72.18344,42.8255],[-72.15572,42.80469],[-72.1471,42.78704],[-72.13189,42.77637],[-72.10436,42.75124],[-72.09753,42.74205],[-72.09517,42.73305],[-72.08538,42.72393],[-72.08136,42.71634],[-72.08538,42.72393],[-72.09517,42.73305],[-72.09753,42.74205],[-72.10436,42.75124],[-72.13189,42.77637],[-72.1471,42.78704],[-72.15572,42.80469],[-72.183,42.82543],[-72.19212,42.84912],[-72.20843,42.86853]]},"properties":{"group":"plow","dataStatus":"reference","color":"#d6e8ff","title":"411 Route A NH 12, MA S/L - Monadnock Street","status":"District 4 \u00b7 route A","details":"New Hampshire winter-maintenance plow route. This is the route the state plows, not a live truck.","provider":"NHDOT","sourceUrl":"https://www.nh.gov/dot/","district":4,"plowRoute":"A"}},{"type":"Feature","id":"nh-plow-383","geometry":{"type":"LineString","coordinates":[[-72.20843,42.86853],[-72.19212,42.84912],[-72.183,42.82543],[-72.19212,42.84912],[-72.2087,42.86774],[-72.21672,42.87294],[-72.2303,42.87451],[-72.25866,42.90753],[-72.26505,42.91211],[-72.25866,42.90753],[-72.2303,42.87451],[-72.21709,42.87305],[-72.20843,42.86853]]},"properties":{"group":"plow","dataStatus":"reference","color":"#d6e8ff","title":"411 Route B NH 12, Monadnock Street - Keene T/L","status":"District 4 \u00b7 route B","details":"New Hampshire winter-maintenance plow route. This is the route the state plows, not a live truck.","provider":"NHDOT","sourceUrl":"https://www.nh.gov/dot/","district":4,"plowRoute":"B"}},{"type":"Feature","id":"nh-plow-384","geometry":{"type":"LineString","coordinates":[[-72.20843,42.86853],[-72.21709,42.87305],[-72.2303,42.87451],[-72.25866,42.90753],[-72.26505,42.91211],[-72.26344,42.89741],[-72.27051,42.87895],[-72.28142,42.87392],[-72.28605,42.87795],[-72.28432,42.8853],[-72.28771,42.88705],[-72.28434,42.88539],[-72.28605,42.87795],[-72.28142,42.87392],[-72.28265,42.86898],[-72.27734,42.85269],[-72.27961,42.84103],[-72.27282,42.83586],[-72.27338,42.82487],[-72.26804,42.81496],[-72.26908,42.79735],[-72.27242,42.79298],[-72.27358,42.78575],[-72.26805,42.76794],[-72.27177,42.75458],[-72.26805,42.76794],[-72.27358,42.78575],[-72.27242,42.79298],[-72.26908,42.79735],[-72.26804,42.81496],[-72.27338,42.82487],[-72.27282,42.83586],[-72.27961,42.84103],[-72.27734,42.85269],[-72.28268,42.86929],[-72.2812,42.87446],[-72.27051,42.87895],[-72.26711,42.8869],[-72.26342,42.89753],[-72.26505,42.91211],[-72.25866,42.90753],[-72.2303,42.87451],[-72.21709,42.87305],[-72.20843,42.86853]]},"properties":{"group":"plow","dataStatus":"reference","color":"#d6e8ff","title":"411 Route C NH 32, Swayers Crossing, Eaton Rd","status":"District 4 \u00b7 route C","details":"New Hampshire winter-maintenance plow route. This is the route the state plows, not a live truck.","provider":"NHDOT","sourceUrl":"https://www.nh.gov/dot/","district":4,"plowRoute":"C"}},{"type":"Feature","id":"nh-plow-385","geometry":{"type":"LineString","coordinates":[[-72.20843,42.86853],[-72.19212,42.84912],[-72.18546,42.8303],[-72.18698,42.83846],[-72.18359,42.84201],[-72.18335,42.84808],[-72.18618,42.86289],[-72.19123,42.8711],[-72.18856,42.87899],[-72.19123,42.8711],[-72.18618,42.86289],[-72.18335,42.84808],[-72.18359,42.84201],[-72.18696,42.83855],[-72.19016,42.84522],[-72.18674,42.84071],[-72.18546,42.8303],[-72.19212,42.84912],[-72.20843,42.86853]]},"properties":{"group":"plow","dataStatus":"reference","color":"#d6e8ff","title":"411 Route D Troy/Marlborough Road & Old Keene Road","status":"District 4 \u00b7 route D","details":"New Hampshire winter-maintenance plow route. This is the route the state plows, not a live truck.","provider":"NHDOT","sourceUrl":"https://www.nh.gov/dot/","district":4,"plowRoute":"D"}},{"type":"Feature","id":"nh-plow-386","geometry":{"type":"LineString","coordinates":[[-72.20843,42.86853],[-72.19212,42.84912],[-72.18655,42.83173],[-72.18151,42.8241],[-72.17494,42.82916],[-72.15976,42.8322],[-72.1375,42.8414],[-72.15976,42.8322],[-72.17494,42.82916],[-72.18151,42.8241],[-72.18655,42.83173],[-72.19212,42.84912],[-72.20843,42.86853]]},"properties":{"group":"plow","dataStatus":"reference","color":"#d6e8ff","title":"411 Route E Monadnock  Road","status":"District 4 \u00b7 route E","details":"New Hampshire winter-maintenance plow route. This is the route the state plows, not a live truck.","provider":"NHDOT","sourceUrl":"https://www.nh.gov/dot/","district":4,"plowRoute":"E"}},{"type":"Feature","id":"nh-plow-387","geometry":{"type":"LineString","coordinates":[[-72.16791,42.90988],[-72.17228,42.91057],[-72.17945,42.90617],[-72.19628,42.90645],[-72.20676,42.9032],[-72.22964,42.91635],[-72.24078,42.91382],[-72.25998,42.91504],[-72.27387,42.92123],[-72.31234,42.92476],[-72.27387,42.92123],[-72.25998,42.91504],[-72.24078,42.91382],[-72.22964,42.91635],[-72.20663,42.90319],[-72.19628,42.90645],[-72.1789,42.90629],[-72.15115,42.91768],[-72.1789,42.90629],[-72.19628,42.90645],[-72.20663,42.90319],[-72.22964,42.91635],[-72.24078,42.91382],[-72.25998,42.91504],[-72.27621,42.92222],[-72.28993,42.92401],[-72.29185,42.92076],[-72.28904,42.92239],[-72.28993,42.92401],[-72.30006,42.92314],[-72.29161,42.92245],[-72.29185,42.92076],[-72.27588,42.92154],[-72.25998,42.91504],[-72.24078,42.91382],[-72.22964,42.91635],[-72.20676,42.9032],[-72.19628,42.90645],[-72.17945,42.90617],[-72.17228,42.91057],[-72.16791,42.90988]]},"properties":{"group":"plow","dataStatus":"reference","color":"#d6e8ff","title":"412 Route A NH9 & NH 101, Base Hill Rd - Chesham Road","status":"District 4 \u00b7 route A","details":"New Hampshire winter-maintenance plow route. This is the route the state plows, not a live truck.","provider":"NHDOT","sourceUrl":"https://www.nh.gov/dot/","district":4,"plowRoute":"A"}},{"type":"Feature","id":"nh-plow-388","geometry":{"type":"LineString","coordinates":[[-72.16791,42.90988],[-72.15946,42.91586],[-72.15115,42.91768],[-72.14024,42.91422],[-72.11601,42.91158],[-72.10693,42.91572],[-72.09626,42.91628],[-72.06812,42.9048],[-72.04206,42.90713],[-72.03195,42.90502],[-72.01637,42.89906],[-71.98596,42.87673],[-71.96134,42.87517],[-71.98596,42.87673],[-72.01637,42.89906],[-72.03195,42.90502],[-72.04206,42.90713],[-72.06812,42.9048],[-72.09626,42.91628],[-72.10693,42.91572],[-72.11601,42.91158],[-72.14024,42.91422],[-72.15115,42.91768],[-72.15946,42.91586],[-72.16791,42.90988]]},"properties":{"group":"plow","dataStatus":"reference","color":"#d6e8ff","title":"412 Route B NH 101, Chesham Road - Peterborough Roundabout","status":"District 4 \u00b7 route B","details":"New Hampshire winter-maintenance plow route. This is the route the state plows, not a live truck.","provider":"NHDOT","sourceUrl":"https://www.nh.gov/dot/","district":4,"plowRoute":"B"}},{"type":"Feature","id":"nh-plow-331","geometry":{"type":"LineString","coordinates":[[-70.89014,43.22024],[-70.89639,43.21689],[-70.8922,43.21356],[-70.89808,43.20349],[-70.88829,43.18633],[-70.89114,43.18387],[-70.87795,43.1802],[-70.87456,43.18149],[-70.88368,43.18355],[-70.88616,43.18872],[-70.88958,43.18845],[-70.89465,43.19486],[-70.89788,43.2037],[-70.89204,43.21322],[-70.89321,43.21887],[-70.89639,43.21689],[-70.89226,43.21314],[-70.89805,43.20295],[-70.88781,43.18427],[-70.88505,43.18517],[-70.88872,43.18492],[-70.8744,43.18044],[-70.8505,43.15953],[-70.84376,43.14971],[-70.84072,43.13536],[-70.84357,43.14971],[-70.85009,43.15932],[-70.87541,43.18265],[-70.8748,43.18119],[-70.88562,43.18423],[-70.89405,43.19374],[-70.89788,43.2037],[-70.89212,43.21301],[-70.89258,43.21676]]},"properties":{"group":"plow","dataStatus":"reference","color":"#d6e8ff","title":"835 Route I Exits 7 & 8","status":"District 8 \u00b7 route I","details":"New Hampshire winter-maintenance plow route. This is the route the state plows, not a live truck.","provider":"NHDOT","sourceUrl":"https://www.nh.gov/dot/","district":8,"plowRoute":"I"}},{"type":"Feature","id":"nh-plow-332","geometry":{"type":"LineString","coordinates":[[-70.89014,43.22024],[-70.89592,43.21989],[-70.96703,43.2769],[-70.98295,43.28412],[-70.99323,43.29658],[-70.99483,43.29526],[-70.98286,43.28388],[-70.96713,43.27678],[-70.89333,43.21685],[-70.89556,43.21738]]},"properties":{"group":"plow","dataStatus":"reference","color":"#d6e8ff","title":"835 Route J North Mainline A (exit 9 to 13)","status":"District 8 \u00b7 route J","details":"New Hampshire winter-maintenance plow route. This is the route the state plows, not a live truck.","provider":"NHDOT","sourceUrl":"https://www.nh.gov/dot/","district":8,"plowRoute":"J"}},{"type":"Feature","id":"nh-plow-333","geometry":{"type":"LineString","coordinates":[[-70.89014,43.22024],[-70.89592,43.21989],[-70.96703,43.2769],[-70.98295,43.28412],[-70.99209,43.29336],[-70.99652,43.31595],[-70.98445,43.32949],[-70.98391,43.33798],[-70.98484,43.32911],[-70.99501,43.31951],[-70.99674,43.31489],[-70.99337,43.29491],[-70.98291,43.2837],[-70.97801,43.28259],[-70.98337,43.28461],[-70.9926,43.29401],[-70.99548,43.31244],[-70.99883,43.3143],[-70.99358,43.29531],[-70.98326,43.28399],[-70.97801,43.28259],[-70.98337,43.28461],[-70.99352,43.29559],[-70.99657,43.31531],[-70.99398,43.3171],[-70.99807,43.32146],[-70.99447,43.30184],[-70.99529,43.29486],[-70.99232,43.29731],[-70.99557,43.31131],[-70.99434,43.31829],[-70.98397,43.32715],[-70.98759,43.32909],[-70.98561,43.32838],[-70.98733,43.32619],[-70.99703,43.32047],[-70.99477,43.31821],[-70.98718,43.32575],[-70.97306,43.33069],[-70.95814,43.32471],[-70.9699,43.33002],[-70.97352,43.33466],[-70.97563,43.33017],[-70.98135,43.32743],[-70.99298,43.32762],[-70.98161,43.32734],[-70.97378,43.33064],[-70.97269,43.33346],[-70.97384,43.3346],[-70.97378,43.33064],[-70.98161,43.32734],[-70.98759,43.32909],[-70.98598,43.32759],[-70.99616,43.31775],[-70.99315,43.29454],[-70.97963,43.28093],[-70.96824,43.27761],[-70.91893,43.23866],[-70.89332,43.21719],[-70.89589,43.21661],[-70.89014,43.22024]]},"properties":{"group":"plow","dataStatus":"reference","color":"#d6e8ff","title":"835 Route K North Mainline B Exit 12-16 (from shed)","status":"District 8 \u00b7 route K","details":"New Hampshire winter-maintenance plow route. This is the route the state plows, not a live truck.","provider":"NHDOT","sourceUrl":"https://www.nh.gov/dot/","district":8,"plowRoute":"K"}},{"type":"Feature","id":"nh-plow-334","geometry":{"type":"LineString","coordinates":[[-70.96117,43.27202],[-70.96984,43.27878],[-70.98295,43.28412],[-70.99384,43.29638],[-70.99639,43.31659],[-70.98445,43.32949],[-70.98391,43.33798],[-70.98484,43.32911],[-70.99501,43.31951],[-70.99674,43.31489],[-70.99337,43.29491],[-70.98291,43.2837],[-70.97801,43.28259],[-70.98337,43.28461],[-70.99309,43.29475],[-70.99445,43.31223],[-70.99734,43.31347],[-70.99358,43.29531],[-70.98326,43.28399],[-70.97801,43.28259],[-70.98337,43.28461],[-70.99352,43.29559],[-70.99657,43.31531],[-70.99398,43.3171],[-70.99619,43.31962],[-70.99529,43.29486],[-70.99232,43.29731],[-70.99557,43.31131],[-70.99434,43.31829],[-70.98397,43.32715],[-70.98759,43.32909],[-70.98561,43.32838],[-70.98733,43.32619],[-70.99703,43.32047],[-70.99477,43.31821],[-70.98718,43.32575],[-70.97306,43.33069],[-70.95814,43.32471],[-70.9699,43.33002],[-70.97366,43.33465],[-70.97563,43.33017],[-70.98135,43.32743],[-70.99298,43.32762],[-70.98161,43.32734],[-70.97378,43.33064],[-70.97269,43.33346],[-70.97384,43.3346],[-70.97378,43.33064],[-70.98161,43.32734],[-70.98759,43.32909],[-70.98598,43.32753],[-70.99675,43.31544],[-70.99237,43.29345],[-70.97963,43.28093],[-70.97038,43.27888],[-70.96117,43.27202]]},"properties":{"group":"plow","dataStatus":"reference","color":"#d6e8ff","title":"835 Route L North Mainline B Exit 12-16 (not including shed)","status":"District 8 \u00b7 route L","details":"New Hampshire winter-maintenance plow route. This is the route the state plows, not a live truck.","provider":"NHDOT","sourceUrl":"https://www.nh.gov/dot/","district":8,"plowRoute":"L"}},{"type":"Feature","id":"nh-plow-335","geometry":{"type":"LineString","coordinates":[[-70.89014,43.22024],[-70.89664,43.22041],[-70.97501,43.28132],[-70.9744,43.29029],[-70.98144,43.28352],[-70.99323,43.29658],[-70.99603,43.29424],[-70.99438,43.29488],[-70.97953,43.28157],[-70.98007,43.27977],[-70.9788,43.28157],[-70.97112,43.27922],[-70.96117,43.27202],[-70.96703,43.2769],[-70.97891,43.28432],[-70.97947,43.28164],[-70.9677,43.27722],[-70.89332,43.21719],[-70.89589,43.21661],[-70.89014,43.22024]]},"properties":{"group":"plow","dataStatus":"reference","color":"#d6e8ff","title":"835 Route M Rochester Toll A (exits 11 & 12 from shed)","status":"District 8 \u00b7 route M","details":"New Hampshire winter-maintenance plow route. This is the route the state plows, not a live truck.","provider":"NHDOT","sourceUrl":"https://www.nh.gov/dot/","district":8,"plowRoute":"M"}},{"type":"Feature","id":"nh-plow-336","geometry":{"type":"LineString","coordinates":[[-70.96117,43.27202],[-70.97501,43.28132],[-70.9744,43.29029],[-70.98144,43.28352],[-70.99323,43.29658],[-70.99483,43.29526],[-70.97953,43.28157],[-70.98007,43.27977],[-70.9788,43.28157],[-70.97112,43.27922],[-70.96117,43.27202],[-70.97809,43.28343],[-70.97947,43.28164],[-70.97006,43.27872],[-70.96117,43.27202]]},"properties":{"group":"plow","dataStatus":"reference","color":"#d6e8ff","title":"835 Route N Rochester Toll B (exits 11 & 12 not including shed)","status":"District 8 \u00b7 route N","details":"New Hampshire winter-maintenance plow route. This is the route the state plows, not a live truck.","provider":"NHDOT","sourceUrl":"https://www.nh.gov/dot/","district":8,"plowRoute":"N"}},{"type":"Feature","id":"nh-plow-337","geometry":{"type":"LineString","coordinates":[[-72.42499,43.24616],[-72.42302,43.22931],[-72.42466,43.2215],[-72.43116,43.20587],[-72.43863,43.1957],[-72.43116,43.20587],[-72.42466,43.2215],[-72.42302,43.22931],[-72.42553,43.24139],[-72.42172,43.25608],[-72.40958,43.26258],[-72.39941,43.27251],[-72.39575,43.28876],[-72.38102,43.30526],[-72.37796,43.32172],[-72.36497,43.34258],[-72.37796,43.32172],[-72.38097,43.30534],[-72.38905,43.29671],[-72.3864,43.30569],[-72.38791,43.31085],[-72.3864,43.30569],[-72.38905,43.29671],[-72.39583,43.2886],[-72.39868,43.27394],[-72.40237,43.26944],[-72.40067,43.27023],[-72.40237,43.26944],[-72.39951,43.27237],[-72.40977,43.26244],[-72.42056,43.25761],[-72.42346,43.24982],[-72.42816,43.25194],[-72.42754,43.26099],[-72.42681,43.25924],[-72.41299,43.26081],[-72.42681,43.25924],[-72.42824,43.25223],[-72.42346,43.24982],[-72.42499,43.24616]]},"properties":{"group":"plow","dataStatus":"reference","color":"#d6e8ff","title":"401 Route A NH 12, NH 12A (south) - Grissom Ln, Claremont","status":"District 4 \u00b7 route A","details":"New Hampshire winter-maintenance plow route. This is the route the state plows, not a live truck.","provider":"NHDOT","sourceUrl":"https://www.nh.gov/dot/","district":4,"plowRoute":"A"}},{"type":"Feature","id":"nh-plow-338","geometry":{"type":"LineString","coordinates":[[-72.416,43.12251],[-72.42719,43.11857],[-72.4226,43.11038],[-72.43222,43.09505],[-72.43181,43.08402],[-72.43222,43.09505],[-72.42265,43.11117],[-72.42711,43.1165],[-72.42661,43.12195],[-72.43152,43.12218],[-72.42811,43.11519],[-72.42835,43.10253],[-72.42801,43.11445],[-72.43033,43.12062],[-72.43628,43.12627],[-72.43945,43.13676],[-72.44765,43.13901],[-72.45169,43.1474],[-72.44624,43.15785],[-72.439,43.18433],[-72.43931,43.19015],[-72.439,43.18433],[-72.44624,43.15785],[-72.45169,43.14751],[-72.44768,43.13921],[-72.44881,43.13755],[-72.44517,43.13972],[-72.4397,43.13702],[-72.43603,43.12586],[-72.43152,43.12218],[-72.4267,43.12204],[-72.42719,43.11857],[-72.416,43.12251]]},"properties":{"group":"plow","dataStatus":"reference","color":"#d6e8ff","title":"401 Route B NH 12, Westminster Bridge - NH 12A (south)","status":"District 4 \u00b7 route B","details":"New Hampshire winter-maintenance plow route. This is the route the state plows, not a live truck.","provider":"NHDOT","sourceUrl":"https://www.nh.gov/dot/","district":4,"plowRoute":"B"}},{"type":"Feature","id":"nh-plow-339","geometry":{"type":"LineString","coordinates":[[-72.416,43.12251],[-72.42719,43.11857],[-72.4267,43.12204],[-72.43152,43.12218],[-72.42661,43.12195],[-72.42711,43.1165],[-72.42258,43.11085],[-72.42835,43.10253],[-72.42258,43.11054],[-72.42719,43.11857],[-72.42099,43.11924],[-72.40911,43.12772],[-72.39245,43.12859],[-72.39011,43.13253],[-72.38542,43.13353],[-72.36811,43.14759],[-72.35033,43.15143],[-72.36118,43.14902],[-72.3778,43.16199],[-72.38823,43.16556],[-72.40031,43.16368],[-72.41569,43.17335],[-72.43389,43.17729],[-72.43821,43.18089],[-72.43994,43.19003],[-72.43821,43.18089],[-72.43389,43.17729],[-72.41569,43.17335],[-72.40031,43.16368],[-72.38823,43.16556],[-72.3778,43.16199],[-72.3667,43.15153],[-72.36181,43.14991],[-72.37604,43.14223],[-72.38542,43.13353],[-72.39011,43.13253],[-72.39233,43.12865],[-72.40911,43.12772],[-72.416,43.12251]]},"properties":{"group":"plow","dataStatus":"reference","color":"#d6e8ff","title":"401 Route C NH 12A (south), NH 123, Upper Walpole Road","status":"District 4 \u00b7 route C","details":"New Hampshire winter-maintenance plow route. This is the route the state plows, not a live truck.","provider":"NHDOT","sourceUrl":"https://www.nh.gov/dot/","district":4,"plowRoute":"C"}},{"type":"Feature","id":"nh-plow-340","geometry":{"type":"LineString","coordinates":[[-72.416,43.12251],[-72.40911,43.12772],[-72.39245,43.12859],[-72.39011,43.13253],[-72.38542,43.13353],[-72.36811,43.14759],[-72.35166,43.15065],[-72.3479,43.15391],[-72.3479,43.16492],[-72.34567,43.16862],[-72.34046,43.16925],[-72.33764,43.17213],[-72.31417,43.17356],[-72.30645,43.17626],[-72.29745,43.18949],[-72.29334,43.18845],[-72.28663,43.19166],[-72.27797,43.18966],[-72.27402,43.1854],[-72.26771,43.18664],[-72.26149,43.18463],[-72.256,43.18603],[-72.25088,43.1909],[-72.24107,43.19257],[-72.23346,43.18658],[-72.23239,43.17705],[-72.21885,43.17015],[-72.23239,43.17705],[-72.23346,43.18658],[-72.24107,43.19257],[-72.25088,43.1909],[-72.256,43.18603],[-72.26149,43.18463],[-72.26771,43.18664],[-72.27402,43.1854],[-72.27797,43.18966],[-72.28525,43.19102],[-72.28716,43.19923],[-72.29401,43.2085],[-72.29257,43.21459],[-72.2942,43.21811],[-72.29257,43.21459],[-72.29401,43.2085],[-72.28716,43.19923],[-72.28525,43.19102],[-72.29837,43.18909],[-72.30645,43.17626],[-72.31417,43.17356],[-72.33764,43.17213],[-72.34053,43.16922],[-72.34537,43.16881],[-72.34787,43.16509],[-72.34788,43.15397],[-72.35033,43.15143],[-72.36811,43.14759],[-72.38542,43.13353],[-72.39011,43.13253],[-72.39245,43.12859],[-72.40911,43.12772],[-72.416,43.12251]]},"properties":{"group":"plow","dataStatus":"reference","color":"#d6e8ff","title":"401 Route D NH 123A, NH123 - NH 10","status":"District 4 \u00b7 route D","details":"New Hampshire winter-maintenance plow route. This is the route the state plows, not a live truck.","provider":"NHDOT","sourceUrl":"https://www.nh.gov/dot/","district":4,"plowRoute":"D"}},{"type":"Feature","id":"nh-plow-341","geometry":{"type":"LineString","coordinates":[[-72.20042,43.12361],[-72.19493,43.11494],[-72.1938,43.10649],[-72.20093,43.0869],[-72.22,43.06967],[-72.22395,43.06237],[-72.23657,43.05948],[-72.24517,43.05101],[-72.26343,43.04792],[-72.26373,43.04573],[-72.26343,43.04792],[-72.25996,43.04764],[-72.27017,43.03852],[-72.26836,43.02335],[-72.26308,43.01632],[-72.25891,42.99976],[-72.25692,42.97969],[-72.26166,42.96931],[-72.26073,42.96722],[-72.26166,42.96931],[-72.25692,42.97969],[-72.25891,42.99976],[-72.26308,43.01632],[-72.26836,43.02335],[-72.27017,43.03852],[-72.26219,43.04675],[-72.24498,43.05108],[-72.23657,43.05948],[-72.22395,43.06237],[-72.22,43.06967],[-72.20093,43.0869],[-72.1938,43.10649],[-72.19493,43.11494],[-72.20042,43.12361]]},"properties":{"group":"plow","dataStatus":"reference","color":"#d6e8ff","title":"403 Route A NH 10, NH 9 to Patrol Shed","status":"District 4 \u00b7 route A","details":"New Hampshire winter-maintenance plow route. This is the route the state plows, not a live truck.","provider":"NHDOT","sourceUrl":"https://www.nh.gov/dot/","district":4,"plowRoute":"A"}},{"type":"Feature","id":"nh-plow-342","geometry":{"type":"LineString","coordinates":[[-72.20042,43.12361],[-72.198,43.13003],[-72.20573,43.14169],[-72.20334,43.15183],[-72.22031,43.16191],[-72.21885,43.17015],[-72.22031,43.16191],[-72.20334,43.15183],[-72.20573,43.14169],[-72.198,43.13003],[-72.20042,43.12361]]},"properties":{"group":"plow","dataStatus":"reference","color":"#d6e8ff","title":"403 Route B NH 10, Patrol Shed to NH 123A","status":"District 4 \u00b7 route B","details":"New Hampshire winter-maintenance plow route. This is the route the state plows, not a live truck.","provider":"NHDOT","sourceUrl":"https://www.nh.gov/dot/","district":4,"plowRoute":"B"}},{"type":"Feature","id":"nh-plow-343","geometry":{"type":"LineString","coordinates":[[-72.20042,43.12361],[-72.19605,43.11569],[-72.2056,43.12068],[-72.21005,43.12613],[-72.21874,43.12791],[-72.26509,43.12335],[-72.29188,43.12636],[-72.29811,43.12314],[-72.30268,43.13036],[-72.31546,43.13045],[-72.32105,43.13414],[-72.32771,43.14639],[-72.34088,43.15139],[-72.35033,43.15143],[-72.34088,43.15139],[-72.32771,43.14639],[-72.32105,43.13414],[-72.31546,43.13045],[-72.30268,43.13036],[-72.29811,43.12314],[-72.29188,43.12636],[-72.26509,43.12335],[-72.21874,43.12791],[-72.21005,43.12613],[-72.19738,43.11605],[-72.20042,43.12361]]},"properties":{"group":"plow","dataStatus":"reference","color":"#d6e8ff","title":"403 Route C NH 123, NH 10 to NH123A","status":"District 4 \u00b7 route C","details":"New Hampshire winter-maintenance plow route. This is the route the state plows, not a live truck.","provider":"NHDOT","sourceUrl":"https://www.nh.gov/dot/","district":4,"plowRoute":"C"}},{"type":"Feature","id":"nh-plow-344","geometry":{"type":"LineString","coordinates":[[-72.33335,43.07039],[-72.33327,43.04289],[-72.32576,43.02819],[-72.32639,43.01889],[-72.32139,43.01791],[-72.32005,43.0079],[-72.32163,43.01976],[-72.32407,43.01705],[-72.32256,42.9976],[-72.31321,42.98932],[-72.31402,42.98036],[-72.30898,42.96307],[-72.31402,42.98036],[-72.31308,42.98896],[-72.32227,42.99661],[-72.32313,43.01561],[-72.32657,43.01948],[-72.32576,43.02819],[-72.33327,43.04289],[-72.33335,43.07039]]},"properties":{"group":"plow","dataStatus":"reference","color":"#d6e8ff","title":"403 Route D NH 12A, Court Street to 403A","status":"District 4 \u00b7 route D","details":"New Hampshire winter-maintenance plow route. This is the route the state plows, not a live truck.","provider":"NHDOT","sourceUrl":"https://www.nh.gov/dot/","district":4,"plowRoute":"D"}},{"type":"Feature","id":"nh-plow-345","geometry":{"type":"LineString","coordinates":[[-72.33335,43.07039],[-72.32932,43.0772],[-72.33003,43.08818],[-72.32448,43.09149],[-72.32093,43.10772],[-72.32694,43.12142],[-72.32892,43.14242],[-72.33584,43.14879],[-72.32892,43.14242],[-72.32694,43.12142],[-72.32093,43.10772],[-72.32448,43.09149],[-72.33003,43.08818],[-72.32932,43.0772],[-72.33335,43.07039]]},"properties":{"group":"plow","dataStatus":"reference","color":"#d6e8ff","title":"403 Route E NH 12A, 403A to NH 123","status":"District 4 \u00b7 route E","details":"New Hampshire winter-maintenance plow route. This is the route the state plows, not a live truck.","provider":"NHDOT","sourceUrl":"https://www.nh.gov/dot/","district":4,"plowRoute":"E"}},{"type":"Feature","id":"nh-plow-346","geometry":{"type":"LineString","coordinates":[[-72.33361,43.07002],[-72.33273,43.05293],[-72.32882,43.05274],[-72.32645,43.04968],[-72.31534,43.04957],[-72.30841,43.0524],[-72.30292,43.04897],[-72.29507,43.05257],[-72.29283,43.04677],[-72.28785,43.04271],[-72.27004,43.03883],[-72.28785,43.04271],[-72.29283,43.04677],[-72.29507,43.05257],[-72.30292,43.04897],[-72.30841,43.0524],[-72.31534,43.04957],[-72.32645,43.04968],[-72.32882,43.05274],[-72.33273,43.05293],[-72.33361,43.07002]]},"properties":{"group":"plow","dataStatus":"reference","color":"#d6e8ff","title":"403 Route F Gilsum/Surry Road","status":"District 4 \u00b7 route F","details":"New Hampshire winter-maintenance plow route. This is the route the state plows, not a live truck.","provider":"NHDOT","sourceUrl":"https://www.nh.gov/dot/","district":4,"plowRoute":"F"}},{"type":"Feature","id":"nh-plow-347","geometry":{"type":"LineString","coordinates":[[-71.95407,43.11369],[-71.94901,43.11521],[-71.95618,43.121],[-71.99227,43.13811],[-72.00863,43.14348],[-72.02797,43.14234],[-72.04137,43.1475],[-72.06515,43.14893],[-72.08077,43.16023],[-72.09871,43.17741],[-72.10642,43.19667],[-72.11761,43.20705],[-72.11915,43.22573],[-72.12429,43.23421],[-72.11856,43.24328],[-72.11917,43.24955],[-72.11856,43.24328],[-72.12429,43.23421],[-72.11915,43.22573],[-72.11761,43.20705],[-72.10642,43.19667],[-72.09871,43.17741],[-72.08077,43.16023],[-72.06515,43.14893],[-72.04137,43.1475],[-72.02797,43.14234],[-72.00863,43.14348],[-71.99227,43.13811],[-71.95618,43.121],[-71.94901,43.11521],[-71.95407,43.11369]]},"properties":{"group":"plow","dataStatus":"reference","color":"#d6e8ff","title":"404 Route A NH 31, NH 9 to Goshen T/L","status":"District 4 \u00b7 route A","details":"New Hampshire winter-maintenance plow route. This is the route the state plows, not a live truck.","provider":"NHDOT","sourceUrl":"https://www.nh.gov/dot/","district":4,"plowRoute":"A"}},{"type":"Feature","id":"nh-plow-348","geometry":{"type":"LineString","coordinates":[[-71.95407,43.11369],[-71.93617,43.11788],[-71.91806,43.11568],[-71.91917,43.11194],[-71.90344,43.10972],[-71.89506,43.11466],[-71.88617,43.10325],[-71.86639,43.08893],[-71.85954,43.09027],[-71.85668,43.08225],[-71.85125,43.0767],[-71.83,43.06412],[-71.81889,43.0617],[-71.80835,43.06351],[-71.8007,43.05914],[-71.7928,43.06275],[-71.8007,43.05914],[-71.80835,43.06351],[-71.81889,43.0617],[-71.83,43.06412],[-71.85125,43.0767],[-71.85668,43.08225],[-71.85954,43.09027],[-71.86639,43.08893],[-71.88617,43.10325],[-71.89506,43.11466],[-71.90344,43.10972],[-71.91917,43.11194],[-71.91662,43.11788],[-71.91949,43.11637],[-71.9403,43.11781],[-71.95407,43.11369]]},"properties":{"group":"plow","dataStatus":"reference","color":"#d6e8ff","title":"404 Route B NH 149, US 202 to Weare T/L","status":"District 4 \u00b7 route B","details":"New Hampshire winter-maintenance plow route. This is the route the state plows, not a live truck.","provider":"NHDOT","sourceUrl":"https://www.nh.gov/dot/","district":4,"plowRoute":"B"}},{"type":"Feature","id":"nh-plow-349","geometry":{"type":"LineString","coordinates":[[-71.95407,43.11369],[-71.95701,43.10356],[-71.9674,43.09072],[-71.96489,43.08462],[-71.96689,43.08187],[-71.97691,43.08142],[-71.98221,43.07502],[-71.99687,43.07788],[-72.01376,43.07538],[-72.02794,43.06717],[-72.03937,43.07428],[-72.04537,43.07444],[-72.05619,43.06657],[-72.06586,43.06706],[-72.07757,43.0569],[-72.06586,43.06706],[-72.05619,43.06657],[-72.04537,43.07444],[-72.03937,43.07428],[-72.02794,43.06717],[-72.01376,43.07538],[-71.99687,43.07788],[-71.98221,43.07502],[-71.97691,43.08142],[-71.96689,43.08187],[-71.96489,43.08462],[-71.9674,43.09072],[-71.95701,43.10356],[-71.95407,43.11369]]},"properties":{"group":"plow","dataStatus":"reference","color":"#d6e8ff","title":"404 Route C NH 9, NH 123 to Patrol Shed","status":"District 4 \u00b7 route C","details":"New Hampshire winter-maintenance plow route. This is the route the state plows, not a live truck.","provider":"NHDOT","sourceUrl":"https://www.nh.gov/dot/","district":4,"plowRoute":"C"}},{"type":"Feature","id":"nh-plow-350","geometry":{"type":"LineString","coordinates":[[-71.95407,43.11369],[-71.93921,43.1179],[-71.91652,43.11649],[-71.90177,43.12128],[-71.88427,43.13097],[-71.8769,43.14395],[-71.86969,43.14869],[-71.8769,43.14395],[-71.88427,43.13097],[-71.90134,43.12146],[-71.91602,43.11657],[-71.93985,43.11785],[-71.95258,43.11351],[-71.93921,43.1179],[-71.91599,43.1158],[-71.90134,43.12146],[-71.88398,43.13114],[-71.87987,43.13474],[-71.8769,43.14395],[-71.8697,43.14871],[-71.8769,43.14395],[-71.88486,43.13051],[-71.90224,43.12108],[-71.91716,43.11783],[-71.91917,43.11194],[-71.91617,43.11777],[-71.9403,43.11781],[-71.95407,43.11369]]},"properties":{"group":"plow","dataStatus":"reference","color":"#d6e8ff","title":"404 Route D NH 9/US 202, PS to Henniker T/L & interchanges","status":"District 4 \u00b7 route D","details":"New Hampshire winter-maintenance plow route. This is the route the state plows, not a live truck.","provider":"NHDOT","sourceUrl":"https://www.nh.gov/dot/","district":4,"plowRoute":"D"}},{"type":"Feature","id":"nh-plow-351","geometry":{"type":"LineString","coordinates":[[-72.30607,42.90278],[-72.30542,42.90083],[-72.2972,42.90603],[-72.29047,42.92264],[-72.30962,42.92392],[-72.3296,42.93056],[-72.35243,42.92522],[-72.36904,42.92711],[-72.3772,42.92195],[-72.41154,42.91089],[-72.42517,42.9003],[-72.4475,42.89836],[-72.47142,42.90308],[-72.48416,42.89997],[-72.49782,42.89206],[-72.51905,42.89808],[-72.53108,42.88858],[-72.55225,42.88418],[-72.53108,42.88858],[-72.51905,42.89808],[-72.49782,42.89206],[-72.48416,42.89997],[-72.47142,42.90308],[-72.4475,42.89836],[-72.42517,42.9003],[-72.41154,42.91089],[-72.3772,42.92195],[-72.36904,42.92711],[-72.35243,42.92522],[-72.3296,42.93056],[-72.3099,42.92398],[-72.2914,42.92233],[-72.2971,42.90616],[-72.30542,42.90083],[-72.30607,42.90278]]},"properties":{"group":"plow","dataStatus":"reference","color":"#d6e8ff","title":"405 Route A NH 9, Glebe Road to Base Hill Road","status":"District 4 \u00b7 route A","details":"New Hampshire winter-maintenance plow route. This is the route the state plows, not a live truck.","provider":"NHDOT","sourceUrl":"https://www.nh.gov/dot/","district":4,"plowRoute":"A"}},{"type":"Feature","id":"nh-plow-352","geometry":{"type":"LineString","coordinates":[[-72.30607,42.90278],[-72.30542,42.90083],[-72.2972,42.90603],[-72.29053,42.9227],[-72.30962,42.92392],[-72.32883,42.93061],[-72.35243,42.92522],[-72.3684,42.92728],[-72.3864,42.91906],[-72.3684,42.92728],[-72.35243,42.92522],[-72.32883,42.93061],[-72.3099,42.92398],[-72.29148,42.92239],[-72.2971,42.90616],[-72.30542,42.90083],[-72.30607,42.90278]]},"properties":{"group":"plow","dataStatus":"reference","color":"#d6e8ff","title":"405 Route B NH 9, Glebe Road to Base Hill Road","status":"District 4 \u00b7 route B","details":"New Hampshire winter-maintenance plow route. This is the route the state plows, not a live truck.","provider":"NHDOT","sourceUrl":"https://www.nh.gov/dot/","district":4,"plowRoute":"B"}},{"type":"Feature","id":"nh-plow-354","geometry":{"type":"LineString","coordinates":[[-72.30607,42.90278],[-72.30542,42.90083],[-72.2972,42.90603],[-72.29042,42.92246],[-72.29995,42.92355],[-72.29542,42.94369],[-72.3228,42.95576],[-72.29749,42.94592],[-72.29662,42.94206],[-72.29052,42.94623],[-72.29474,42.94498],[-72.30078,42.9474],[-72.29527,42.94291],[-72.30006,42.92314],[-72.29127,42.92189],[-72.2972,42.90603],[-72.30542,42.90083],[-72.30607,42.90278]]},"properties":{"group":"plow","dataStatus":"reference","color":"#d6e8ff","title":"405 Route D NH 9/10/12, NH 101 to Maple Ave","status":"District 4 \u00b7 route D","details":"New Hampshire winter-maintenance plow route. This is the route the state plows, not a live truck.","provider":"NHDOT","sourceUrl":"https://www.nh.gov/dot/","district":4,"plowRoute":"D"}},{"type":"Feature","id":"nh-plow-355","geometry":{"type":"LineString","coordinates":[[-72.43308,42.99626],[-72.43258,42.99256],[-72.4277,42.98978],[-72.4195,42.99136],[-72.41184,42.99641],[-72.36149,42.98054],[-72.34896,42.98019],[-72.33621,42.96062],[-72.31666,42.95458],[-72.33621,42.96062],[-72.34918,42.98027],[-72.36149,42.98054],[-72.41153,42.99637],[-72.4235,42.98992],[-72.43258,42.99256],[-72.43091,42.99966],[-72.43645,43.00554],[-72.44012,43.017],[-72.43945,43.0405],[-72.44803,43.05572],[-72.44277,43.06655],[-72.43536,43.07516],[-72.4265,43.07624],[-72.43536,43.07516],[-72.43181,43.08402],[-72.43394,43.08444],[-72.43181,43.08402],[-72.43307,43.07824],[-72.44277,43.06655],[-72.44803,43.05572],[-72.43945,43.0405],[-72.44012,43.017],[-72.43645,43.00554],[-72.43097,42.99986],[-72.43308,42.99626]]},"properties":{"group":"plow","dataStatus":"reference","color":"#d6e8ff","title":"405 Route E NH 12, Maple Ave to Westminster Bridge (NH 123)","status":"District 4 \u00b7 route E","details":"New Hampshire winter-maintenance plow route. This is the route the state plows, not a live truck.","provider":"NHDOT","sourceUrl":"https://www.nh.gov/dot/","district":4,"plowRoute":"E"}},{"type":"Feature","id":"nh-plow-356","geometry":{"type":"LineString","coordinates":[[-72.43308,42.99626],[-72.43097,42.99986],[-72.43667,43.00703],[-72.44109,42.99437],[-72.45405,42.98416],[-72.45743,42.97484],[-72.4514,42.97173],[-72.44266,42.96191],[-72.44428,42.95077],[-72.45048,42.94161],[-72.45465,42.92898],[-72.4534,42.91253],[-72.46004,42.90072],[-72.4534,42.91253],[-72.45465,42.92898],[-72.45048,42.94161],[-72.44428,42.95077],[-72.44266,42.96191],[-72.4514,42.97173],[-72.45743,42.97484],[-72.45405,42.98416],[-72.44109,42.99437],[-72.43679,43.00631],[-72.43097,42.99986],[-72.43308,42.99626]]},"properties":{"group":"plow","dataStatus":"reference","color":"#d6e8ff","title":"405 Route F NH 63, NH 9 to NH 12","status":"District 4 \u00b7 route F","details":"New Hampshire winter-maintenance plow route. This is the route the state plows, not a live truck.","provider":"NHDOT","sourceUrl":"https://www.nh.gov/dot/","district":4,"plowRoute":"F"}},{"type":"Feature","id":"nh-plow-357","geometry":{"type":"LineString","coordinates":[[-72.1253,43.02198],[-72.13945,43.01451],[-72.14328,43.00843],[-72.14918,43.00542],[-72.16808,43.00727],[-72.19021,42.99597],[-72.20206,42.98483],[-72.20509,42.97525],[-72.20901,42.97162],[-72.22893,42.96818],[-72.24029,42.96976],[-72.2598,42.96779],[-72.26436,42.95958],[-72.29713,42.94352],[-72.29585,42.94059],[-72.29807,42.93371],[-72.29437,42.94441],[-72.26436,42.95958],[-72.2602,42.96757],[-72.24253,42.96943],[-72.26108,42.9675],[-72.26363,42.96016],[-72.27306,42.95613],[-72.26963,42.95124],[-72.27306,42.95613],[-72.28221,42.94959],[-72.29713,42.94352],[-72.29585,42.94059],[-72.29807,42.93371],[-72.29402,42.94467],[-72.27334,42.95559],[-72.26963,42.95124],[-72.27237,42.95635],[-72.2638,42.96],[-72.2598,42.96779],[-72.24029,42.96976],[-72.22893,42.96818],[-72.20901,42.97162],[-72.20509,42.97525],[-72.20206,42.98483],[-72.19021,42.99597],[-72.16808,43.00727],[-72.14918,43.00542],[-72.14328,43.00843],[-72.13945,43.01451],[-72.1253,43.02198]]},"properties":{"group":"plow","dataStatus":"reference","color":"#d6e8ff","title":"407 Route A NH 9, NH 12 to Otter Brook","status":"District 4 \u00b7 route A","details":"New Hampshire winter-maintenance plow route. This is the route the state plows, not a live truck.","provider":"NHDOT","sourceUrl":"https://www.nh.gov/dot/","district":4,"plowRoute":"A"}},{"type":"Feature","id":"nh-plow-358","geometry":{"type":"LineString","coordinates":[[-72.1253,43.02198],[-72.13945,43.01451],[-72.14328,43.00842],[-72.14961,43.00525],[-72.16632,43.00747],[-72.17387,43.00502],[-72.19623,42.99177],[-72.20254,42.98408],[-72.20675,42.97286],[-72.22792,42.96831],[-72.20675,42.97286],[-72.20254,42.98408],[-72.19623,42.99177],[-72.17387,43.00502],[-72.16632,43.00747],[-72.14961,43.00525],[-72.16357,43.00713],[-72.15878,43.00492],[-72.16064,43.006],[-72.14918,43.00542],[-72.14328,43.00842],[-72.13945,43.01451],[-72.1253,43.02198]]},"properties":{"group":"plow","dataStatus":"reference","color":"#d6e8ff","title":"407 Route B NH 9, Otter Brook to PS 407","status":"District 4 \u00b7 route B","details":"New Hampshire winter-maintenance plow route. This is the route the state plows, not a live truck.","provider":"NHDOT","sourceUrl":"https://www.nh.gov/dot/","district":4,"plowRoute":"B"}},{"type":"Feature","id":"nh-plow-359","geometry":{"type":"LineString","coordinates":[[-72.1253,43.02198],[-72.11929,43.03058],[-72.1043,43.03697],[-72.08176,43.03684],[-72.0744,43.03942],[-72.07313,43.04206],[-72.07738,43.04826],[-72.07757,43.0569],[-72.07738,43.04826],[-72.07313,43.04206],[-72.0744,43.03942],[-72.08176,43.03684],[-72.1043,43.03697],[-72.11929,43.03058],[-72.1253,43.02198]]},"properties":{"group":"plow","dataStatus":"reference","color":"#d6e8ff","title":"407 Route C NH 9, PS 407 to NH 123 west","status":"District 4 \u00b7 route C","details":"New Hampshire winter-maintenance plow route. This is the route the state plows, not a live truck.","provider":"NHDOT","sourceUrl":"https://www.nh.gov/dot/","district":4,"plowRoute":"C"}},{"type":"Feature","id":"nh-plow-162","geometry":{"type":"LineString","coordinates":[[-71.02533,43.53871],[-71.02724,43.54068],[-71.02631,43.55385],[-71.04019,43.55068],[-71.04126,43.56512],[-71.03271,43.5839],[-71.03175,43.59625],[-71.04813,43.63078],[-71.06538,43.64447],[-71.07417,43.67103],[-71.11143,43.70393],[-71.07417,43.67103],[-71.06538,43.64447],[-71.04813,43.63078],[-71.04043,43.61455],[-71.04931,43.63256],[-71.06557,43.64476],[-71.07403,43.67086],[-71.11143,43.70393],[-71.07417,43.67103],[-71.06538,43.64447],[-71.04813,43.63078],[-71.04043,43.61455],[-71.04931,43.63256],[-71.06557,43.64476],[-71.07403,43.67086],[-71.11143,43.70393],[-71.07417,43.67103],[-71.06538,43.64447],[-71.04813,43.63078],[-71.03175,43.59625],[-71.03271,43.5839],[-71.04126,43.56512],[-71.04019,43.55068],[-71.02631,43.55385],[-71.02724,43.54068],[-71.02533,43.53871]]},"properties":{"group":"plow","dataStatus":"reference","color":"#d6e8ff","title":"312 Route B NH 16 North - Wonton's to NH 28","status":"District 3 \u00b7 route B","details":"New Hampshire winter-maintenance plow route. This is the route the state plows, not a live truck.","provider":"NHDOT","sourceUrl":"https://www.nh.gov/dot/","district":3,"plowRoute":"B"}},{"type":"Feature","id":"nh-plow-482","geometry":{"type":"LineString","coordinates":[[-71.41438,42.82535],[-71.41604,42.82394],[-71.41335,42.81955],[-71.42832,42.80911],[-71.43368,42.79879],[-71.42553,42.79933],[-71.41761,42.79105],[-71.41379,42.78135],[-71.41498,42.7753],[-71.40229,42.76916],[-71.38033,42.76886],[-71.36817,42.77148],[-71.35655,42.76719],[-71.35148,42.76967],[-71.33932,42.76118],[-71.34778,42.73583],[-71.34807,42.71723],[-71.35319,42.70106],[-71.35164,42.69793],[-71.35319,42.70106],[-71.34807,42.71723],[-71.34778,42.73583],[-71.33916,42.76059],[-71.35168,42.77031],[-71.35597,42.78969],[-71.35183,42.80305],[-71.35597,42.78969],[-71.35148,42.76967],[-71.35655,42.76719],[-71.36817,42.77148],[-71.38033,42.76886],[-71.40293,42.76932],[-71.41522,42.77552],[-71.41463,42.7844],[-71.42539,42.7992],[-71.43368,42.79879],[-71.42832,42.80911],[-71.41335,42.81955],[-71.41604,42.82394],[-71.41438,42.82535]]},"properties":{"group":"plow","dataStatus":"reference","color":"#d6e8ff","title":"516 Route F Mammoth Road NH Route 128","status":"District 5 \u00b7 route F","details":"New Hampshire winter-maintenance plow route. This is the route the state plows, not a live truck.","provider":"NHDOT","sourceUrl":"https://www.nh.gov/dot/","district":5,"plowRoute":"F"}},{"type":"Feature","id":"nh-plow-483","geometry":{"type":"LineString","coordinates":[[-71.60636,43.33357],[-71.60344,43.33272],[-71.60722,43.33084],[-71.59945,43.32743],[-71.60752,43.3332],[-71.61428,43.34249],[-71.60872,43.37804],[-71.58993,43.42746],[-71.57019,43.44965],[-71.57674,43.46169],[-71.57062,43.4497],[-71.59054,43.42725],[-71.60964,43.37632],[-71.61645,43.34061],[-71.6068,43.33038],[-71.60344,43.33272],[-71.60636,43.33357]]},"properties":{"group":"plow","dataStatus":"reference","color":"#d6e8ff","title":"525 Route A I93 Mainline North Once","status":"District 5 \u00b7 route A","details":"New Hampshire winter-maintenance plow route. This is the route the state plows, not a live truck.","provider":"NHDOT","sourceUrl":"https://www.nh.gov/dot/","district":5,"plowRoute":"A"}},{"type":"Feature","id":"nh-plow-484","geometry":{"type":"MultiLineString","coordinates":[[[-71.61467,43.34654],[-71.61566,43.33839],[-71.58925,43.31555],[-71.56381,43.27509],[-71.55329,43.26324],[-71.538,43.23456],[-71.53274,43.20888],[-71.53374,43.21236]],[[-71.53374,43.21236],[-71.53381,43.22128],[-71.53765,43.2343],[-71.55224,43.26264],[-71.58006,43.30098],[-71.58944,43.32054],[-71.60618,43.33246],[-71.60344,43.33272],[-71.60746,43.33329],[-71.61379,43.341],[-71.61467,43.34654]]]},"properties":{"group":"plow","dataStatus":"reference","color":"#d6e8ff","title":"525 Route B I93 Mainline South Once","status":"District 5 \u00b7 route B","details":"New Hampshire winter-maintenance plow route. This is the route the state plows, not a live truck.","provider":"NHDOT","sourceUrl":"https://www.nh.gov/dot/","district":5,"plowRoute":"B"}},{"type":"Feature","id":"nh-plow-485","geometry":{"type":"MultiLineString","coordinates":[[[-71.60636,43.33357],[-71.60344,43.33272],[-71.60746,43.33329],[-71.61434,43.34304],[-71.60886,43.37739],[-71.59071,43.42576],[-71.58795,43.42859],[-71.58767,43.42702]],[[-71.58767,43.42702],[-71.58977,43.4306],[-71.59628,43.41079]],[[-71.59628,43.41079],[-71.58795,43.42859],[-71.58926,43.43073],[-71.59584,43.4107]],[[-71.59584,43.4107],[-71.58795,43.42859],[-71.59067,43.43281]],[[-71.59067,43.43281],[-71.58942,43.43116],[-71.59628,43.41079]],[[-71.59628,43.41079],[-71.58939,43.4284],[-71.57074,43.44861],[-71.57155,43.4554],[-71.56923,43.45609],[-71.5677,43.45501],[-71.57116,43.45305],[-71.57346,43.45419],[-71.57046,43.45024],[-71.5762,43.44242]],[[-71.5762,43.44242],[-71.57019,43.44965],[-71.57134,43.45578],[-71.56685,43.45443],[-71.57712,43.46155],[-71.57218,43.45247],[-71.56528,43.45643],[-71.57246,43.45661],[-71.57712,43.46155],[-71.57313,43.45188]],[[-71.57313,43.45188],[-71.57244,43.45458],[-71.57053,43.44997],[-71.5762,43.44242],[-71.57019,43.44965],[-71.57142,43.45567],[-71.56815,43.45518],[-71.5719,43.4528],[-71.57342,43.45428],[-71.57071,43.45261],[-71.57105,43.44886],[-71.59054,43.42725],[-71.59995,43.3985],[-71.60672,43.38663],[-71.61645,43.3409],[-71.60922,43.33355]],[[-71.60922,43.33355],[-71.6068,43.33038],[-71.60344,43.33272],[-71.60636,43.33357]]]},"properties":{"group":"plow","dataStatus":"reference","color":"#d6e8ff","title":"525 Route C I93 Exit 19 & 20","status":"District 5 \u00b7 route C","details":"New Hampshire winter-maintenance plow route. This is the route the state plows, not a live truck.","provider":"NHDOT","sourceUrl":"https://www.nh.gov/dot/","district":5,"plowRoute":"C"}},{"type":"Feature","id":"nh-plow-486","geometry":{"type":"MultiLineString","coordinates":[[[-71.60636,43.33357],[-71.60344,43.33272],[-71.60729,43.33314],[-71.61262,43.33937],[-71.61467,43.34654],[-71.61545,43.33813],[-71.60759,43.33223],[-71.60801,43.32906],[-71.60662,43.33155],[-71.59945,43.32743],[-71.60537,43.33299],[-71.60801,43.32906],[-71.60662,43.33155],[-71.59945,43.32743],[-71.61317,43.34004],[-71.61467,43.34654],[-71.61621,43.33946],[-71.60759,43.33223],[-71.60801,43.32906]],[[-71.60801,43.32906],[-71.60662,43.33155],[-71.59945,43.32743],[-71.60615,43.33268],[-71.60407,43.33218]],[[-71.60407,43.33218],[-71.61337,43.34032],[-71.61467,43.34654],[-71.61566,43.33839],[-71.60759,43.33223],[-71.60801,43.32906],[-71.60652,43.33153],[-71.60054,43.32715]],[[-71.60054,43.32715],[-71.58888,43.31508],[-71.57398,43.29056],[-71.57017,43.2926],[-71.57927,43.29829],[-71.57418,43.29197],[-71.57572,43.29047],[-71.57134,43.28921],[-71.56899,43.28539]],[[-71.56899,43.28539],[-71.5733,43.29298],[-71.57017,43.2926]],[[-71.57017,43.2926],[-71.58172,43.28906],[-71.57321,43.29008],[-71.56795,43.28568],[-71.5732,43.29247],[-71.57201,43.29354],[-71.58172,43.28906]],[[-71.58172,43.28906],[-71.57084,43.29246],[-71.57711,43.29669]],[[-71.57711,43.29669],[-71.58965,43.32082],[-71.60636,43.33357]]]},"properties":{"group":"plow","dataStatus":"reference","color":"#d6e8ff","title":"525 Route D I93 Exits 17 and 16","status":"District 5 \u00b7 route D","details":"New Hampshire winter-maintenance plow route. This is the route the state plows, not a live truck.","provider":"NHDOT","sourceUrl":"https://www.nh.gov/dot/","district":5,"plowRoute":"D"}},{"type":"Feature","id":"nh-plow-487","geometry":{"type":"LineString","coordinates":[[-71.60636,43.33357],[-71.60344,43.33272],[-71.60722,43.33084],[-71.60194,43.3285],[-71.58903,43.31528],[-71.56381,43.27509],[-71.55296,43.26268],[-71.53821,43.23507],[-71.53417,43.2218],[-71.53607,43.21596],[-71.54072,43.21436],[-71.53461,43.21434],[-71.53357,43.20878],[-71.52603,43.20904],[-71.53285,43.20938],[-71.53364,43.21381],[-71.53134,43.21693],[-71.52466,43.21855],[-71.52576,43.22064],[-71.52986,43.21769],[-71.53325,43.21904],[-71.53803,43.23701],[-71.54549,43.24856],[-71.53405,43.22127],[-71.53607,43.21596],[-71.54072,43.21436],[-71.53461,43.21434],[-71.53357,43.20878],[-71.52603,43.20904],[-71.53261,43.2091],[-71.53364,43.21381],[-71.5312,43.21704],[-71.52466,43.21855],[-71.52576,43.22064],[-71.52986,43.21769],[-71.53325,43.21904],[-71.53803,43.23701],[-71.55239,43.26289],[-71.58006,43.30098],[-71.58944,43.32054],[-71.60636,43.33357]]},"properties":{"group":"plow","dataStatus":"reference","color":"#d6e8ff","title":"525 Route E I93 Exits 15 and 14 and assisting Exit 16","status":"District 5 \u00b7 route E","details":"New Hampshire winter-maintenance plow route. This is the route the state plows, not a live truck.","provider":"NHDOT","sourceUrl":"https://www.nh.gov/dot/","district":5,"plowRoute":"E"}},{"type":"Feature","id":"nh-plow-488","geometry":{"type":"LineString","coordinates":[[-71.60636,43.33357],[-71.60344,43.33272],[-71.60789,43.32944],[-71.61108,43.32129],[-71.6175,43.31812],[-71.61137,43.32095],[-71.60789,43.32944],[-71.59957,43.33759],[-71.59514,43.33879],[-71.59622,43.34653],[-71.58795,43.34174],[-71.57246,43.32661],[-71.56634,43.30184],[-71.57643,43.29696],[-71.57017,43.2926],[-71.57582,43.29823],[-71.57173,43.30068],[-71.56399,43.30043],[-71.55941,43.27622],[-71.54472,43.25743],[-71.56196,43.28196],[-71.56246,43.295],[-71.56634,43.30211],[-71.57246,43.32661],[-71.58795,43.34174],[-71.59622,43.34653],[-71.59514,43.33879],[-71.59946,43.33768],[-71.60344,43.33272],[-71.60636,43.33357]]},"properties":{"group":"plow","dataStatus":"reference","color":"#d6e8ff","title":"525 Route F Boyce Road and NH 132 West Road","status":"District 5 \u00b7 route F","details":"New Hampshire winter-maintenance plow route. This is the route the state plows, not a live truck.","provider":"NHDOT","sourceUrl":"https://www.nh.gov/dot/","district":5,"plowRoute":"F"}},{"type":"Feature","id":"nh-plow-489","geometry":{"type":"LineString","coordinates":[[-71.60636,43.33357],[-71.60344,43.33272],[-71.60722,43.33084],[-71.60194,43.3285],[-71.58903,43.31528],[-71.57398,43.29056],[-71.57017,43.2926],[-71.58218,43.28904],[-71.59687,43.29176],[-71.6117,43.3076],[-71.60793,43.30262],[-71.60195,43.28261],[-71.60793,43.30262],[-71.6117,43.3076],[-71.59538,43.29109],[-71.59744,43.28424],[-71.59529,43.29148],[-71.58218,43.28904],[-71.57084,43.29246],[-71.58006,43.30098],[-71.58965,43.32082],[-71.60636,43.33357]]},"properties":{"group":"plow","dataStatus":"reference","color":"#d6e8ff","title":"525 Route G Lower Boscawen North Main and Tremont Street","status":"District 5 \u00b7 route G","details":"New Hampshire winter-maintenance plow route. This is the route the state plows, not a live truck.","provider":"NHDOT","sourceUrl":"https://www.nh.gov/dot/","district":5,"plowRoute":"G"}},{"type":"Feature","id":"nh-plow-490","geometry":{"type":"LineString","coordinates":[[-71.60636,43.33357],[-71.60344,43.33272],[-71.60722,43.33084],[-71.60194,43.3285],[-71.58903,43.31528],[-71.5742,43.29128],[-71.58312,43.28904],[-71.59818,43.29235],[-71.62542,43.31927],[-71.64021,43.32637],[-71.66639,43.32566],[-71.67614,43.32219],[-71.68807,43.33954],[-71.69985,43.33554],[-71.68807,43.33954],[-71.67614,43.32219],[-71.66639,43.32566],[-71.64021,43.32637],[-71.62798,43.32115],[-71.6117,43.3076],[-71.62798,43.32115],[-71.64021,43.32637],[-71.66639,43.32566],[-71.67614,43.32219],[-71.68807,43.33954],[-71.69985,43.33554],[-71.68807,43.33954],[-71.67614,43.32219],[-71.66639,43.32566],[-71.64021,43.32637],[-71.62542,43.31927],[-71.5979,43.29221],[-71.5825,43.28903],[-71.57084,43.29246],[-71.58006,43.30098],[-71.58965,43.32082],[-71.60636,43.33357]]},"properties":{"group":"plow","dataStatus":"reference","color":"#d6e8ff","title":"525 Route H Upper Boscawen Water Street","status":"District 5 \u00b7 route H","details":"New Hampshire winter-maintenance plow route. This is the route the state plows, not a live truck.","provider":"NHDOT","sourceUrl":"https://www.nh.gov/dot/","district":5,"plowRoute":"H"}},{"type":"Feature","id":"nh-plow-491","geometry":{"type":"LineString","coordinates":[[-71.60498,43.33158],[-71.60344,43.33272],[-71.60735,43.33319],[-71.61432,43.34278],[-71.60869,43.37976],[-71.61611,43.3392],[-71.58949,43.31583],[-71.57411,43.2916],[-71.58172,43.28906],[-71.5913,43.29034],[-71.58172,43.28906],[-71.57084,43.29246],[-71.58006,43.30098],[-71.58965,43.32082],[-71.60603,43.33284],[-71.60498,43.33158]]},"properties":{"group":"plow","dataStatus":"reference","color":"#d6e8ff","title":"525 Route I Park and Rides Exits 17 & 18 and Canterbury Rest Area","status":"District 5 \u00b7 route I","details":"New Hampshire winter-maintenance plow route. This is the route the state plows, not a live truck.","provider":"NHDOT","sourceUrl":"https://www.nh.gov/dot/","district":5,"plowRoute":"I"}},{"type":"Feature","id":"nh-plow-492","geometry":{"type":"LineString","coordinates":[[-71.70312,43.19706],[-71.69795,43.18423],[-71.69305,43.18149],[-71.65289,43.18365],[-71.61451,43.17581],[-71.58546,43.18445],[-71.57143,43.18195],[-71.56615,43.17898],[-71.56924,43.17838],[-71.53999,43.16807],[-71.53425,43.16705],[-71.53014,43.17046],[-71.52771,43.16984],[-71.52973,43.17221],[-71.53371,43.16895],[-71.53976,43.16832],[-71.56207,43.17752],[-71.56525,43.18125],[-71.5855,43.18463],[-71.61466,43.17608],[-71.65193,43.18381],[-71.69401,43.18237],[-71.69756,43.18514],[-71.70082,43.19495],[-71.7142,43.21143],[-71.74417,43.23595],[-71.74699,43.24727],[-71.74202,43.24511],[-71.74533,43.24766],[-71.75362,43.2455],[-71.74719,43.24146],[-71.7436,43.23441],[-71.71529,43.21174],[-71.70312,43.19706]]},"properties":{"group":"plow","dataStatus":"reference","color":"#d6e8ff","title":"526 Route A  I89 Exits 1, 2, and 3","status":"District 5 \u00b7 route A","details":"New Hampshire winter-maintenance plow route. This is the route the state plows, not a live truck.","provider":"NHDOT","sourceUrl":"https://www.nh.gov/dot/","district":5,"plowRoute":"A"}},{"type":"Feature","id":"nh-plow-493","geometry":{"type":"MultiLineString","coordinates":[[[-71.74202,43.24511],[-71.74533,43.24766],[-71.75362,43.2455],[-71.74719,43.24146],[-71.7436,43.23441],[-71.71529,43.21174],[-71.70312,43.19706]],[[-71.70312,43.19706],[-71.69759,43.18377],[-71.68771,43.18046],[-71.69107,43.17768],[-71.68754,43.18301],[-71.69502,43.1828],[-71.69956,43.18938],[-71.69496,43.18199],[-71.68805,43.17985],[-71.68652,43.18406],[-71.69542,43.17706],[-71.6677,43.18359],[-71.64305,43.18211],[-71.66829,43.18371],[-71.68281,43.18193],[-71.69542,43.17706],[-71.6677,43.18359],[-71.64305,43.18211]],[[-71.64305,43.18211],[-71.65675,43.18487],[-71.66115,43.18807],[-71.65461,43.18266],[-71.64305,43.18211]],[[-71.64305,43.18211],[-71.65809,43.18612],[-71.65446,43.18752],[-71.66037,43.18746],[-71.65461,43.18266],[-71.64305,43.18211]],[[-71.64305,43.18211],[-71.66829,43.18371],[-71.68281,43.18193],[-71.69542,43.17706],[-71.6909,43.1778],[-71.68652,43.18406],[-71.69437,43.1825],[-71.69956,43.18938]],[[-71.74202,43.24511],[-71.74533,43.24766],[-71.75362,43.2455],[-71.74719,43.24146],[-71.7436,43.23441],[-71.71529,43.21174],[-71.70312,43.19706]],[[-71.70312,43.19706],[-71.69759,43.18377],[-71.68771,43.18046],[-71.69107,43.17768],[-71.68754,43.18301],[-71.69502,43.1828],[-71.69956,43.18938],[-71.69496,43.18199],[-71.68805,43.17985],[-71.68652,43.18406],[-71.69542,43.17706],[-71.6677,43.18359],[-71.64305,43.18211],[-71.66829,43.18371],[-71.68281,43.18193],[-71.69542,43.17706],[-71.6677,43.18359],[-71.64305,43.18211]],[[-71.64305,43.18211],[-71.65675,43.18487],[-71.66115,43.18807],[-71.65461,43.18266],[-71.64305,43.18211]],[[-71.64305,43.18211],[-71.65809,43.18612],[-71.65446,43.18752],[-71.66037,43.18746],[-71.65461,43.18266],[-71.64305,43.18211]],[[-71.64305,43.18211],[-71.66829,43.18371],[-71.68281,43.18193],[-71.69542,43.17706],[-71.6909,43.1778],[-71.68652,43.18406],[-71.69437,43.1825],[-71.69956,43.18938]],[[-71.6987,43.18884],[-71.70082,43.19495],[-71.71153,43.20792]],[[-71.71153,43.20792],[-71.74381,43.23548],[-71.74699,43.24727],[-71.74202,43.24511]]]},"properties":{"group":"plow","dataStatus":"reference","color":"#d6e8ff","title":"526 Route B I89 Exits 4 and 5","status":"District 5 \u00b7 route B","details":"New Hampshire winter-maintenance plow route. This is the route the state plows, not a live truck.","provider":"NHDOT","sourceUrl":"https://www.nh.gov/dot/","district":5,"plowRoute":"B"}},{"type":"Feature","id":"nh-plow-494","geometry":{"type":"LineString","coordinates":[[-71.71153,43.20792],[-71.74381,43.23548],[-71.74699,43.24727],[-71.75611,43.2606],[-71.78851,43.27406],[-71.79427,43.27404],[-71.78441,43.27135],[-71.78851,43.27406],[-71.79427,43.27404],[-71.78851,43.27406],[-71.7939,43.27394],[-71.77174,43.26751],[-71.75628,43.25989],[-71.74951,43.24987],[-71.74975,43.24663],[-71.75362,43.2455],[-71.74733,43.24162],[-71.74497,43.23601],[-71.74699,43.24727],[-71.74202,43.24511],[-71.74533,43.24766],[-71.75362,43.2455],[-71.74719,43.24146],[-71.7436,43.23441],[-71.71529,43.21174],[-71.70274,43.19722],[-71.71211,43.2077],[-71.70885,43.20158],[-71.70274,43.19722],[-71.70744,43.20561],[-71.71153,43.20792]]},"properties":{"group":"plow","dataStatus":"reference","color":"#d6e8ff","title":"526 Route C I89 Exits 6 7 8","status":"District 5 \u00b7 route C","details":"New Hampshire winter-maintenance plow route. This is the route the state plows, not a live truck.","provider":"NHDOT","sourceUrl":"https://www.nh.gov/dot/","district":5,"plowRoute":"C"}},{"type":"Feature","id":"nh-plow-495","geometry":{"type":"MultiLineString","coordinates":[[[-71.88046,43.31911],[-71.88983,43.3203],[-71.90594,43.32876],[-71.91045,43.34871],[-71.92566,43.35787],[-71.93566,43.37229],[-71.95871,43.38034],[-71.98091,43.39283],[-71.98373,43.39165],[-71.93675,43.37192],[-71.9257,43.35628],[-71.91425,43.34955],[-71.90556,43.32744],[-71.88904,43.31882],[-71.87362,43.31814],[-71.84756,43.31123],[-71.83107,43.2815],[-71.81428,43.2767],[-71.80365,43.27062],[-71.79068,43.27276],[-71.7852,43.27096]],[[-71.7852,43.27096],[-71.75787,43.26105],[-71.7501,43.25182],[-71.74975,43.24663],[-71.74533,43.24766],[-71.74202,43.24511],[-71.74725,43.24774],[-71.75611,43.2606],[-71.7694,43.26713],[-71.79005,43.27356],[-71.80674,43.27293],[-71.83066,43.28165],[-71.84679,43.3116],[-71.87311,43.31855],[-71.88846,43.31985],[-71.90427,43.32751],[-71.90737,43.33104],[-71.91068,43.34904],[-71.92566,43.35787],[-71.93539,43.3721],[-71.95871,43.38034],[-71.98091,43.39283],[-71.98373,43.39165],[-71.96484,43.38401],[-71.98061,43.3926],[-71.9734,43.39397],[-71.98846,43.39013],[-71.98378,43.39143],[-71.97487,43.38902],[-71.95939,43.38004],[-71.93705,43.37215],[-71.9257,43.35628],[-71.91473,43.35015],[-71.90843,43.33985],[-71.91068,43.34904],[-71.92523,43.3575],[-71.93148,43.36464],[-71.92535,43.35596],[-71.91407,43.3493],[-71.90556,43.32744],[-71.88904,43.31882],[-71.87362,43.31814],[-71.84787,43.31144],[-71.84025,43.29848],[-71.83847,43.28913],[-71.82997,43.28127],[-71.83558,43.29053],[-71.84812,43.29025],[-71.83693,43.28876],[-71.82997,43.28127],[-71.83553,43.2905],[-71.84278,43.28986],[-71.83511,43.28976],[-71.84644,43.31134],[-71.88046,43.31911]]]},"properties":{"group":"plow","dataStatus":"reference","color":"#d6e8ff","title":"526 Route D I89 Exits 9, 10, and 11 and Sutton Rest Area","status":"District 5 \u00b7 route D","details":"New Hampshire winter-maintenance plow route. This is the route the state plows, not a live truck.","provider":"NHDOT","sourceUrl":"https://www.nh.gov/dot/","district":5,"plowRoute":"D"}},{"type":"Feature","id":"nh-plow-496","geometry":{"type":"LineString","coordinates":[[-71.74202,43.24511],[-71.74533,43.24766],[-71.75362,43.2455],[-71.74719,43.24146],[-71.7436,43.23441],[-71.71476,43.21119],[-71.70204,43.19568],[-71.69812,43.1845],[-71.69457,43.18185],[-71.68473,43.18057],[-71.65289,43.18365],[-71.61468,43.17581],[-71.58576,43.18447],[-71.57143,43.18195],[-71.53972,43.168],[-71.52707,43.17182],[-71.53929,43.16821],[-71.57143,43.18214],[-71.5855,43.18463],[-71.61466,43.17608],[-71.65193,43.18381],[-71.69401,43.18237],[-71.69756,43.18514],[-71.70082,43.19495],[-71.7142,43.21143],[-71.74417,43.23595],[-71.74699,43.24727],[-71.74202,43.24511]]},"properties":{"group":"plow","dataStatus":"reference","color":"#d6e8ff","title":"526 Route E I89 Mainline Exit 6  South","status":"District 5 \u00b7 route E","details":"New Hampshire winter-maintenance plow route. This is the route the state plows, not a live truck.","provider":"NHDOT","sourceUrl":"https://www.nh.gov/dot/","district":5,"plowRoute":"E"}},{"type":"Feature","id":"nh-plow-497","geometry":{"type":"MultiLineString","coordinates":[[[-71.83914,43.29528],[-71.83341,43.28355],[-71.82604,43.27896],[-71.81465,43.27684],[-71.80279,43.27045],[-71.78861,43.27253],[-71.75723,43.26063],[-71.74986,43.25138],[-71.74436,43.23519],[-71.71578,43.21221],[-71.70274,43.19722],[-71.71153,43.20792]],[[-71.71153,43.20792],[-71.74381,43.23548],[-71.74922,43.2515],[-71.75695,43.26123],[-71.76802,43.26584],[-71.75531,43.25898],[-71.7501,43.25182],[-71.74975,43.24663],[-71.74533,43.24766],[-71.74202,43.24511],[-71.74725,43.24774],[-71.75611,43.2606],[-71.7694,43.26713],[-71.79005,43.27356],[-71.80674,43.27293],[-71.83019,43.28139],[-71.83914,43.29528]]]},"properties":{"group":"plow","dataStatus":"reference","color":"#d6e8ff","title":"526 Route F I89 Mainline Exit 6 to Exit 9","status":"District 5 \u00b7 route F","details":"New Hampshire winter-maintenance plow route. This is the route the state plows, not a live truck.","provider":"NHDOT","sourceUrl":"https://www.nh.gov/dot/","district":5,"plowRoute":"F"}},{"type":"Feature","id":"nh-plow-498","geometry":{"type":"LineString","coordinates":[[-71.75291,43.25683],[-71.75792,43.26185],[-71.77221,43.26824],[-71.79005,43.27356],[-71.80674,43.27293],[-71.83032,43.28146],[-71.84679,43.3116],[-71.87311,43.31855],[-71.88846,43.31985],[-71.90427,43.32751],[-71.90737,43.33104],[-71.91068,43.34904],[-71.92538,43.35745],[-71.93539,43.3721],[-71.95871,43.38034],[-71.97357,43.38947],[-71.99399,43.39498],[-71.97376,43.38859],[-71.95939,43.38004],[-71.93705,43.37215],[-71.92627,43.35733],[-71.91425,43.34955],[-71.90556,43.32744],[-71.88904,43.31882],[-71.87362,43.31814],[-71.84787,43.31144],[-71.83057,43.28121],[-71.81428,43.2767],[-71.80365,43.27062],[-71.78985,43.27273],[-71.77174,43.26751],[-71.7558,43.25947],[-71.7501,43.25182],[-71.74975,43.24663],[-71.74533,43.24766],[-71.74202,43.24511],[-71.74725,43.24774],[-71.75291,43.25683]]},"properties":{"group":"plow","dataStatus":"reference","color":"#d6e8ff","title":"526 Route G I89 Mainline Exit 9 to Exit 11","status":"District 5 \u00b7 route G","details":"New Hampshire winter-maintenance plow route. This is the route the state plows, not a live truck.","provider":"NHDOT","sourceUrl":"https://www.nh.gov/dot/","district":5,"plowRoute":"G"}},{"type":"Feature","id":"nh-plow-499","geometry":{"type":"LineString","coordinates":[[-71.74202,43.24511],[-71.74533,43.24766],[-71.75362,43.2455],[-71.73105,43.24944],[-71.7145,43.22327],[-71.72811,43.24701],[-71.735,43.25294],[-71.73337,43.25938],[-71.72497,43.26881],[-71.72741,43.27516],[-71.72628,43.27904],[-71.71215,43.28726],[-71.71314,43.3002],[-71.71959,43.31485],[-71.71314,43.3002],[-71.71229,43.28688],[-71.7264,43.27885],[-71.72503,43.26863],[-71.73486,43.25675],[-71.73495,43.2527],[-71.73175,43.24978],[-71.75362,43.2455],[-71.73105,43.24944],[-71.7145,43.22327],[-71.72811,43.24701],[-71.735,43.25294],[-71.73337,43.25938],[-71.72497,43.26881],[-71.72741,43.27516],[-71.72628,43.27904],[-71.71215,43.28726],[-71.71314,43.3002],[-71.71959,43.31485],[-71.71314,43.3002],[-71.7122,43.28708],[-71.72609,43.27932],[-71.72741,43.27516],[-71.72503,43.26863],[-71.73486,43.25675],[-71.73495,43.2527],[-71.73175,43.24978],[-71.74533,43.24766],[-71.74202,43.24511]]},"properties":{"group":"plow","dataStatus":"reference","color":"#d6e8ff","title":"526 Route H 526 NH Route 103E / 127","status":"District 5 \u00b7 route H","details":"New Hampshire winter-maintenance plow route. This is the route the state plows, not a live truck.","provider":"NHDOT","sourceUrl":"https://www.nh.gov/dot/","district":5,"plowRoute":"H"}},{"type":"Feature","id":"nh-plow-500","geometry":{"type":"LineString","coordinates":[[-71.74202,43.24511],[-71.74533,43.24766],[-71.75422,43.24599],[-71.77633,43.26543],[-71.7886,43.2694],[-71.79452,43.27412],[-71.80388,43.2744],[-71.83368,43.28881],[-71.80388,43.2744],[-71.79452,43.27412],[-71.7886,43.2694],[-71.77633,43.26543],[-71.75362,43.2455],[-71.77633,43.26543],[-71.7886,43.2694],[-71.79452,43.27412],[-71.80388,43.2744],[-71.83368,43.28881],[-71.80388,43.2744],[-71.79452,43.27412],[-71.7886,43.2694],[-71.77633,43.26543],[-71.75362,43.2455],[-71.74533,43.24766],[-71.74202,43.24511]]},"properties":{"group":"plow","dataStatus":"reference","color":"#d6e8ff","title":"526 Route I 526 NH Route 103 Exit 7 to Exit 9","status":"District 5 \u00b7 route I","details":"New Hampshire winter-maintenance plow route. This is the route the state plows, not a live truck.","provider":"NHDOT","sourceUrl":"https://www.nh.gov/dot/","district":5,"plowRoute":"I"}},{"type":"Feature","id":"nh-plow-501","geometry":{"type":"LineString","coordinates":[[-71.74202,43.24511],[-71.74533,43.24766],[-71.75452,43.24616],[-71.77282,43.26324],[-71.7886,43.2694],[-71.79415,43.27399],[-71.80351,43.27427],[-71.83089,43.28836],[-71.84377,43.28996],[-71.85775,43.29021],[-71.86458,43.28789],[-71.87991,43.29153],[-71.91509,43.26914],[-71.92594,43.26825],[-71.93986,43.26157],[-71.94923,43.26262],[-71.93986,43.26157],[-71.93155,43.2664],[-71.92157,43.26852],[-71.93155,43.2664],[-71.93956,43.26163],[-71.94923,43.26262],[-71.93986,43.26157],[-71.92594,43.26825],[-71.91509,43.26914],[-71.87991,43.29153],[-71.86458,43.28789],[-71.85775,43.29021],[-71.84377,43.28996],[-71.83368,43.28881],[-71.85723,43.29025],[-71.86458,43.28789],[-71.87991,43.29153],[-71.91509,43.26914],[-71.92594,43.26825],[-71.93986,43.26157],[-71.94923,43.26262],[-71.93986,43.26157],[-71.92594,43.26825],[-71.91509,43.26914],[-71.87991,43.29153],[-71.86458,43.28789],[-71.85775,43.29021],[-71.84377,43.28996],[-71.83089,43.28836],[-71.80351,43.27427],[-71.79415,43.27399],[-71.7886,43.2694],[-71.77282,43.26324],[-71.75362,43.2455],[-71.74533,43.24766],[-71.74202,43.24511]]},"properties":{"group":"plow","dataStatus":"reference","color":"#d6e8ff","title":"526 Route J NH Route 103 Exit 9 to Bradford Lights","status":"District 5 \u00b7 route J","details":"New Hampshire winter-maintenance plow route. This is the route the state plows, not a live truck.","provider":"NHDOT","sourceUrl":"https://www.nh.gov/dot/","district":5,"plowRoute":"J"}},{"type":"Feature","id":"nh-plow-502","geometry":{"type":"LineString","coordinates":[[-71.83914,43.29528],[-71.844,43.30846],[-71.84823,43.31245],[-71.88846,43.31985],[-71.90536,43.32824],[-71.9104,43.34099],[-71.90843,43.33985],[-71.91068,43.34904],[-71.92538,43.35745],[-71.93593,43.37248],[-71.95871,43.38034],[-71.97357,43.38947],[-71.99399,43.39498],[-71.97376,43.38859],[-71.95939,43.38004],[-71.93705,43.37215],[-71.92627,43.35733],[-71.91425,43.34955],[-71.90556,43.32744],[-71.88904,43.31882],[-71.87362,43.31814],[-71.84756,43.31123],[-71.83107,43.2815],[-71.81428,43.2767],[-71.80365,43.27062],[-71.78985,43.27273],[-71.77139,43.26737],[-71.7558,43.25947],[-71.7501,43.25182],[-71.74975,43.24663],[-71.74533,43.24766],[-71.74202,43.24511],[-71.74725,43.24774],[-71.75639,43.26082],[-71.77118,43.26786],[-71.79005,43.27356],[-71.80674,43.27293],[-71.83022,43.28102],[-71.83914,43.29528]]},"properties":{"group":"plow","dataStatus":"reference","color":"#d6e8ff","title":"526 Route K Northern Crossovers , Parking n Ride at Exit 9 and Sutton Rest Area","status":"District 5 \u00b7 route K","details":"New Hampshire winter-maintenance plow route. This is the route the state plows, not a live truck.","provider":"NHDOT","sourceUrl":"https://www.nh.gov/dot/","district":5,"plowRoute":"K"}},{"type":"Feature","id":"nh-plow-503","geometry":{"type":"LineString","coordinates":[[-71.74202,43.24511],[-71.74533,43.24766],[-71.75362,43.2455],[-71.74719,43.24146],[-71.7436,43.23441],[-71.71153,43.20792],[-71.70274,43.19722],[-71.69795,43.18423],[-71.69457,43.18185],[-71.68473,43.18057],[-71.65289,43.18365],[-71.61468,43.17581],[-71.58576,43.18447],[-71.57325,43.18269],[-71.53972,43.168],[-71.52707,43.17182],[-71.53929,43.16821],[-71.56207,43.17752],[-71.56525,43.18125],[-71.5855,43.18463],[-71.61466,43.17608],[-71.65193,43.18381],[-71.69401,43.18237],[-71.69756,43.18514],[-71.70082,43.19495],[-71.7142,43.21143],[-71.74417,43.23595],[-71.74699,43.24727],[-71.74202,43.24511]]},"properties":{"group":"plow","dataStatus":"reference","color":"#d6e8ff","title":"526 Route L Southern Crossovers and Park n Rides","status":"District 5 \u00b7 route L","details":"New Hampshire winter-maintenance plow route. This is the route the state plows, not a live truck.","provider":"NHDOT","sourceUrl":"https://www.nh.gov/dot/","district":5,"plowRoute":"L"}},{"type":"Feature","id":"nh-plow-504","geometry":{"type":"MultiLineString","coordinates":[[[-71.40505,43.00302],[-71.41724,42.99442],[-71.41412,42.97527],[-71.41498,42.96305],[-71.44895,42.95266],[-71.45676,42.94816],[-71.46691,42.94683],[-71.48929,42.95746],[-71.50181,42.95972],[-71.5086,42.96882],[-71.50464,42.96936],[-71.5086,42.96882],[-71.5014,42.95938],[-71.48915,42.95719],[-71.47077,42.9472],[-71.45779,42.94762],[-71.44139,42.95499],[-71.4149,42.9622],[-71.41265,42.96836],[-71.41567,42.98933]],[[-71.41567,42.98934],[-71.41479,42.99528],[-71.40955,42.99988],[-71.39453,43.00635],[-71.40505,43.00302]]]},"properties":{"group":"plow","dataStatus":"reference","color":"#d6e8ff","title":"527 Route B Mainline West NH 114","status":"District 5 \u00b7 route B","details":"New Hampshire winter-maintenance plow route. This is the route the state plows, not a live truck.","provider":"NHDOT","sourceUrl":"https://www.nh.gov/dot/","district":5,"plowRoute":"B"}},{"type":"Feature","id":"nh-plow-505","geometry":{"type":"LineString","coordinates":[[-71.44286,42.95477],[-71.45855,42.94773],[-71.46828,42.9477],[-71.47354,42.95419],[-71.47676,42.96631],[-71.46986,42.98114],[-71.47106,42.9847],[-71.47051,42.97965],[-71.47692,42.96762],[-71.47429,42.94884],[-71.46595,42.94633],[-71.45704,42.94771],[-71.43613,42.95746],[-71.45759,42.948],[-71.46809,42.94753],[-71.47354,42.95419],[-71.47676,42.96631],[-71.46986,42.98114],[-71.47103,42.98473],[-71.47051,42.97965],[-71.47692,42.96762],[-71.47512,42.94984],[-71.46624,42.94635],[-71.45312,42.94782],[-71.4487,42.95247],[-71.43639,42.95615],[-71.43621,42.95421],[-71.4359,42.95645],[-71.42671,42.95944],[-71.43627,42.95808],[-71.4359,42.95645],[-71.4149,42.9622],[-71.41265,42.96822],[-71.41501,42.99483],[-71.40763,43.00125],[-71.39503,43.00708],[-71.41637,42.99643],[-71.42867,42.99948],[-71.43032,43.00086],[-71.4289,43.00185],[-71.42785,43.00057],[-71.43178,42.99848],[-71.43355,42.99978],[-71.41782,42.99371],[-71.41425,42.96454],[-71.4169,42.9619],[-71.44286,42.95477]]},"properties":{"group":"plow","dataStatus":"reference","color":"#d6e8ff","title":"527 Route C I293 Exits 1, 2, & 6 w/ Slip Ramps","status":"District 5 \u00b7 route C","details":"New Hampshire winter-maintenance plow route. This is the route the state plows, not a live truck.","provider":"NHDOT","sourceUrl":"https://www.nh.gov/dot/","district":5,"plowRoute":"C"}},{"type":"Feature","id":"nh-plow-506","geometry":{"type":"LineString","coordinates":[[-71.40293,43.00241],[-71.40477,43.00263],[-71.39453,43.00635],[-71.40686,43.00225],[-71.41717,42.99464],[-71.41389,42.97035],[-71.41626,42.96214],[-71.44286,42.95477],[-71.45716,42.94804],[-71.46738,42.94712],[-71.47347,42.95404],[-71.47676,42.96631],[-71.46986,42.98114],[-71.47095,42.98474],[-71.47051,42.97965],[-71.47689,42.96785],[-71.47411,42.95386],[-71.47572,42.95119],[-71.4843,42.95471],[-71.48584,42.95664],[-71.48253,42.95638],[-71.48472,42.95703],[-71.50181,42.95972],[-71.50618,42.95721],[-71.50187,42.95941],[-71.48994,42.95748],[-71.46981,42.94543],[-71.47207,42.94941],[-71.47028,42.95014],[-71.47176,42.94881],[-71.48988,42.95767],[-71.50181,42.95972],[-71.50618,42.95721],[-71.50187,42.95941],[-71.49072,42.9577],[-71.47998,42.94995],[-71.47925,42.9515],[-71.46493,42.94633],[-71.43269,42.95791],[-71.41621,42.96132],[-71.41265,42.9681],[-71.41507,42.9947],[-71.40803,43.001],[-71.40293,43.00241]]},"properties":{"group":"plow","dataStatus":"reference","color":"#d6e8ff","title":"527 Route D I293 FEET Interchange & South River Rd","status":"District 5 \u00b7 route D","details":"New Hampshire winter-maintenance plow route. This is the route the state plows, not a live truck.","provider":"NHDOT","sourceUrl":"https://www.nh.gov/dot/","district":5,"plowRoute":"D"}},{"type":"Feature","id":"nh-plow-507","geometry":{"type":"LineString","coordinates":[[-71.33346,42.85899],[-71.33411,42.86083],[-71.31827,42.85483],[-71.29611,42.83306],[-71.28591,42.81628],[-71.27242,42.80841],[-71.27244,42.79478],[-71.26974,42.78923],[-71.24636,42.77877],[-71.23494,42.76171],[-71.21945,42.75214],[-71.20589,42.73923],[-71.20373,42.73208],[-71.2078,42.72745],[-71.20351,42.72688],[-71.20527,42.72705],[-71.20329,42.7334],[-71.20527,42.73898],[-71.21862,42.75204],[-71.23289,42.76089],[-71.2457,42.77872],[-71.26789,42.78881],[-71.26952,42.79335],[-71.26664,42.80535],[-71.26799,42.80876],[-71.28328,42.81589],[-71.29522,42.83267],[-71.3159,42.85357],[-71.33494,42.86206],[-71.33841,42.86531],[-71.33931,42.87013],[-71.3427,42.86953],[-71.34309,42.87157],[-71.33346,42.85899]]},"properties":{"group":"plow","dataStatus":"reference","color":"#d6e8ff","title":"528 Route A I93 Mainline South","status":"District 5 \u00b7 route A","details":"New Hampshire winter-maintenance plow route. This is the route the state plows, not a live truck.","provider":"NHDOT","sourceUrl":"https://www.nh.gov/dot/","district":5,"plowRoute":"A"}},{"type":"Feature","id":"nh-plow-508","geometry":{"type":"LineString","coordinates":[[-71.33346,42.85899],[-71.33411,42.86083],[-71.33005,42.85988],[-71.33797,42.86474],[-71.34577,42.88271],[-71.35958,42.89558],[-71.38582,42.94097],[-71.40958,42.96209],[-71.41483,42.98408],[-71.41633,42.98367],[-71.41364,42.96824],[-71.40906,42.95865],[-71.38506,42.93913],[-71.3605,42.89615],[-71.34593,42.8821],[-71.33936,42.86578],[-71.33346,42.85899]]},"properties":{"group":"plow","dataStatus":"reference","color":"#d6e8ff","title":"528 Route B I93 Mainline to Exit 6","status":"District 5 \u00b7 route B","details":"New Hampshire winter-maintenance plow route. This is the route the state plows, not a live truck.","provider":"NHDOT","sourceUrl":"https://www.nh.gov/dot/","district":5,"plowRoute":"B"}},{"type":"Feature","id":"nh-plow-509","geometry":{"type":"LineString","coordinates":[[-71.33346,42.85899],[-71.33411,42.86083],[-71.33005,42.85988],[-71.33797,42.86474],[-71.34577,42.88271],[-71.35958,42.89558],[-71.38667,42.94192],[-71.40972,42.96024],[-71.41804,42.96161],[-71.43613,42.95746],[-71.41373,42.96082],[-71.38616,42.94038],[-71.3605,42.89615],[-71.34593,42.8821],[-71.33936,42.86578],[-71.33346,42.85899]]},"properties":{"group":"plow","dataStatus":"reference","color":"#d6e8ff","title":"528 Route C I93 Mainline to South Willow Street","status":"District 5 \u00b7 route C","details":"New Hampshire winter-maintenance plow route. This is the route the state plows, not a live truck.","provider":"NHDOT","sourceUrl":"https://www.nh.gov/dot/","district":5,"plowRoute":"C"}},{"type":"Feature","id":"nh-plow-510","geometry":{"type":"LineString","coordinates":[[-71.33346,42.85899],[-71.33411,42.86083],[-71.31614,42.85312],[-71.29541,42.83229],[-71.28591,42.81628],[-71.27269,42.80883],[-71.27244,42.79478],[-71.26974,42.78923],[-71.24937,42.78094],[-71.24445,42.77533],[-71.24998,42.77547],[-71.24716,42.77622],[-71.24702,42.77888],[-71.24454,42.77528],[-71.24619,42.77652],[-71.23961,42.78128],[-71.2458,42.77685],[-71.24783,42.7786],[-71.24467,42.77684],[-71.24536,42.7752],[-71.24619,42.77652],[-71.23961,42.78128],[-71.24523,42.77882],[-71.2639,42.78574],[-71.26839,42.78953],[-71.26932,42.79493],[-71.26399,42.80713],[-71.27582,42.80857],[-71.27158,42.80559],[-71.27076,42.79051],[-71.26465,42.78563],[-71.24904,42.78075],[-71.24188,42.77347],[-71.24417,42.77847],[-71.2639,42.78574],[-71.26852,42.78975],[-71.26701,42.80351],[-71.26211,42.80691],[-71.27582,42.80857],[-71.2641,42.80717],[-71.26613,42.80583],[-71.2694,42.80982],[-71.28156,42.81464],[-71.29025,42.82343],[-71.28479,42.8153],[-71.27412,42.81036],[-71.27324,42.80656],[-71.27221,42.80882],[-71.26482,42.80614],[-71.28328,42.81589],[-71.29522,42.83267],[-71.3159,42.85357],[-71.33494,42.86206],[-71.33841,42.86531],[-71.33931,42.87013],[-71.3427,42.86953],[-71.34309,42.87157],[-71.33346,42.85899]]},"properties":{"group":"plow","dataStatus":"reference","color":"#d6e8ff","title":"528 Route D I93 I93 Exit 2 & 3","status":"District 5 \u00b7 route D","details":"New Hampshire winter-maintenance plow route. This is the route the state plows, not a live truck.","provider":"NHDOT","sourceUrl":"https://www.nh.gov/dot/","district":5,"plowRoute":"D"}},{"type":"Feature","id":"nh-plow-511","geometry":{"type":"LineString","coordinates":[[-71.33346,42.85899],[-71.33411,42.86083],[-71.31827,42.85483],[-71.29636,42.83331],[-71.28591,42.81628],[-71.27242,42.80841],[-71.27244,42.79478],[-71.27005,42.78958],[-71.24662,42.77901],[-71.23309,42.75824],[-71.23267,42.76228],[-71.22032,42.7692],[-71.22357,42.77363],[-71.22096,42.76923],[-71.23267,42.76242],[-71.23384,42.75892],[-71.2199,42.75247],[-71.20668,42.74008],[-71.20363,42.73299],[-71.20595,42.72741],[-71.2078,42.72745],[-71.20351,42.72688],[-71.20527,42.72705],[-71.20329,42.7334],[-71.20527,42.73898],[-71.21985,42.75482],[-71.22674,42.75661],[-71.2323,42.76124],[-71.22152,42.76874],[-71.21765,42.76562],[-71.22357,42.77363],[-71.22096,42.76923],[-71.23337,42.76255],[-71.24252,42.77327],[-71.23418,42.761],[-71.21945,42.75214],[-71.20589,42.73923],[-71.20373,42.73208],[-71.2078,42.72745],[-71.20382,42.72667],[-71.20527,42.73898],[-71.21818,42.75168],[-71.2322,42.76105],[-71.22723,42.76732],[-71.22942,42.76801],[-71.22712,42.76651],[-71.23432,42.76276],[-71.24708,42.77992],[-71.26667,42.78754],[-71.2695,42.79278],[-71.26664,42.80535],[-71.26799,42.80876],[-71.28413,42.81665],[-71.29522,42.83267],[-71.31656,42.85415],[-71.3373,42.86399],[-71.33937,42.87056],[-71.33574,42.87461],[-71.34122,42.86984],[-71.34309,42.87157],[-71.33346,42.85899]]},"properties":{"group":"plow","dataStatus":"reference","color":"#d6e8ff","title":"528 Route E I93 Exit 1 Rockingham Parl Blvd","status":"District 5 \u00b7 route E","details":"New Hampshire winter-maintenance plow route. This is the route the state plows, not a live truck.","provider":"NHDOT","sourceUrl":"https://www.nh.gov/dot/","district":5,"plowRoute":"E"}},{"type":"Feature","id":"nh-plow-512","geometry":{"type":"LineString","coordinates":[[-71.33346,42.85899],[-71.33411,42.86083],[-71.33005,42.85988],[-71.33797,42.86474],[-71.34577,42.88271],[-71.35958,42.89558],[-71.38582,42.94097],[-71.40958,42.96209],[-71.41483,42.98408],[-71.41633,42.98367],[-71.41364,42.96824],[-71.40906,42.95865],[-71.38548,42.93965],[-71.3605,42.89615],[-71.34573,42.88182],[-71.34316,42.86891],[-71.34665,42.86695],[-71.34191,42.86781],[-71.33028,42.85943],[-71.33908,42.86675],[-71.33933,42.87068],[-71.33574,42.87461],[-71.34077,42.87137],[-71.34594,42.88295],[-71.35922,42.89511],[-71.36956,42.91438],[-71.3684,42.91638],[-71.37591,42.92343],[-71.38582,42.94097],[-71.4093,42.96167],[-71.41223,42.96701],[-71.41483,42.98408],[-71.41633,42.98367],[-71.41364,42.96824],[-71.40906,42.95865],[-71.38506,42.93913],[-71.37373,42.91845],[-71.37549,42.91689],[-71.36967,42.91296],[-71.35902,42.89418],[-71.34542,42.88131],[-71.34297,42.87373],[-71.34349,42.86888],[-71.34665,42.86695],[-71.34144,42.86758],[-71.33346,42.85899]]},"properties":{"group":"plow","dataStatus":"reference","color":"#d6e8ff","title":"528 Route F I93 Exit 4 & 5 Ramps","status":"District 5 \u00b7 route F","details":"New Hampshire winter-maintenance plow route. This is the route the state plows, not a live truck.","provider":"NHDOT","sourceUrl":"https://www.nh.gov/dot/","district":5,"plowRoute":"F"}},{"type":"Feature","id":"nh-plow-513","geometry":{"type":"MultiLineString","coordinates":[[[-71.37742,43.25124],[-71.36715,43.24356],[-71.36203,43.23618],[-71.36054,43.22832],[-71.38291,43.23404],[-71.4112,43.24702],[-71.41958,43.24841],[-71.45547,43.24285],[-71.46336,43.23514],[-71.47817,43.23529],[-71.5,43.22629],[-71.54103,43.21487],[-71.49849,43.22658],[-71.47798,43.23502],[-71.46339,43.23492],[-71.45653,43.24149],[-71.44973,43.24369],[-71.45641,43.24247],[-71.46336,43.23514],[-71.4779,43.23539],[-71.50757,43.22474]],[[-71.50757,43.22474],[-71.50597,43.22528],[-71.53512,43.21763],[-71.53394,43.21612],[-71.53574,43.21526],[-71.50553,43.22323],[-71.47798,43.23502],[-71.46372,43.23475],[-71.45355,43.24276],[-71.41958,43.24841],[-71.36019,43.22761],[-71.36203,43.23618],[-71.36715,43.24356],[-71.37742,43.25124]]]},"properties":{"group":"plow","dataStatus":"reference","color":"#d6e8ff","title":"503 Route D I393 and Ramps","status":"District 5 \u00b7 route D","details":"New Hampshire winter-maintenance plow route. This is the route the state plows, not a live truck.","provider":"NHDOT","sourceUrl":"https://www.nh.gov/dot/","district":5,"plowRoute":"D"}},{"type":"Feature","id":"nh-plow-514","geometry":{"type":"LineString","coordinates":[[-71.40293,43.00241],[-71.40477,43.00263],[-71.39453,43.00635],[-71.41663,42.99638],[-71.42893,42.99959],[-71.4289,43.00185],[-71.42935,42.99963],[-71.43372,42.99956],[-71.41789,42.99383],[-71.41386,42.96785],[-71.41595,42.96229],[-71.4359,42.95645],[-71.41446,42.96277],[-71.41265,42.96836],[-71.4158,42.9935],[-71.431,43.00078],[-71.43496,43.01223],[-71.45124,43.03343],[-71.47038,43.04893],[-71.47276,43.08311],[-71.47233,43.08604],[-71.46997,43.08659],[-71.4765,43.08576],[-71.47336,43.08219],[-71.4719,43.07037],[-71.4743,43.05146],[-71.45167,43.03329],[-71.43536,43.01202],[-71.43163,43.00074],[-71.41681,42.9953],[-71.40293,43.00241]]},"properties":{"group":"plow","dataStatus":"reference","color":"#d6e8ff","title":"527 Route A I93 Mainline North","status":"District 5 \u00b7 route A","details":"New Hampshire winter-maintenance plow route. This is the route the state plows, not a live truck.","provider":"NHDOT","sourceUrl":"https://www.nh.gov/dot/","district":5,"plowRoute":"A"}},{"type":"Feature","id":"nh-plow-515","geometry":{"type":"LineString","coordinates":[[-71.40293,43.00241],[-71.40477,43.00263],[-71.39453,43.00635],[-71.41637,42.99643],[-71.42954,42.99991],[-71.42978,43.00175],[-71.42551,43.00137],[-71.43196,43.0026],[-71.43481,43.01198],[-71.44517,43.0249],[-71.44332,43.02526],[-71.44534,43.02231],[-71.44751,43.02411],[-71.44432,43.02278],[-71.44463,43.02055],[-71.44345,43.02378],[-71.44114,43.0224],[-71.44392,43.02296],[-71.44991,43.0315],[-71.44613,43.02159],[-71.44889,43.01824],[-71.44557,43.02059],[-71.43836,43.01642],[-71.44249,43.02461],[-71.4394,43.02833],[-71.44256,43.02561],[-71.44639,43.02661],[-71.46251,43.0446],[-71.46666,43.04244],[-71.45864,43.0394],[-71.46247,43.04265],[-71.46135,43.04746],[-71.46912,43.04078],[-71.46312,43.0421],[-71.45208,43.03374],[-71.43508,43.01154],[-71.43342,42.99773],[-71.43173,43.00025],[-71.41966,42.99551],[-71.41665,42.98758],[-71.41423,42.99604],[-71.40293,43.00241]]},"properties":{"group":"plow","dataStatus":"reference","color":"#d6e8ff","title":"527 Route E I93 Exits 8, 9, & 10 w/Slip Ramps","status":"District 5 \u00b7 route E","details":"New Hampshire winter-maintenance plow route. This is the route the state plows, not a live truck.","provider":"NHDOT","sourceUrl":"https://www.nh.gov/dot/","district":5,"plowRoute":"E"}},{"type":"Feature","id":"nh-plow-516","geometry":{"type":"LineString","coordinates":[[-71.40293,43.00241],[-71.41699,42.99634],[-71.43,42.99998],[-71.43546,43.01297],[-71.45143,43.03366],[-71.45901,43.03918],[-71.45167,43.03329],[-71.43582,43.01273],[-71.43163,43.00074],[-71.41911,42.99515],[-71.41634,42.98929],[-71.41334,42.97309],[-71.41469,42.96341],[-71.43838,42.956],[-71.41459,42.96257],[-71.41265,42.96822],[-71.41614,42.98892],[-71.41512,42.99451],[-71.40803,43.001],[-71.40293,43.00241]]},"properties":{"group":"plow","dataStatus":"reference","color":"#d6e8ff","title":"527 Route F Crossovers I93, I 293, & NH 101","status":"District 5 \u00b7 route F","details":"New Hampshire winter-maintenance plow route. This is the route the state plows, not a live truck.","provider":"NHDOT","sourceUrl":"https://www.nh.gov/dot/","district":5,"plowRoute":"F"}},{"type":"Feature","id":"nh-plow-517","geometry":{"type":"LineString","coordinates":[[-71.46176,42.91486],[-71.45806,42.91615],[-71.45715,42.91392],[-71.46112,42.91287],[-71.46481,42.91758],[-71.47206,42.94931],[-71.46986,42.94975],[-71.47176,42.94881],[-71.48988,42.95767],[-71.50181,42.95972],[-71.51942,42.98009],[-71.52538,42.9944],[-71.52459,43.00159],[-71.52973,43.00707],[-71.52459,43.00159],[-71.52538,42.9944],[-71.51942,42.98009],[-71.50169,42.95954],[-71.48948,42.95732],[-71.47675,42.95042],[-71.47229,42.94709],[-71.4698,42.9404],[-71.46367,42.90339],[-71.48142,42.883],[-71.50163,42.86988],[-71.49577,42.83789],[-71.49368,42.83919],[-71.50197,42.86597],[-71.50099,42.87064],[-71.48164,42.8826],[-71.46509,42.90052],[-71.46344,42.91198],[-71.44723,42.91486],[-71.44348,42.92139],[-71.44419,42.91724],[-71.448,42.91455],[-71.45587,42.9132],[-71.45806,42.91615],[-71.46176,42.91486]]},"properties":{"group":"plow","dataStatus":"reference","color":"#d6e8ff","title":"511 Route C NH 114 and NB to Off Ramp  Wieczorek Drive","status":"District 5 \u00b7 route C","details":"New Hampshire winter-maintenance plow route. This is the route the state plows, not a live truck.","provider":"NHDOT","sourceUrl":"https://www.nh.gov/dot/","district":5,"plowRoute":"C"}},{"type":"Feature","id":"nh-plow-518","geometry":{"type":"LineString","coordinates":[[-71.46176,42.91486],[-71.45806,42.91615],[-71.45715,42.91392],[-71.46654,42.91379],[-71.46889,42.91638],[-71.46619,42.91683],[-71.46423,42.9096],[-71.46516,42.90068],[-71.48122,42.88318],[-71.49919,42.87271],[-71.50228,42.86716],[-71.49714,42.85237],[-71.49577,42.83789],[-71.4907,42.8395],[-71.49111,42.82831],[-71.48544,42.8127],[-71.47289,42.79859],[-71.46818,42.78687],[-71.47289,42.79859],[-71.48544,42.8127],[-71.49111,42.82831],[-71.4907,42.8395],[-71.49111,42.82831],[-71.48544,42.8127],[-71.47289,42.79859],[-71.46818,42.78687],[-71.47289,42.79859],[-71.48544,42.8127],[-71.49111,42.82831],[-71.4907,42.8395],[-71.49454,42.84135],[-71.50209,42.86752],[-71.49888,42.87275],[-71.48117,42.88302],[-71.46477,42.90089],[-71.4636,42.91112],[-71.45904,42.91216],[-71.46016,42.916],[-71.46176,42.91486]]},"properties":{"group":"plow","dataStatus":"reference","color":"#d6e8ff","title":"511 Route A Route 3 South","status":"District 5 \u00b7 route A","details":"New Hampshire winter-maintenance plow route. This is the route the state plows, not a live truck.","provider":"NHDOT","sourceUrl":"https://www.nh.gov/dot/","district":5,"plowRoute":"A"}},{"type":"Feature","id":"nh-plow-519","geometry":{"type":"LineString","coordinates":[[-71.46176,42.91486],[-71.46016,42.916],[-71.4585,42.91067],[-71.4602,42.90189],[-71.47264,42.89126],[-71.47555,42.88545],[-71.47264,42.89126],[-71.46048,42.90136],[-71.45849,42.91054],[-71.46177,42.93061],[-71.4679,42.94153],[-71.47548,42.94379],[-71.4679,42.94153],[-71.46177,42.93061],[-71.45985,42.92144],[-71.46176,42.91486]]},"properties":{"group":"plow","dataStatus":"reference","color":"#d6e8ff","title":"511 Route B South River Road","status":"District 5 \u00b7 route B","details":"New Hampshire winter-maintenance plow route. This is the route the state plows, not a live truck.","provider":"NHDOT","sourceUrl":"https://www.nh.gov/dot/","district":5,"plowRoute":"B"}},{"type":"Feature","id":"nh-plow-520","geometry":{"type":"LineString","coordinates":[[-71.60636,43.33357],[-71.60344,43.33272],[-71.60746,43.33329],[-71.61434,43.34304],[-71.60869,43.37976],[-71.61645,43.34061],[-71.6068,43.33038],[-71.60344,43.33272],[-71.60636,43.33357]]},"properties":{"group":"plow","dataStatus":"reference","color":"#d6e8ff","title":"525 Route J Canterbury Rest Area Only","status":"District 5 \u00b7 route J","details":"New Hampshire winter-maintenance plow route. This is the route the state plows, not a live truck.","provider":"NHDOT","sourceUrl":"https://www.nh.gov/dot/","district":5,"plowRoute":"J"}},{"type":"Feature","id":"nh-plow-521","geometry":{"type":"LineString","coordinates":[[-71.75291,43.25683],[-71.75792,43.26185],[-71.77221,43.26824],[-71.79005,43.27356],[-71.80674,43.27293],[-71.83032,43.28146],[-71.83682,43.29028],[-71.84619,43.31115],[-71.87311,43.31855],[-71.88874,43.31993],[-71.90427,43.32751],[-71.90737,43.33104],[-71.91068,43.34904],[-71.9241,43.35515],[-71.91407,43.3493],[-71.90556,43.32744],[-71.88904,43.31882],[-71.87362,43.31814],[-71.84736,43.31107],[-71.83057,43.28121],[-71.81428,43.2767],[-71.80365,43.27062],[-71.78985,43.27273],[-71.77174,43.26751],[-71.7558,43.25947],[-71.7501,43.25182],[-71.74975,43.24663],[-71.74533,43.24766],[-71.74202,43.24511],[-71.74699,43.24727],[-71.75291,43.25683]]},"properties":{"group":"plow","dataStatus":"reference","color":"#d6e8ff","title":"526 Route M Sutton Rest Area Only","status":"District 5 \u00b7 route M","details":"New Hampshire winter-maintenance plow route. This is the route the state plows, not a live truck.","provider":"NHDOT","sourceUrl":"https://www.nh.gov/dot/","district":5,"plowRoute":"M"}},{"type":"Feature","id":"nh-plow-522","geometry":{"type":"LineString","coordinates":[[-71.33346,42.85899],[-71.33411,42.86083],[-71.31827,42.85483],[-71.29611,42.83306],[-71.28591,42.81628],[-71.27242,42.80841],[-71.27244,42.79478],[-71.26974,42.78923],[-71.24636,42.77877],[-71.23494,42.76171],[-71.21945,42.75214],[-71.20589,42.73923],[-71.20373,42.73208],[-71.2078,42.72745],[-71.20351,42.72688],[-71.20527,42.72705],[-71.20332,42.73279],[-71.20464,42.73801],[-71.21985,42.75482],[-71.22447,42.75545],[-71.2199,42.75485],[-71.21841,42.75187],[-71.2199,42.75485],[-71.23259,42.7606],[-71.24758,42.78028],[-71.26789,42.78881],[-71.26952,42.79335],[-71.26664,42.80535],[-71.26799,42.80876],[-71.28328,42.81589],[-71.29522,42.83267],[-71.3159,42.85357],[-71.33494,42.86206],[-71.33841,42.86531],[-71.33931,42.87013],[-71.3427,42.86953],[-71.34309,42.87157],[-71.33346,42.85899]]},"properties":{"group":"plow","dataStatus":"reference","color":"#d6e8ff","title":"528 Route H Salem Rest Area Only","status":"District 5 \u00b7 route H","details":"New Hampshire winter-maintenance plow route. This is the route the state plows, not a live truck.","provider":"NHDOT","sourceUrl":"https://www.nh.gov/dot/","district":5,"plowRoute":"H"}},{"type":"Feature","id":"nh-plow-523","geometry":{"type":"LineString","coordinates":[[-71.33346,42.85899],[-71.33411,42.86083],[-71.31886,42.85522],[-71.29698,42.83439],[-71.28611,42.81649],[-71.27242,42.80841],[-71.27244,42.79478],[-71.27005,42.78958],[-71.24636,42.77877],[-71.23494,42.76171],[-71.21945,42.75214],[-71.20589,42.73923],[-71.20373,42.73208],[-71.2078,42.72745],[-71.20351,42.72688],[-71.20527,42.72705],[-71.20332,42.73279],[-71.20464,42.73801],[-71.21985,42.75482],[-71.23259,42.7606],[-71.24758,42.78028],[-71.26789,42.78881],[-71.26952,42.79335],[-71.26664,42.80535],[-71.26799,42.80876],[-71.28413,42.81665],[-71.29522,42.83267],[-71.31656,42.85415],[-71.33797,42.86474],[-71.34558,42.88244],[-71.36029,42.89584],[-71.38652,42.94072],[-71.3605,42.89615],[-71.34593,42.8821],[-71.33936,42.86578],[-71.33346,42.85899]]},"properties":{"group":"plow","dataStatus":"reference","color":"#d6e8ff","title":"528 Route G Crossovers and Salem Rest Area","status":"District 5 \u00b7 route G","details":"New Hampshire winter-maintenance plow route. This is the route the state plows, not a live truck.","provider":"NHDOT","sourceUrl":"https://www.nh.gov/dot/","district":5,"plowRoute":"G"}},{"type":"Feature","id":"nh-plow-524","geometry":{"type":"LineString","coordinates":[[-71.78773,43.43838],[-71.76656,43.44297],[-71.74954,43.45041],[-71.74755,43.4599],[-71.74133,43.47029],[-71.72739,43.47126],[-71.69437,43.46526],[-71.72739,43.47126],[-71.74104,43.47036],[-71.74755,43.4599],[-71.74925,43.45066],[-71.76656,43.44297],[-71.80474,43.43564],[-71.85754,43.43853],[-71.86925,43.43077],[-71.85721,43.43856],[-71.80466,43.43541],[-71.78773,43.43838]]},"properties":{"group":"plow","dataStatus":"reference","color":"#d6e8ff","title":"210 Route D Route 11","status":"District 2 \u00b7 route D","details":"New Hampshire winter-maintenance plow route. This is the route the state plows, not a live truck.","provider":"NHDOT","sourceUrl":"https://www.nh.gov/dot/","district":2,"plowRoute":"D"}},{"type":"Feature","id":"nh-plow-525","geometry":{"type":"LineString","coordinates":[[-71.78773,43.43838],[-71.80466,43.43541],[-71.7838,43.42651],[-71.77177,43.41841],[-71.7441,43.39066],[-71.68153,43.36411],[-71.66307,43.33756],[-71.64021,43.32637],[-71.66307,43.33756],[-71.68153,43.36411],[-71.7441,43.39066],[-71.77177,43.41841],[-71.7838,43.42651],[-71.80466,43.43541],[-71.78773,43.43838]]},"properties":{"group":"plow","dataStatus":"reference","color":"#d6e8ff","title":"210 Route A Route 4","status":"District 2 \u00b7 route A","details":"New Hampshire winter-maintenance plow route. This is the route the state plows, not a live truck.","provider":"NHDOT","sourceUrl":"https://www.nh.gov/dot/","district":2,"plowRoute":"A"}},{"type":"Feature","id":"nh-plow-526","geometry":{"type":"LineString","coordinates":[[-71.09773,44.09649],[-71.08195,44.11527]]},"properties":{"group":"plow","dataStatus":"reference","color":"#d6e8ff","title":"JIMs test","status":"District 1 \u00b7 route A","details":"New Hampshire winter-maintenance plow route. This is the route the state plows, not a live truck.","provider":"NHDOT","sourceUrl":"https://www.nh.gov/dot/","district":1,"plowRoute":"A"}},{"type":"Feature","id":"nh-plow-23","geometry":{"type":"LineString","coordinates":[[-71.56965,44.48727],[-71.58015,44.48372],[-71.59037,44.47612],[-71.62305,44.47465],[-71.63282,44.47147],[-71.63564,44.46949],[-71.63537,44.46639],[-71.64622,44.45768],[-71.65317,44.46037],[-71.65149,44.45964],[-71.65541,44.45471],[-71.65834,44.44181],[-71.66367,44.43663],[-71.6755,44.43224],[-71.67544,44.4272],[-71.6755,44.43224],[-71.66367,44.43663],[-71.65846,44.44165],[-71.65541,44.45471],[-71.65149,44.45964],[-71.64593,44.45782],[-71.63525,44.46652],[-71.6338,44.47101],[-71.62305,44.47465],[-71.59037,44.47612],[-71.58015,44.48372],[-71.56965,44.48727],[-71.57066,44.49223],[-71.5761,44.49694],[-71.5683,44.50601],[-71.56989,44.51694],[-71.57462,44.52269],[-71.57355,44.5291],[-71.57153,44.52799],[-71.57355,44.5291],[-71.57462,44.52269],[-71.56989,44.51694],[-71.56865,44.50514],[-71.57639,44.49702],[-71.59485,44.49614],[-71.57646,44.49688],[-71.56976,44.49036],[-71.5689,44.48511],[-71.57263,44.48105],[-71.57248,44.47032],[-71.57791,44.45477],[-71.57862,44.44541],[-71.57791,44.45477],[-71.57248,44.47032],[-71.57319,44.47851],[-71.5689,44.48511],[-71.56965,44.48727]]},"properties":{"group":"plow","dataStatus":"reference","color":"#d6e8ff","title":"107L Route B Dalton (Route 135 West n South)","status":"District 1 \u00b7 route B","details":"New Hampshire winter-maintenance plow route. This is the route the state plows, not a live truck.","provider":"NHDOT","sourceUrl":"https://www.nh.gov/dot/","district":1,"plowRoute":"B"}},{"type":"Feature","id":"nh-plow-49","geometry":{"type":"LineString","coordinates":[[-71.68401,44.05152],[-71.68755,44.03901],[-71.68649,44.03027],[-71.6983,44.03281],[-71.70625,44.02913],[-71.72204,44.02781],[-71.74394,44.01446],[-71.74052,44.01143],[-71.74049,44.00762],[-71.74685,44.00279],[-71.75214,43.99384],[-71.75894,43.99217],[-71.76413,43.98684],[-71.7792,43.9892],[-71.78511,43.98139],[-71.78527,43.97459],[-71.78974,43.97333],[-71.79131,43.9765],[-71.78929,43.97301],[-71.7854,43.97443],[-71.78511,43.98139],[-71.7792,43.9892],[-71.76413,43.98684],[-71.75894,43.99217],[-71.75214,43.99384],[-71.74685,44.00279],[-71.74049,44.00762],[-71.74052,44.01143],[-71.74394,44.01446],[-71.72204,44.02781],[-71.70625,44.02913],[-71.6983,44.03281],[-71.68649,44.03027],[-71.68755,44.03901],[-71.68401,44.05152]]},"properties":{"group":"plow","dataStatus":"reference","color":"#d6e8ff","title":"115 Route D Route 118","status":"District 1 \u00b7 route D","details":"New Hampshire winter-maintenance plow route. This is the route the state plows, not a live truck.","provider":"NHDOT","sourceUrl":"https://www.nh.gov/dot/","district":1,"plowRoute":"D"}},{"type":"Feature","id":"nh-plow-90","geometry":{"type":"LineString","coordinates":[[-71.72208,43.5984],[-71.72137,43.60044],[-71.73642,43.59123],[-71.7401,43.59099],[-71.74417,43.59481],[-71.74762,43.59952],[-71.74137,43.60603],[-71.74178,43.61173],[-71.73751,43.61681],[-71.7445,43.6246],[-71.76616,43.62808],[-71.77681,43.63384],[-71.7788,43.63908],[-71.78397,43.64194],[-71.79083,43.65214],[-71.7927,43.6598],[-71.7901,43.66465],[-71.79416,43.67114],[-71.79296,43.6836],[-71.80675,43.69421],[-71.79296,43.6836],[-71.79416,43.67114],[-71.7901,43.66465],[-71.7927,43.6598],[-71.78985,43.65049],[-71.78397,43.64194],[-71.7788,43.63908],[-71.77681,43.63384],[-71.76616,43.62808],[-71.7776,43.62291],[-71.78771,43.62375],[-71.79269,43.61943],[-71.79289,43.61181],[-71.79899,43.61397],[-71.8064,43.60844],[-71.79899,43.61397],[-71.79289,43.61181],[-71.79269,43.61943],[-71.78762,43.6238],[-71.7776,43.62291],[-71.76208,43.62872],[-71.7445,43.6246],[-71.73751,43.61681],[-71.74178,43.61173],[-71.74137,43.60603],[-71.74764,43.59946],[-71.74067,43.59128],[-71.73627,43.59126],[-71.72137,43.60044],[-71.72127,43.59835]]},"properties":{"group":"plow","dataStatus":"reference","color":"#d6e8ff","title":"206 Route D West Shore Road Mall Rd (Alexandra)","status":"District 2 \u00b7 route D","details":"New Hampshire winter-maintenance plow route. This is the route the state plows, not a live truck.","provider":"NHDOT","sourceUrl":"https://www.nh.gov/dot/","district":2,"plowRoute":"D"}},{"type":"Feature","id":"nh-plow-114","geometry":{"type":"LineString","coordinates":[[-71.99792,43.43557],[-72.00213,43.43401],[-72.00881,43.44066],[-72.00345,43.43738],[-71.99203,43.42071],[-72.01938,43.42739],[-72.04139,43.42231],[-72.05509,43.4291],[-72.06639,43.43172],[-72.05509,43.4291],[-72.04139,43.42231],[-72.01938,43.42739],[-71.99203,43.42071],[-72.002,43.43364],[-71.99792,43.43557]]},"properties":{"group":"plow","dataStatus":"reference","color":"#d6e8ff","title":"214 Route D Newport Main St","status":"District 2 \u00b7 route D","details":"New Hampshire winter-maintenance plow route. This is the route the state plows, not a live truck.","provider":"NHDOT","sourceUrl":"https://www.nh.gov/dot/","district":2,"plowRoute":"D"}},{"type":"Feature","id":"nh-plow-132","geometry":{"type":"LineString","coordinates":[[-71.22394,43.92293],[-71.22485,43.94098],[-71.2082,43.95708],[-71.195,43.96014],[-71.15857,43.95847],[-71.15012,43.96016],[-71.14585,43.96542],[-71.15309,43.95921],[-71.17623,43.95782],[-71.19535,43.96013],[-71.20874,43.95684],[-71.22485,43.94098],[-71.22394,43.92293],[-71.22485,43.94098],[-71.2082,43.95708],[-71.19535,43.96013],[-71.1656,43.9576],[-71.15186,43.95946],[-71.14985,43.96031],[-71.17369,43.95794],[-71.1503,43.96006],[-71.14585,43.96542],[-71.14508,43.96277],[-71.14243,43.9735],[-71.13125,43.97877],[-71.11848,43.97878],[-71.11671,43.97396],[-71.10626,43.96368],[-71.10812,43.96226],[-71.10626,43.96368],[-71.11671,43.97396],[-71.11848,43.97878],[-71.13125,43.97877],[-71.14213,43.97379],[-71.1468,43.96334],[-71.15186,43.95946],[-71.1656,43.9576],[-71.19535,43.96013],[-71.2082,43.95708],[-71.22485,43.94098],[-71.22391,43.92296]]},"properties":{"group":"plow","dataStatus":"reference","color":"#d6e8ff","title":"301 Route A  NH 16 South","status":"District 3 \u00b7 route A","details":"New Hampshire winter-maintenance plow route. This is the route the state plows, not a live truck.","provider":"NHDOT","sourceUrl":"https://www.nh.gov/dot/","district":3,"plowRoute":"A"}},{"type":"Feature","id":"nh-plow-274","geometry":{"type":"LineString","coordinates":[[-71.07501,42.87429],[-71.07704,42.87894],[-71.08124,42.88095],[-71.0902,42.86624],[-71.09185,42.85843],[-71.1032,42.85144],[-71.10769,42.84251],[-71.1078,42.8314],[-71.11419,42.83363],[-71.13818,42.85173],[-71.13951,42.85718],[-71.14914,42.86737],[-71.1599,42.87073],[-71.14914,42.86737],[-71.13951,42.85718],[-71.13818,42.85173],[-71.11419,42.83363],[-71.1078,42.8314],[-71.10287,42.81542],[-71.10443,42.81298],[-71.10929,42.81691],[-71.13409,42.82515],[-71.1467,42.83621],[-71.16448,42.84318],[-71.17454,42.85697],[-71.17339,42.86086],[-71.17401,42.85485],[-71.16448,42.84318],[-71.1467,42.83621],[-71.13409,42.82515],[-71.10929,42.81691],[-71.10443,42.81298],[-71.10267,42.814],[-71.10768,42.82953],[-71.10744,42.8433],[-71.10216,42.85289],[-71.09176,42.85855],[-71.0902,42.86624],[-71.08124,42.88095],[-71.07704,42.87894],[-71.07501,42.87429]]},"properties":{"group":"plow","dataStatus":"reference","color":"#d6e8ff","title":"611  Route B 121 Plastow / East Road","status":"District 6 \u00b7 route B","details":"New Hampshire winter-maintenance plow route. This is the route the state plows, not a live truck.","provider":"NHDOT","sourceUrl":"https://www.nh.gov/dot/","district":6,"plowRoute":"B"}},{"type":"Feature","id":"nh-plow-253","geometry":{"type":"LineString","coordinates":[[-70.99276,43.00847],[-70.97542,43.00056],[-70.95819,43.00315],[-70.93561,42.99915],[-70.92673,42.99249],[-70.93449,42.99903],[-70.94705,43.00201],[-70.93344,42.99832],[-70.92744,42.99226],[-70.92924,42.99067],[-70.92644,42.9913],[-70.91399,42.98071],[-70.90982,42.97882],[-70.92673,42.99249],[-70.91318,42.98022],[-70.89453,42.97078],[-70.8912,42.97113],[-70.91385,42.9809],[-70.92589,42.9942],[-70.93449,42.99903],[-70.95751,43.00331],[-70.97251,43.00173],[-70.99276,43.00847]]},"properties":{"group":"plow","dataStatus":"reference","color":"#d6e8ff","title":"607  Route D 101 Middle Ramps","status":"District 6 \u00b7 route D","details":"New Hampshire winter-maintenance plow route. This is the route the state plows, not a live truck.","provider":"NHDOT","sourceUrl":"https://www.nh.gov/dot/","district":6,"plowRoute":"D"}},{"type":"Feature","id":"nh-plow-327","geometry":{"type":"LineString","coordinates":[[-70.89014,43.22024],[-70.89639,43.21689],[-70.89215,43.21443],[-70.89805,43.20393],[-70.89438,43.19399],[-70.88647,43.18463],[-70.8744,43.18044],[-70.85022,43.15922],[-70.84376,43.14971],[-70.84072,43.13536],[-70.84357,43.14971],[-70.85009,43.15932],[-70.86318,43.1723],[-70.87467,43.18078],[-70.88585,43.18437],[-70.89105,43.18996]]},"properties":{"group":"plow","dataStatus":"reference","color":"#d6e8ff","title":"835 Route E DoverToll (from shed)","status":"District 8 \u00b7 route E","details":"New Hampshire winter-maintenance plow route. This is the route the state plows, not a live truck.","provider":"NHDOT","sourceUrl":"https://www.nh.gov/dot/","district":8,"plowRoute":"E"}},{"type":"Feature","id":"nh-plow-353","geometry":{"type":"LineString","coordinates":[[-72.4768,42.87271],[-72.47433,42.88044],[-72.48717,42.8825],[-72.49126,42.88082],[-72.5003,42.89251],[-72.49126,42.88082],[-72.48717,42.8825],[-72.47433,42.88044],[-72.46961,42.89063],[-72.45989,42.901],[-72.4494,42.89864],[-72.43529,42.909],[-72.4223,42.90636],[-72.41341,42.90974],[-72.4223,42.90636],[-72.43529,42.909],[-72.44872,42.8985],[-72.45989,42.901],[-72.46961,42.89063],[-72.4768,42.87271]]},"properties":{"group":"plow","dataStatus":"reference","color":"#d6e8ff","title":"405 Route C NH 9A, NH 63 (Stage Rd to NH 9), Stage Road","status":"District 4 \u00b7 route C","details":"New Hampshire winter-maintenance plow route. This is the route the state plows, not a live truck.","provider":"NHDOT","sourceUrl":"https://www.nh.gov/dot/","district":4,"plowRoute":"C"}},{"type":"Feature","id":"nh-plow-193","geometry":{"type":"LineString","coordinates":[[-71.51991,43.44465],[-71.55759,43.4497],[-71.56765,43.45505],[-71.58882,43.44217],[-71.59102,43.45722],[-71.58689,43.46601],[-71.5907,43.47767],[-71.58296,43.49012],[-71.58356,43.49218],[-71.59018,43.49391],[-71.59553,43.50063],[-71.59904,43.51599],[-71.59476,43.52211],[-71.6116,43.5174],[-71.61453,43.50562],[-71.62028,43.50009],[-71.63147,43.49731],[-71.6426,43.491],[-71.64966,43.48237],[-71.6426,43.491],[-71.63147,43.49731],[-71.62028,43.50009],[-71.61453,43.50562],[-71.6116,43.5174],[-71.59476,43.52211],[-71.59904,43.51599],[-71.59553,43.50063],[-71.59018,43.49391],[-71.58356,43.49218],[-71.58296,43.49012],[-71.5907,43.47767],[-71.58689,43.46601],[-71.59102,43.45722],[-71.58882,43.44217],[-71.56765,43.45505],[-71.55759,43.4497],[-71.51991,43.44465]]},"properties":{"group":"plow","dataStatus":"reference","color":"#d6e8ff","title":"313 Route D School Street  / Sanborn Road","status":"District 3 \u00b7 route D","details":"New Hampshire winter-maintenance plow route. This is the route the state plows, not a live truck.","provider":"NHDOT","sourceUrl":"https://www.nh.gov/dot/","district":3,"plowRoute":"D"}},{"type":"Feature","id":"nh-plow-311","geometry":{"type":"LineString","coordinates":[[-70.86062,42.95317],[-70.85753,42.95217],[-70.85414,42.96509],[-70.8597,42.96489],[-70.86381,42.961],[-70.8545,42.9581],[-70.85457,42.95327],[-70.85628,42.95611],[-70.85176,42.95587],[-70.85591,42.9593],[-70.89443,42.97079],[-70.86232,42.9612],[-70.86254,42.95961],[-70.86314,42.96256],[-70.85997,42.96471],[-70.85369,42.96371],[-70.85534,42.9653],[-70.85309,42.96885],[-70.8574,42.96975],[-70.8552,42.96896],[-70.85668,42.96645],[-70.86601,42.96255],[-70.89443,42.97079],[-70.85825,42.96005],[-70.85382,42.95733],[-70.85398,42.95334],[-70.85636,42.95557],[-70.85176,42.95587],[-70.85302,42.95752],[-70.86229,42.96257],[-70.85759,42.96497],[-70.85833,42.95365],[-70.86062,42.95317]]},"properties":{"group":"plow","dataStatus":"reference","color":"#d6e8ff","title":"830 Route C Exit 2","status":"District 8 \u00b7 route C","details":"New Hampshire winter-maintenance plow route. This is the route the state plows, not a live truck.","provider":"NHDOT","sourceUrl":"https://www.nh.gov/dot/","district":8,"plowRoute":"C"}},{"type":"Feature","id":"nh-plow-373","geometry":{"type":"LineString","coordinates":[[-71.89013,42.96508],[-71.88811,42.96655],[-71.8776,42.9587],[-71.87131,42.95043],[-71.86296,42.959],[-71.85592,42.96245],[-71.85492,42.96643],[-71.84805,42.97183],[-71.82132,42.97766],[-71.81229,42.98337],[-71.81244,42.98725],[-71.78415,42.98425],[-71.76729,42.99665],[-71.75886,42.99953],[-71.76729,42.99665],[-71.78415,42.98425],[-71.81244,42.98725],[-71.81229,42.98337],[-71.82132,42.97766],[-71.84805,42.97183],[-71.85492,42.96643],[-71.85592,42.96245],[-71.86296,42.959],[-71.87131,42.95043],[-71.8776,42.9587],[-71.88811,42.96655],[-71.89013,42.96508]]},"properties":{"group":"plow","dataStatus":"reference","color":"#d6e8ff","title":"409 Route F NH 136, NH 31 (North) - New Boston T/L","status":"District 4 \u00b7 route F","details":"New Hampshire winter-maintenance plow route. This is the route the state plows, not a live truck.","provider":"NHDOT","sourceUrl":"https://www.nh.gov/dot/","district":4,"plowRoute":"F"}},{"type":"Feature","id":"nh-plow-393","geometry":{"type":"LineString","coordinates":[[-72.08338,42.77447],[-72.06788,42.76847],[-72.05276,42.76706],[-72.03817,42.76238],[-72.03304,42.77389],[-72.03373,42.7931],[-72.02874,42.80098],[-72.02838,42.81127],[-72.01648,42.81774],[-72.00424,42.81717],[-71.98553,42.83822],[-71.97728,42.83666],[-71.96985,42.83844],[-71.96515,42.84566],[-71.96262,42.85946],[-71.95093,42.87026],[-71.96262,42.85946],[-71.96515,42.84566],[-71.96985,42.83844],[-71.97728,42.83666],[-71.98553,42.83822],[-72.00424,42.81717],[-72.01648,42.81774],[-72.02838,42.81127],[-72.02874,42.80098],[-72.03373,42.7931],[-72.03304,42.77389],[-72.03817,42.76238],[-72.05276,42.76706],[-72.06788,42.76847],[-72.08338,42.77447]]},"properties":{"group":"plow","dataStatus":"reference","color":"#d6e8ff","title":"413 Route B US 202, NH119 to NH 101","status":"District 4 \u00b7 route B","details":"New Hampshire winter-maintenance plow route. This is the route the state plows, not a live truck.","provider":"NHDOT","sourceUrl":"https://www.nh.gov/dot/","district":4,"plowRoute":"B"}},{"type":"Feature","id":"nh-plow-431","geometry":{"type":"MultiLineString","coordinates":[[[-71.44889,43.01824],[-71.43684,43.03048],[-71.43319,43.03776],[-71.43638,43.0487],[-71.44426,43.06212],[-71.43638,43.0487],[-71.43319,43.03776],[-71.43684,43.03048],[-71.44889,43.01824],[-71.43684,43.03048],[-71.43318,43.03786],[-71.43638,43.0487],[-71.44426,43.06212],[-71.44805,43.06159],[-71.44426,43.06212],[-71.43638,43.0487],[-71.43318,43.03786],[-71.43684,43.03048],[-71.44889,43.01824]],[[-71.44793,43.06049],[-71.44426,43.06212],[-71.43638,43.0487],[-71.43318,43.03786],[-71.43684,43.03048],[-71.44889,43.01824],[-71.43684,43.03048],[-71.43318,43.03786],[-71.43638,43.0487],[-71.44426,43.06212],[-71.44793,43.06049]]]},"properties":{"group":"plow","dataStatus":"reference","color":"#d6e8ff","title":"508 Route B South NH  Route 3 to Manchester C/L","status":"District 5 \u00b7 route B","details":"New Hampshire winter-maintenance plow route. This is the route the state plows, not a live truck.","provider":"NHDOT","sourceUrl":"https://www.nh.gov/dot/","district":5,"plowRoute":"B"}},{"type":"Feature","id":"nh-plow-391","geometry":{"type":"LineString","coordinates":[[-72.16791,42.90988],[-72.17228,42.91057],[-72.17945,42.90617],[-72.19628,42.90645],[-72.20585,42.90323],[-72.20649,42.88796],[-72.20224,42.88399],[-72.18648,42.87806],[-72.1789,42.87073],[-72.15271,42.85773],[-72.13131,42.83764],[-72.12002,42.83741],[-72.10968,42.83003],[-72.06082,42.82853],[-72.06462,42.83607],[-72.07737,42.84542],[-72.08722,42.84547],[-72.07567,42.84495],[-72.06326,42.83463],[-72.06082,42.82853],[-72.10968,42.83003],[-72.12002,42.83741],[-72.13131,42.83764],[-72.15271,42.85773],[-72.1789,42.87073],[-72.18648,42.87806],[-72.20224,42.88399],[-72.20649,42.88796],[-72.20585,42.90323],[-72.19628,42.90645],[-72.17945,42.90617],[-72.17228,42.91057],[-72.16791,42.90988]]},"properties":{"group":"plow","dataStatus":"reference","color":"#d6e8ff","title":"412 Route E NH 124","status":"District 4 \u00b7 route E","details":"New Hampshire winter-maintenance plow route. This is the route the state plows, not a live truck.","provider":"NHDOT","sourceUrl":"https://www.nh.gov/dot/","district":4,"plowRoute":"E"}},{"type":"Feature","id":"nh-plow-392","geometry":{"type":"LineString","coordinates":[[-72.08338,42.77447],[-72.06788,42.76847],[-72.05276,42.76706],[-72.03817,42.76238],[-72.03995,42.75223],[-72.03703,42.74103],[-72.01573,42.71435],[-72.03703,42.74103],[-72.03995,42.75223],[-72.03817,42.76238],[-72.05276,42.76706],[-72.06788,42.76847],[-72.08338,42.77447]]},"properties":{"group":"plow","dataStatus":"reference","color":"#d6e8ff","title":"413 Route A US 202, MA S/T to NH 119","status":"District 4 \u00b7 route A","details":"New Hampshire winter-maintenance plow route. This is the route the state plows, not a live truck.","provider":"NHDOT","sourceUrl":"https://www.nh.gov/dot/","district":4,"plowRoute":"A"}},{"type":"Feature","id":"nh-plow-394","geometry":{"type":"LineString","coordinates":[[-72.08338,42.77447],[-72.10478,42.7769],[-72.1162,42.78065],[-72.14448,42.78075],[-72.15145,42.77286],[-72.15129,42.76499],[-72.18256,42.76323],[-72.18575,42.76006],[-72.19996,42.76026],[-72.2211,42.75574],[-72.22483,42.75306],[-72.24298,42.76059],[-72.25439,42.75573],[-72.27177,42.75458],[-72.27,42.7374],[-72.26255,42.72109],[-72.26996,42.73721],[-72.27177,42.75458],[-72.25439,42.75573],[-72.24298,42.76059],[-72.22483,42.75306],[-72.2211,42.75574],[-72.19996,42.76026],[-72.18575,42.76006],[-72.18256,42.76323],[-72.15129,42.76499],[-72.15145,42.77286],[-72.14448,42.78075],[-72.1162,42.78065],[-72.10478,42.7769],[-72.08338,42.77447]]},"properties":{"group":"plow","dataStatus":"reference","color":"#d6e8ff","title":"413 Route C NH 119, NH 32 to NH 12","status":"District 4 \u00b7 route C","details":"New Hampshire winter-maintenance plow route. This is the route the state plows, not a live truck.","provider":"NHDOT","sourceUrl":"https://www.nh.gov/dot/","district":4,"plowRoute":"C"}},{"type":"Feature","id":"nh-plow-395","geometry":{"type":"LineString","coordinates":[[-72.08338,42.77447],[-72.06788,42.76847],[-72.01189,42.75926],[-71.99059,42.74709],[-71.98066,42.73807],[-71.96807,42.73566],[-71.95007,42.72779],[-71.92861,42.71212],[-71.95007,42.72779],[-71.96807,42.73566],[-71.98066,42.73807],[-71.99059,42.74709],[-72.01189,42.75926],[-72.06788,42.76847],[-72.08338,42.77447]]},"properties":{"group":"plow","dataStatus":"reference","color":"#d6e8ff","title":"413 Route D NH 119, NH12 to MA S/L","status":"District 4 \u00b7 route D","details":"New Hampshire winter-maintenance plow route. This is the route the state plows, not a live truck.","provider":"NHDOT","sourceUrl":"https://www.nh.gov/dot/","district":4,"plowRoute":"D"}},{"type":"Feature","id":"nh-plow-396","geometry":{"type":"LineString","coordinates":[[-72.08338,42.77447],[-72.06788,42.76847],[-72.05276,42.76706],[-72.03817,42.76238],[-72.03444,42.76835],[-72.03363,42.79364],[-72.02874,42.80098],[-72.02858,42.81098],[-72.0231,42.81597],[-72.02552,42.82855],[-72.02353,42.84786],[-72.01198,42.85859],[-72.02266,42.87403],[-72.01925,42.88315],[-72.02367,42.89299],[-72.02393,42.90135],[-72.02367,42.89299],[-72.01925,42.88315],[-72.02266,42.87403],[-72.01198,42.85859],[-72.02353,42.84786],[-72.02552,42.82855],[-72.0231,42.81597],[-72.02858,42.81098],[-72.02874,42.80098],[-72.03363,42.79364],[-72.03444,42.76835],[-72.03817,42.76238],[-72.05276,42.76706],[-72.06788,42.76847],[-72.08338,42.77447]]},"properties":{"group":"plow","dataStatus":"reference","color":"#d6e8ff","title":"413 Route E NH 137, NH 202 - NH 101","status":"District 4 \u00b7 route E","details":"New Hampshire winter-maintenance plow route. This is the route the state plows, not a live truck.","provider":"NHDOT","sourceUrl":"https://www.nh.gov/dot/","district":4,"plowRoute":"E"}},{"type":"Feature","id":"nh-plow-397","geometry":{"type":"LineString","coordinates":[[-71.85863,42.84317],[-71.89156,42.85126],[-71.91174,42.85188],[-71.92732,42.86315],[-71.94617,42.86542],[-71.95046,42.86999],[-71.96168,42.87522],[-71.95046,42.86999],[-71.94617,42.86542],[-71.92732,42.86315],[-71.91174,42.85188],[-71.89156,42.85126],[-71.87549,42.84604],[-71.85277,42.84241],[-71.85863,42.84317]]},"properties":{"group":"plow","dataStatus":"reference","color":"#d6e8ff","title":"414 Route A NH 101, Peterborough Roundabout to NH45","status":"District 4 \u00b7 route A","details":"New Hampshire winter-maintenance plow route. This is the route the state plows, not a live truck.","provider":"NHDOT","sourceUrl":"https://www.nh.gov/dot/","district":4,"plowRoute":"A"}},{"type":"Feature","id":"nh-plow-398","geometry":{"type":"LineString","coordinates":[[-71.85863,42.84317],[-71.84722,42.84049],[-71.83886,42.84189],[-71.82298,42.83632],[-71.81175,42.83662],[-71.79661,42.83038],[-71.7787,42.82972],[-71.7643,42.82342],[-71.75302,42.82587],[-71.7494,42.8377],[-71.74023,42.84133],[-71.7494,42.8377],[-71.75302,42.82587],[-71.7643,42.82342],[-71.7787,42.82972],[-71.79661,42.83038],[-71.81175,42.83662],[-71.82298,42.83632],[-71.83886,42.84189],[-71.84722,42.84049],[-71.85863,42.84317]]},"properties":{"group":"plow","dataStatus":"reference","color":"#d6e8ff","title":"414 Route B NH 101, NH 45 to MIlford T/L","status":"District 4 \u00b7 route B","details":"New Hampshire winter-maintenance plow route. This is the route the state plows, not a live truck.","provider":"NHDOT","sourceUrl":"https://www.nh.gov/dot/","district":4,"plowRoute":"B"}},{"type":"Feature","id":"nh-plow-399","geometry":{"type":"LineString","coordinates":[[-71.85863,42.84317],[-71.84722,42.84049],[-71.83886,42.84189],[-71.82298,42.83632],[-71.81175,42.83662],[-71.79689,42.83043],[-71.77859,42.82969],[-71.76393,42.82342],[-71.75285,42.82599],[-71.74952,42.83756],[-71.74023,42.84133],[-71.73853,42.84466],[-71.76334,42.85391],[-71.78356,42.87985],[-71.7908,42.88443],[-71.79218,42.89306],[-71.78929,42.90014],[-71.78617,42.90339],[-71.78218,42.90218],[-71.77651,42.90581],[-71.77639,42.90811],[-71.77117,42.90906],[-71.76628,42.90652],[-71.77408,42.90886],[-71.78207,42.90224],[-71.786,42.90346],[-71.78929,42.90014],[-71.79218,42.89306],[-71.7908,42.88443],[-71.78356,42.87985],[-71.76334,42.85391],[-71.73854,42.84472],[-71.74023,42.84133],[-71.74952,42.83756],[-71.75285,42.82599],[-71.7655,42.82352],[-71.7787,42.82972],[-71.79661,42.83038],[-71.81175,42.83662],[-71.82298,42.83632],[-71.83886,42.84189],[-71.84722,42.84049],[-71.85863,42.84317]]},"properties":{"group":"plow","dataStatus":"reference","color":"#d6e8ff","title":"414 Route C Center Road, NH 31 to Meeting House","status":"District 4 \u00b7 route C","details":"New Hampshire winter-maintenance plow route. This is the route the state plows, not a live truck.","provider":"NHDOT","sourceUrl":"https://www.nh.gov/dot/","district":4,"plowRoute":"C"}},{"type":"Feature","id":"nh-plow-400","geometry":{"type":"LineString","coordinates":[[-71.85863,42.84317],[-71.85277,42.84241],[-71.85145,42.83559],[-71.8538,42.82621],[-71.84992,42.81483],[-71.83935,42.80338],[-71.82531,42.7818],[-71.81583,42.77085],[-71.81294,42.77066],[-71.81583,42.77085],[-71.82531,42.7818],[-71.85156,42.81859],[-71.8453,42.81916],[-71.83197,42.81415],[-71.81426,42.82682],[-71.79901,42.83096],[-71.81426,42.82682],[-71.8322,42.81413],[-71.84509,42.81911],[-71.85146,42.81895],[-71.8538,42.8263],[-71.85145,42.83559],[-71.85277,42.84241],[-71.85863,42.84317]]},"properties":{"group":"plow","dataStatus":"reference","color":"#d6e8ff","title":"414 Route D NH45 and General Miller Highway","status":"District 4 \u00b7 route D","details":"New Hampshire winter-maintenance plow route. This is the route the state plows, not a live truck.","provider":"NHDOT","sourceUrl":"https://www.nh.gov/dot/","district":4,"plowRoute":"D"}},{"type":"Feature","id":"nh-plow-401","geometry":{"type":"LineString","coordinates":[[-71.85863,42.84317],[-71.89156,42.85126],[-71.91159,42.85184],[-71.92696,42.86296],[-71.93446,42.8647],[-71.9296,42.83331],[-71.91395,42.81164],[-71.91311,42.79503],[-71.90509,42.78102],[-71.91282,42.7942],[-71.91473,42.80264],[-71.92041,42.80492],[-71.93465,42.80522],[-71.9455,42.81273],[-71.95899,42.81613],[-71.95868,42.82056],[-71.96979,42.82197],[-71.96656,42.82932],[-71.96133,42.82966],[-71.95756,42.8327],[-71.96417,42.84115],[-71.96379,42.85462],[-71.96417,42.84115],[-71.95756,42.8327],[-71.96133,42.82966],[-71.96656,42.82932],[-71.96972,42.82185],[-71.95868,42.82056],[-71.95899,42.81613],[-71.9455,42.81273],[-71.93465,42.80522],[-71.92041,42.80492],[-71.91473,42.80264],[-71.91395,42.81164],[-71.92811,42.82993],[-71.93161,42.83936],[-71.93112,42.84956],[-71.93446,42.8647],[-71.92696,42.86296],[-71.91159,42.85184],[-71.89156,42.85126],[-71.85863,42.84317]]},"properties":{"group":"plow","dataStatus":"reference","color":"#d6e8ff","title":"414 Route E NH123 and Jarmany Hill,/Spring/Sharon Road","status":"District 4 \u00b7 route E","details":"New Hampshire winter-maintenance plow route. This is the route the state plows, not a live truck.","provider":"NHDOT","sourceUrl":"https://www.nh.gov/dot/","district":4,"plowRoute":"E"}},{"type":"Feature","id":"nh-plow-402","geometry":{"type":"LineString","coordinates":[[-71.80262,42.7529],[-71.78673,42.72828],[-71.7847,42.70843],[-71.78628,42.72797],[-71.79652,42.74087],[-71.79672,42.74609],[-71.80174,42.75347],[-71.80575,42.77617],[-71.80886,42.7812],[-71.80328,42.78476],[-71.80022,42.79011],[-71.78838,42.79311],[-71.78066,42.80214],[-71.78058,42.80873],[-71.7643,42.82342],[-71.78058,42.80873],[-71.78066,42.80214],[-71.78838,42.79311],[-71.80022,42.79011],[-71.80347,42.78457],[-71.80868,42.7817],[-71.80569,42.77594],[-71.80262,42.7529]]},"properties":{"group":"plow","dataStatus":"reference","color":"#d6e8ff","title":"415 Route A NH 31, MA S/L to NH 101","status":"District 4 \u00b7 route A","details":"New Hampshire winter-maintenance plow route. This is the route the state plows, not a live truck.","provider":"NHDOT","sourceUrl":"https://www.nh.gov/dot/","district":4,"plowRoute":"A"}},{"type":"Feature","id":"nh-plow-403","geometry":{"type":"LineString","coordinates":[[-71.80262,42.7529],[-71.80243,42.75732],[-71.80673,42.75945],[-71.81294,42.77066],[-71.80673,42.75945],[-71.80243,42.75732],[-71.80174,42.75347],[-71.79368,42.75414],[-71.78187,42.73997],[-71.7749,42.7435],[-71.76858,42.74348],[-71.76511,42.74015],[-71.76496,42.73362],[-71.7593,42.71809],[-71.75057,42.70751],[-71.7593,42.71809],[-71.76499,42.73373],[-71.76498,42.73994],[-71.76848,42.74342],[-71.7752,42.74347],[-71.78154,42.73983],[-71.79368,42.75414],[-71.80262,42.7529]]},"properties":{"group":"plow","dataStatus":"reference","color":"#d6e8ff","title":"415 Route B NH 123, MA S/L to NH 45","status":"District 4 \u00b7 route B","details":"New Hampshire winter-maintenance plow route. This is the route the state plows, not a live truck.","provider":"NHDOT","sourceUrl":"https://www.nh.gov/dot/","district":4,"plowRoute":"B"}},{"type":"Feature","id":"nh-plow-404","geometry":{"type":"LineString","coordinates":[[-71.80262,42.7529],[-71.80243,42.75732],[-71.80637,42.75902],[-71.81176,42.76682],[-71.82143,42.76454],[-71.82752,42.75016],[-71.82143,42.76454],[-71.81176,42.76682],[-71.80637,42.75902],[-71.80243,42.75732],[-71.80262,42.7529]]},"properties":{"group":"plow","dataStatus":"reference","color":"#d6e8ff","title":"415 Route C NH 123, NH 45 to NH 124","status":"District 4 \u00b7 route C","details":"New Hampshire winter-maintenance plow route. This is the route the state plows, not a live truck.","provider":"NHDOT","sourceUrl":"https://www.nh.gov/dot/","district":4,"plowRoute":"C"}},{"type":"Feature","id":"nh-plow-405","geometry":{"type":"LineString","coordinates":[[-71.80262,42.7529],[-71.80243,42.75732],[-71.80637,42.75902],[-71.81176,42.76682],[-71.82143,42.76454],[-71.82752,42.75016],[-71.83598,42.75575],[-71.85395,42.75825],[-71.83312,42.75433],[-71.79626,42.72197],[-71.77125,42.70806],[-71.79626,42.72197],[-71.82752,42.75016],[-71.82159,42.76435],[-71.81575,42.76637],[-71.80984,42.76615],[-71.80637,42.75902],[-71.80243,42.75732],[-71.80262,42.7529]]},"properties":{"group":"plow","dataStatus":"reference","color":"#d6e8ff","title":"415 Route D NH 123, NH 45 to NH 124","status":"District 4 \u00b7 route D","details":"New Hampshire winter-maintenance plow route. This is the route the state plows, not a live truck.","provider":"NHDOT","sourceUrl":"https://www.nh.gov/dot/","district":4,"plowRoute":"D"}},{"type":"Feature","id":"nh-plow-406","geometry":{"type":"LineString","coordinates":[[-71.80262,42.7529],[-71.80243,42.75732],[-71.80637,42.75902],[-71.81176,42.76682],[-71.82143,42.76454],[-71.82752,42.75016],[-71.83598,42.75575],[-71.85395,42.75825],[-71.85609,42.75453],[-71.85394,42.74801],[-71.86558,42.74326],[-71.84954,42.72826],[-71.85383,42.72517],[-71.85979,42.71035],[-71.85383,42.72517],[-71.84954,42.72826],[-71.86558,42.74326],[-71.85394,42.74801],[-71.85609,42.75453],[-71.85395,42.75825],[-71.83598,42.75575],[-71.82752,42.75016],[-71.82143,42.76454],[-71.81176,42.76682],[-71.80637,42.75902],[-71.80243,42.75732],[-71.80262,42.7529]]},"properties":{"group":"plow","dataStatus":"reference","color":"#d6e8ff","title":"415 Route E NH 123A","status":"District 4 \u00b7 route E","details":"New Hampshire winter-maintenance plow route. This is the route the state plows, not a live truck.","provider":"NHDOT","sourceUrl":"https://www.nh.gov/dot/","district":4,"plowRoute":"E"}},{"type":"Feature","id":"nh-plow-407","geometry":{"type":"LineString","coordinates":[[-71.80262,42.7529],[-71.80243,42.75732],[-71.80637,42.75902],[-71.81176,42.76682],[-71.82143,42.76454],[-71.82752,42.75016],[-71.8368,42.75596],[-71.89145,42.76332],[-71.90509,42.78102],[-71.94526,42.79093],[-71.96009,42.79222],[-71.96769,42.79635],[-71.98668,42.80017],[-71.99842,42.8079],[-72.0223,42.81426],[-71.99842,42.8079],[-71.98668,42.80017],[-71.96769,42.79635],[-71.96009,42.79222],[-71.94526,42.79093],[-71.90509,42.78102],[-71.89145,42.76332],[-71.8368,42.75596],[-71.82752,42.75016],[-71.82143,42.76454],[-71.81177,42.7666],[-71.80637,42.75902],[-71.80243,42.75732],[-71.80262,42.7529]]},"properties":{"group":"plow","dataStatus":"reference","color":"#d6e8ff","title":"415 Route F NH 124, BH123A to US 202","status":"District 4 \u00b7 route F","details":"New Hampshire winter-maintenance plow route. This is the route the state plows, not a live truck.","provider":"NHDOT","sourceUrl":"https://www.nh.gov/dot/","district":4,"plowRoute":"F"}},{"type":"Feature","id":"nh-plow-408","geometry":{"type":"LineString","coordinates":[[-71.37742,43.25124],[-71.36984,43.24671],[-71.3627,43.23736],[-71.36094,43.22768],[-71.34584,43.22523],[-71.36973,43.19867],[-71.3874,43.20276],[-71.36973,43.19867],[-71.34584,43.22523],[-71.36014,43.22798],[-71.36235,43.2368],[-71.37388,43.2513],[-71.37242,43.258],[-71.38152,43.25052],[-71.38585,43.25194],[-71.3884,43.24596],[-71.39975,43.24926],[-71.40438,43.24391],[-71.39975,43.24926],[-71.38847,43.24593],[-71.38585,43.25194],[-71.38152,43.25052],[-71.37272,43.25747],[-71.37392,43.25144],[-71.36984,43.24671],[-71.37742,43.25124]]},"properties":{"group":"plow","dataStatus":"reference","color":"#d6e8ff","title":"503 Route A Main Street Black Hall and Shorrt Falls","status":"District 5 \u00b7 route A","details":"New Hampshire winter-maintenance plow route. This is the route the state plows, not a live truck.","provider":"NHDOT","sourceUrl":"https://www.nh.gov/dot/","district":5,"plowRoute":"A"}},{"type":"Feature","id":"nh-plow-409","geometry":{"type":"MultiLineString","coordinates":[[[-71.36081,43.22816],[-71.36235,43.2368],[-71.37277,43.24984]],[[-71.3722,43.24921],[-71.37399,43.25258],[-71.36844,43.27289],[-71.34935,43.29826],[-71.32895,43.31244],[-71.30664,43.31754],[-71.30459,43.32618],[-71.29662,43.33728],[-71.26744,43.34456],[-71.29698,43.33707],[-71.30459,43.32618],[-71.30648,43.31767],[-71.33045,43.31167],[-71.34912,43.29846],[-71.3596,43.28663],[-71.36825,43.27328],[-71.37131,43.26411],[-71.37402,43.25191],[-71.36984,43.24671],[-71.37742,43.25124],[-71.36984,43.24671],[-71.36288,43.23762],[-71.361,43.22812]]]},"properties":{"group":"plow","dataStatus":"reference","color":"#d6e8ff","title":"503 Route B NH Route 28","status":"District 5 \u00b7 route B","details":"New Hampshire winter-maintenance plow route. This is the route the state plows, not a live truck.","provider":"NHDOT","sourceUrl":"https://www.nh.gov/dot/","district":5,"plowRoute":"B"}},{"type":"Feature","id":"nh-plow-410","geometry":{"type":"LineString","coordinates":[[-71.37742,43.25124],[-71.36715,43.24356],[-71.36203,43.23618],[-71.36054,43.22832],[-71.38315,43.23413],[-71.41825,43.24842],[-71.45391,43.24266],[-71.46817,43.23313],[-71.47142,43.23313],[-71.46817,43.23313],[-71.45391,43.24266],[-71.41802,43.24841],[-71.3834,43.23422],[-71.36066,43.22755],[-71.32816,43.22183],[-71.31109,43.22509],[-71.29184,43.22135],[-71.31109,43.22509],[-71.32816,43.22183],[-71.35935,43.22753],[-71.36744,43.24394],[-71.37742,43.25124]]},"properties":{"group":"plow","dataStatus":"reference","color":"#d6e8ff","title":"503 Route C NH Route 4","status":"District 5 \u00b7 route C","details":"New Hampshire winter-maintenance plow route. This is the route the state plows, not a live truck.","provider":"NHDOT","sourceUrl":"https://www.nh.gov/dot/","district":5,"plowRoute":"C"}},{"type":"Feature","id":"nh-plow-411","geometry":{"type":"LineString","coordinates":[[-71.66523,43.14325],[-71.6866,43.13722],[-71.70745,43.1379],[-71.71675,43.13325],[-71.72692,43.11836],[-71.74197,43.11323],[-71.74455,43.11034],[-71.75227,43.11089],[-71.75919,43.11918],[-71.76129,43.1329],[-71.77572,43.16105],[-71.80042,43.17342],[-71.81408,43.17198],[-71.82094,43.17469],[-71.82236,43.17967],[-71.81559,43.17868],[-71.82236,43.17967],[-71.82825,43.18967],[-71.82094,43.17469],[-71.81408,43.17198],[-71.80042,43.17342],[-71.77572,43.16105],[-71.76129,43.1329],[-71.75919,43.11918],[-71.75227,43.11089],[-71.74455,43.11034],[-71.74197,43.11323],[-71.72692,43.11836],[-71.71675,43.13325],[-71.70745,43.1379],[-71.6866,43.13722],[-71.66523,43.14325]]},"properties":{"group":"plow","dataStatus":"reference","color":"#d6e8ff","title":"504 Route A Routes 114 North & 77","status":"District 5 \u00b7 route A","details":"New Hampshire winter-maintenance plow route. This is the route the state plows, not a live truck.","provider":"NHDOT","sourceUrl":"https://www.nh.gov/dot/","district":5,"plowRoute":"A"}},{"type":"Feature","id":"nh-plow-412","geometry":{"type":"LineString","coordinates":[[-71.81559,43.17868],[-71.82236,43.17967],[-71.82113,43.17483],[-71.81588,43.1724],[-71.80042,43.17342],[-71.77527,43.16055],[-71.76129,43.1329],[-71.76093,43.12496],[-71.75649,43.11432],[-71.73092,43.09631],[-71.71414,43.05475],[-71.71918,43.05379],[-71.73112,43.04576],[-71.73858,43.05144],[-71.75865,43.06042],[-71.76919,43.05912],[-71.77195,43.05649],[-71.78626,43.06446],[-71.7928,43.06275],[-71.78626,43.06446],[-71.77195,43.05649],[-71.76919,43.05912],[-71.75865,43.06042],[-71.73858,43.05144],[-71.73112,43.04576],[-71.71918,43.05379],[-71.71414,43.05475],[-71.73033,43.09538],[-71.73685,43.10143],[-71.73033,43.09538],[-71.71414,43.05475],[-71.71918,43.05379],[-71.73112,43.04576],[-71.73858,43.05144],[-71.75865,43.06042],[-71.76919,43.05912],[-71.77195,43.05649],[-71.78626,43.06446],[-71.7928,43.06275],[-71.78626,43.06446],[-71.77195,43.05649],[-71.76919,43.05912],[-71.75865,43.06042],[-71.73858,43.05144],[-71.73112,43.04576],[-71.71918,43.05379],[-71.71414,43.05475],[-71.73092,43.09631],[-71.75649,43.11432],[-71.76093,43.12496],[-71.76129,43.1329],[-71.77527,43.16055],[-71.80042,43.17342],[-71.81588,43.1724],[-71.82113,43.17483],[-71.82236,43.17967],[-71.81559,43.17868]]},"properties":{"group":"plow","dataStatus":"reference","color":"#d6e8ff","title":"504 Route B Route 114 South and Route 149","status":"District 5 \u00b7 route B","details":"New Hampshire winter-maintenance plow route. This is the route the state plows, not a live truck.","provider":"NHDOT","sourceUrl":"https://www.nh.gov/dot/","district":5,"plowRoute":"B"}},{"type":"Feature","id":"nh-plow-413","geometry":{"type":"LineString","coordinates":[[-71.81559,43.17868],[-71.82236,43.17967],[-71.82825,43.18967],[-71.82634,43.18626],[-71.82341,43.18969],[-71.81433,43.19071],[-71.80072,43.18541],[-71.74765,43.17826],[-71.73924,43.18026],[-71.74795,43.17829],[-71.80072,43.18541],[-71.81433,43.19071],[-71.82456,43.18956],[-71.83201,43.18488],[-71.8228,43.18986],[-71.81113,43.18996],[-71.82825,43.18967],[-71.83201,43.18488],[-71.82634,43.18626],[-71.82341,43.18969],[-71.81433,43.19071],[-71.80072,43.18541],[-71.74765,43.17826],[-71.73924,43.18026],[-71.74795,43.17829],[-71.80143,43.18553],[-71.81337,43.19061],[-71.82324,43.18974],[-71.85072,43.17139],[-71.8634,43.15292],[-71.8759,43.14499],[-71.88195,43.13681],[-71.88028,43.13518],[-71.87654,43.14436],[-71.8634,43.15292],[-71.85114,43.17099],[-71.83654,43.18223],[-71.82696,43.18724],[-71.82236,43.17967],[-71.81559,43.17868]]},"properties":{"group":"plow","dataStatus":"reference","color":"#d6e8ff","title":"504 Route C Route 202 and 9 Henniker and Ramps","status":"District 5 \u00b7 route D","details":"New Hampshire winter-maintenance plow route. This is the route the state plows, not a live truck.","provider":"NHDOT","sourceUrl":"https://www.nh.gov/dot/","district":5,"plowRoute":"D"}},{"type":"Feature","id":"nh-plow-414","geometry":{"type":"LineString","coordinates":[[-71.81559,43.17868],[-71.82236,43.17967],[-71.82638,43.18756],[-71.81363,43.19065],[-71.80107,43.18546],[-71.74765,43.17826],[-71.7358,43.18067],[-71.72485,43.17657],[-71.7078,43.17969],[-71.69139,43.17756],[-71.67748,43.19187],[-71.65859,43.18661],[-71.65446,43.18752],[-71.67748,43.19187],[-71.69457,43.17726],[-71.7078,43.17969],[-71.72485,43.17657],[-71.7358,43.18067],[-71.74591,43.17827],[-71.75495,43.17915],[-71.74591,43.17827],[-71.7358,43.18067],[-71.72485,43.17657],[-71.70744,43.17969],[-71.69621,43.17697],[-71.6909,43.1778],[-71.67768,43.19183],[-71.65859,43.18661],[-71.65446,43.18752],[-71.67748,43.19187],[-71.69457,43.17726],[-71.7078,43.17969],[-71.72485,43.17657],[-71.7358,43.18067],[-71.74765,43.17826],[-71.80107,43.18546],[-71.81363,43.19065],[-71.8276,43.18831],[-71.82236,43.17967],[-71.81559,43.17868]]},"properties":{"group":"plow","dataStatus":"reference","color":"#d6e8ff","title":"504 Route D Route 202 and 9 Hopkinton","status":"District 5 \u00b7 route E","details":"New Hampshire winter-maintenance plow route. This is the route the state plows, not a live truck.","provider":"NHDOT","sourceUrl":"https://www.nh.gov/dot/","district":5,"plowRoute":"E"}},{"type":"Feature","id":"nh-plow-415","geometry":{"type":"LineString","coordinates":[[-71.81559,43.17868],[-71.82236,43.17967],[-71.82638,43.18756],[-71.81363,43.19065],[-71.80179,43.1856],[-71.75495,43.17915],[-71.74928,43.18812],[-71.74643,43.1891],[-71.74793,43.19233],[-71.72597,43.19345],[-71.72032,43.19809],[-71.7084,43.20198],[-71.70719,43.21106],[-71.71342,43.22247],[-71.69835,43.21862],[-71.67455,43.19156],[-71.66933,43.1902],[-71.67455,43.19156],[-71.69835,43.21862],[-71.7145,43.22327],[-71.70855,43.22147],[-71.7145,43.22327],[-71.70719,43.21106],[-71.7084,43.20198],[-71.72032,43.19809],[-71.72597,43.19345],[-71.74793,43.19233],[-71.74643,43.1891],[-71.74928,43.18812],[-71.75495,43.17915],[-71.74928,43.18812],[-71.74643,43.1891],[-71.74793,43.19233],[-71.72597,43.19345],[-71.72032,43.19809],[-71.7084,43.20198],[-71.70719,43.21106],[-71.71342,43.22247],[-71.69835,43.21862],[-71.67455,43.19156],[-71.66933,43.1902],[-71.67455,43.19156],[-71.69835,43.21862],[-71.71342,43.22247],[-71.70719,43.21106],[-71.7084,43.20198],[-71.72032,43.19809],[-71.72597,43.19345],[-71.74793,43.19233],[-71.74643,43.1891],[-71.74928,43.18812],[-71.75495,43.17915],[-71.80179,43.1856],[-71.81363,43.19065],[-71.8276,43.18831],[-71.82236,43.17967],[-71.81559,43.17868]]},"properties":{"group":"plow","dataStatus":"reference","color":"#d6e8ff","title":"504 Route E Route 127 and Route 103","status":"District 5 \u00b7 route F","details":"New Hampshire winter-maintenance plow route. This is the route the state plows, not a live truck.","provider":"NHDOT","sourceUrl":"https://www.nh.gov/dot/","district":5,"plowRoute":"F"}},{"type":"Feature","id":"nh-plow-416","geometry":{"type":"LineString","coordinates":[[-71.48988,43.13665],[-71.48211,43.12838],[-71.47444,43.10979],[-71.46697,43.09942],[-71.46813,43.08057],[-71.4708,43.0732],[-71.45923,43.05079],[-71.46753,43.04178],[-71.48274,43.03384],[-71.48483,43.02918],[-71.48082,43.01997],[-71.48483,43.02918],[-71.48274,43.03384],[-71.46753,43.04178],[-71.45923,43.05079],[-71.4708,43.0732],[-71.46813,43.08057],[-71.46697,43.09942],[-71.47444,43.10979],[-71.48211,43.12838],[-71.48988,43.13665]]},"properties":{"group":"plow","dataStatus":"reference","color":"#d6e8ff","title":"505 Route A 3A Manchester","status":"District 5 \u00b7 route A","details":"New Hampshire winter-maintenance plow route. This is the route the state plows, not a live truck.","provider":"NHDOT","sourceUrl":"https://www.nh.gov/dot/","district":5,"plowRoute":"A"}},{"type":"Feature","id":"nh-plow-417","geometry":{"type":"LineString","coordinates":[[-71.48988,43.13665],[-71.49773,43.15148],[-71.52373,43.16827],[-71.5297,43.17615],[-71.52373,43.16827],[-71.49748,43.1512],[-71.48204,43.12827],[-71.47439,43.10969],[-71.48204,43.12827],[-71.48988,43.13665]]},"properties":{"group":"plow","dataStatus":"reference","color":"#d6e8ff","title":"505 Route B Route 3A North","status":"District 5 \u00b7 route B","details":"New Hampshire winter-maintenance plow route. This is the route the state plows, not a live truck.","provider":"NHDOT","sourceUrl":"https://www.nh.gov/dot/","district":5,"plowRoute":"B"}},{"type":"Feature","id":"nh-plow-418","geometry":{"type":"LineString","coordinates":[[-71.48988,43.13665],[-71.49773,43.15148],[-71.52714,43.1719],[-71.53929,43.16821],[-71.56425,43.17892],[-71.56562,43.18098],[-71.55687,43.18693],[-71.59259,43.16297],[-71.59792,43.1565],[-71.66523,43.14325],[-71.59838,43.15632],[-71.59259,43.16297],[-71.56852,43.17851],[-71.53942,43.16795],[-71.52707,43.17182],[-71.49773,43.15148],[-71.48988,43.13665]]},"properties":{"group":"plow","dataStatus":"reference","color":"#d6e8ff","title":"505 Route C Route 13","status":"District 5 \u00b7 route C","details":"New Hampshire winter-maintenance plow route. This is the route the state plows, not a live truck.","provider":"NHDOT","sourceUrl":"https://www.nh.gov/dot/","district":5,"plowRoute":"C"}},{"type":"Feature","id":"nh-plow-419","geometry":{"type":"LineString","coordinates":[[-71.48988,43.13665],[-71.49773,43.15148],[-71.52714,43.1719],[-71.53929,43.16821],[-71.57143,43.18214],[-71.58476,43.18455],[-71.61521,43.17609],[-71.6581,43.18615],[-71.64146,43.19158],[-71.61012,43.19049],[-71.59106,43.19739],[-71.5743,43.19682],[-71.59573,43.19651],[-71.62632,43.20162],[-71.63048,43.20065],[-71.6304,43.1954],[-71.63748,43.19134],[-71.6304,43.1954],[-71.63048,43.20065],[-71.62632,43.20162],[-71.59573,43.19651],[-71.6092,43.19058],[-71.64087,43.19164],[-71.65446,43.18752],[-71.64987,43.18478],[-71.64359,43.17074],[-71.63166,43.15678],[-71.6298,43.14992],[-71.63166,43.15678],[-71.64359,43.17074],[-71.65012,43.18511],[-71.66037,43.18746],[-71.65461,43.18266],[-71.61645,43.17588],[-71.58576,43.18447],[-71.57143,43.18195],[-71.53972,43.168],[-71.52707,43.17182],[-71.49773,43.15148],[-71.48988,43.13665]]},"properties":{"group":"plow","dataStatus":"reference","color":"#d6e8ff","title":"505 Route D Exit 4","status":"District 5 \u00b7 route D","details":"New Hampshire winter-maintenance plow route. This is the route the state plows, not a live truck.","provider":"NHDOT","sourceUrl":"https://www.nh.gov/dot/","district":5,"plowRoute":"D"}},{"type":"Feature","id":"nh-plow-420","geometry":{"type":"LineString","coordinates":[[-71.40913,43.14874],[-71.4058,43.15437],[-71.40429,43.1677],[-71.38684,43.18648],[-71.3854,43.19676],[-71.38759,43.20219],[-71.38309,43.21004],[-71.37275,43.21528],[-71.36073,43.22741],[-71.35736,43.22702],[-71.36406,43.22882],[-71.36098,43.22719],[-71.37203,43.21594],[-71.38309,43.21004],[-71.38759,43.20219],[-71.3854,43.19676],[-71.38684,43.18648],[-71.40429,43.1677],[-71.40845,43.14944],[-71.44353,43.12534],[-71.40913,43.14874]]},"properties":{"group":"plow","dataStatus":"reference","color":"#d6e8ff","title":"506 Route A NH Route 28","status":"District 5 \u00b7 route A","details":"New Hampshire winter-maintenance plow route. This is the route the state plows, not a live truck.","provider":"NHDOT","sourceUrl":"https://www.nh.gov/dot/","district":5,"plowRoute":"A"}},{"type":"Feature","id":"nh-plow-421","geometry":{"type":"LineString","coordinates":[[-71.40913,43.14874],[-71.44379,43.12591],[-71.44184,43.11731],[-71.44189,43.12211],[-71.45078,43.13933],[-71.49782,43.18733],[-71.48673,43.17907],[-71.48688,43.17744],[-71.49782,43.18733],[-71.45155,43.14025],[-71.44379,43.12591],[-71.40913,43.14874]]},"properties":{"group":"plow","dataStatus":"reference","color":"#d6e8ff","title":"506 Route  B Route 3","status":"District 5 \u00b7 route B","details":"New Hampshire winter-maintenance plow route. This is the route the state plows, not a live truck.","provider":"NHDOT","sourceUrl":"https://www.nh.gov/dot/","district":5,"plowRoute":"B"}},{"type":"Feature","id":"nh-plow-422","geometry":{"type":"LineString","coordinates":[[-71.40913,43.14874],[-71.40569,43.15485],[-71.40618,43.16192],[-71.42266,43.15466],[-71.43083,43.14732],[-71.45763,43.1468],[-71.43083,43.14732],[-71.42266,43.15466],[-71.40618,43.16192],[-71.40586,43.15415],[-71.41042,43.14773],[-71.44297,43.12621],[-71.45461,43.12694],[-71.45424,43.12961],[-71.45282,43.11592],[-71.46453,43.10354],[-71.46044,43.09774],[-71.46151,43.09368],[-71.46408,43.09491],[-71.4668,43.09837],[-71.46272,43.09393],[-71.45337,43.09249],[-71.46151,43.09368],[-71.46055,43.09814],[-71.46497,43.10197],[-71.45282,43.11592],[-71.45147,43.1031],[-71.45461,43.12694],[-71.44259,43.12638],[-71.40913,43.14874]]},"properties":{"group":"plow","dataStatus":"reference","color":"#d6e8ff","title":"506 Route C Buck Academy College Park Pheasant Main and Merrimack Streets","status":"District 5 \u00b7 route C","details":"New Hampshire winter-maintenance plow route. This is the route the state plows, not a live truck.","provider":"NHDOT","sourceUrl":"https://www.nh.gov/dot/","district":5,"plowRoute":"C"}},{"type":"Feature","id":"nh-plow-423","geometry":{"type":"MultiLineString","coordinates":[[[-71.40913,43.14874],[-71.44231,43.12653],[-71.44402,43.12798]],[[-71.44462,43.12753],[-71.45101,43.13961],[-71.48741,43.17809],[-71.48087,43.19665],[-71.48319,43.2061],[-71.4829,43.22054],[-71.46913,43.23708],[-71.4829,43.22054],[-71.48319,43.2061],[-71.48087,43.19665],[-71.48779,43.17812],[-71.48087,43.19665],[-71.48319,43.2061],[-71.4829,43.22054],[-71.46913,43.23708],[-71.4829,43.22054],[-71.48319,43.2061],[-71.48087,43.19665],[-71.48808,43.17832],[-71.48087,43.19665],[-71.48319,43.2061],[-71.4829,43.22054],[-71.46913,43.23708],[-71.4829,43.22054],[-71.48319,43.2061],[-71.48087,43.19665],[-71.48779,43.17812],[-71.45101,43.13961],[-71.44379,43.12591],[-71.40913,43.14874]]]},"properties":{"group":"plow","dataStatus":"reference","color":"#d6e8ff","title":"506 Route D NH 106","status":"District 5 \u00b7 route D","details":"New Hampshire winter-maintenance plow route. This is the route the state plows, not a live truck.","provider":"NHDOT","sourceUrl":"https://www.nh.gov/dot/","district":5,"plowRoute":"D"}},{"type":"Feature","id":"nh-plow-424","geometry":{"type":"LineString","coordinates":[[-71.6111,43.02232],[-71.60034,43.02055],[-71.59834,43.0377],[-71.6015,43.04487],[-71.59687,43.05318],[-71.60625,43.06675],[-71.61307,43.07247],[-71.61746,43.08173],[-71.61572,43.09835],[-71.61907,43.11046],[-71.61607,43.12566],[-71.62145,43.13501],[-71.62678,43.139],[-71.6298,43.14992],[-71.62678,43.139],[-71.62145,43.13501],[-71.61607,43.12566],[-71.61907,43.11046],[-71.61572,43.09835],[-71.61746,43.08173],[-71.61307,43.07247],[-71.60625,43.06675],[-71.59687,43.05318],[-71.6015,43.04487],[-71.59834,43.0377],[-71.60034,43.02055],[-71.6111,43.02232]]},"properties":{"group":"plow","dataStatus":"reference","color":"#d6e8ff","title":"507 Route A Route 13 North Dunbarton","status":"District 5 \u00b7 route A","details":"New Hampshire winter-maintenance plow route. This is the route the state plows, not a live truck.","provider":"NHDOT","sourceUrl":"https://www.nh.gov/dot/","district":5,"plowRoute":"A"}},{"type":"Feature","id":"nh-plow-425","geometry":{"type":"MultiLineString","coordinates":[[[-71.6111,43.02232],[-71.60068,43.0207],[-71.59817,43.01642],[-71.61061,43.01542],[-71.62069,43.01762],[-71.64244,43.01417],[-71.65506,43.001],[-71.6686,43.00016],[-71.67235,42.989],[-71.67958,42.98217],[-71.688,42.98034],[-71.69323,42.97595],[-71.688,42.98034],[-71.67958,42.98217],[-71.67235,42.989],[-71.6686,43.00016],[-71.65506,43.001],[-71.64244,43.01417],[-71.62069,43.01762],[-71.61061,43.01542],[-71.59817,43.01642],[-71.60034,43.02055],[-71.60902,43.02287],[-71.6111,43.02232],[-71.60034,43.02055],[-71.59634,43.01536],[-71.57346,43.01318],[-71.56721,43.01569],[-71.55682,43.01478],[-71.52716,43.00575],[-71.55644,43.01472],[-71.56721,43.01569],[-71.57346,43.01318],[-71.58139,43.01474],[-71.57346,43.01318],[-71.56721,43.01569],[-71.55682,43.01478],[-71.52813,43.00661]],[[-71.52813,43.00661],[-71.56668,43.01567],[-71.57346,43.01318],[-71.62028,43.01762],[-71.62962,43.01566],[-71.62049,43.01763],[-71.61061,43.01542],[-71.59817,43.01642],[-71.60068,43.0207],[-71.6111,43.02232]]]},"properties":{"group":"plow","dataStatus":"reference","color":"#d6e8ff","title":"507 Route B 114 South and River Road","status":"District 5 \u00b7 route B","details":"New Hampshire winter-maintenance plow route. This is the route the state plows, not a live truck.","provider":"NHDOT","sourceUrl":"https://www.nh.gov/dot/","district":5,"plowRoute":"B"}},{"type":"Feature","id":"nh-plow-426","geometry":{"type":"LineString","coordinates":[[-71.67995,42.89959],[-71.6825,42.90929],[-71.67445,42.92504],[-71.68205,42.93946],[-71.69752,42.95313],[-71.69812,42.96874],[-71.69136,42.97634],[-71.69102,42.97966],[-71.69136,42.97634],[-71.69812,42.96874],[-71.69752,42.95313],[-71.68205,42.93946],[-71.67445,42.92504],[-71.6825,42.90929],[-71.67995,42.89959]]},"properties":{"group":"plow","dataStatus":"reference","color":"#d6e8ff","title":"507 Route C New Boston Shed Mont Vernon Road NH 13","status":"District 5 \u00b7 route C","details":"New Hampshire winter-maintenance plow route. This is the route the state plows, not a live truck.","provider":"NHDOT","sourceUrl":"https://www.nh.gov/dot/","district":5,"plowRoute":"C"}},{"type":"Feature","id":"nh-plow-427","geometry":{"type":"LineString","coordinates":[[-71.68874,42.99064],[-71.68423,43.0098],[-71.69325,43.02515],[-71.69482,43.03254],[-71.71235,43.04841],[-71.71464,43.05671],[-71.71235,43.04841],[-71.69482,43.03254],[-71.69332,43.0253],[-71.68411,43.00943],[-71.69301,42.97632],[-71.6905,42.97784],[-71.69102,42.97966],[-71.69293,42.97646],[-71.6931,42.98131],[-71.68874,42.99064]]},"properties":{"group":"plow","dataStatus":"reference","color":"#d6e8ff","title":"507 Route D New Boston Shed NH Route 77 Weare Road","status":"District 5 \u00b7 route D","details":"New Hampshire winter-maintenance plow route. This is the route the state plows, not a live truck.","provider":"NHDOT","sourceUrl":"https://www.nh.gov/dot/","district":5,"plowRoute":"D"}},{"type":"Feature","id":"nh-plow-428","geometry":{"type":"LineString","coordinates":[[-71.6111,43.02232],[-71.60902,43.02287],[-71.62229,43.02519],[-71.63926,43.02355],[-71.65077,43.03169],[-71.65631,43.03917],[-71.66647,43.03869],[-71.67255,43.04249],[-71.68113,43.04383],[-71.69054,43.05],[-71.70965,43.05312],[-71.71464,43.05671],[-71.70965,43.05312],[-71.69054,43.05],[-71.68113,43.04383],[-71.67255,43.04249],[-71.66647,43.03869],[-71.65631,43.03917],[-71.65077,43.03169],[-71.63926,43.02355],[-71.62304,43.02522],[-71.60902,43.02287],[-71.62304,43.02522],[-71.63912,43.0235],[-71.65077,43.03169],[-71.65631,43.03917],[-71.66647,43.03869],[-71.67255,43.04249],[-71.68113,43.04383],[-71.69054,43.05],[-71.70965,43.05312],[-71.71464,43.05671],[-71.70965,43.05312],[-71.69054,43.05],[-71.68113,43.04383],[-71.67255,43.04249],[-71.66647,43.03869],[-71.65631,43.03917],[-71.65077,43.03169],[-71.63926,43.02355],[-71.62229,43.02519],[-71.60902,43.02287],[-71.6111,43.02232]]},"properties":{"group":"plow","dataStatus":"reference","color":"#d6e8ff","title":"507 Route E NH Route 114 North","status":"District 5 \u00b7 route E","details":"New Hampshire winter-maintenance plow route. This is the route the state plows, not a live truck.","provider":"NHDOT","sourceUrl":"https://www.nh.gov/dot/","district":5,"plowRoute":"E"}},{"type":"Feature","id":"nh-plow-429","geometry":{"type":"LineString","coordinates":[[-71.69102,42.97966],[-71.69268,42.97628],[-71.69393,42.98271],[-71.70534,42.99222],[-71.72907,42.99381],[-71.74101,42.99179],[-71.75886,42.99953],[-71.74101,42.99179],[-71.72907,42.99381],[-71.70534,42.99222],[-71.69393,42.98271],[-71.69301,42.97632],[-71.69102,42.97966]]},"properties":{"group":"plow","dataStatus":"reference","color":"#d6e8ff","title":"507 Route F New Boston Shed NH Route 136 Bunker Hill Road","status":"District 5 \u00b7 route F","details":"New Hampshire winter-maintenance plow route. This is the route the state plows, not a live truck.","provider":"NHDOT","sourceUrl":"https://www.nh.gov/dot/","district":5,"plowRoute":"F"}},{"type":"Feature","id":"nh-plow-430","geometry":{"type":"LineString","coordinates":[[-71.44184,43.11731],[-71.44252,43.11334],[-71.45107,43.10422],[-71.45377,43.09157],[-71.46065,43.08477],[-71.45823,43.0776],[-71.44426,43.06212],[-71.458,43.07729],[-71.46066,43.08466],[-71.45377,43.09157],[-71.45107,43.10422],[-71.44252,43.11334],[-71.44184,43.11731],[-71.44252,43.11334],[-71.45107,43.10422],[-71.45377,43.09157],[-71.46065,43.08477],[-71.45823,43.0776],[-71.44426,43.06212],[-71.44793,43.06049],[-71.44426,43.06212],[-71.45823,43.0776],[-71.46065,43.08477],[-71.45377,43.09157],[-71.45107,43.10422],[-71.44252,43.11334],[-71.44184,43.11731]]},"properties":{"group":"plow","dataStatus":"reference","color":"#d6e8ff","title":"508 Route A North NH Route 3 to Allenstown T/L","status":"District 5 \u00b7 route A","details":"New Hampshire winter-maintenance plow route. This is the route the state plows, not a live truck.","provider":"NHDOT","sourceUrl":"https://www.nh.gov/dot/","district":5,"plowRoute":"A"}},{"type":"Feature","id":"nh-plow-432","geometry":{"type":"LineString","coordinates":[[-71.44793,43.06049],[-71.44426,43.06212],[-71.43242,43.03931],[-71.44597,43.06508],[-71.4589,43.07878],[-71.46056,43.08528],[-71.45421,43.09265],[-71.46056,43.08528],[-71.4589,43.07878],[-71.44597,43.06508],[-71.43242,43.03931],[-71.44597,43.06508],[-71.4589,43.07878],[-71.46056,43.08528],[-71.45421,43.09265],[-71.46066,43.08466],[-71.458,43.07729],[-71.44426,43.06212],[-71.44793,43.06049]]},"properties":{"group":"plow","dataStatus":"reference","color":"#d6e8ff","title":"508 Route C NH Route 3 North & South College Park to Mammoth Road Twice","status":"District 5 \u00b7 route C","details":"New Hampshire winter-maintenance plow route. This is the route the state plows, not a live truck.","provider":"NHDOT","sourceUrl":"https://www.nh.gov/dot/","district":5,"plowRoute":"C"}},{"type":"Feature","id":"nh-plow-433","geometry":{"type":"LineString","coordinates":[[-71.44793,43.06049],[-71.44426,43.06212],[-71.43638,43.0487],[-71.43506,43.04119],[-71.43199,43.03874],[-71.43598,43.01784],[-71.43196,43.03851],[-71.43652,43.04629],[-71.42555,43.05113],[-71.42108,43.05783],[-71.40675,43.0655],[-71.36151,43.07342],[-71.28429,43.06089],[-71.36177,43.07342],[-71.40718,43.06536],[-71.42108,43.05783],[-71.42555,43.05113],[-71.43652,43.04629],[-71.44426,43.06212],[-71.44793,43.06049]]},"properties":{"group":"plow","dataStatus":"reference","color":"#d6e8ff","title":"508 Route D NH Route 3 south to Mammoth Road Route 27 West to Candia T/L","status":"District 5 \u00b7 route D","details":"New Hampshire winter-maintenance plow route. This is the route the state plows, not a live truck.","provider":"NHDOT","sourceUrl":"https://www.nh.gov/dot/","district":5,"plowRoute":"D"}},{"type":"Feature","id":"nh-plow-434","geometry":{"type":"MultiLineString","coordinates":[[[-71.44793,43.06049],[-71.44426,43.06212],[-71.43652,43.04629],[-71.42555,43.05113],[-71.42108,43.05783],[-71.40718,43.06536],[-71.36177,43.07342],[-71.27723,43.0599],[-71.28838,43.06157],[-71.27911,43.07435],[-71.2749,43.08795]],[[-71.2749,43.08795],[-71.27911,43.07435],[-71.28838,43.06157],[-71.36177,43.07342],[-71.40718,43.06536],[-71.42108,43.05783],[-71.42555,43.05113],[-71.43652,43.04629],[-71.44426,43.06212],[-71.44793,43.06049]]]},"properties":{"group":"plow","dataStatus":"reference","color":"#d6e8ff","title":"508 Route E Candia T/L to Route 43 South Road in Deerfield","status":"District 5 \u00b7 route E","details":"New Hampshire winter-maintenance plow route. This is the route the state plows, not a live truck.","provider":"NHDOT","sourceUrl":"https://www.nh.gov/dot/","district":5,"plowRoute":"E"}},{"type":"Feature","id":"nh-plow-435","geometry":{"type":"LineString","coordinates":[[-71.44793,43.06049],[-71.44426,43.06212],[-71.43892,43.05307],[-71.41335,43.03551],[-71.40813,43.02419],[-71.39301,43.00451],[-71.39487,43.00258],[-71.39213,43.00355],[-71.40752,43.02326],[-71.41335,43.03551],[-71.43892,43.05307],[-71.44426,43.06212],[-71.43892,43.05307],[-71.41314,43.03528],[-71.40752,43.02326],[-71.39226,43.00379],[-71.40752,43.02326],[-71.41335,43.03551],[-71.43892,43.05307],[-71.44426,43.06212],[-71.44793,43.06049]]},"properties":{"group":"plow","dataStatus":"reference","color":"#d6e8ff","title":"508 Route E By Pass North","status":"District 5 \u00b7 route F","details":"New Hampshire winter-maintenance plow route. This is the route the state plows, not a live truck.","provider":"NHDOT","sourceUrl":"https://www.nh.gov/dot/","district":5,"plowRoute":"F"}},{"type":"Feature","id":"nh-plow-436","geometry":{"type":"LineString","coordinates":[[-71.44047,43.05572],[-71.44426,43.06212],[-71.44843,43.0613],[-71.44426,43.06212],[-71.43892,43.05307],[-71.41314,43.03528],[-71.40813,43.02419],[-71.39292,43.00384],[-71.38014,42.99361],[-71.37021,42.98082],[-71.36409,42.96838],[-71.31923,42.90168],[-71.37432,42.98665],[-71.39392,43.00549],[-71.40813,43.02419],[-71.41335,43.03551],[-71.44063,43.05567]]},"properties":{"group":"plow","dataStatus":"reference","color":"#d6e8ff","title":"508 Route F  By Pass South","status":"District 5 \u00b7 route G","details":"New Hampshire winter-maintenance plow route. This is the route the state plows, not a live truck.","provider":"NHDOT","sourceUrl":"https://www.nh.gov/dot/","district":5,"plowRoute":"G"}},{"type":"Feature","id":"nh-plow-437","geometry":{"type":"LineString","coordinates":[[-71.31232,43.03913],[-71.3095,43.04071],[-71.31194,43.03597],[-71.31296,43.0371],[-71.26944,43.04266],[-71.25291,43.03264],[-71.22727,43.02172],[-71.197,43.02379],[-71.14957,43.03096],[-71.22706,43.02204],[-71.25256,43.03285],[-71.26999,43.04312],[-71.32945,43.03737],[-71.35675,43.02978],[-71.38451,43.01069],[-71.40505,43.00302],[-71.38452,43.01049],[-71.35572,43.03],[-71.33031,43.03699],[-71.29961,43.03904],[-71.30923,43.03901],[-71.3095,43.04071],[-71.31232,43.03913]]},"properties":{"group":"plow","dataStatus":"reference","color":"#d6e8ff","title":"509 Route B NH 101 Mainline made it west","status":"District 5 \u00b7 route B","details":"New Hampshire winter-maintenance plow route. This is the route the state plows, not a live truck.","provider":"NHDOT","sourceUrl":"https://www.nh.gov/dot/","district":5,"plowRoute":"B"}},{"type":"Feature","id":"nh-plow-438","geometry":{"type":"LineString","coordinates":[[-71.18931,43.02511],[-71.1496,43.03127],[-71.16425,43.03232],[-71.16156,43.03104],[-71.20881,43.0232],[-71.19316,43.02186],[-71.1952,43.02286],[-71.18931,43.02511],[-71.16298,43.02989],[-71.16237,43.02806],[-71.16515,43.02897],[-71.16401,43.0319],[-71.16152,43.03138],[-71.19242,43.02503],[-71.19541,43.02509],[-71.19589,43.02919],[-71.19564,43.02538],[-71.19828,43.02411],[-71.22706,43.02204],[-71.25256,43.03285],[-71.26984,43.0431],[-71.30545,43.03876],[-71.31246,43.04044],[-71.3095,43.04071],[-71.30973,43.0381],[-71.31315,43.03669],[-71.27074,43.04286],[-71.22942,43.02205],[-71.18931,43.02511]]},"properties":{"group":"plow","dataStatus":"reference","color":"#d6e8ff","title":"509 Route A NH 101 Exits 4 & 5","status":"District 5 \u00b7 route A","details":"New Hampshire winter-maintenance plow route. This is the route the state plows, not a live truck.","provider":"NHDOT","sourceUrl":"https://www.nh.gov/dot/","district":5,"plowRoute":"A"}},{"type":"Feature","id":"nh-plow-439","geometry":{"type":"MultiLineString","coordinates":[[[-71.31853,43.03758],[-71.33042,43.03722],[-71.35595,43.03011],[-71.37253,43.01885]],[[-71.37253,43.01885],[-71.38508,43.01038],[-71.405,43.00293],[-71.38452,43.01049],[-71.35572,43.03],[-71.33031,43.03699],[-71.29961,43.03904],[-71.32993,43.03731],[-71.3558,43.03016],[-71.38451,43.01069],[-71.39503,43.00708],[-71.38402,43.01077],[-71.35599,43.02991],[-71.33006,43.03702],[-71.31157,43.03592],[-71.30943,43.04059],[-71.31246,43.04044],[-71.3095,43.04071],[-71.31064,43.03853],[-71.31853,43.03758]]]},"properties":{"group":"plow","dataStatus":"reference","color":"#d6e8ff","title":"509 Route C","status":"District 5 \u00b7 route C","details":"New Hampshire winter-maintenance plow route. This is the route the state plows, not a live truck.","provider":"NHDOT","sourceUrl":"https://www.nh.gov/dot/","district":5,"plowRoute":"C"}},{"type":"Feature","id":"nh-plow-440","geometry":{"type":"MultiLineString","coordinates":[[[-71.37253,43.01885],[-71.38508,43.01038],[-71.39503,43.00708],[-71.39232,43.00375]],[[-71.39232,43.00375],[-71.39453,43.00635],[-71.38402,43.01077],[-71.35599,43.02991],[-71.33006,43.03702],[-71.31157,43.03592],[-71.3095,43.04071],[-71.31064,43.03853],[-71.3226,43.0372],[-71.31157,43.03592],[-71.30931,43.04036],[-71.3064,43.04116],[-71.31304,43.03635],[-71.29967,43.03935],[-71.31246,43.04044],[-71.30969,43.0393],[-71.33042,43.03722],[-71.35535,43.0303],[-71.37253,43.01885]]]},"properties":{"group":"plow","dataStatus":"reference","color":"#d6e8ff","title":"509 Route DNH 101 Exits 1 & 2 & 3","status":"District 5 \u00b7 route D","details":"New Hampshire winter-maintenance plow route. This is the route the state plows, not a live truck.","provider":"NHDOT","sourceUrl":"https://www.nh.gov/dot/","district":5,"plowRoute":"D"}},{"type":"Feature","id":"nh-plow-441","geometry":{"type":"MultiLineString","coordinates":[[[-71.31232,43.03913],[-71.30217,43.04333],[-71.28804,43.06],[-71.27723,43.0599]],[[-71.27723,43.0599],[-71.28838,43.06157],[-71.30337,43.04244],[-71.32726,43.03658],[-71.30337,43.04244],[-71.28838,43.06157],[-71.27723,43.0599],[-71.28838,43.06157],[-71.29782,43.04548],[-71.30208,43.04341],[-71.29432,43.04926],[-71.28838,43.06157],[-71.30181,43.04366],[-71.31232,43.03913]]]},"properties":{"group":"plow","dataStatus":"reference","color":"#d6e8ff","title":"509 Route E Old Candia Road and Main Street","status":"District 5 \u00b7 route E","details":"New Hampshire winter-maintenance plow route. This is the route the state plows, not a live truck.","provider":"NHDOT","sourceUrl":"https://www.nh.gov/dot/","district":5,"plowRoute":"E"}},{"type":"Feature","id":"nh-plow-442","geometry":{"type":"LineString","coordinates":[[-71.2316,43.0625],[-71.2225,43.06344],[-71.22062,43.05784],[-71.21418,43.05493],[-71.20451,43.04406],[-71.19615,43.03921],[-71.17756,43.04395],[-71.16208,43.03896],[-71.17756,43.04395],[-71.19615,43.03921],[-71.22576,43.063],[-71.2316,43.0625],[-71.22477,43.06287],[-71.22192,43.05994],[-71.22534,43.06297],[-71.24312,43.0626],[-71.25695,43.05687],[-71.28838,43.06157],[-71.30181,43.04366],[-71.31232,43.03913],[-71.30181,43.04366],[-71.28838,43.06157],[-71.25695,43.05687],[-71.24433,43.06244],[-71.2225,43.06344],[-71.22295,43.07881],[-71.2225,43.06344],[-71.2316,43.0625]]},"properties":{"group":"plow","dataStatus":"reference","color":"#d6e8ff","title":"509 Route F Route 27 and 107","status":"District 5 \u00b7 route F","details":"New Hampshire winter-maintenance plow route. This is the route the state plows, not a live truck.","provider":"NHDOT","sourceUrl":"https://www.nh.gov/dot/","district":5,"plowRoute":"F"}},{"type":"Feature","id":"nh-plow-443","geometry":{"type":"LineString","coordinates":[[-71.16491,43.02966],[-71.14957,43.03096],[-71.22706,43.02204],[-71.25256,43.03285],[-71.26984,43.0431],[-71.30545,43.03876],[-71.31246,43.04044],[-71.3095,43.04071],[-71.30973,43.0381],[-71.31315,43.03669],[-71.26974,43.04272],[-71.25291,43.03264],[-71.22727,43.02172],[-71.197,43.02379],[-71.16491,43.02966]]},"properties":{"group":"plow","dataStatus":"reference","color":"#d6e8ff","title":"509 Route G Main Line","status":"District 5 \u00b7 route G","details":"New Hampshire winter-maintenance plow route. This is the route the state plows, not a live truck.","provider":"NHDOT","sourceUrl":"https://www.nh.gov/dot/","district":5,"plowRoute":"G"}},{"type":"Feature","id":"nh-plow-444","geometry":{"type":"LineString","coordinates":[[-71.6643,42.84804],[-71.66164,42.84741],[-71.65769,42.84092],[-71.67122,42.84829],[-71.68252,42.84874],[-71.70509,42.85552],[-71.68252,42.84874],[-71.67122,42.84829],[-71.65769,42.84092],[-71.66832,42.86324],[-71.66983,42.88502],[-71.67413,42.89475],[-71.67995,42.89959],[-71.67413,42.89475],[-71.66968,42.8846],[-71.66873,42.86491],[-71.66164,42.84741],[-71.6643,42.84804]]},"properties":{"group":"plow","dataStatus":"reference","color":"#d6e8ff","title":"510 Route A  North River Road Route 13 North","status":"District 5 \u00b7 route A","details":"New Hampshire winter-maintenance plow route. This is the route the state plows, not a live truck.","provider":"NHDOT","sourceUrl":"https://www.nh.gov/dot/","district":5,"plowRoute":"A"}},{"type":"Feature","id":"nh-plow-445","geometry":{"type":"LineString","coordinates":[[-71.6643,42.84804],[-71.66164,42.84741],[-71.65798,42.84111],[-71.64995,42.83752],[-71.64574,42.81889],[-71.65973,42.78422],[-71.67367,42.76885],[-71.67455,42.75817],[-71.66709,42.74582],[-71.66985,42.73513],[-71.66429,42.72959],[-71.66246,42.72247],[-71.66352,42.71374],[-71.67286,42.70526],[-71.66352,42.71374],[-71.66246,42.72247],[-71.66429,42.72959],[-71.66985,42.73513],[-71.66709,42.74582],[-71.67455,42.75817],[-71.67367,42.76885],[-71.65973,42.78422],[-71.64574,42.81889],[-71.64995,42.83752],[-71.65798,42.84111],[-71.66164,42.84741],[-71.6643,42.84804]]},"properties":{"group":"plow","dataStatus":"reference","color":"#d6e8ff","title":"510 Route B Route 13","status":"District 5 \u00b7 route B","details":"New Hampshire winter-maintenance plow route. This is the route the state plows, not a live truck.","provider":"NHDOT","sourceUrl":"https://www.nh.gov/dot/","district":5,"plowRoute":"B"}},{"type":"Feature","id":"nh-plow-446","geometry":{"type":"LineString","coordinates":[[-71.6643,42.84804],[-71.66164,42.84741],[-71.65769,42.84092],[-71.67122,42.84829],[-71.68252,42.84874],[-71.69312,42.85291],[-71.69801,42.85243],[-71.7035,42.84226],[-71.71756,42.8421],[-71.72338,42.83768],[-71.73057,42.83901],[-71.72338,42.83768],[-71.71756,42.8421],[-71.7035,42.84226],[-71.69801,42.85243],[-71.69312,42.85291],[-71.68252,42.84874],[-71.67122,42.84829],[-71.65769,42.84092],[-71.66164,42.84741],[-71.6643,42.84804]]},"properties":{"group":"plow","dataStatus":"reference","color":"#d6e8ff","title":"510 Route C 101A to Wilton","status":"District 5 \u00b7 route C","details":"New Hampshire winter-maintenance plow route. This is the route the state plows, not a live truck.","provider":"NHDOT","sourceUrl":"https://www.nh.gov/dot/","district":5,"plowRoute":"C"}},{"type":"Feature","id":"nh-plow-447","geometry":{"type":"LineString","coordinates":[[-71.6643,42.84804],[-71.66164,42.84741],[-71.65769,42.84092],[-71.67122,42.84829],[-71.68252,42.84874],[-71.69275,42.85291],[-71.69801,42.85243],[-71.70364,42.84306],[-71.69988,42.8361],[-71.66499,42.82601],[-71.6516,42.81791],[-71.63613,42.81693],[-71.62102,42.82141],[-71.61701,42.82598],[-71.61908,42.83992],[-71.61071,42.85359],[-71.61367,42.86658],[-71.61234,42.87631],[-71.61367,42.86658],[-71.61071,42.85359],[-71.61908,42.83992],[-71.61701,42.82598],[-71.62102,42.82141],[-71.63613,42.81693],[-71.6516,42.81791],[-71.66499,42.82601],[-71.69988,42.8361],[-71.70364,42.84306],[-71.69801,42.85243],[-71.69275,42.85291],[-71.68252,42.84874],[-71.67122,42.84829],[-71.65769,42.84092],[-71.66164,42.84741],[-71.6643,42.84804]]},"properties":{"group":"plow","dataStatus":"reference","color":"#d6e8ff","title":"510 Route D  NH Route 101","status":"District 5 \u00b7 route D","details":"New Hampshire winter-maintenance plow route. This is the route the state plows, not a live truck.","provider":"NHDOT","sourceUrl":"https://www.nh.gov/dot/","district":5,"plowRoute":"D"}},{"type":"Feature","id":"nh-plow-448","geometry":{"type":"LineString","coordinates":[[-71.6643,42.84804],[-71.66164,42.84741],[-71.65769,42.84092],[-71.67122,42.84829],[-71.68252,42.84874],[-71.69275,42.85291],[-71.69801,42.85243],[-71.70364,42.84306],[-71.69988,42.8361],[-71.66553,42.82621],[-71.64672,42.81651],[-71.63277,42.81755],[-71.61421,42.82452],[-71.60565,42.82173],[-71.61507,42.82466],[-71.61858,42.82247],[-71.617,42.82646],[-71.61922,42.83924],[-71.61477,42.84438],[-71.61598,42.84536],[-71.61872,42.84075],[-71.61477,42.84438],[-71.6157,42.84923],[-71.61924,42.83901],[-71.61706,42.82567],[-71.61991,42.82381],[-71.61544,42.82443],[-71.61751,42.82199],[-71.61758,42.82428],[-71.61969,42.82434],[-71.6148,42.82462],[-71.60565,42.82173],[-71.61507,42.82466],[-71.61792,42.822],[-71.61758,42.82428],[-71.62018,42.82451],[-71.62159,42.82121],[-71.63475,42.81714],[-71.65355,42.81858],[-71.64644,42.81593],[-71.63842,42.81675],[-71.65275,42.81833],[-71.66499,42.82601],[-71.69937,42.83588],[-71.703,42.8407],[-71.70149,42.84213],[-71.70506,42.84227],[-71.703,42.8407],[-71.7034,42.84464],[-71.69801,42.85243],[-71.69294,42.85292],[-71.68252,42.84874],[-71.67122,42.84829],[-71.65769,42.84092],[-71.66164,42.84741],[-71.6643,42.84804]]},"properties":{"group":"plow","dataStatus":"reference","color":"#d6e8ff","title":"510 Route E NH Rote 101 Ramps","status":"District 5 \u00b7 route E","details":"New Hampshire winter-maintenance plow route. This is the route the state plows, not a live truck.","provider":"NHDOT","sourceUrl":"https://www.nh.gov/dot/","district":5,"plowRoute":"E"}},{"type":"Feature","id":"nh-plow-449","geometry":{"type":"LineString","coordinates":[[-71.6643,42.84804],[-71.66164,42.84741],[-71.65798,42.84111],[-71.65002,42.83758],[-71.64993,42.83537],[-71.63383,42.82879],[-71.62845,42.82421],[-71.60818,42.82305],[-71.59196,42.81221],[-71.57672,42.81082],[-71.55605,42.80253],[-71.54694,42.80482],[-71.54107,42.80319],[-71.54694,42.80482],[-71.55605,42.80253],[-71.57672,42.81082],[-71.59196,42.81221],[-71.60818,42.82305],[-71.62845,42.82421],[-71.65798,42.84111],[-71.66164,42.84741],[-71.6643,42.84804]]},"properties":{"group":"plow","dataStatus":"reference","color":"#d6e8ff","title":"510 Route E 101A East","status":"District 5 \u00b7 route F","details":"New Hampshire winter-maintenance plow route. This is the route the state plows, not a live truck.","provider":"NHDOT","sourceUrl":"https://www.nh.gov/dot/","district":5,"plowRoute":"F"}},{"type":"Feature","id":"nh-plow-450","geometry":{"type":"LineString","coordinates":[[-71.6643,42.84804],[-71.66164,42.84741],[-71.65798,42.84111],[-71.65131,42.83792],[-71.64061,42.83932],[-71.63562,42.84759],[-71.63347,42.85994],[-71.62555,42.86124],[-71.61578,42.8496],[-71.61351,42.83509],[-71.60619,42.82211],[-71.61351,42.83509],[-71.61578,42.8496],[-71.62555,42.86124],[-71.6191,42.86214],[-71.6152,42.86616],[-71.61052,42.86555],[-71.6152,42.86616],[-71.6191,42.86214],[-71.62555,42.86124],[-71.61578,42.8496],[-71.61351,42.83509],[-71.60619,42.82211],[-71.61351,42.83509],[-71.61578,42.8496],[-71.62555,42.86124],[-71.6191,42.86214],[-71.6152,42.86616],[-71.61052,42.86555],[-71.61549,42.86604],[-71.61296,42.8663],[-71.61378,42.87053],[-71.61279,42.8617],[-71.61378,42.87053],[-71.61549,42.86604],[-71.61279,42.8617],[-71.61293,42.86577],[-71.6105,42.86555],[-71.61288,42.86627],[-71.61378,42.87053],[-71.61436,42.86641],[-71.61861,42.86239],[-71.63347,42.85994],[-71.63557,42.84772],[-71.64029,42.83945],[-71.65131,42.83792],[-71.65798,42.84111],[-71.66164,42.84741],[-71.6643,42.84804]]},"properties":{"group":"plow","dataStatus":"reference","color":"#d6e8ff","title":"510 Route F NH Route 122 Baboosic Lake Road Amherst Street","status":"District 5 \u00b7 route G","details":"New Hampshire winter-maintenance plow route. This is the route the state plows, not a live truck.","provider":"NHDOT","sourceUrl":"https://www.nh.gov/dot/","district":5,"plowRoute":"G"}},{"type":"Feature","id":"nh-plow-451","geometry":{"type":"LineString","coordinates":[[-71.46112,42.91287],[-71.46655,42.92345],[-71.47207,42.94941],[-71.46996,42.94988],[-71.47088,42.94852],[-71.48929,42.95746],[-71.50181,42.95972],[-71.50695,42.96758],[-71.51846,42.97258],[-71.53334,42.97038],[-71.54489,42.96547],[-71.58423,42.96135],[-71.6052,42.95469],[-71.61795,42.95651],[-71.62168,42.95436],[-71.62182,42.94944],[-71.61438,42.94087],[-71.6133,42.93626],[-71.61438,42.94087],[-71.62213,42.95017],[-71.61949,42.95632],[-71.6052,42.95469],[-71.58448,42.96129],[-71.54489,42.96547],[-71.53334,42.97038],[-71.51946,42.97264],[-71.50952,42.96866],[-71.50464,42.96936],[-71.50952,42.96866],[-71.5197,42.97261],[-71.53334,42.97038],[-71.54489,42.96547],[-71.58448,42.96129],[-71.6052,42.95469],[-71.61922,42.95639],[-71.62223,42.9506],[-71.61438,42.94087],[-71.6133,42.93626],[-71.61438,42.94087],[-71.62213,42.95017],[-71.61983,42.95621],[-71.6052,42.95469],[-71.58423,42.96135],[-71.54489,42.96547],[-71.53334,42.97038],[-71.51846,42.97258],[-71.50695,42.96758],[-71.5015,42.95943],[-71.48915,42.95719],[-71.47256,42.94742],[-71.46673,42.92342],[-71.46916,42.91589],[-71.46112,42.91287],[-71.45715,42.91392],[-71.45806,42.91615],[-71.46176,42.91486]]},"properties":{"group":"plow","dataStatus":"reference","color":"#d6e8ff","title":"511 Route D New Boston Road","status":"District 5 \u00b7 route D","details":"New Hampshire winter-maintenance plow route. This is the route the state plows, not a live truck.","provider":"NHDOT","sourceUrl":"https://www.nh.gov/dot/","district":5,"plowRoute":"D"}},{"type":"Feature","id":"nh-plow-452","geometry":{"type":"LineString","coordinates":[[-71.46176,42.91486],[-71.46016,42.916],[-71.45928,42.91273],[-71.46329,42.91432],[-71.46655,42.92345],[-71.47207,42.94941],[-71.46996,42.94988],[-71.47088,42.94852],[-71.48929,42.95746],[-71.50181,42.95972],[-71.4992,42.96146],[-71.50878,42.95522],[-71.51412,42.94527],[-71.52941,42.93516],[-71.53699,42.92215],[-71.5523,42.91347],[-71.56507,42.90971],[-71.58075,42.90012],[-71.60422,42.89655],[-71.60911,42.89177],[-71.60819,42.88449],[-71.61234,42.87631],[-71.60819,42.88449],[-71.60911,42.89177],[-71.60422,42.89655],[-71.58075,42.90012],[-71.56507,42.90971],[-71.5523,42.91347],[-71.53699,42.92215],[-71.52918,42.9354],[-71.51412,42.94527],[-71.50878,42.95522],[-71.49894,42.96159],[-71.50878,42.95522],[-71.51412,42.94527],[-71.52918,42.9354],[-71.53699,42.92215],[-71.5523,42.91347],[-71.56507,42.90971],[-71.58075,42.90012],[-71.60422,42.89655],[-71.60911,42.89177],[-71.60819,42.88449],[-71.61234,42.87631],[-71.60819,42.88449],[-71.60911,42.89177],[-71.60422,42.89655],[-71.58075,42.90012],[-71.56507,42.90971],[-71.5523,42.91347],[-71.53699,42.92215],[-71.52941,42.93516],[-71.51412,42.94527],[-71.50905,42.95491],[-71.50206,42.95938],[-71.48915,42.95719],[-71.47244,42.94728],[-71.46673,42.92342],[-71.46916,42.91589],[-71.45904,42.91216],[-71.46016,42.916],[-71.46176,42.91486]]},"properties":{"group":"plow","dataStatus":"reference","color":"#d6e8ff","title":"511 Route E NH Route 101","status":"District 5 \u00b7 route E","details":"New Hampshire winter-maintenance plow route. This is the route the state plows, not a live truck.","provider":"NHDOT","sourceUrl":"https://www.nh.gov/dot/","district":5,"plowRoute":"E"}},{"type":"Feature","id":"nh-plow-453","geometry":{"type":"LineString","coordinates":[[-71.46176,42.91486],[-71.46016,42.916],[-71.45904,42.91216],[-71.448,42.91455],[-71.44419,42.91724],[-71.44348,42.92139],[-71.44392,42.91766],[-71.44767,42.91468],[-71.46291,42.91386],[-71.47208,42.94958],[-71.46971,42.94947],[-71.47426,42.95125],[-71.47028,42.94235],[-71.46673,42.92342],[-71.46845,42.91477],[-71.45978,42.91275],[-71.44911,42.91422],[-71.44419,42.91724],[-71.44347,42.92134],[-71.44392,42.91766],[-71.44767,42.91468],[-71.45634,42.91325],[-71.45837,42.91617],[-71.46176,42.91486],[-71.45771,42.91603],[-71.45762,42.91312],[-71.46291,42.91386],[-71.47208,42.94958],[-71.46971,42.94947],[-71.47426,42.95125],[-71.47028,42.94235],[-71.46673,42.92342],[-71.46916,42.91589],[-71.45904,42.91216],[-71.46016,42.916],[-71.46176,42.91486]]},"properties":{"group":"plow","dataStatus":"reference","color":"#d6e8ff","title":"511 Route F Raymond Wieczorek Drive","status":"District 5 \u00b7 route F","details":"New Hampshire winter-maintenance plow route. This is the route the state plows, not a live truck.","provider":"NHDOT","sourceUrl":"https://www.nh.gov/dot/","district":5,"plowRoute":"F"}},{"type":"Feature","id":"nh-plow-454","geometry":{"type":"LineString","coordinates":[[-71.39312,42.90771],[-71.39155,42.90891],[-71.3958,42.91469],[-71.3914,42.91396],[-71.38105,42.91776],[-71.36831,42.91637],[-71.36037,42.90251],[-71.33694,42.8991],[-71.32652,42.89411],[-71.33694,42.8991],[-71.36037,42.90251],[-71.36831,42.91637],[-71.38105,42.91776],[-71.39101,42.91405],[-71.39588,42.91458],[-71.39457,42.91323],[-71.38105,42.91776],[-71.36823,42.91635],[-71.36037,42.90251],[-71.33694,42.8991],[-71.32652,42.89411],[-71.33694,42.8991],[-71.36037,42.90251],[-71.36831,42.91637],[-71.38124,42.91774],[-71.39426,42.91336],[-71.39155,42.90891],[-71.39312,42.90771]]},"properties":{"group":"plow","dataStatus":"reference","color":"#d6e8ff","title":"512 Route A Rockingham Road","status":"District 5 \u00b7 route A","details":"New Hampshire winter-maintenance plow route. This is the route the state plows, not a live truck.","provider":"NHDOT","sourceUrl":"https://www.nh.gov/dot/","district":5,"plowRoute":"A"}},{"type":"Feature","id":"nh-plow-455","geometry":{"type":"LineString","coordinates":[[-71.39312,42.90771],[-71.39155,42.90891],[-71.39308,42.91156],[-71.4118,42.93397],[-71.42608,42.9415],[-71.42796,42.94531],[-71.43285,42.94631],[-71.42796,42.94531],[-71.42608,42.9415],[-71.41228,42.93438],[-71.41729,42.95999],[-71.41313,42.9349],[-71.39308,42.91156],[-71.39155,42.90891],[-71.39312,42.90771]]},"properties":{"group":"plow","dataStatus":"reference","color":"#d6e8ff","title":"512 Route B South Willow Street","status":"District 5 \u00b7 route B","details":"New Hampshire winter-maintenance plow route. This is the route the state plows, not a live truck.","provider":"NHDOT","sourceUrl":"https://www.nh.gov/dot/","district":5,"plowRoute":"B"}},{"type":"Feature","id":"nh-plow-456","geometry":{"type":"LineString","coordinates":[[-71.39312,42.90771],[-71.39155,42.90891],[-71.3899,42.90582],[-71.38108,42.87868],[-71.37144,42.8594],[-71.3616,42.84639],[-71.36725,42.84247],[-71.39075,42.83756],[-71.40788,42.82425],[-71.39013,42.83784],[-71.36467,42.84364],[-71.34904,42.86463],[-71.33574,42.87462],[-71.34961,42.864],[-71.3616,42.84639],[-71.37144,42.8594],[-71.38108,42.87868],[-71.3899,42.90582],[-71.39155,42.90891],[-71.39312,42.90771]]},"properties":{"group":"plow","dataStatus":"reference","color":"#d6e8ff","title":"512 Route C  Derry Road","status":"District 5 \u00b7 route C","details":"New Hampshire winter-maintenance plow route. This is the route the state plows, not a live truck.","provider":"NHDOT","sourceUrl":"https://www.nh.gov/dot/","district":5,"plowRoute":"C"}},{"type":"Feature","id":"nh-plow-457","geometry":{"type":"LineString","coordinates":[[-71.39312,42.90771],[-71.39155,42.90891],[-71.3899,42.90582],[-71.38108,42.87868],[-71.37144,42.8594],[-71.3616,42.84639],[-71.36725,42.84247],[-71.39075,42.83756],[-71.40788,42.82425],[-71.39013,42.83784],[-71.36467,42.84364],[-71.34904,42.86463],[-71.33574,42.87462],[-71.34961,42.864],[-71.3616,42.84639],[-71.36755,42.8559],[-71.3578,42.85525],[-71.36755,42.8559],[-71.37125,42.85909],[-71.38108,42.87868],[-71.3899,42.90582],[-71.39155,42.90891],[-71.39312,42.90771]]},"properties":{"group":"plow","dataStatus":"reference","color":"#d6e8ff","title":"512 Route D Derry Road with Peabody Row","status":"District 5 \u00b7 route D","details":"New Hampshire winter-maintenance plow route. This is the route the state plows, not a live truck.","provider":"NHDOT","sourceUrl":"https://www.nh.gov/dot/","district":5,"plowRoute":"D"}},{"type":"Feature","id":"nh-plow-458","geometry":{"type":"LineString","coordinates":[[-71.39312,42.90771],[-71.39155,42.90891],[-71.3899,42.90582],[-71.38108,42.87868],[-71.37144,42.8594],[-71.36151,42.84617],[-71.36537,42.82652],[-71.35176,42.80261],[-71.36537,42.82652],[-71.36151,42.84617],[-71.36537,42.82652],[-71.35176,42.80261],[-71.36537,42.82652],[-71.36151,42.84617],[-71.37144,42.8594],[-71.38108,42.87868],[-71.3899,42.90582],[-71.39155,42.90891],[-71.39312,42.90771]]},"properties":{"group":"plow","dataStatus":"reference","color":"#d6e8ff","title":"512 Route E Mammoth Road South","status":"District 5 \u00b7 route E","details":"New Hampshire winter-maintenance plow route. This is the route the state plows, not a live truck.","provider":"NHDOT","sourceUrl":"https://www.nh.gov/dot/","district":5,"plowRoute":"E"}},{"type":"Feature","id":"nh-plow-459","geometry":{"type":"LineString","coordinates":[[-71.39312,42.90771],[-71.39155,42.90891],[-71.387,42.89819],[-71.39512,42.89603],[-71.40508,42.89545],[-71.42795,42.90044],[-71.45418,42.89276],[-71.4518,42.90256],[-71.45724,42.88472],[-71.47003,42.87871],[-71.47674,42.86946],[-71.47561,42.85444],[-71.4818,42.84051],[-71.47347,42.83542],[-71.47085,42.81751],[-71.45724,42.80489],[-71.45606,42.79746],[-71.45724,42.80489],[-71.47085,42.81751],[-71.47347,42.83542],[-71.4818,42.84051],[-71.47561,42.85444],[-71.47674,42.86946],[-71.47003,42.87871],[-71.45724,42.88472],[-71.4518,42.90256],[-71.45724,42.88472],[-71.47003,42.87871],[-71.47681,42.86934],[-71.47561,42.85444],[-71.4819,42.84147],[-71.47347,42.83542],[-71.47085,42.81751],[-71.45724,42.80489],[-71.45606,42.79746],[-71.45724,42.80489],[-71.47085,42.81751],[-71.47347,42.83542],[-71.4818,42.84051],[-71.47561,42.85444],[-71.47674,42.86946],[-71.47003,42.87871],[-71.45789,42.88391],[-71.45418,42.89276],[-71.42795,42.90044],[-71.40415,42.89537],[-71.387,42.89819],[-71.39155,42.90891],[-71.39312,42.90771]]},"properties":{"group":"plow","dataStatus":"reference","color":"#d6e8ff","title":"512 Route F Route 3A","status":"District 5 \u00b7 route F","details":"New Hampshire winter-maintenance plow route. This is the route the state plows, not a live truck.","provider":"NHDOT","sourceUrl":"https://www.nh.gov/dot/","district":5,"plowRoute":"F"}},{"type":"Feature","id":"nh-plow-460","geometry":{"type":"LineString","coordinates":[[-71.19989,42.98987],[-71.21198,42.98164],[-71.22658,42.98219],[-71.25155,42.96551],[-71.26806,42.94387],[-71.30078,42.9126],[-71.30358,42.90338],[-71.30078,42.9126],[-71.26806,42.94387],[-71.25621,42.95687],[-71.25155,42.96551],[-71.22658,42.98219],[-71.21198,42.98164],[-71.19989,42.98987]]},"properties":{"group":"plow","dataStatus":"reference","color":"#d6e8ff","title":"513 Route A NH 102 South  Derry Road Chester Road","status":"District 5 \u00b7 route A","details":"New Hampshire winter-maintenance plow route. This is the route the state plows, not a live truck.","provider":"NHDOT","sourceUrl":"https://www.nh.gov/dot/","district":5,"plowRoute":"A"}},{"type":"Feature","id":"nh-plow-461","geometry":{"type":"LineString","coordinates":[[-71.19989,42.98987],[-71.21198,42.98164],[-71.22694,42.982],[-71.25155,42.96551],[-71.25678,42.95723],[-71.2533,42.95584],[-71.25426,42.95361],[-71.25095,42.94828],[-71.24147,42.94358],[-71.23656,42.92837],[-71.22354,42.92157],[-71.21621,42.91359],[-71.21669,42.90384],[-71.2366,42.90359],[-71.24324,42.90096],[-71.27457,42.8973],[-71.27813,42.89439],[-71.28467,42.89489],[-71.27813,42.89439],[-71.27457,42.8973],[-71.24324,42.90096],[-71.2366,42.90359],[-71.21669,42.90384],[-71.21331,42.89597],[-71.19076,42.88447],[-71.18347,42.8782],[-71.1739,42.8657],[-71.17339,42.86086],[-71.17411,42.86603],[-71.1876,42.88218],[-71.21533,42.89779],[-71.21621,42.91359],[-71.22354,42.92157],[-71.23656,42.92837],[-71.24147,42.94358],[-71.25095,42.94828],[-71.25431,42.95377],[-71.25293,42.95593],[-71.25678,42.95723],[-71.25155,42.96551],[-71.22694,42.982],[-71.21198,42.98164],[-71.19989,42.98987]]},"properties":{"group":"plow","dataStatus":"reference","color":"#d6e8ff","title":"513 Route B NH 121 East Hamstead Road","status":"District 5 \u00b7 route B","details":"New Hampshire winter-maintenance plow route. This is the route the state plows, not a live truck.","provider":"NHDOT","sourceUrl":"https://www.nh.gov/dot/","district":5,"plowRoute":"B"}},{"type":"Feature","id":"nh-plow-462","geometry":{"type":"LineString","coordinates":[[-71.19989,42.98987],[-71.21198,42.98164],[-71.22694,42.982],[-71.25155,42.96551],[-71.25678,42.95723],[-71.27604,42.9666],[-71.31852,42.97347],[-71.33211,42.98529],[-71.33936,42.98809],[-71.3473,43.00324],[-71.3549,43.00407],[-71.36065,43.01182],[-71.36901,43.01302],[-71.38374,43.01039],[-71.39298,43.00406],[-71.38374,43.01039],[-71.36901,43.01302],[-71.36065,43.01182],[-71.3549,43.00407],[-71.3473,43.00324],[-71.33936,42.98809],[-71.33211,42.98529],[-71.31852,42.97347],[-71.27604,42.9666],[-71.25678,42.95723],[-71.25155,42.96551],[-71.22694,42.982],[-71.21198,42.98164],[-71.19989,42.98987]]},"properties":{"group":"plow","dataStatus":"reference","color":"#d6e8ff","title":"513 Route C NH 121 West","status":"District 5 \u00b7 route C","details":"New Hampshire winter-maintenance plow route. This is the route the state plows, not a live truck.","provider":"NHDOT","sourceUrl":"https://www.nh.gov/dot/","district":5,"plowRoute":"C"}},{"type":"Feature","id":"nh-plow-463","geometry":{"type":"LineString","coordinates":[[-71.19989,42.98987],[-71.21198,42.98164],[-71.22694,42.982],[-71.25155,42.96551],[-71.25678,42.95723],[-71.28138,42.96755],[-71.25568,42.95664],[-71.23761,42.95204],[-71.22045,42.9565],[-71.19968,42.95687],[-71.19557,42.95147],[-71.19303,42.93852],[-71.18701,42.92825],[-71.19303,42.93852],[-71.19557,42.95147],[-71.19968,42.95687],[-71.22045,42.9565],[-71.22742,42.95421],[-71.23289,42.95711],[-71.23728,42.95202],[-71.25678,42.95723],[-71.25155,42.96551],[-71.22694,42.982],[-71.21198,42.98164],[-71.19989,42.98987]]},"properties":{"group":"plow","dataStatus":"reference","color":"#d6e8ff","title":"513 Route D NH 121A","status":"District 5 \u00b7 route D","details":"New Hampshire winter-maintenance plow route. This is the route the state plows, not a live truck.","provider":"NHDOT","sourceUrl":"https://www.nh.gov/dot/","district":5,"plowRoute":"D"}},{"type":"Feature","id":"nh-plow-464","geometry":{"type":"LineString","coordinates":[[-71.19989,42.98987],[-71.19637,42.98916],[-71.18598,42.99695],[-71.17783,42.99922],[-71.16943,43.00666],[-71.16503,43.01705],[-71.167,43.0246],[-71.16208,43.03896],[-71.16702,43.02385],[-71.1645,43.01603],[-71.16703,43.02431],[-71.16208,43.03896],[-71.16702,43.02385],[-71.1611,43.00817],[-71.15784,43.00522],[-71.16516,43.01659],[-71.16943,43.00666],[-71.17637,43.00018],[-71.18598,42.99695],[-71.19637,42.98916],[-71.19989,42.98987]]},"properties":{"group":"plow","dataStatus":"reference","color":"#d6e8ff","title":"513 Route E NH 102 North","status":"District 5 \u00b7 route E","details":"New Hampshire winter-maintenance plow route. This is the route the state plows, not a live truck.","provider":"NHDOT","sourceUrl":"https://www.nh.gov/dot/","district":5,"plowRoute":"E"}},{"type":"Feature","id":"nh-plow-465","geometry":{"type":"LineString","coordinates":[[-71.2397,42.81328],[-71.24525,42.80593],[-71.24881,42.81224],[-71.2408,42.82747],[-71.23194,42.83486],[-71.21964,42.85083],[-71.17339,42.86086],[-71.21912,42.85117],[-71.23194,42.83486],[-71.23997,42.82872],[-71.24739,42.81344],[-71.26173,42.80702],[-71.2726,42.80883],[-71.28762,42.80727],[-71.29856,42.80498],[-71.30734,42.80016],[-71.33472,42.80573],[-71.35191,42.80331],[-71.33472,42.80573],[-71.30696,42.80018],[-71.29721,42.80537],[-71.27399,42.80879],[-71.26216,42.8069],[-71.24911,42.81197],[-71.24525,42.80593],[-71.2397,42.81328]]},"properties":{"group":"plow","dataStatus":"reference","color":"#d6e8ff","title":"514 Route A NH Route 111","status":"District 5 \u00b7 route A","details":"New Hampshire winter-maintenance plow route. This is the route the state plows, not a live truck.","provider":"NHDOT","sourceUrl":"https://www.nh.gov/dot/","district":5,"plowRoute":"A"}},{"type":"Feature","id":"nh-plow-466","geometry":{"type":"LineString","coordinates":[[-71.2397,42.81328],[-71.24525,42.80593],[-71.26243,42.84619],[-71.27294,42.85043],[-71.28362,42.85858],[-71.30721,42.88605],[-71.28362,42.85858],[-71.27294,42.85043],[-71.26243,42.84619],[-71.26056,42.83899],[-71.25399,42.82979],[-71.24781,42.81003],[-71.23571,42.7915],[-71.24876,42.81212],[-71.24602,42.81688],[-71.24797,42.81294],[-71.25539,42.80978],[-71.24861,42.81175],[-71.24602,42.81688],[-71.24797,42.81294],[-71.25539,42.80978],[-71.24881,42.81224],[-71.24525,42.80593],[-71.2397,42.81328]]},"properties":{"group":"plow","dataStatus":"reference","color":"#d6e8ff","title":"514 Route B NH Route 28 Rockingham Road","status":"District 5 \u00b7 route B","details":"New Hampshire winter-maintenance plow route. This is the route the state plows, not a live truck.","provider":"NHDOT","sourceUrl":"https://www.nh.gov/dot/","district":5,"plowRoute":"B"}},{"type":"Feature","id":"nh-plow-467","geometry":{"type":"LineString","coordinates":[[-71.2397,42.81328],[-71.2456,42.80583],[-71.25539,42.80978],[-71.25853,42.80894],[-71.27443,42.79837],[-71.28122,42.79082],[-71.29266,42.78479],[-71.29824,42.784],[-71.29835,42.78876],[-71.30509,42.79363],[-71.29835,42.78876],[-71.29824,42.784],[-71.29255,42.78483],[-71.25535,42.80971],[-71.24525,42.80593],[-71.22948,42.78197],[-71.21227,42.78421],[-71.20114,42.7884],[-71.19735,42.79278],[-71.18479,42.79216],[-71.19735,42.79278],[-71.19898,42.79196],[-71.18479,42.79216],[-71.19735,42.79278],[-71.19898,42.79196],[-71.18479,42.79216],[-71.19735,42.79278],[-71.20114,42.7884],[-71.21227,42.78421],[-71.22948,42.78197],[-71.24525,42.80593],[-71.23556,42.82216],[-71.23416,42.83057],[-71.2397,42.81328]]},"properties":{"group":"plow","dataStatus":"reference","color":"#d6e8ff","title":"514 Route C Range Road Cobett NH 97 Shadow Lake","status":"District 5 \u00b7 route C","details":"New Hampshire winter-maintenance plow route. This is the route the state plows, not a live truck.","provider":"NHDOT","sourceUrl":"https://www.nh.gov/dot/","district":5,"plowRoute":"C"}},{"type":"Feature","id":"nh-plow-468","geometry":{"type":"LineString","coordinates":[[-71.2397,42.81328],[-71.24525,42.80593],[-71.24884,42.8124],[-71.26216,42.8069],[-71.27399,42.80879],[-71.29747,42.80532],[-71.30696,42.80018],[-71.33505,42.80575],[-71.35246,42.80212],[-71.33505,42.80575],[-71.30712,42.80017],[-71.29824,42.80509],[-71.28724,42.80663],[-71.29824,42.80509],[-71.30696,42.80018],[-71.33505,42.80575],[-71.35246,42.80212],[-71.33505,42.80575],[-71.30696,42.80018],[-71.29721,42.80537],[-71.27399,42.80879],[-71.26216,42.8069],[-71.24911,42.81197],[-71.24525,42.80593],[-71.2397,42.81328]]},"properties":{"group":"plow","dataStatus":"reference","color":"#d6e8ff","title":"514 Route D Wall St to Route 128 Loop twice","status":"District 5 \u00b7 route D","details":"New Hampshire winter-maintenance plow route. This is the route the state plows, not a live truck.","provider":"NHDOT","sourceUrl":"https://www.nh.gov/dot/","district":5,"plowRoute":"D"}},{"type":"Feature","id":"nh-plow-469","geometry":{"type":"LineString","coordinates":[[-71.2397,42.81328],[-71.24567,42.80581],[-71.25541,42.80978],[-71.26216,42.8069],[-71.27436,42.80877],[-71.29961,42.80447],[-71.29934,42.8415],[-71.30511,42.84781],[-71.30412,42.85428],[-71.30748,42.85953],[-71.30412,42.85428],[-71.30511,42.84781],[-71.29934,42.8415],[-71.29895,42.80619],[-71.30414,42.80103],[-71.30405,42.79485],[-71.30758,42.79239],[-71.30799,42.78902],[-71.31574,42.78178],[-71.31485,42.77672],[-71.32058,42.76255],[-71.31615,42.7511],[-71.323,42.73946],[-71.32316,42.73397],[-71.3165,42.73299],[-71.32316,42.73397],[-71.323,42.73946],[-71.31615,42.75117],[-71.32045,42.76406],[-71.31487,42.77664],[-71.31569,42.7819],[-71.30418,42.79456],[-71.30414,42.80103],[-71.29747,42.80532],[-71.27472,42.80874],[-71.26243,42.80688],[-71.25535,42.80971],[-71.24567,42.80581],[-71.2397,42.81328]]},"properties":{"group":"plow","dataStatus":"reference","color":"#d6e8ff","title":"514 Route E N and S Lowell Road and NH 111A","status":"District 5 \u00b7 route E","details":"New Hampshire winter-maintenance plow route. This is the route the state plows, not a live truck.","provider":"NHDOT","sourceUrl":"https://www.nh.gov/dot/","district":5,"plowRoute":"E"}},{"type":"Feature","id":"nh-plow-470","geometry":{"type":"LineString","coordinates":[[-71.2397,42.81328],[-71.24525,42.80593],[-71.22948,42.78197],[-71.23209,42.78221],[-71.23078,42.77654],[-71.23388,42.77318],[-71.23276,42.76804],[-71.23542,42.76552],[-71.24741,42.76483],[-71.26447,42.75808],[-71.27455,42.74783],[-71.28803,42.74384],[-71.29857,42.74364],[-71.31528,42.73482],[-71.31985,42.72111],[-71.3135,42.69734],[-71.31985,42.72111],[-71.31528,42.73482],[-71.29857,42.74364],[-71.28803,42.74384],[-71.26935,42.74962],[-71.26177,42.74829],[-71.25129,42.73898],[-71.26245,42.74856],[-71.26949,42.74961],[-71.27875,42.7468],[-71.2737,42.74832],[-71.26447,42.75808],[-71.24741,42.76483],[-71.23542,42.76552],[-71.23276,42.76804],[-71.23388,42.77318],[-71.23078,42.77654],[-71.23209,42.78221],[-71.22948,42.78197],[-71.24525,42.80593],[-71.2397,42.81328]]},"properties":{"group":"plow","dataStatus":"reference","color":"#d6e8ff","title":"514 Route F NH Route 38 and Old Gage Hill Road","status":"District 5 \u00b7 route F","details":"New Hampshire winter-maintenance plow route. This is the route the state plows, not a live truck.","provider":"NHDOT","sourceUrl":"https://www.nh.gov/dot/","district":5,"plowRoute":"F"}},{"type":"Feature","id":"nh-plow-471","geometry":{"type":"LineString","coordinates":[[-71.2397,42.81328],[-71.24525,42.80593],[-71.24881,42.81224],[-71.24602,42.81688],[-71.24831,42.81271],[-71.25034,42.81596],[-71.24884,42.8124],[-71.26211,42.80691],[-71.2726,42.80883],[-71.28762,42.80727],[-71.29856,42.80498],[-71.30414,42.80103],[-71.29707,42.8054],[-71.27399,42.80879],[-71.26216,42.8069],[-71.24896,42.81197],[-71.23571,42.7915],[-71.24525,42.80593],[-71.2397,42.81328]]},"properties":{"group":"plow","dataStatus":"reference","color":"#d6e8ff","title":"514 Route G Park n Ride and Intersections","status":"District 5 \u00b7 route G","details":"New Hampshire winter-maintenance plow route. This is the route the state plows, not a live truck.","provider":"NHDOT","sourceUrl":"https://www.nh.gov/dot/","district":5,"plowRoute":"G"}},{"type":"Feature","id":"nh-plow-472","geometry":{"type":"LineString","coordinates":[[-71.55993,42.72207],[-71.56831,42.72703],[-71.58333,42.72863],[-71.58799,42.74074],[-71.57499,42.74522],[-71.55002,42.74141],[-71.52709,42.74694],[-71.55002,42.74141],[-71.57499,42.74522],[-71.58799,42.74074],[-71.58347,42.72873],[-71.56799,42.72692],[-71.55153,42.71464],[-71.54994,42.71222],[-71.55248,42.70965],[-71.55271,42.70292],[-71.55141,42.71128],[-71.53773,42.71727],[-71.54994,42.71222],[-71.55993,42.72207]]},"properties":{"group":"plow","dataStatus":"reference","color":"#d6e8ff","title":"515 Route A Depot Road","status":"District 5 \u00b7 route A","details":"New Hampshire winter-maintenance plow route. This is the route the state plows, not a live truck.","provider":"NHDOT","sourceUrl":"https://www.nh.gov/dot/","district":5,"plowRoute":"A"}},{"type":"Feature","id":"nh-plow-473","geometry":{"type":"LineString","coordinates":[[-71.55993,42.72207],[-71.56831,42.72703],[-71.58333,42.72863],[-71.59151,42.74303],[-71.58327,42.7424],[-71.59151,42.74303],[-71.59062,42.73923],[-71.58769,42.73906],[-71.59075,42.73974],[-71.59093,42.72808],[-71.58586,42.70359],[-71.59088,42.72761],[-71.59054,42.73932],[-71.58737,42.73865],[-71.58314,42.72852],[-71.56831,42.72703],[-71.55993,42.72207]]},"properties":{"group":"plow","dataStatus":"reference","color":"#d6e8ff","title":"515 Route B Pepperell Road Main Street","status":"District 5 \u00b7 route B","details":"New Hampshire winter-maintenance plow route. This is the route the state plows, not a live truck.","provider":"NHDOT","sourceUrl":"https://www.nh.gov/dot/","district":5,"plowRoute":"B"}},{"type":"Feature","id":"nh-plow-474","geometry":{"type":"LineString","coordinates":[[-71.55993,42.72207],[-71.56831,42.72703],[-71.58314,42.72852],[-71.58816,42.73981],[-71.59075,42.73974],[-71.59593,42.7551],[-71.59256,42.76929],[-71.59795,42.77304],[-71.60401,42.78351],[-71.59639,42.79898],[-71.60546,42.80678],[-71.60625,42.82284],[-71.60546,42.80678],[-71.59639,42.79898],[-71.60401,42.78351],[-71.59795,42.77304],[-71.59256,42.76929],[-71.59593,42.7551],[-71.59151,42.74303],[-71.59593,42.7551],[-71.59256,42.76929],[-71.59795,42.77304],[-71.60401,42.78351],[-71.59639,42.79898],[-71.60546,42.80678],[-71.60625,42.82284],[-71.60546,42.80678],[-71.59639,42.79898],[-71.60401,42.78351],[-71.59795,42.77304],[-71.59256,42.76929],[-71.59593,42.7551],[-71.59075,42.73974],[-71.58816,42.73981],[-71.58314,42.72852],[-71.56831,42.72703],[-71.55993,42.72207]]},"properties":{"group":"plow","dataStatus":"reference","color":"#d6e8ff","title":"515 Route C NH 122","status":"District 5 \u00b7 route C","details":"New Hampshire winter-maintenance plow route. This is the route the state plows, not a live truck.","provider":"NHDOT","sourceUrl":"https://www.nh.gov/dot/","district":5,"plowRoute":"C"}},{"type":"Feature","id":"nh-plow-475","geometry":{"type":"LineString","coordinates":[[-71.55993,42.72207],[-71.56831,42.72703],[-71.58333,42.72863],[-71.59151,42.74303],[-71.6022,42.74205],[-71.61222,42.73541],[-71.62492,42.7325],[-71.6283,42.72847],[-71.63698,42.72605],[-71.6418,42.72029],[-71.63077,42.71578],[-71.6198,42.70426],[-71.63077,42.71578],[-71.6418,42.72029],[-71.63698,42.72605],[-71.6283,42.72847],[-71.62492,42.7325],[-71.61222,42.73541],[-71.6022,42.74205],[-71.59151,42.74303],[-71.6022,42.74205],[-71.61222,42.73541],[-71.62492,42.7325],[-71.6283,42.72847],[-71.63698,42.72605],[-71.6418,42.72029],[-71.63077,42.71578],[-71.6198,42.70426],[-71.63077,42.71578],[-71.6418,42.72029],[-71.63698,42.72605],[-71.6283,42.72847],[-71.62492,42.7325],[-71.61222,42.73541],[-71.6022,42.74205],[-71.59151,42.74303],[-71.58333,42.72863],[-71.56831,42.72703],[-71.55993,42.72207]]},"properties":{"group":"plow","dataStatus":"reference","color":"#d6e8ff","title":"515 Route D Proctor4 Hill / Pepperell Road / W Hollis Road","status":"District 5 \u00b7 route D","details":"New Hampshire winter-maintenance plow route. This is the route the state plows, not a live truck.","provider":"NHDOT","sourceUrl":"https://www.nh.gov/dot/","district":5,"plowRoute":"D"}},{"type":"Feature","id":"nh-plow-476","geometry":{"type":"LineString","coordinates":[[-71.55993,42.72207],[-71.56831,42.72703],[-71.58333,42.72863],[-71.59151,42.74303],[-71.60247,42.74195],[-71.61207,42.73547],[-71.62482,42.73254],[-71.6283,42.72847],[-71.63651,42.72636],[-71.64148,42.72038],[-71.64911,42.72009],[-71.65588,42.72299],[-71.65752,42.73115],[-71.66356,42.73431],[-71.66566,42.74746],[-71.67274,42.75048],[-71.67325,42.75424],[-71.67279,42.75052],[-71.66546,42.74709],[-71.66333,42.73368],[-71.65735,42.73069],[-71.65697,42.72622],[-71.6634,42.71395],[-71.65686,42.7267],[-71.65546,42.72271],[-71.64899,42.72006],[-71.64165,42.72031],[-71.63698,42.72605],[-71.6283,42.72847],[-71.62501,42.73246],[-71.61222,42.73541],[-71.59962,42.74257],[-71.59151,42.74303],[-71.58195,42.72787],[-71.56831,42.72703],[-71.55993,42.72207]]},"properties":{"group":"plow","dataStatus":"reference","color":"#d6e8ff","title":"515 Route E Milford Street / South Main Street","status":"District 5 \u00b7 route E","details":"New Hampshire winter-maintenance plow route. This is the route the state plows, not a live truck.","provider":"NHDOT","sourceUrl":"https://www.nh.gov/dot/","district":5,"plowRoute":"E"}},{"type":"Feature","id":"nh-plow-477","geometry":{"type":"LineString","coordinates":[[-71.41438,42.82535],[-71.41604,42.82394],[-71.41335,42.81955],[-71.40788,42.82425],[-71.4287,42.80867],[-71.44459,42.77875],[-71.45001,42.77969],[-71.45606,42.79746],[-71.45022,42.77994],[-71.44459,42.77875],[-71.4287,42.80867],[-71.41335,42.81955],[-71.41604,42.82394],[-71.41438,42.82535]]},"properties":{"group":"plow","dataStatus":"reference","color":"#d6e8ff","title":"516 Route A NH Route 102 and 3A North","status":"District 5 \u00b7 route A","details":"New Hampshire winter-maintenance plow route. This is the route the state plows, not a live truck.","provider":"NHDOT","sourceUrl":"https://www.nh.gov/dot/","district":5,"plowRoute":"A"}},{"type":"Feature","id":"nh-plow-478","geometry":{"type":"LineString","coordinates":[[-71.41438,42.82535],[-71.41604,42.82394],[-71.41335,42.81955],[-71.42884,42.80849],[-71.44465,42.77822],[-71.43897,42.76236],[-71.4318,42.76026],[-71.4262,42.74856],[-71.4249,42.72802],[-71.41859,42.71898],[-71.42205,42.70471],[-71.42042,42.69977],[-71.42205,42.70471],[-71.41859,42.71898],[-71.42506,42.72918],[-71.41859,42.71898],[-71.42205,42.70471],[-71.42042,42.69977],[-71.42205,42.70471],[-71.41859,42.71898],[-71.4249,42.72802],[-71.4262,42.74856],[-71.4318,42.76026],[-71.43897,42.76236],[-71.44465,42.77822],[-71.42884,42.80849],[-71.41335,42.81955],[-71.41604,42.82394],[-71.41438,42.82535]]},"properties":{"group":"plow","dataStatus":"reference","color":"#d6e8ff","title":"516 Route B NH Route 3A South","status":"District 5 \u00b7 route B","details":"New Hampshire winter-maintenance plow route. This is the route the state plows, not a live truck.","provider":"NHDOT","sourceUrl":"https://www.nh.gov/dot/","district":5,"plowRoute":"B"}},{"type":"Feature","id":"nh-plow-479","geometry":{"type":"LineString","coordinates":[[-71.41438,42.82535],[-71.41604,42.82394],[-71.41335,42.81955],[-71.42884,42.80849],[-71.44461,42.77864],[-71.43897,42.76236],[-71.4318,42.76026],[-71.42625,42.74873],[-71.42469,42.72736],[-71.41695,42.71777],[-71.39059,42.70244],[-71.38818,42.699],[-71.38919,42.70098],[-71.36808,42.70514],[-71.35272,42.70289],[-71.36808,42.70514],[-71.38919,42.70098],[-71.41695,42.71777],[-71.42469,42.72736],[-71.42625,42.74873],[-71.4318,42.76026],[-71.43897,42.76236],[-71.44461,42.77864],[-71.42884,42.80849],[-71.41335,42.81955],[-71.41604,42.82394],[-71.41438,42.82535]]},"properties":{"group":"plow","dataStatus":"reference","color":"#d6e8ff","title":"516 Route C Dracut and Sheburn","status":"District 5 \u00b7 route C","details":"New Hampshire winter-maintenance plow route. This is the route the state plows, not a live truck.","provider":"NHDOT","sourceUrl":"https://www.nh.gov/dot/","district":5,"plowRoute":"C"}},{"type":"Feature","id":"nh-plow-480","geometry":{"type":"LineString","coordinates":[[-71.41438,42.82535],[-71.41604,42.82394],[-71.41335,42.81955],[-71.42832,42.80911],[-71.43368,42.79879],[-71.42553,42.79933],[-71.41783,42.79128],[-71.41379,42.78135],[-71.4155,42.77602],[-71.40802,42.7716],[-71.37539,42.78591],[-71.35124,42.80293],[-71.37539,42.78591],[-71.41211,42.76944],[-71.37539,42.78591],[-71.35124,42.80293],[-71.37539,42.78591],[-71.40802,42.7716],[-71.4155,42.77602],[-71.41379,42.78135],[-71.41783,42.79128],[-71.42553,42.79933],[-71.43368,42.79879],[-71.42832,42.80911],[-71.41335,42.81955],[-71.41604,42.82394],[-71.41438,42.82535]]},"properties":{"group":"plow","dataStatus":"reference","color":"#d6e8ff","title":"516 Route D NH Route 111","status":"District 5 \u00b7 route D","details":"New Hampshire winter-maintenance plow route. This is the route the state plows, not a live truck.","provider":"NHDOT","sourceUrl":"https://www.nh.gov/dot/","district":5,"plowRoute":"D"}},{"type":"Feature","id":"nh-plow-481","geometry":{"type":"LineString","coordinates":[[-71.41438,42.82535],[-71.41604,42.82394],[-71.41335,42.81955],[-71.42832,42.80911],[-71.43368,42.79879],[-71.42553,42.79933],[-71.41761,42.79105],[-71.41379,42.78135],[-71.41498,42.7753],[-71.40229,42.76916],[-71.38033,42.76886],[-71.36817,42.77148],[-71.35655,42.76719],[-71.35148,42.76967],[-71.35655,42.76719],[-71.36817,42.77148],[-71.38033,42.76886],[-71.40229,42.76916],[-71.41498,42.7753],[-71.41379,42.78135],[-71.41761,42.79105],[-71.42553,42.79933],[-71.43368,42.79879],[-71.42832,42.80911],[-71.41335,42.81955],[-71.41604,42.82394],[-71.41438,42.82535]]},"properties":{"group":"plow","dataStatus":"reference","color":"#d6e8ff","title":"516 Route E Kimball Hill Road","status":"District 5 \u00b7 route E","details":"New Hampshire winter-maintenance plow route. This is the route the state plows, not a live truck.","provider":"NHDOT","sourceUrl":"https://www.nh.gov/dot/","district":5,"plowRoute":"E"}}]}