{"type":"FeatureCollection","metadata":{"source":"U.S. Census Bureau TIGERweb (current vintage)","builtFrom":"scripts/regions-config.json via scripts/build-regions.py","order":["greater-boston","boston","ma","merrimack-valley","north-shore","worcester","pioneer-valley","berkshires","south-coast","cape-islands","ri","providence-metro","newport-south-county","ct","hartford","new-haven-shoreline","fairfield","eastern-ct","nh","nh-seacoast","nh-merrimack","lakes-white-mountains","vt","champlain-valley","southern-vt","me","southern-maine","midcoast","downeast-acadia","central-western-me","bangor-north","new-england","upper-valley"],"groups":[{"key":"boston-area","label":"Boston area"},{"key":"ma","label":"Massachusetts"},{"key":"ri","label":"Rhode Island"},{"key":"ct","label":"Connecticut"},{"key":"nh","label":"New Hampshire"},{"key":"vt","label":"Vermont"},{"key":"me","label":"Maine"},{"key":"new-england","label":"New England"}],"virtualRegions":[{"key":"new-england","name":"All New England","group":"new-england","parent":null,"kind":"union","definition":"All six New England states","hasSubway":true,"busDefaultOn":false,"members":["ct","ma","me","nh","ri","vt"],"memberCount":6}]},"features":[{"type":"Feature","properties":{"key":"greater-boston","name":"Greater Boston (inside I-495)","group":"boston-area","parent":"ma","kind":"towns","definition":"Massachusetts cities and towns with at least half their area inside the I-495 ring (ring closed along the coast)","hasSubway":true,"busDefaultOn":false,"state":"MA","ring":"i-495","members":["Abington","Acton","Andover","Arlington","Ashland","Avon","Bedford","Belmont","Beverly","Billerica","Boston","Boxborough","Boxford","Braintree","Bridgewater","Brockton","Brookline","Burlington","Cambridge","Canton","Carlisle","Carver","Chelmsford","Chelsea","Cohasset","Concord","Danvers","Dedham","Dover","Duxbury","East Bridgewater","Easton","Essex","Everett","Foxborough","Framingham","Franklin","Georgetown","Gloucester","Groveland","Halifax","Hamilton","Hanover","Hanson","Haverhill","Hingham","Holbrook","Holliston","Hopkinton","Hudson","Hull","Ipswich","Kingston","Lexington","Lincoln","Littleton","Lynn","Lynnfield","Malden","Manchester-by-the-Sea","Mansfield","Marblehead","Marlborough","Marshfield","Maynard","Medfield","Medford","Medway","Melrose","Middleborough","Middleton","Millis","Milton","Nahant","Natick","Needham","Newbury","Newburyport","Newton","Norfolk","North Andover","North Reading","Norwell","Norwood","Peabody","Pembroke","Plymouth","Plympton","Quincy","Randolph","Reading","Revere","Rockland","Rockport","Rowley","Salem","Salisbury","Saugus","Scituate","Sharon","Sherborn","Somerville","Southborough","Stoneham","Stoughton","Stow","Sudbury","Swampscott","Tewksbury","Topsfield","Wakefield","Walpole","Waltham","Watertown","Wayland","Wellesley","Wenham","West Bridgewater","West Newbury","Weston","Westwood","Weymouth","Whitman","Wilmington","Winchester","Winthrop","Woburn","Wrentham"],"memberCount":128},"geometry":{"type":"Polygon","coordinates":[[[-71.28908,42.04504],[-71.38133,42.01894],[-71.3814,42.0188],[-71.39658,42.01875],[-71.4581,42.0178],[-71.45475,42.04412],[-71.45469,42.05222],[-71.45496,42.06313],[-71.45587,42.06319],[-71.45527,42.07275],[-71.4537,42.07262],[-71.45197,42.08373],[-71.44659,42.10214],[-71.44401,42.11731],[-71.44255,42.13164],[-71.44183,42.13174],[-71.44168,42.13189],[-71.44242,42.13217],[-71.44208,42.13252],[-71.44205,42.13294],[-71.44222,42.13324],[-71.44196,42.1336],[-71.44249,42.13391],[-71.44285,42.13393],[-71.44289,42.13408],[-71.44238,42.13456],[-71.44182,42.13461],[-71.44143,42.13483],[-71.44177,42.13503],[-71.44184,42.13525],[-71.44221,42.1352],[-71.44246,42.1354],[-71.4423,42.13559],[-71.44269,42.13578],[-71.44294,42.13576],[-71.46144,42.13364],[-71.47852,42.13138],[-71.47803,42.16587],[-71.49314,42.16621],[-71.49738,42.16664],[-71.50263,42.19142],[-71.50689,42.18893],[-71.5395,42.18973],[-71.55574,42.1825],[-71.55599,42.18268],[-71.55572,42.18282],[-71.55564,42.18325],[-71.55544,42.18353],[-71.55547,42.18395],[-71.55513,42.18423],[-71.55507,42.18448],[-71.5552,42.18462],[-71.55518,42.18493],[-71.55551,42.18478],[-71.5556,42.18499],[-71.55542,42.18524],[-71.55549,42.18541],[-71.55626,42.18595],[-71.55689,42.18584],[-71.55693,42.18569],[-71.55706,42.18577],[-71.5568,42.18607],[-71.5567,42.1865],[-71.55645,42.18661],[-71.55643,42.18731],[-71.5562,42.18787],[-71.55634,42.18809],[-71.55661,42.18792],[-71.55667,42.1881],[-71.55609,42.18832],[-71.55623,42.18866],[-71.55593,42.18872],[-71.55585,42.18885],[-71.55595,42.18909],[-71.55582,42.18984],[-71.55613,42.19061],[-71.55607,42.19089],[-71.55624,42.19182],[-71.55678,42.19245],[-71.57227,42.19273],[-71.57209,42.19362],[-71.57154,42.19467],[-71.58291,42.19556],[-71.60222,42.2181],[-71.58676,42.25955],[-71.56219,42.26765],[-71.56058,42.26786],[-71.56019,42.26764],[-71.55978,42.26758],[-71.5594,42.26773],[-71.55892,42.26769],[-71.55881,42.26784],[-71.55858,42.26787],[-71.55853,42.26758],[-71.55833,42.26739],[-71.55788,42.2674],[-71.55773,42.26767],[-71.55728,42.26759],[-71.55729,42.26779],[-71.55658,42.26813],[-71.55581,42.26777],[-71.55546,42.26783],[-71.55528,42.26746],[-71.55486,42.26755],[-71.5545,42.26788],[-71.55434,42.26775],[-71.55251,42.2675],[-71.55201,42.26698],[-71.55173,42.26633],[-71.55075,42.26626],[-71.55012,42.26602],[-71.54294,42.26718],[-71.54274,42.26974],[-71.59205,42.31752],[-71.59736,42.32102],[-71.60188,42.32697],[-71.60371,42.32855],[-71.60527,42.33016],[-71.60359,42.33168],[-71.6041,42.33677],[-71.60466,42.33675],[-71.60627,42.33737],[-71.61001,42.33842],[-71.61153,42.33899],[-71.61605,42.34146],[-71.61755,42.34197],[-71.61913,42.34335],[-71.62066,42.34525],[-71.62583,42.34972],[-71.6247,42.35046],[-71.61001,42.3574],[-71.60307,42.36727],[-71.60776,42.37002],[-71.58013,42.38695],[-71.60425,42.3977],[-71.58526,42.4071],[-71.5591,42.41194],[-71.54339,42.46645],[-71.56037,42.47435],[-71.53485,42.51333],[-71.53272,42.51465],[-71.52984,42.51984],[-71.53138,42.52035],[-71.53878,42.54303],[-71.54232,42.55033],[-71.53303,42.55273],[-71.53332,42.55291],[-71.53243,42.5538],[-71.53148,42.55406],[-71.52963,42.55521],[-71.52947,42.55545],[-71.52946,42.55575],[-71.5292,42.55591],[-71.5285,42.55598],[-71.52788,42.55623],[-71.52764,42.55657],[-71.52669,42.55713],[-71.52661,42.55746],[-71.52623,42.55753],[-71.52618,42.55774],[-71.52602,42.55778],[-71.52591,42.55762],[-71.52562,42.55769],[-71.52554,42.55815],[-71.52526,42.55826],[-71.52522,42.55847],[-71.5245,42.55869],[-71.52462,42.55911],[-71.52445,42.55967],[-71.52413,42.55974],[-71.5238,42.55964],[-71.52319,42.55983],[-71.52089,42.56431],[-71.51632,42.56663],[-71.50641,42.57217],[-71.50304,42.57547],[-71.49801,42.57686],[-71.48377,42.57379],[-71.48002,42.55809],[-71.42379,42.52619],[-71.38474,42.5387],[-71.38837,42.54995],[-71.39688,42.58014],[-71.40023,42.59108],[-71.40198,42.59981],[-71.4054,42.61039],[-71.41764,42.65377],[-71.41231,42.64941],[-71.41198,42.64797],[-71.40976,42.64878],[-71.40531,42.64814],[-71.40403,42.64841],[-71.40278,42.64677],[-71.39889,42.64495],[-71.39832,42.64549],[-71.4011,42.64912],[-71.4022,42.65158],[-71.39899,42.65247],[-71.39817,42.65102],[-71.39697,42.64964],[-71.39525,42.64877],[-71.39434,42.64847],[-71.39323,42.64839],[-71.39249,42.64848],[-71.3867,42.64943],[-71.38494,42.64961],[-71.38174,42.64928],[-71.38069,42.64891],[-71.37975,42.64823],[-71.37911,42.6474],[-71.37712,42.6427],[-71.37593,42.6409],[-71.37452,42.63955],[-71.37207,42.63836],[-71.3695,42.63758],[-71.36702,42.63739],[-71.36474,42.6376],[-71.35994,42.62597],[-71.32933,42.61398],[-71.32794,42.61315],[-71.3257,42.61326],[-71.32497,42.6116],[-71.32541,42.61125],[-71.32334,42.60649],[-71.3199,42.6069],[-71.31888,42.60854],[-71.31931,42.61357],[-71.29621,42.61468],[-71.29678,42.61377],[-71.29703,42.61301],[-71.29632,42.61267],[-71.28343,42.6153],[-71.27779,42.62085],[-71.27471,42.62886],[-71.27119,42.64424],[-71.27145,42.64609],[-71.27168,42.6463],[-71.27171,42.64802],[-71.27202,42.64922],[-71.27515,42.65622],[-71.27261,42.65666],[-71.26435,42.65767],[-71.26196,42.65748],[-71.25848,42.65692],[-71.25673,42.657],[-71.25619,42.65714],[-71.25497,42.65778],[-71.25288,42.65954],[-71.25172,42.66033],[-71.25076,42.66078],[-71.24948,42.6611],[-71.24682,42.66101],[-71.24545,42.66119],[-71.24417,42.66151],[-71.24249,42.66235],[-71.24189,42.6629],[-71.24141,42.66369],[-71.2404,42.66673],[-71.23928,42.66819],[-71.2381,42.66949],[-71.23561,42.67116],[-71.23409,42.67252],[-71.22937,42.6782],[-71.22866,42.67921],[-71.22772,42.6809],[-71.22607,42.68443],[-71.22565,42.68578],[-71.22539,42.68687],[-71.22481,42.69343],[-71.22462,42.69393],[-71.22364,42.69534],[-71.22052,42.69924],[-71.21982,42.69981],[-71.21817,42.70063],[-71.21672,42.70101],[-71.21495,42.70126],[-71.21208,42.70108],[-71.20249,42.69891],[-71.19455,42.69838],[-71.19098,42.69743],[-71.19034,42.69718],[-71.18886,42.69627],[-71.1855,42.67587],[-71.15121,42.68171],[-71.13454,42.67681],[-71.13365,42.67962],[-71.1394,42.68448],[-71.13882,42.68468],[-71.1383,42.68471],[-71.13779,42.68505],[-71.138,42.68532],[-71.13918,42.68515],[-71.13947,42.68534],[-71.13948,42.68551],[-71.1393,42.68569],[-71.13882,42.68573],[-71.1387,42.68597],[-71.13832,42.68618],[-71.13829,42.68604],[-71.13812,42.68604],[-71.13795,42.6864],[-71.13768,42.68644],[-71.13773,42.68658],[-71.13791,42.68657],[-71.13784,42.68669],[-71.13798,42.6869],[-71.13833,42.68685],[-71.13844,42.68665],[-71.1392,42.68673],[-71.13946,42.68678],[-71.13981,42.68719],[-71.13919,42.68774],[-71.13897,42.68771],[-71.13901,42.68756],[-71.13887,42.68745],[-71.1385,42.68759],[-71.13852,42.68829],[-71.13838,42.68832],[-71.13855,42.68846],[-71.13837,42.68861],[-71.13851,42.68884],[-71.13828,42.68908],[-71.13794,42.68902],[-71.13787,42.68922],[-71.13765,42.68922],[-71.13762,42.68933],[-71.13746,42.68921],[-71.13751,42.68935],[-71.13732,42.68934],[-71.13729,42.68958],[-71.13743,42.68948],[-71.13753,42.68959],[-71.13717,42.68982],[-71.13722,42.69004],[-71.13739,42.68995],[-71.13745,42.69007],[-71.1373,42.69041],[-71.13768,42.69061],[-71.13753,42.69084],[-71.13739,42.69082],[-71.13753,42.69091],[-71.1375,42.69109],[-71.13732,42.69114],[-71.13764,42.69129],[-71.13752,42.69141],[-71.1376,42.69165],[-71.13768,42.69153],[-71.1379,42.69154],[-71.13783,42.69171],[-71.13792,42.69182],[-71.13771,42.69188],[-71.13786,42.69192],[-71.13774,42.69204],[-71.13798,42.69226],[-71.13782,42.69228],[-71.13802,42.6924],[-71.13801,42.69258],[-71.13834,42.69269],[-71.1393,42.69274],[-71.13922,42.69321],[-71.14001,42.69352],[-71.14017,42.69342],[-71.14026,42.69366],[-71.14042,42.69359],[-71.1406,42.69385],[-71.14167,42.69412],[-71.1417,42.69432],[-71.14315,42.6942],[-71.14339,42.69703],[-71.1449,42.69776],[-71.145,42.69795],[-71.14546,42.69806],[-71.14545,42.69819],[-71.14572,42.69817],[-71.14573,42.6984],[-71.14586,42.69848],[-71.14547,42.69876],[-71.14498,42.69875],[-71.14482,42.69911],[-71.14438,42.69926],[-71.14278,42.69892],[-71.14237,42.69938],[-71.14089,42.70334],[-71.13932,42.7034],[-71.13712,42.70439],[-71.13752,42.70481],[-71.13756,42.70652],[-71.13688,42.7068],[-71.13629,42.70721],[-71.13593,42.70765],[-71.13422,42.70991],[-71.13362,42.71144],[-71.13346,42.71285],[-71.13367,42.71447],[-71.13476,42.71727],[-71.13497,42.71822],[-71.13491,42.71989],[-71.13446,42.72116],[-71.1337,42.722],[-71.13234,42.72299],[-71.13071,42.72445],[-71.12681,42.72836],[-71.12446,42.73165],[-71.12162,42.73385],[-71.11861,42.73662],[-71.11668,42.73878],[-71.11587,42.74013],[-71.11558,42.7411],[-71.11562,42.74222],[-71.11588,42.74307],[-71.11644,42.74424],[-71.12071,42.74895],[-71.12218,42.75009],[-71.12517,42.75169],[-71.12604,42.75251],[-71.12858,42.75606],[-71.12978,42.758],[-71.13046,42.75973],[-71.13062,42.76078],[-71.1334,42.76247],[-71.1824,42.79433],[-71.16665,42.80888],[-71.14794,42.81618],[-71.13281,42.82148],[-71.06442,42.80627],[-71.05401,42.83328],[-70.99961,42.81054],[-71.00096,42.81278],[-71.00135,42.81497],[-71.00116,42.81726],[-71.0008,42.81811],[-71.00032,42.81865],[-70.99823,42.82043],[-70.99694,42.82125],[-70.99618,42.82156],[-70.99506,42.82186],[-70.99271,42.82191],[-70.99101,42.82217],[-70.98611,42.82373],[-70.98173,42.8244],[-70.97924,42.82458],[-70.97294,42.82404],[-70.97133,42.82357],[-70.96916,42.82246],[-70.96575,42.82102],[-70.96358,42.82034],[-70.96146,42.81989],[-70.95787,42.81971],[-70.94995,42.82016],[-70.94634,42.82058],[-70.94454,42.82097],[-70.94064,42.82241],[-70.93894,42.82333],[-70.93699,42.82563],[-70.93389,42.82802],[-70.93313,42.82925],[-70.93235,42.83107],[-70.93146,42.83219],[-70.92879,42.83457],[-70.92532,42.83837],[-70.9233,42.8399],[-70.92215,42.84056],[-70.92084,42.84104],[-70.91931,42.84127],[-70.91764,42.84128],[-70.9168,42.84112],[-70.91569,42.84067],[-70.91535,42.8403],[-70.91478,42.83928],[-70.91436,42.83826],[-70.91401,42.8368],[-70.91356,42.83591],[-70.9129,42.83515],[-70.91147,42.83437],[-70.91034,42.83402],[-70.90831,42.83364],[-70.90495,42.83373],[-70.9042,42.83389],[-70.89983,42.84739],[-70.91463,42.88665],[-70.90353,42.88678],[-70.8856,42.88283],[-70.84772,42.86087],[-70.83673,42.86468],[-70.82969,42.86872],[-70.82024,42.87179],[-70.81698,42.87195],[-70.81383,42.8723],[-70.81413,42.86268],[-70.81398,42.85382],[-70.81359,42.84995],[-70.81222,42.84459],[-70.81175,42.84208],[-70.81144,42.8366],[-70.8109,42.83104],[-70.81032,42.82724],[-70.80984,42.82509],[-70.80734,42.81866],[-70.80587,42.81258],[-70.806,42.80934],[-70.8057,42.80544],[-70.80406,42.79645],[-70.80399,42.79381],[-70.80148,42.78275],[-70.7997,42.77633],[-70.79462,42.7627],[-70.793,42.75773],[-70.79122,42.75317],[-70.79075,42.75053],[-70.78426,42.7369],[-70.78115,42.73195],[-70.77545,42.72221],[-70.7747,42.7202],[-70.75912,42.70849],[-70.74949,42.70273],[-70.74746,42.70139],[-70.73709,42.69597],[-70.72274,42.69177],[-70.70898,42.69092],[-70.69609,42.69141],[-70.68794,42.6923],[-70.66633,42.6931],[-70.63961,42.69504],[-70.62826,42.69421],[-70.60545,42.69206],[-70.58707,42.68921],[-70.57727,42.68281],[-70.57004,42.67645],[-70.56747,42.66749],[-70.56559,42.65695],[-70.56594,42.63515],[-70.56676,42.62492],[-70.56785,42.61846],[-70.57685,42.6168],[-70.59811,42.61386],[-70.62003,42.60992],[-70.62452,42.60561],[-70.6307,42.59714],[-70.64044,42.58433],[-70.64244,42.5826],[-70.6451,42.58083],[-70.64793,42.57933],[-70.652,42.57848],[-70.66472,42.5782],[-70.67144,42.57842],[-70.67925,42.58011],[-70.68922,42.57923],[-70.70104,42.57628],[-70.70595,42.57438],[-70.70933,42.57249],[-70.713,42.57069],[-70.71619,42.56756],[-70.71905,42.56335],[-70.72254,42.55726],[-70.72683,42.54357],[-70.73065,42.52355],[-70.73235,42.50581],[-70.73612,42.50011],[-70.74949,42.49272],[-70.77336,42.48194],[-70.79009,42.47387],[-70.79995,42.46891],[-70.81074,42.46441],[-70.82106,42.46037],[-70.83118,42.4572],[-70.83862,42.45546],[-70.85935,42.45455],[-70.88163,42.4524],[-70.90149,42.4496],[-70.90599,42.4452],[-70.90599,42.4383],[-70.89654,42.43397],[-70.88849,42.42285],[-70.88062,42.41766],[-70.86791,42.41038],[-70.85921,42.40432],[-70.85453,42.39951],[-70.85144,42.39321],[-70.74949,42.40082],[-70.7488,42.40021],[-70.74885,42.37375],[-70.74949,42.37334],[-70.85119,42.3725],[-70.85102,42.33827],[-70.85052,42.29348],[-70.82357,42.29326],[-70.81233,42.29331],[-70.80035,42.29311],[-70.74949,42.35178],[-70.72921,42.37385],[-70.67569,42.3751],[-70.74949,42.29536],[-70.75105,42.29311],[-70.74949,42.29116],[-70.73236,42.2501],[-70.70235,42.19946],[-70.69952,42.19118],[-70.69428,42.17106],[-70.6911,42.16367],[-70.68474,42.151],[-70.67846,42.14075],[-70.67508,42.1362],[-70.66957,42.1294],[-70.66567,42.12497],[-70.65157,42.1109],[-70.64326,42.10443],[-70.63929,42.09976],[-70.6355,42.09398],[-70.63105,42.08311],[-70.6298,42.07719],[-70.62872,42.07355],[-70.62603,42.06656],[-70.62253,42.06013],[-70.6149,42.04911],[-70.6081,42.03779],[-70.60295,42.02585],[-70.59855,42.01368],[-70.59742,42.00674],[-70.59129,41.99976],[-70.57903,41.99321],[-70.56964,41.98509],[-70.55948,41.97583],[-70.552,41.96685],[-70.53964,41.94797],[-70.53427,41.94106],[-70.5285,41.93211],[-70.52286,41.92249],[-70.52059,41.91727],[-70.51887,41.91178],[-70.51767,41.90366],[-70.51707,41.89612],[-70.51664,41.88736],[-70.51638,41.8751],[-70.51636,41.85804],[-70.52034,41.83786],[-70.52516,41.82152],[-70.5374,41.81076],[-70.56528,41.7867],[-70.60294,41.7747],[-70.63257,41.7629],[-70.63263,41.7635],[-70.63288,41.76386],[-70.63379,41.76464],[-70.63397,41.76507],[-70.63457,41.76537],[-70.63464,41.76626],[-70.63554,41.76705],[-70.63589,41.76853],[-70.63631,41.76896],[-70.63601,41.76982],[-70.63537,41.77018],[-70.63444,41.77042],[-70.63348,41.77105],[-70.63302,41.77175],[-70.63305,41.77245],[-70.63043,41.77379],[-70.63008,41.77449],[-70.63028,41.77469],[-70.63019,41.77534],[-70.63038,41.77578],[-70.63072,41.77616],[-70.63069,41.77669],[-70.63057,41.7769],[-70.62998,41.77731],[-70.62981,41.77714],[-70.62964,41.77741],[-70.62946,41.77779],[-70.6294,41.77835],[-70.62907,41.77893],[-70.62906,41.7794],[-70.62918,41.77977],[-70.62941,41.77997],[-70.63017,41.7801],[-70.63042,41.78027],[-70.63045,41.78062],[-70.6308,41.78115],[-70.63075,41.78161],[-70.63097,41.78204],[-70.6308,41.78225],[-70.63074,41.78284],[-70.63053,41.78311],[-70.63059,41.78375],[-70.63072,41.78389],[-70.63058,41.78429],[-70.62983,41.78503],[-70.63004,41.7856],[-70.63052,41.78587],[-70.63074,41.78659],[-70.63064,41.78688],[-70.63018,41.78717],[-70.62909,41.787],[-70.62847,41.78713],[-70.62812,41.78705],[-70.6274,41.78734],[-70.62731,41.78784],[-70.61663,41.80541],[-70.63189,41.80633],[-70.71745,41.80151],[-70.74087,41.80033],[-70.77026,41.82578],[-70.76318,41.80979],[-70.77174,41.80892],[-70.85737,41.7988],[-70.8964,41.79432],[-70.89864,41.81488],[-70.89378,41.82659],[-70.89345,41.8279],[-70.89369,41.82854],[-70.89397,41.82888],[-70.91871,41.85194],[-70.9189,41.85273],[-70.91757,41.85518],[-70.91713,41.85578],[-70.91719,41.85653],[-70.91681,41.8572],[-70.9169,41.8575],[-70.91726,41.85781],[-70.91718,41.85815],[-70.91771,41.85852],[-70.91775,41.85872],[-70.91697,41.85922],[-70.91677,41.85955],[-70.91626,41.85993],[-70.91454,41.85959],[-70.91412,41.86029],[-70.91438,41.86048],[-70.91432,41.86059],[-70.91345,41.86068],[-70.91288,41.86173],[-70.91307,41.86193],[-70.9141,41.86194],[-70.91445,41.86213],[-70.91456,41.86231],[-70.9146,41.86352],[-70.91361,41.86365],[-70.91351,41.86386],[-70.91383,41.8641],[-70.91512,41.86427],[-70.91535,41.86441],[-70.91469,41.86527],[-70.91493,41.86546],[-70.91594,41.86567],[-70.91599,41.86581],[-70.91509,41.86606],[-70.91504,41.86631],[-70.91551,41.86667],[-70.91674,41.86717],[-70.91674,41.86736],[-70.91647,41.86768],[-70.91492,41.86843],[-70.91462,41.86904],[-70.91318,41.86994],[-70.91297,41.87024],[-70.91303,41.8706],[-70.91462,41.87208],[-70.91507,41.87232],[-70.91606,41.87235],[-70.91633,41.87257],[-70.9161,41.87483],[-70.91621,41.87556],[-70.91661,41.87653],[-70.91641,41.87692],[-70.91921,41.87902],[-70.96334,41.89639],[-70.96349,41.89712],[-70.96422,41.89819],[-70.96476,41.89939],[-70.96713,41.90125],[-70.96982,41.90139],[-70.97041,41.90132],[-70.97196,41.90173],[-70.97226,41.90164],[-70.97221,41.90146],[-70.9725,41.90133],[-70.97474,41.90137],[-70.97513,41.90118],[-70.97537,41.90138],[-70.9758,41.90137],[-70.97605,41.90115],[-70.97628,41.90115],[-70.97638,41.90134],[-70.97666,41.90138],[-70.97675,41.90164],[-70.9772,41.90212],[-70.9776,41.90227],[-70.97768,41.90247],[-70.97786,41.90253],[-70.97798,41.90288],[-70.9782,41.90302],[-70.97832,41.90353],[-70.97874,41.90389],[-70.9801,41.90361],[-70.98095,41.9046],[-70.98111,41.90497],[-70.9818,41.90528],[-70.98245,41.90579],[-70.98349,41.90601],[-70.9838,41.90649],[-70.98409,41.90657],[-70.98463,41.90706],[-70.98487,41.90745],[-70.98516,41.90745],[-70.98576,41.90689],[-70.98674,41.90636],[-70.98726,41.90581],[-70.98784,41.90568],[-70.9889,41.9058],[-70.98942,41.90606],[-70.98968,41.90649],[-70.98991,41.9066],[-70.99009,41.90648],[-70.99059,41.90669],[-70.99134,41.90655],[-70.99141,41.90637],[-70.99185,41.90608],[-70.99229,41.90636],[-70.99241,41.90625],[-70.99274,41.9064],[-70.99281,41.90621],[-70.99295,41.90624],[-70.99315,41.90644],[-70.99231,41.90706],[-70.99158,41.90807],[-70.99115,41.90913],[-70.99098,41.91006],[-70.99203,41.91575],[-70.99223,41.916],[-70.99285,41.91633],[-70.99367,41.91646],[-70.99431,41.916],[-70.99442,41.91499],[-70.99508,41.91497],[-70.99582,41.91524],[-70.99635,41.91563],[-70.99713,41.91668],[-70.99739,41.9174],[-70.99733,41.91919],[-70.99681,41.92117],[-70.99721,41.92247],[-70.9972,41.9232],[-70.99591,41.9242],[-70.99554,41.92492],[-70.99567,41.92588],[-70.99604,41.92657],[-70.99675,41.92737],[-70.99733,41.92774],[-70.99986,41.92862],[-70.99997,41.92905],[-70.99977,41.92967],[-71.01057,41.94008],[-71.01659,41.94387],[-71.02227,41.9471],[-71.02606,41.94957],[-71.04391,41.96028],[-71.04949,41.96309],[-71.05472,41.98506],[-71.08716,41.99083],[-71.10203,41.99335],[-71.15645,42.00104],[-71.1587,42.01262],[-71.18243,42.00233],[-71.20228,41.99588],[-71.25929,41.97422],[-71.28825,42.01438],[-71.28908,42.04504]]]}},{"type":"Feature","properties":{"key":"boston","name":"MBTA core","group":"boston-area","parent":"ma","kind":"towns","definition":"Boston plus 16 adjacent inner-core municipalities","hasSubway":true,"busDefaultOn":false,"state":"MA","members":["Arlington","Belmont","Boston","Braintree","Brookline","Cambridge","Chelsea","Everett","Malden","Medford","Milton","Newton","Quincy","Revere","Somerville","Watertown","Winthrop"],"memberCount":17},"geometry":{"type":"Polygon","coordinates":[[[-71.08275,42.20427],[-71.08287,42.20408],[-71.08313,42.20401],[-71.08342,42.20396],[-71.08361,42.20408],[-71.0841,42.20392],[-71.08602,42.20401],[-71.08637,42.2042],[-71.08686,42.20417],[-71.08735,42.20395],[-71.08739,42.20347],[-71.08787,42.20317],[-71.08822,42.20249],[-71.08847,42.20226],[-71.09261,42.20247],[-71.09432,42.20243],[-71.09553,42.20212],[-71.09674,42.20212],[-71.09719,42.20185],[-71.09757,42.20186],[-71.09798,42.20165],[-71.09821,42.20166],[-71.09873,42.2013],[-71.09933,42.20122],[-71.09993,42.20128],[-71.10048,42.2015],[-71.10083,42.20148],[-71.10296,42.20071],[-71.1148,42.21265],[-71.13075,42.22791],[-71.14268,42.236],[-71.1456,42.2501],[-71.14664,42.25576],[-71.15231,42.25834],[-71.15858,42.25516],[-71.17132,42.26535],[-71.17138,42.2659],[-71.17169,42.26628],[-71.17356,42.26671],[-71.17432,42.26718],[-71.1746,42.26789],[-71.1745,42.26865],[-71.17353,42.26944],[-71.17302,42.27003],[-71.17295,42.2703],[-71.17353,42.27111],[-71.17386,42.27199],[-71.17475,42.27332],[-71.17482,42.2742],[-71.17442,42.27504],[-71.17444,42.2753],[-71.1746,42.27566],[-71.17497,42.276],[-71.17678,42.2768],[-71.17746,42.27687],[-71.1829,42.27585],[-71.18316,42.27591],[-71.18536,42.27959],[-71.18777,42.28023],[-71.18993,42.28129],[-71.19075,42.28184],[-71.19113,42.28236],[-71.19125,42.28304],[-71.19084,42.28549],[-71.19089,42.28582],[-71.19212,42.28728],[-71.19322,42.28801],[-71.19429,42.28828],[-71.19501,42.28816],[-71.19552,42.28757],[-71.19579,42.2862],[-71.19609,42.28597],[-71.19635,42.28596],[-71.20002,42.2876],[-71.20134,42.28856],[-71.20337,42.28862],[-71.20457,42.28905],[-71.20496,42.2893],[-71.20542,42.28986],[-71.20567,42.29216],[-71.20635,42.29427],[-71.20699,42.29545],[-71.20754,42.29686],[-71.21048,42.29883],[-71.21134,42.2995],[-71.21178,42.30006],[-71.21177,42.30094],[-71.21125,42.30227],[-71.21124,42.30288],[-71.21149,42.30366],[-71.21295,42.30595],[-71.21369,42.30629],[-71.21636,42.30641],[-71.21847,42.30681],[-71.22086,42.30641],[-71.22278,42.30715],[-71.22411,42.3073],[-71.22546,42.30795],[-71.22669,42.30825],[-71.227,42.30849],[-71.22721,42.30901],[-71.22712,42.30928],[-71.22651,42.30986],[-71.22631,42.31028],[-71.22694,42.31155],[-71.22707,42.3124],[-71.22698,42.31266],[-71.22643,42.31321],[-71.22629,42.31412],[-71.22754,42.3154],[-71.22753,42.31589],[-71.22794,42.31642],[-71.22815,42.31716],[-71.22821,42.31871],[-71.22849,42.31913],[-71.22948,42.31957],[-71.23114,42.32084],[-71.23188,42.32094],[-71.23476,42.32085],[-71.23842,42.32179],[-71.23922,42.3217],[-71.24026,42.32108],[-71.24089,42.32088],[-71.24264,42.32087],[-71.24459,42.32126],[-71.24622,42.32101],[-71.2468,42.32106],[-71.24735,42.32138],[-71.2478,42.32187],[-71.24831,42.32253],[-71.24876,42.32345],[-71.24904,42.32362],[-71.24977,42.32373],[-71.25003,42.324],[-71.25023,42.32455],[-71.25124,42.32527],[-71.25175,42.32612],[-71.25294,42.32676],[-71.25347,42.32676],[-71.25384,42.32662],[-71.25431,42.32605],[-71.25447,42.32539],[-71.25489,42.32513],[-71.25629,42.32466],[-71.25782,42.32451],[-71.25811,42.32461],[-71.2584,42.32494],[-71.25857,42.3256],[-71.259,42.32634],[-71.25956,42.32667],[-71.26025,42.32679],[-71.26195,42.32665],[-71.26249,42.32651],[-71.26309,42.32605],[-71.26354,42.32602],[-71.2661,42.32739],[-71.26956,42.32778],[-71.26996,42.32809],[-71.27026,42.32856],[-71.27025,42.32893],[-71.26977,42.32957],[-71.26976,42.32976],[-71.26981,42.32998],[-71.27028,42.33052],[-71.27025,42.33098],[-71.26977,42.33118],[-71.26801,42.33056],[-71.26567,42.33127],[-71.26513,42.33183],[-71.26473,42.33394],[-71.26441,42.33447],[-71.26416,42.33465],[-71.26314,42.3349],[-71.26122,42.33461],[-71.25993,42.33483],[-71.2592,42.33542],[-71.25893,42.33602],[-71.25896,42.33658],[-71.25675,42.33804],[-71.25583,42.339],[-71.25569,42.33929],[-71.2557,42.33975],[-71.25589,42.34011],[-71.25686,42.34065],[-71.25825,42.34119],[-71.2588,42.3412],[-71.26037,42.3409],[-71.26104,42.341],[-71.2616,42.34135],[-71.26188,42.34187],[-71.26188,42.34219],[-71.26124,42.34428],[-71.26017,42.34545],[-71.25976,42.34611],[-71.25979,42.34661],[-71.26043,42.34761],[-71.26031,42.34819],[-71.25996,42.34856],[-71.25875,42.34911],[-71.25862,42.34936],[-71.25863,42.35005],[-71.25915,42.35172],[-71.2601,42.35302],[-71.26036,42.35366],[-71.25647,42.35491],[-71.25636,42.35401],[-71.25573,42.35375],[-71.25522,42.35393],[-71.25403,42.35477],[-71.25356,42.35524],[-71.25315,42.3559],[-71.21706,42.36657],[-71.19418,42.38603],[-71.19553,42.3874],[-71.19541,42.38772],[-71.19495,42.38799],[-71.19488,42.38817],[-71.19524,42.38839],[-71.19589,42.38909],[-71.19682,42.38974],[-71.19672,42.39066],[-71.19697,42.39084],[-71.19703,42.39197],[-71.19721,42.39217],[-71.19758,42.39228],[-71.19796,42.39268],[-71.19765,42.39317],[-71.19633,42.39403],[-71.19628,42.39436],[-71.19663,42.39523],[-71.19745,42.39581],[-71.19819,42.39607],[-71.19943,42.39732],[-71.19959,42.39776],[-71.19955,42.39821],[-71.19971,42.39845],[-71.20008,42.39863],[-71.20024,42.3993],[-71.20062,42.39946],[-71.20161,42.40057],[-71.2018,42.40137],[-71.20157,42.40169],[-71.20185,42.40207],[-71.2017,42.40243],[-71.20254,42.40323],[-71.20263,42.4037],[-71.21126,42.40607],[-71.20261,42.41483],[-71.19631,42.42143],[-71.19205,42.42553],[-71.18556,42.43231],[-71.18228,42.43628],[-71.15368,42.4358],[-71.12906,42.43555],[-71.12715,42.43889],[-71.12198,42.43979],[-71.12415,42.44412],[-71.12135,42.44867],[-71.1194,42.45345],[-71.10487,42.44888],[-71.08212,42.44394],[-71.08292,42.43884],[-71.02584,42.44471],[-71.01876,42.45012],[-71.01192,42.44216],[-71.0095,42.44096],[-71.01183,42.43994],[-71.0119,42.43975],[-71.01218,42.43965],[-71.01237,42.43974],[-71.0118,42.439],[-71.01114,42.43906],[-71.01112,42.43887],[-71.01091,42.43878],[-71.01093,42.4386],[-71.01083,42.43876],[-71.01067,42.43874],[-71.01054,42.43845],[-71.0101,42.4383],[-71.01013,42.43818],[-71.01051,42.4382],[-71.01063,42.4381],[-71.01074,42.43776],[-71.01042,42.43758],[-71.01068,42.43735],[-71.01064,42.4372],[-71.01093,42.43708],[-71.01109,42.43679],[-71.01144,42.43669],[-71.01099,42.43654],[-71.01144,42.43623],[-71.01142,42.43599],[-71.0108,42.4354],[-71.01078,42.43457],[-71.00979,42.43448],[-71.00928,42.43428],[-71.00858,42.43435],[-71.00787,42.43397],[-71.00697,42.43384],[-71.00653,42.43339],[-71.00569,42.43298],[-71.00463,42.43306],[-71.0033,42.4327],[-71.00299,42.43284],[-71.00254,42.43262],[-71.00215,42.43261],[-70.99986,42.4313],[-70.99847,42.4313],[-70.99571,42.43086],[-70.99478,42.4312],[-70.99202,42.43413],[-70.99012,42.43488],[-70.9878,42.434],[-70.98575,42.43256],[-70.98371,42.43166],[-70.98229,42.4313],[-70.97989,42.4324],[-70.97519,42.4369],[-70.97159,42.4427],[-70.96859,42.4444],[-70.96629,42.4435],[-70.95079,42.4443],[-70.95139,42.437],[-70.95299,42.4294],[-70.95909,42.4186],[-70.96209,42.4124],[-70.95949,42.4075],[-70.92459,42.3868],[-70.90129,42.3841],[-70.85144,42.39321],[-70.74949,42.40082],[-70.7488,42.40021],[-70.74885,42.37375],[-70.74949,42.37334],[-70.85119,42.3725],[-70.89429,42.3724],[-70.90569,42.317],[-70.91709,42.3142],[-70.92719,42.3101],[-70.93709,42.3111],[-70.94899,42.3013],[-70.96019,42.2995],[-70.96026,42.29579],[-70.95998,42.29558],[-70.96026,42.29566],[-70.96039,42.2877],[-70.93769,42.2775],[-70.93809,42.2664],[-70.95949,42.2478],[-70.96019,42.2468],[-70.96091,42.24609],[-70.96209,42.24642],[-70.96164,42.24578],[-70.96348,42.24597],[-70.96219,42.24645],[-70.96541,42.24679],[-70.967,42.24458],[-70.96859,42.2404],[-70.96799,42.238],[-70.96049,42.2351],[-70.96019,42.2313],[-70.96038,42.22872],[-70.9606,42.22854],[-70.96089,42.2269],[-70.96289,42.2255],[-70.96373,42.22469],[-70.96428,42.22458],[-70.96541,42.2239],[-70.96628,42.22354],[-70.96679,42.22352],[-70.96702,42.22335],[-70.96759,42.22253],[-70.96792,42.22175],[-70.96807,42.22169],[-70.96802,42.2212],[-70.96768,42.22066],[-70.9687,42.21988],[-70.97648,42.16832],[-71.00639,42.16831],[-71.02199,42.169],[-71.02198,42.16942],[-71.02161,42.1703],[-71.02169,42.17042],[-71.02243,42.17055],[-71.02164,42.1728],[-71.0213,42.17341],[-71.02161,42.1741],[-71.02103,42.1746],[-71.02082,42.17502],[-71.02089,42.17548],[-71.02113,42.1759],[-71.02105,42.17621],[-71.02057,42.17656],[-71.02069,42.1769],[-71.02057,42.17724],[-71.02063,42.17757],[-71.01988,42.17794],[-71.01999,42.17851],[-71.01967,42.17853],[-71.01955,42.17879],[-71.01975,42.17901],[-71.01975,42.17933],[-71.01992,42.17956],[-71.02017,42.17962],[-71.0199,42.18029],[-71.02016,42.18097],[-71.01969,42.18126],[-71.01965,42.18148],[-71.01994,42.1819],[-71.01959,42.18263],[-71.01946,42.18325],[-71.01923,42.18351],[-71.01946,42.18379],[-71.01899,42.18406],[-71.01941,42.18426],[-71.01931,42.18444],[-71.01947,42.18465],[-71.01927,42.18499],[-71.01935,42.18519],[-71.01914,42.18522],[-71.01909,42.18535],[-71.01952,42.18595],[-71.01913,42.18685],[-71.02959,42.19153],[-71.04727,42.19459],[-71.04949,42.20667],[-71.04989,42.20666],[-71.05027,42.20643],[-71.05069,42.20643],[-71.05152,42.20617],[-71.0519,42.20618],[-71.05215,42.20592],[-71.05306,42.20569],[-71.05519,42.20598],[-71.05559,42.20587],[-71.05593,42.20597],[-71.05619,42.20583],[-71.05689,42.20598],[-71.05731,42.2059],[-71.05813,42.20619],[-71.05942,42.20596],[-71.06039,42.20631],[-71.06797,42.20499],[-71.06968,42.20451],[-71.07331,42.20422],[-71.07447,42.20422],[-71.07479,42.20435],[-71.07514,42.20474],[-71.077,42.20452],[-71.07776,42.20479],[-71.07919,42.20461],[-71.07979,42.20477],[-71.08012,42.20472],[-71.08046,42.20493],[-71.08075,42.20495],[-71.08128,42.20487],[-71.08161,42.20466],[-71.08224,42.20475],[-71.0824,42.20465],[-71.08248,42.20437],[-71.08275,42.20427]]]}},{"type":"Feature","properties":{"key":"ma","name":"Massachusetts","group":"ma","parent":"new-england","kind":"state","definition":"Commonwealth of Massachusetts","hasSubway":true,"busDefaultOn":false,"geoid":"25","stusab":"MA","members":["Massachusetts"],"memberCount":1},"geometry":{"type":"Polygon","coordinates":[[[-71.25515,42.73655],[-71.29464,42.69704],[-73.26483,42.74585],[-73.50821,42.08613],[-73.49702,42.04962],[-72.81378,42.03674],[-72.81705,41.99768],[-72.76673,42.00327],[-72.75895,42.01547],[-72.76525,42.02237],[-72.75734,42.02098],[-72.75206,42.02902],[-72.75589,42.03635],[-72.60798,42.03108],[-72.60717,42.02515],[-72.58216,42.02474],[-72.57278,42.03022],[-72.53155,42.03458],[-71.80067,42.02351],[-71.79919,42.00805],[-71.3814,42.0188],[-71.38146,41.89355],[-71.33879,41.89859],[-71.34089,41.8818],[-71.33404,41.8626],[-71.34255,41.84466],[-71.33542,41.83564],[-71.34754,41.82325],[-71.33933,41.80853],[-71.34048,41.79703],[-71.32946,41.78833],[-71.32847,41.78069],[-71.26107,41.75208],[-71.19548,41.67509],[-71.13256,41.66036],[-71.13531,41.62849],[-71.14196,41.61253],[-71.13162,41.59372],[-71.12112,41.49279],[-71.08857,41.43131],[-71.08504,41.43347],[-71.05345,41.41696],[-71.0336,41.41409],[-71.03992,41.39826],[-71.0327,41.38027],[-71.0148,41.36202],[-70.99075,41.35129],[-70.95575,41.35016],[-70.89602,41.37015],[-70.90374,41.35508],[-70.901,41.33461],[-70.87003,41.29707],[-70.89034,41.27736],[-70.89246,41.25011],[-70.88497,41.23378],[-70.86634,41.2154],[-70.82364,41.20065],[-70.78358,41.20122],[-70.76784,41.20649],[-70.74947,41.22017],[-70.73475,41.24626],[-70.73484,41.25923],[-70.7165,41.26945],[-70.70311,41.28904],[-70.65509,41.29617],[-70.57185,41.30009],[-70.5122,41.29831],[-70.49331,41.27998],[-70.45985,41.26525],[-70.42907,41.26865],[-70.40873,41.27729],[-70.37447,41.26946],[-70.34408,41.27615],[-70.28574,41.24235],[-70.17885,41.20453],[-70.10968,41.1898],[-69.99946,41.1883],[-69.95359,41.19967],[-69.91584,41.22094],[-69.89447,41.25924],[-69.89489,41.29037],[-69.96963,41.40351],[-70.00647,41.4339],[-70.04427,41.4438],[-70.06517,41.44269],[-70.09441,41.43081],[-70.10582,41.41987],[-70.11654,41.39513],[-70.11133,41.37039],[-70.09784,41.35358],[-70.13794,41.34637],[-70.1487,41.34522],[-70.17491,41.35729],[-70.21511,41.36028],[-70.23814,41.3862],[-70.26728,41.39343],[-70.32359,41.39161],[-70.35308,41.38146],[-70.37011,41.36877],[-70.38345,41.36993],[-70.38081,41.412],[-70.39289,41.44548],[-70.40593,41.45701],[-70.43645,41.46892],[-70.48969,41.46298],[-70.49494,41.47963],[-70.5086,41.49896],[-70.44857,41.51309],[-70.4239,41.52873],[-70.39516,41.55672],[-70.34634,41.56845],[-70.31125,41.57106],[-70.2789,41.55932],[-70.24946,41.56015],[-70.22556,41.56856],[-70.20804,41.58415],[-70.1815,41.59355],[-70.16036,41.59937],[-70.12695,41.6002],[-70.07793,41.61253],[-70.06857,41.6107],[-70.06335,41.59017],[-70.08032,41.56445],[-70.10203,41.55635],[-70.12256,41.53783],[-70.12855,41.52473],[-70.12668,41.5037],[-70.11439,41.48408],[-70.0849,41.46749],[-70.05544,41.46411],[-70.02368,41.47195],[-69.99817,41.4934],[-69.95817,41.50466],[-69.92899,41.53215],[-69.9154,41.58924],[-69.89856,41.6061],[-69.86813,41.65679],[-69.86054,41.69233],[-69.85913,41.7365],[-69.86652,41.81701],[-69.8953,41.90675],[-69.91771,41.95925],[-69.99628,42.05969],[-70.0403,42.09163],[-70.12069,42.1251],[-70.17254,42.13452],[-70.22917,42.13119],[-70.27743,42.11435],[-70.60838,42.13848],[-70.64295,42.17818],[-70.63633,42.2029],[-70.64011,42.22837],[-70.64862,42.23736],[-70.68406,42.25384],[-70.69039,42.279],[-70.60629,42.53122],[-70.58271,42.553],[-70.54537,42.57012],[-70.52179,42.59346],[-70.50214,42.62458],[-70.51393,42.68059],[-70.52966,42.70705],[-70.54931,42.72416],[-70.62594,42.73972],[-70.66131,42.73661],[-70.70258,42.72416],[-70.71432,42.73191],[-70.73722,42.78796],[-70.73487,42.82448],[-70.74883,42.85883],[-70.73501,42.87468],[-70.82024,42.87179],[-70.84772,42.86087],[-70.8856,42.88283],[-70.90353,42.88678],[-70.92959,42.88503],[-70.96702,42.8688],[-71.0312,42.85909],[-71.04492,42.84867],[-71.06442,42.80627],[-71.13281,42.82148],[-71.16665,42.80888],[-71.18614,42.79093],[-71.18179,42.73734],[-71.22383,42.74648],[-71.25515,42.73655]]]}},{"type":"Feature","properties":{"key":"merrimack-valley","name":"Merrimack Valley","group":"ma","parent":"ma","kind":"towns","definition":"LRTA and MeVa (MVRTA) member communities, including Lowell, Lawrence and Haverhill","hasSubway":false,"busDefaultOn":true,"state":"MA","members":["Acton","Amesbury","Andover","Billerica","Boxford","Carlisle","Chelmsford","Dracut","Dunstable","Georgetown","Groton","Groveland","Haverhill","Lawrence","Lowell","Maynard","Merrimac","Methuen","Newbury","Newburyport","North Andover","North Reading","Pepperell","Rowley","Salisbury","Tewksbury","Townsend","Tyngsborough","West Newbury","Westford"],"memberCount":30},"geometry":{"type":"Polygon","coordinates":[[[-71.43037,42.43697],[-71.44263,42.40695],[-71.46944,42.40259],[-71.47838,42.4371],[-71.46435,42.4503],[-71.49855,42.46377],[-71.47353,42.50018],[-71.44394,42.50906],[-71.43502,42.52217],[-71.42853,42.5288],[-71.48002,42.55809],[-71.48377,42.57379],[-71.49801,42.57686],[-71.50304,42.57547],[-71.50641,42.57217],[-71.51146,42.56939],[-71.60104,42.58302],[-71.60208,42.58207],[-71.60309,42.58202],[-71.60411,42.58212],[-71.60519,42.58245],[-71.60635,42.58317],[-71.60674,42.5832],[-71.60726,42.58294],[-71.60919,42.58122],[-71.61011,42.58118],[-71.61056,42.58101],[-71.61085,42.58114],[-71.61087,42.58142],[-71.60994,42.58213],[-71.61012,42.58243],[-71.61053,42.58256],[-71.61083,42.58259],[-71.61173,42.58231],[-71.61348,42.58156],[-71.61363,42.58175],[-71.61339,42.58208],[-71.6133,42.58294],[-71.61446,42.58336],[-71.61459,42.5835],[-71.61442,42.58366],[-71.61448,42.58379],[-71.61481,42.58388],[-71.6149,42.58406],[-71.6148,42.58437],[-71.61446,42.58471],[-71.61394,42.58496],[-71.6138,42.58518],[-71.61383,42.58544],[-71.61453,42.58599],[-71.61505,42.58597],[-71.61542,42.5862],[-71.61672,42.58592],[-71.61757,42.58604],[-71.6179,42.58635],[-71.61825,42.58625],[-71.61883,42.58555],[-71.61912,42.58544],[-71.6193,42.58552],[-71.61944,42.5858],[-71.61939,42.58604],[-71.61871,42.58687],[-71.61912,42.58717],[-71.61891,42.58763],[-71.61964,42.58745],[-71.62037,42.58758],[-71.62147,42.58876],[-71.62327,42.58989],[-71.62414,42.59096],[-71.62406,42.59119],[-71.62323,42.59164],[-71.62328,42.59194],[-71.6235,42.59206],[-71.62325,42.59257],[-71.62331,42.59283],[-71.62353,42.59303],[-71.62419,42.59326],[-71.62583,42.59348],[-71.62618,42.59376],[-71.62668,42.59463],[-71.62614,42.59555],[-71.62604,42.59601],[-71.62622,42.59717],[-71.62619,42.5984],[-71.62723,42.59976],[-71.62838,42.60035],[-71.62825,42.60143],[-71.62754,42.60312],[-71.6277,42.60327],[-71.62837,42.60302],[-71.62842,42.60262],[-71.62874,42.60233],[-71.62921,42.60236],[-71.62949,42.60254],[-71.63035,42.60372],[-71.62987,42.60523],[-71.6299,42.60565],[-71.63038,42.60644],[-71.63008,42.60711],[-71.63036,42.6074],[-71.631,42.60758],[-71.63227,42.60756],[-71.63306,42.60817],[-71.63387,42.60851],[-71.6348,42.60927],[-71.63546,42.61065],[-71.6344,42.61117],[-71.63388,42.61208],[-71.63384,42.61252],[-71.63423,42.61262],[-71.63528,42.61238],[-71.63571,42.61241],[-71.63697,42.6129],[-71.63772,42.61341],[-71.63875,42.61352],[-71.6397,42.61395],[-71.64066,42.61396],[-71.64232,42.61461],[-71.64351,42.6157],[-71.64402,42.61648],[-71.6433,42.61688],[-71.64322,42.61702],[-71.6433,42.61722],[-71.64426,42.61736],[-71.64467,42.6181],[-71.64373,42.61962],[-71.6438,42.62036],[-71.64367,42.62091],[-71.64384,42.62129],[-71.64427,42.62154],[-71.6452,42.62159],[-71.64516,42.62176],[-71.64488,42.62198],[-71.64421,42.62224],[-71.64419,42.62246],[-71.6444,42.62277],[-71.64514,42.62271],[-71.6457,42.62332],[-71.64604,42.62349],[-71.64604,42.62365],[-71.64527,42.62398],[-71.64503,42.62424],[-71.64514,42.62442],[-71.64589,42.62419],[-71.64615,42.62439],[-71.64632,42.62506],[-71.64589,42.62517],[-71.64573,42.62534],[-71.64581,42.62564],[-71.64636,42.62592],[-71.64656,42.62629],[-71.64697,42.62658],[-71.64714,42.62658],[-71.64732,42.6263],[-71.64697,42.62603],[-71.64697,42.62513],[-71.64708,42.62498],[-71.6478,42.62483],[-71.64913,42.62577],[-71.64925,42.62588],[-71.64909,42.6261],[-71.64921,42.62642],[-71.65019,42.62678],[-71.65009,42.62719],[-71.6496,42.62729],[-71.64947,42.62756],[-71.64997,42.62803],[-71.65027,42.6289],[-71.6506,42.62918],[-71.651,42.62985],[-71.65176,42.63032],[-71.65251,42.63055],[-71.65309,42.63056],[-71.65769,42.63328],[-71.658,42.63396],[-71.65803,42.63449],[-71.65824,42.63454],[-71.65884,42.6341],[-71.65919,42.63407],[-71.66047,42.63509],[-71.6646,42.6116],[-71.77576,42.64423],[-71.77255,42.70807],[-71.72054,42.70659],[-71.69651,42.70572],[-71.65158,42.70476],[-71.6016,42.70395],[-71.51895,42.7022],[-71.45779,42.70053],[-71.43324,42.70008],[-71.38818,42.69898],[-71.35164,42.6979],[-71.32181,42.69731],[-71.31706,42.69739],[-71.29464,42.69704],[-71.28932,42.70217],[-71.27895,42.71135],[-71.27544,42.71579],[-71.26787,42.72603],[-71.2551,42.73659],[-71.24543,42.74255],[-71.23743,42.74489],[-71.22383,42.74648],[-71.18179,42.73734],[-71.18269,42.75026],[-71.18614,42.79093],[-71.16665,42.80888],[-71.14794,42.81618],[-71.13281,42.82148],[-71.06442,42.80627],[-71.05401,42.83328],[-71.04492,42.84867],[-71.0312,42.85909],[-71.02352,42.86053],[-71.01634,42.86168],[-70.96702,42.8688],[-70.94898,42.87619],[-70.92959,42.88503],[-70.91463,42.88665],[-70.90353,42.88678],[-70.8856,42.88283],[-70.84772,42.86087],[-70.83673,42.86468],[-70.82969,42.86872],[-70.82024,42.87179],[-70.81698,42.87195],[-70.81383,42.8723],[-70.81413,42.86268],[-70.81412,42.85725],[-70.81398,42.85382],[-70.81359,42.84995],[-70.81222,42.84459],[-70.81175,42.84208],[-70.81119,42.83353],[-70.81032,42.82724],[-70.80984,42.82509],[-70.80734,42.81866],[-70.80587,42.81258],[-70.806,42.80934],[-70.8057,42.80544],[-70.80406,42.79645],[-70.80399,42.79381],[-70.80148,42.78275],[-70.7997,42.77633],[-70.79462,42.7627],[-70.793,42.75773],[-70.79122,42.75317],[-70.79075,42.75053],[-70.78579,42.74011],[-70.79851,42.73342],[-70.79855,42.73313],[-70.79822,42.73206],[-70.79796,42.73163],[-70.79922,42.73038],[-70.79976,42.7295],[-70.79972,42.7291],[-70.79895,42.72881],[-70.79864,42.72894],[-70.79832,42.72842],[-70.80565,42.72706],[-70.81525,42.72281],[-70.8165,42.7263],[-70.81878,42.72897],[-70.82041,42.73051],[-70.82354,42.73196],[-70.82497,42.73239],[-70.82626,42.73261],[-70.82756,42.73265],[-70.82952,42.73255],[-70.83339,42.7318],[-70.83822,42.7316],[-70.83914,42.73144],[-70.83984,42.73111],[-70.84195,42.72942],[-70.84249,42.72913],[-70.84403,42.72899],[-70.84563,42.72863],[-70.84626,42.72828],[-70.84741,42.7272],[-70.8477,42.72651],[-70.84892,42.72592],[-70.85013,42.7265],[-70.85156,42.72685],[-70.85227,42.72674],[-70.85458,42.72498],[-70.85678,42.72396],[-70.85684,42.72378],[-70.85654,42.72358],[-70.85643,42.72318],[-70.85652,42.72307],[-70.85686,42.72312],[-70.85721,42.72335],[-70.85737,42.72315],[-70.85729,42.72277],[-70.85696,42.72229],[-70.85632,42.72252],[-70.85613,42.72229],[-70.85706,42.72205],[-70.85844,42.72214],[-70.85896,42.72165],[-70.85888,42.72118],[-70.85789,42.72],[-70.85787,42.71952],[-70.85856,42.71884],[-70.85867,42.71854],[-70.85834,42.71746],[-70.85871,42.71709],[-70.86035,42.71625],[-70.86062,42.71582],[-70.86041,42.71533],[-70.85983,42.71505],[-70.85892,42.71496],[-70.858,42.71506],[-70.85746,42.71491],[-70.85737,42.71434],[-70.85768,42.71367],[-70.85798,42.71354],[-70.85832,42.71315],[-70.85902,42.71291],[-70.86014,42.71312],[-70.86147,42.71285],[-70.86249,42.71319],[-70.8631,42.71308],[-70.86348,42.71243],[-70.86346,42.71218],[-70.86322,42.71196],[-70.86324,42.71171],[-70.86395,42.71118],[-70.86464,42.71032],[-70.86465,42.71005],[-70.8644,42.70956],[-70.86441,42.7091],[-70.87548,42.71288],[-70.88077,42.70632],[-70.94808,42.68086],[-70.96446,42.67482],[-70.96534,42.67187],[-70.96898,42.6732],[-70.96036,42.64908],[-70.97552,42.64219],[-70.97637,42.64071],[-70.97615,42.64017],[-70.97545,42.63995],[-70.97531,42.63928],[-70.97498,42.63928],[-70.97465,42.63904],[-70.97419,42.63835],[-70.97387,42.63831],[-70.97366,42.63788],[-70.97367,42.63716],[-70.97334,42.63675],[-70.97334,42.63656],[-70.97375,42.63651],[-70.97401,42.63624],[-70.97439,42.63618],[-70.9747,42.63576],[-70.97496,42.63517],[-70.97478,42.63457],[-70.97484,42.63443],[-70.97523,42.63444],[-70.97511,42.63409],[-70.97526,42.63388],[-70.97513,42.63369],[-70.97477,42.63403],[-70.97449,42.63392],[-70.97445,42.63375],[-70.97457,42.63355],[-70.97432,42.63311],[-70.97443,42.63288],[-70.97408,42.63273],[-70.97375,42.63218],[-70.97335,42.63179],[-70.97342,42.63124],[-70.97385,42.63119],[-70.97408,42.6309],[-70.97354,42.63035],[-70.97356,42.62989],[-70.97333,42.6295],[-70.9725,42.62903],[-70.97178,42.62884],[-70.97172,42.62853],[-70.97095,42.62832],[-70.97006,42.62751],[-70.96958,42.6275],[-70.96811,42.62684],[-70.96823,42.62673],[-70.96822,42.62625],[-70.96887,42.62606],[-70.9688,42.62565],[-70.96896,42.62556],[-70.96905,42.62513],[-70.96959,42.62502],[-70.97035,42.62539],[-70.97119,42.62501],[-70.97196,42.62497],[-70.97195,42.62445],[-70.97156,42.62419],[-70.97167,42.62403],[-70.97204,42.62411],[-70.97245,42.624],[-70.97267,42.6242],[-70.9731,42.62427],[-70.97337,42.62388],[-70.97377,42.62374],[-70.97403,42.62351],[-70.97451,42.62344],[-70.97497,42.62378],[-70.97541,42.62382],[-70.97569,42.6238],[-70.97644,42.62344],[-70.97643,42.62328],[-70.97668,42.62323],[-70.97661,42.62292],[-70.97596,42.62273],[-70.97668,42.62237],[-70.97656,42.62214],[-70.97623,42.622],[-70.9763,42.6216],[-70.97607,42.6211],[-70.97636,42.62103],[-70.97658,42.62079],[-70.97723,42.62071],[-70.97741,42.62097],[-70.97727,42.62126],[-70.97735,42.6215],[-70.97778,42.62138],[-70.97999,42.6217],[-70.98048,42.62135],[-70.98101,42.62144],[-70.98105,42.62161],[-70.98139,42.62149],[-70.98225,42.6215],[-70.98294,42.62168],[-70.98318,42.62156],[-70.98336,42.62167],[-70.98338,42.62188],[-70.98358,42.62193],[-70.98459,42.6219],[-70.98535,42.62172],[-71.02231,42.64164],[-71.05456,42.62765],[-71.05935,42.60633],[-71.034,42.58549],[-71.02831,42.57408],[-71.03546,42.57026],[-71.0355,42.57062],[-71.03682,42.57173],[-71.03733,42.57169],[-71.03766,42.57116],[-71.03847,42.57115],[-71.03984,42.57142],[-71.04015,42.57169],[-71.04014,42.57228],[-71.04026,42.57251],[-71.04148,42.57348],[-71.04298,42.57326],[-71.04352,42.57353],[-71.04376,42.57384],[-71.04422,42.5739],[-71.04482,42.57283],[-71.04631,42.57259],[-71.04728,42.57199],[-71.04766,42.57193],[-71.04864,42.57147],[-71.04905,42.5711],[-71.04945,42.57101],[-71.0498,42.57112],[-71.05002,42.5714],[-71.05053,42.57172],[-71.05066,42.57129],[-71.05084,42.57124],[-71.05108,42.57182],[-71.05146,42.57159],[-71.05194,42.57213],[-71.05232,42.57162],[-71.05277,42.57137],[-71.05288,42.57153],[-71.05246,42.57179],[-71.0527,42.57209],[-71.05265,42.57233],[-71.05288,42.57241],[-71.05343,42.57232],[-71.05374,42.57251],[-71.05305,42.57259],[-71.05299,42.5729],[-71.0531,42.57308],[-71.05338,42.57313],[-71.0538,42.57296],[-71.05402,42.57304],[-71.05424,42.57319],[-71.05483,42.57403],[-71.05507,42.57403],[-71.05555,42.57365],[-71.05593,42.57376],[-71.05618,42.57366],[-71.05712,42.57404],[-71.06494,42.56212],[-71.07098,42.55589],[-71.08989,42.55822],[-71.09278,42.55925],[-71.10371,42.56496],[-71.10384,42.56517],[-71.10385,42.56559],[-71.10406,42.56585],[-71.104,42.56621],[-71.10419,42.56649],[-71.10438,42.56643],[-71.10471,42.56665],[-71.10498,42.56639],[-71.10482,42.56619],[-71.10509,42.56585],[-71.10564,42.56588],[-71.10608,42.56553],[-71.10604,42.5653],[-71.10708,42.56495],[-71.10743,42.56467],[-71.10806,42.56446],[-71.10853,42.56406],[-71.10871,42.56368],[-71.1086,42.56297],[-71.10917,42.56267],[-71.10962,42.56189],[-71.11016,42.56143],[-71.11125,42.56113],[-71.11219,42.56115],[-71.1126,42.5609],[-71.11301,42.56109],[-71.11317,42.56086],[-71.1136,42.56114],[-71.11351,42.5613],[-71.11365,42.56141],[-71.1142,42.5613],[-71.11406,42.56116],[-71.11427,42.56103],[-71.11448,42.56118],[-71.11522,42.5612],[-71.11514,42.56163],[-71.11543,42.5616],[-71.11546,42.56177],[-71.11598,42.56196],[-71.11621,42.56179],[-71.11636,42.56191],[-71.11665,42.56184],[-71.11672,42.56158],[-71.11695,42.56151],[-71.11848,42.56136],[-71.11867,42.56047],[-71.11938,42.56012],[-71.11956,42.56033],[-71.12011,42.56023],[-71.12034,42.56045],[-71.12069,42.56056],[-71.12096,42.56005],[-71.12116,42.56011],[-71.12168,42.55988],[-71.12181,42.55971],[-71.1218,42.55921],[-71.12216,42.55922],[-71.12231,42.55893],[-71.12316,42.55851],[-71.12323,42.55828],[-71.12389,42.55831],[-71.12399,42.5582],[-71.12395,42.55774],[-71.12446,42.55748],[-71.12439,42.55696],[-71.1253,42.55697],[-71.12558,42.55677],[-71.12609,42.55687],[-71.1263,42.55655],[-71.12571,42.55629],[-71.12636,42.55599],[-71.12635,42.55557],[-71.12699,42.55492],[-71.12708,42.55465],[-71.12693,42.55415],[-71.12757,42.55444],[-71.12859,42.55448],[-71.12924,42.55474],[-71.12955,42.55463],[-71.12944,42.55432],[-71.12974,42.55414],[-71.12939,42.55392],[-71.1295,42.55383],[-71.12947,42.55364],[-71.12967,42.5535],[-71.13011,42.5535],[-71.13027,42.55356],[-71.13027,42.55385],[-71.13071,42.55393],[-71.13068,42.55376],[-71.13101,42.5536],[-71.13102,42.55301],[-71.13123,42.55267],[-71.13168,42.55289],[-71.13197,42.55342],[-71.13246,42.55326],[-71.13234,42.55295],[-71.13241,42.55273],[-71.13301,42.55298],[-71.1335,42.55251],[-71.13375,42.55259],[-71.13423,42.55246],[-71.13433,42.55257],[-71.13414,42.55259],[-71.13438,42.55271],[-71.135,42.55258],[-71.13513,42.55242],[-71.1356,42.55228],[-71.13638,42.55229],[-71.13674,42.55346],[-71.13052,42.58321],[-71.13517,42.59831],[-71.13546,42.59912],[-71.1412,42.60321],[-71.1432,42.60404],[-71.14594,42.60833],[-71.14661,42.61],[-71.14865,42.61317],[-71.15442,42.61527],[-71.15656,42.61498],[-71.15862,42.61295],[-71.15952,42.60766],[-71.16067,42.60532],[-71.16391,42.60185],[-71.16488,42.59802],[-71.1752,42.59227],[-71.19253,42.56454],[-71.21113,42.57331],[-71.21139,42.57304],[-71.2117,42.57319],[-71.212,42.5726],[-71.21267,42.57272],[-71.21279,42.57251],[-71.21264,42.57232],[-71.21368,42.57118],[-71.21443,42.57103],[-71.21446,42.57081],[-71.21488,42.57075],[-71.21531,42.57035],[-71.21512,42.56813],[-71.21497,42.56775],[-71.21495,42.56715],[-71.21506,42.56694],[-71.21478,42.56681],[-71.21443,42.56634],[-71.21445,42.56618],[-71.21496,42.56607],[-71.21493,42.56591],[-71.21428,42.56524],[-71.21428,42.56504],[-71.21528,42.56495],[-71.21522,42.56483],[-71.21476,42.56477],[-71.21464,42.5646],[-71.21525,42.56441],[-71.21538,42.56425],[-71.21531,42.56394],[-71.21581,42.56377],[-71.21584,42.56358],[-71.21554,42.5633],[-71.21574,42.56256],[-71.21673,42.56245],[-71.21644,42.56208],[-71.21691,42.5619],[-71.2177,42.56218],[-71.21775,42.562],[-71.21753,42.56185],[-71.21782,42.56149],[-71.21867,42.56165],[-71.21802,42.56102],[-71.20887,42.55454],[-71.21139,42.55307],[-71.21061,42.55273],[-71.20983,42.55144],[-71.2106,42.54767],[-71.21237,42.54754],[-71.20981,42.54602],[-71.20641,42.54583],[-71.20617,42.54548],[-71.2058,42.54538],[-71.20515,42.54489],[-71.20499,42.54449],[-71.21796,42.52405],[-71.22187,42.52523],[-71.2319,42.50637],[-71.23269,42.50771],[-71.23354,42.50869],[-71.23692,42.51149],[-71.24006,42.51972],[-71.24159,42.5208],[-71.24258,42.51994],[-71.25014,42.52573],[-71.25457,42.52259],[-71.2564,42.52399],[-71.2641,42.52408],[-71.27811,42.52671],[-71.28105,42.52635],[-71.30374,42.51993],[-71.3067,42.52059],[-71.30656,42.51892],[-71.30692,42.51708],[-71.3062,42.51508],[-71.30633,42.51439],[-71.30665,42.51405],[-71.30787,42.51369],[-71.30866,42.51325],[-71.31067,42.51146],[-71.31342,42.50972],[-71.31464,42.50856],[-71.31642,42.50733],[-71.31724,42.50595],[-71.31771,42.5048],[-71.31784,42.50382],[-71.31754,42.50243],[-71.35362,42.50292],[-71.38496,42.50447],[-71.43037,42.43697]]]}},{"type":"Feature","geometry":{"type":"Polygon","coordinates":[[[-70.95949,42.4075],[-70.98139,42.3911],[-70.98145,42.39084],[-70.98208,42.39062],[-70.98288,42.39077],[-70.983,42.39055],[-70.98292,42.39022],[-70.9833,42.38939],[-70.98605,42.38812],[-70.98729,42.38873],[-70.98751,42.38923],[-70.98762,42.38973],[-70.98757,42.39058],[-70.9872,42.39146],[-70.98711,42.39198],[-70.98744,42.39274],[-70.98977,42.39324],[-70.99033,42.3931],[-70.99382,42.39292],[-70.99398,42.39311],[-70.99428,42.39315],[-70.99429,42.3933],[-70.99458,42.39333],[-70.99536,42.39381],[-70.99647,42.39631],[-70.99816,42.39689],[-70.99915,42.39698],[-71.00141,42.39674],[-71.00539,42.39409],[-71.00586,42.39389],[-71.00895,42.39519],[-71.00989,42.39547],[-71.01193,42.39575],[-71.01127,42.39659],[-71.01339,42.3974],[-71.00963,42.40017],[-71.00944,42.40047],[-71.0094,42.40118],[-71.01086,42.40169],[-71.01301,42.40286],[-71.01377,42.40296],[-71.01563,42.4027],[-71.01703,42.40272],[-71.01783,42.40288],[-71.01809,42.40336],[-71.01872,42.40371],[-71.01998,42.40372],[-71.02083,42.40351],[-71.02117,42.40392],[-71.02119,42.40423],[-71.02031,42.40483],[-71.02036,42.40505],[-71.02062,42.40519],[-71.02148,42.40516],[-71.02244,42.40547],[-71.02286,42.40512],[-71.02328,42.40554],[-71.02385,42.40532],[-71.02418,42.4056],[-71.0249,42.4059],[-71.026,42.40579],[-71.02683,42.40643],[-71.0269,42.40733],[-71.02711,42.40778],[-71.02797,42.40873],[-71.02904,42.41035],[-71.03318,42.41421],[-71.03128,42.41843],[-71.02962,42.4213],[-71.02858,42.42357],[-71.02038,42.43825],[-71.02586,42.44474],[-71.05421,42.4769],[-71.05262,42.4861],[-71.05025,42.48653],[-71.04521,42.48872],[-71.03985,42.49605],[-71.04014,42.49619],[-71.04012,42.49639],[-71.04037,42.49654],[-71.04032,42.49685],[-71.0405,42.49693],[-71.04064,42.49722],[-71.04108,42.49748],[-71.04094,42.49773],[-71.04203,42.49815],[-71.04204,42.49854],[-71.04232,42.4988],[-71.0425,42.49938],[-71.04324,42.49964],[-71.04367,42.50006],[-71.04372,42.50022],[-71.04355,42.50035],[-71.04383,42.50088],[-71.04376,42.50125],[-71.04341,42.50156],[-71.0425,42.502],[-71.04223,42.50234],[-71.04222,42.50261],[-71.04124,42.50261],[-71.04098,42.50275],[-71.0406,42.5026],[-71.03975,42.50303],[-71.03934,42.50283],[-71.03862,42.50273],[-71.03818,42.50295],[-71.03827,42.50326],[-71.03803,42.50316],[-71.0378,42.50339],[-71.03744,42.50331],[-71.03696,42.50353],[-71.03641,42.50417],[-71.03622,42.5042],[-71.03623,42.50461],[-71.03584,42.50484],[-71.03574,42.50574],[-71.03542,42.50591],[-71.03531,42.50615],[-71.0354,42.50638],[-71.0349,42.50676],[-71.03491,42.5071],[-71.03563,42.50756],[-71.03555,42.50831],[-71.0359,42.50843],[-71.03572,42.50862],[-71.0363,42.509],[-71.03621,42.50927],[-71.03653,42.50951],[-71.03646,42.50969],[-71.03676,42.50997],[-71.03705,42.51],[-71.03693,42.51046],[-71.0365,42.51083],[-71.03667,42.51156],[-71.03656,42.51243],[-71.03691,42.51254],[-71.0375,42.51329],[-71.0383,42.51375],[-71.03838,42.51419],[-71.03865,42.51417],[-71.03947,42.51446],[-71.03926,42.51484],[-71.03827,42.51569],[-71.0383,42.51624],[-71.03852,42.51642],[-71.03891,42.51634],[-71.03904,42.51649],[-71.03889,42.51674],[-71.04011,42.51724],[-71.04026,42.51742],[-71.04013,42.51881],[-71.04033,42.51929],[-71.04099,42.51985],[-71.04108,42.52012],[-71.0409,42.52098],[-71.04091,42.52172],[-71.04055,42.52205],[-71.04009,42.52223],[-71.03929,42.52321],[-71.03874,42.52354],[-71.0386,42.52396],[-71.03869,42.52426],[-71.03917,42.52479],[-71.04,42.52519],[-71.04098,42.52626],[-71.05766,42.52418],[-71.05821,42.52391],[-71.05827,42.52369],[-71.05845,42.52361],[-71.05902,42.52387],[-71.05911,42.52409],[-71.06007,42.52431],[-71.06014,42.52456],[-71.06052,42.52484],[-71.0605,42.52502],[-71.06074,42.52524],[-71.06148,42.52503],[-71.06149,42.52487],[-71.06203,42.52428],[-71.06328,42.52466],[-71.06378,42.52463],[-71.06424,42.5244],[-71.06539,42.52478],[-71.06635,42.52481],[-71.06712,42.52537],[-71.06732,42.52522],[-71.06737,42.52505],[-71.06726,42.52494],[-71.06757,42.52468],[-71.07515,42.53104],[-71.07098,42.55589],[-71.06494,42.56212],[-71.05712,42.57404],[-71.05618,42.57366],[-71.05593,42.57376],[-71.05555,42.57365],[-71.05507,42.57403],[-71.05483,42.57403],[-71.05424,42.57319],[-71.05402,42.57304],[-71.0538,42.57296],[-71.05337,42.57313],[-71.0531,42.57308],[-71.05299,42.5729],[-71.05305,42.57259],[-71.05374,42.57251],[-71.05343,42.57232],[-71.05288,42.57241],[-71.05265,42.57233],[-71.0527,42.57209],[-71.05246,42.57179],[-71.05288,42.57153],[-71.05277,42.57137],[-71.05232,42.57162],[-71.05194,42.57213],[-71.05146,42.57159],[-71.05108,42.57182],[-71.05084,42.57124],[-71.05066,42.57129],[-71.05053,42.57172],[-71.05002,42.5714],[-71.0498,42.57112],[-71.04945,42.57101],[-71.04905,42.5711],[-71.04864,42.57147],[-71.04767,42.57193],[-71.04728,42.57199],[-71.04631,42.57259],[-71.04482,42.57283],[-71.04422,42.5739],[-71.04376,42.57384],[-71.04352,42.57353],[-71.04298,42.57327],[-71.04148,42.57348],[-71.04026,42.57251],[-71.04014,42.57228],[-71.04015,42.57169],[-71.03984,42.57142],[-71.03847,42.57115],[-71.03766,42.57116],[-71.03733,42.57169],[-71.03682,42.57173],[-71.0355,42.57062],[-71.03546,42.57026],[-71.02831,42.57408],[-71.034,42.58549],[-71.05935,42.60633],[-71.05456,42.62765],[-71.02231,42.64164],[-70.98535,42.62172],[-70.98459,42.6219],[-70.98358,42.62193],[-70.98338,42.62188],[-70.98336,42.62167],[-70.98318,42.62156],[-70.98294,42.62168],[-70.98225,42.6215],[-70.98139,42.62149],[-70.98106,42.62161],[-70.98101,42.62144],[-70.98048,42.62135],[-70.97999,42.6217],[-70.97778,42.62138],[-70.97735,42.6215],[-70.97727,42.62126],[-70.97741,42.62097],[-70.97723,42.62071],[-70.97658,42.62079],[-70.97636,42.62103],[-70.97607,42.6211],[-70.9763,42.6216],[-70.97623,42.622],[-70.97657,42.62214],[-70.97668,42.62237],[-70.97596,42.62273],[-70.97661,42.62292],[-70.97668,42.62323],[-70.97643,42.62328],[-70.97644,42.62344],[-70.97569,42.6238],[-70.97541,42.62382],[-70.97497,42.62378],[-70.97451,42.62344],[-70.97403,42.6235],[-70.97377,42.62374],[-70.97337,42.62388],[-70.9731,42.62427],[-70.97267,42.6242],[-70.97245,42.624],[-70.97204,42.62411],[-70.97167,42.62403],[-70.97156,42.62419],[-70.97195,42.62444],[-70.97196,42.62497],[-70.97119,42.62501],[-70.97035,42.62539],[-70.96959,42.62502],[-70.96905,42.62513],[-70.96896,42.62556],[-70.9688,42.62565],[-70.96887,42.62607],[-70.96822,42.62625],[-70.96823,42.62673],[-70.96811,42.62684],[-70.96958,42.6275],[-70.97006,42.62751],[-70.97095,42.62832],[-70.97171,42.62853],[-70.97178,42.62884],[-70.9725,42.62903],[-70.97333,42.6295],[-70.97356,42.62989],[-70.97354,42.63035],[-70.97408,42.6309],[-70.97385,42.63119],[-70.97342,42.63124],[-70.97335,42.63179],[-70.97375,42.63218],[-70.97408,42.63273],[-70.97443,42.63288],[-70.97432,42.63311],[-70.97457,42.63355],[-70.97445,42.63375],[-70.97449,42.63392],[-70.97477,42.63403],[-70.97513,42.63369],[-70.97526,42.63388],[-70.97511,42.63409],[-70.97523,42.63444],[-70.97484,42.63443],[-70.97479,42.63457],[-70.97496,42.63517],[-70.9747,42.63576],[-70.97439,42.63618],[-70.97401,42.63624],[-70.97375,42.63651],[-70.97334,42.63656],[-70.97334,42.63675],[-70.97367,42.63716],[-70.97366,42.63788],[-70.97387,42.63831],[-70.97419,42.63835],[-70.97465,42.63904],[-70.97498,42.63928],[-70.97532,42.63928],[-70.97545,42.63995],[-70.97615,42.64017],[-70.97637,42.64071],[-70.97552,42.64219],[-70.96036,42.64908],[-70.96898,42.6732],[-70.96534,42.67187],[-70.96445,42.67482],[-70.94859,42.68067],[-70.97637,42.69442],[-70.99161,42.69947],[-70.99195,42.70084],[-70.9923,42.70049],[-70.99492,42.70056],[-70.99577,42.69962],[-70.99743,42.70016],[-70.99735,42.70067],[-70.99964,42.70077],[-71.00486,42.70136],[-71.02363,42.70159],[-71.02534,42.70408],[-71.02613,42.70469],[-71.03162,42.71804],[-71.03464,42.73235],[-71.027,42.73134],[-71.01931,42.73362],[-71.01126,42.73418],[-71.00935,42.73525],[-71.00102,42.73909],[-70.98417,42.74619],[-70.97947,42.74866],[-70.97407,42.74952],[-70.97022,42.75121],[-70.96546,42.75249],[-70.95969,42.75383],[-70.96719,42.75828],[-70.99648,42.77165],[-71.01736,42.78254],[-71.02038,42.7843],[-71.02019,42.78727],[-71.01959,42.79008],[-71.01871,42.7916],[-71.01799,42.79243],[-71.01542,42.79456],[-71.01231,42.79654],[-71.00552,42.7998],[-71.00344,42.8011],[-71.00171,42.8028],[-70.99983,42.80504],[-70.99875,42.80696],[-70.99862,42.80806],[-70.99877,42.809],[-70.99908,42.80967],[-71.00096,42.81278],[-71.00135,42.81497],[-71.00122,42.81701],[-71.0008,42.81811],[-71.0001,42.81886],[-70.99823,42.82043],[-70.99654,42.82142],[-70.99506,42.82186],[-70.99271,42.82191],[-70.99101,42.82217],[-70.98611,42.82373],[-70.98173,42.8244],[-70.97872,42.82459],[-70.97242,42.82394],[-70.97133,42.82357],[-70.96916,42.82246],[-70.96575,42.82102],[-70.96358,42.82034],[-70.96146,42.81989],[-70.95787,42.81971],[-70.95305,42.81994],[-70.94802,42.82037],[-70.94504,42.82083],[-70.94029,42.82255],[-70.93894,42.82333],[-70.93699,42.82563],[-70.93389,42.82802],[-70.93313,42.82925],[-70.93235,42.83107],[-70.93146,42.83219],[-70.92879,42.83457],[-70.92522,42.83846],[-70.9233,42.8399],[-70.92215,42.84056],[-70.92084,42.84104],[-70.91931,42.84127],[-70.91764,42.84128],[-70.91681,42.84112],[-70.91569,42.84067],[-70.91535,42.8403],[-70.91456,42.83879],[-70.91377,42.83626],[-70.9129,42.83515],[-70.9122,42.83469],[-70.91034,42.83402],[-70.90831,42.83364],[-70.90495,42.83373],[-70.9042,42.83389],[-70.89983,42.84739],[-70.91463,42.88665],[-70.90353,42.88678],[-70.8856,42.88283],[-70.84772,42.86087],[-70.83673,42.86468],[-70.82969,42.86872],[-70.82024,42.87179],[-70.81698,42.87195],[-70.81383,42.8723],[-70.81413,42.86268],[-70.81412,42.85725],[-70.81398,42.85382],[-70.81359,42.84995],[-70.81222,42.84459],[-70.81175,42.84208],[-70.81119,42.83353],[-70.81031,42.82723],[-70.80985,42.82509],[-70.80734,42.81866],[-70.80587,42.81258],[-70.806,42.80934],[-70.8057,42.80544],[-70.80406,42.79645],[-70.80399,42.79381],[-70.80148,42.78275],[-70.7997,42.77633],[-70.79462,42.7627],[-70.793,42.75773],[-70.79122,42.75317],[-70.79075,42.75053],[-70.78426,42.7369],[-70.78115,42.73195],[-70.77545,42.72221],[-70.7747,42.7202],[-70.75912,42.70849],[-70.74949,42.70273],[-70.74746,42.70139],[-70.73709,42.69597],[-70.72274,42.69177],[-70.70898,42.69092],[-70.69609,42.69141],[-70.68794,42.6923],[-70.66633,42.6931],[-70.63961,42.69504],[-70.62826,42.69421],[-70.60545,42.69207],[-70.58707,42.68921],[-70.57727,42.68281],[-70.57004,42.67645],[-70.56747,42.66749],[-70.56559,42.65695],[-70.56594,42.63516],[-70.56676,42.62492],[-70.56785,42.61846],[-70.57685,42.6168],[-70.59811,42.61386],[-70.62003,42.60992],[-70.62452,42.60561],[-70.6307,42.59714],[-70.64044,42.58433],[-70.64244,42.5826],[-70.6451,42.58083],[-70.64792,42.57933],[-70.652,42.57848],[-70.66472,42.5782],[-70.67144,42.57842],[-70.67925,42.58011],[-70.68923,42.57923],[-70.70104,42.57628],[-70.70595,42.57438],[-70.70932,42.57249],[-70.713,42.57069],[-70.71619,42.56756],[-70.71905,42.56335],[-70.72254,42.55726],[-70.72683,42.54357],[-70.73065,42.52355],[-70.73235,42.50581],[-70.73612,42.50011],[-70.74949,42.49272],[-70.77336,42.48194],[-70.79009,42.47387],[-70.79995,42.46891],[-70.81074,42.46441],[-70.82106,42.46037],[-70.83118,42.4572],[-70.83862,42.45546],[-70.85935,42.45455],[-70.88163,42.4524],[-70.90149,42.4496],[-70.90599,42.4452],[-70.90599,42.4383],[-70.89654,42.43397],[-70.88849,42.42285],[-70.88062,42.41766],[-70.86791,42.41037],[-70.85921,42.40432],[-70.85453,42.39951],[-70.85144,42.39321],[-70.90129,42.3841],[-70.92459,42.3868],[-70.95949,42.4075]]]},"properties":{"key":"north-shore","name":"North Shore","group":"ma","parent":"ma","kind":"towns","members":["Beverly","Danvers","Essex","Georgetown","Gloucester","Hamilton","Ipswich","Lynn","Lynnfield","Manchester-by-the-Sea","Marblehead","Middleton","Nahant","Newbury","Newburyport","Peabody","Revere","Rockport","Rowley","Salem","Salisbury","Saugus","Swampscott","Topsfield","Wenham","West Newbury"],"memberCount":26,"definition":"Massachusetts North Shore communities from Revere to Newburyport, including Cape Ann","hasSubway":true,"busDefaultOn":true,"state":"MA"}},{"type":"Feature","properties":{"key":"worcester","name":"Worcester County","group":"ma","parent":"ma","kind":"counties","definition":"Worcester County","hasSubway":false,"busDefaultOn":true,"members":["Worcester, MA"],"memberCount":1},"geometry":{"type":"Polygon","coordinates":[[[-71.89877,42.71131],[-72.28305,42.72161],[-72.27188,42.67442],[-72.25854,42.67542],[-72.25732,42.66794],[-72.24349,42.66925],[-72.24211,42.66164],[-72.22948,42.66267],[-72.22493,42.63894],[-72.22908,42.63835],[-72.22531,42.63043],[-72.23168,42.62519],[-72.22734,42.62191],[-72.2292,42.6146],[-72.25474,42.61161],[-72.25331,42.60534],[-72.26216,42.60025],[-72.26706,42.60081],[-72.26133,42.57592],[-72.27111,42.57616],[-72.27323,42.57934],[-72.27643,42.57737],[-72.26911,42.53343],[-72.24487,42.51344],[-72.29129,42.47953],[-72.28326,42.44119],[-72.29059,42.43752],[-72.28867,42.43558],[-72.29194,42.43014],[-72.3024,42.42444],[-72.30204,42.42048],[-72.30628,42.42004],[-72.31015,42.4081],[-72.31372,42.40645],[-72.31582,42.39454],[-72.31004,42.38739],[-72.31445,42.38191],[-72.31107,42.37223],[-72.31588,42.36975],[-72.3105,42.36451],[-72.3138,42.35779],[-72.31425,42.34369],[-72.28423,42.35201],[-72.28138,42.33613],[-72.27849,42.33646],[-72.27708,42.32941],[-72.28,42.32909],[-72.27464,42.30196],[-72.2108,42.31138],[-72.21675,42.29406],[-72.20328,42.29118],[-72.21204,42.28265],[-72.21278,42.2698],[-72.21782,42.27018],[-72.21609,42.2562],[-72.2111,42.25568],[-72.21046,42.24721],[-72.21807,42.2486],[-72.26102,42.205],[-72.26469,42.19673],[-72.26392,42.18383],[-72.20063,42.16129],[-72.19935,42.15371],[-72.13501,42.16178],[-72.13572,42.03022],[-71.80067,42.02351],[-71.79919,42.00805],[-71.49826,42.01727],[-71.49824,42.09141],[-71.49528,42.09996],[-71.50308,42.11046],[-71.50038,42.1127],[-71.50143,42.11665],[-71.47852,42.13138],[-71.47803,42.16587],[-71.49738,42.16664],[-71.50263,42.19142],[-71.50689,42.18893],[-71.5395,42.18973],[-71.55574,42.1825],[-71.55678,42.19245],[-71.58291,42.19556],[-71.60222,42.2181],[-71.58676,42.25955],[-71.55666,42.26813],[-71.53963,42.26279],[-71.51891,42.26772],[-71.50609,42.26439],[-71.50588,42.27294],[-71.48595,42.31123],[-71.4868,42.33019],[-71.55113,42.32639],[-71.58521,42.31095],[-71.60527,42.33016],[-71.6041,42.33677],[-71.61755,42.34197],[-71.62583,42.34972],[-71.61001,42.3574],[-71.60307,42.36727],[-71.60776,42.37002],[-71.58013,42.38695],[-71.60425,42.3977],[-71.58526,42.4071],[-71.5591,42.41194],[-71.54339,42.46645],[-71.56037,42.47435],[-71.52984,42.51984],[-71.53878,42.54303],[-71.58029,42.55047],[-71.59465,42.54338],[-71.60785,42.54538],[-71.61993,42.5525],[-71.63589,42.54],[-71.63921,42.53096],[-71.63587,42.52402],[-71.67897,42.53043],[-71.6646,42.6116],[-71.77576,42.64423],[-71.77532,42.63666],[-71.84484,42.63799],[-71.85848,42.63381],[-71.85776,42.67498],[-71.86575,42.68411],[-71.86978,42.68365],[-71.8971,42.70373],[-71.89877,42.71131]]]}},{"type":"Feature","properties":{"key":"pioneer-valley","name":"Pioneer Valley","group":"ma","parent":"ma","kind":"counties","definition":"Hampden, Hampshire and Franklin counties","hasSubway":false,"busDefaultOn":true,"members":["Hampden, MA","Hampshire, MA","Franklin, MA"],"memberCount":3},"geometry":{"type":"Polygon","coordinates":[[[-72.21807,42.2486],[-72.26249,42.20306],[-72.26392,42.18383],[-72.20063,42.16129],[-72.19935,42.15371],[-72.13501,42.16178],[-72.13572,42.03022],[-72.53155,42.03458],[-72.57278,42.03022],[-72.58216,42.02474],[-72.60717,42.02515],[-72.60798,42.03108],[-72.69933,42.03696],[-72.75589,42.03635],[-72.7573,42.03338],[-72.75206,42.02902],[-72.75734,42.02098],[-72.76525,42.02237],[-72.76581,42.01957],[-72.75895,42.01547],[-72.76298,42.01347],[-72.7615,42.0093],[-72.76625,42.00787],[-72.76673,42.00327],[-72.81705,41.99768],[-72.81378,42.03674],[-73.05329,42.03986],[-73.05655,42.04742],[-73.0543,42.05692],[-73.0617,42.06175],[-73.05824,42.06713],[-73.07308,42.09419],[-73.07509,42.10536],[-73.07187,42.10816],[-73.07293,42.11125],[-73.06109,42.1187],[-73.06928,42.13087],[-73.0688,42.13836],[-73.07213,42.14355],[-73.07111,42.14821],[-73.03492,42.14365],[-73.00429,42.25135],[-73.00185,42.25102],[-73.00028,42.3126],[-73.00878,42.30448],[-73.01654,42.31111],[-73.02015,42.30826],[-73.0294,42.30857],[-73.03895,42.31495],[-73.04075,42.32018],[-73.04545,42.3194],[-73.06289,42.32895],[-73.06851,42.38072],[-73.06577,42.38911],[-73.01168,42.37968],[-72.96858,42.54001],[-72.97904,42.54162],[-72.95104,42.64101],[-72.95559,42.6546],[-72.95485,42.66579],[-72.96152,42.66728],[-72.97579,42.66084],[-72.99569,42.67365],[-72.98873,42.67454],[-72.98927,42.67857],[-72.97583,42.67942],[-72.97766,42.68566],[-72.97352,42.68881],[-72.9638,42.68749],[-72.95384,42.69048],[-72.95158,42.69472],[-72.95387,42.69839],[-72.94884,42.70426],[-73.02371,42.70269],[-73.02302,42.74113],[-72.28305,42.72161],[-72.27188,42.67442],[-72.25854,42.67542],[-72.25732,42.66794],[-72.24349,42.66925],[-72.24211,42.66164],[-72.22948,42.66267],[-72.22493,42.63894],[-72.22908,42.63835],[-72.22531,42.63043],[-72.23168,42.62519],[-72.22734,42.62191],[-72.2292,42.6146],[-72.25474,42.61161],[-72.25331,42.60534],[-72.26216,42.60025],[-72.26706,42.60081],[-72.26133,42.57592],[-72.27111,42.57616],[-72.27323,42.57934],[-72.27643,42.57737],[-72.26911,42.53343],[-72.24487,42.51344],[-72.29129,42.47953],[-72.28326,42.44119],[-72.29059,42.43752],[-72.28867,42.43558],[-72.29194,42.43014],[-72.3024,42.42444],[-72.30204,42.42048],[-72.30628,42.42004],[-72.31015,42.4081],[-72.31372,42.40645],[-72.31582,42.39454],[-72.31004,42.38739],[-72.31445,42.38191],[-72.31107,42.37223],[-72.31588,42.36975],[-72.3105,42.36451],[-72.3138,42.35779],[-72.31431,42.34408],[-72.28423,42.35201],[-72.28138,42.33613],[-72.27849,42.33646],[-72.27708,42.32941],[-72.28,42.32909],[-72.27464,42.30196],[-72.2108,42.31138],[-72.21675,42.29406],[-72.20328,42.29118],[-72.21204,42.28265],[-72.21278,42.2698],[-72.21782,42.27018],[-72.21609,42.2562],[-72.2111,42.25568],[-72.21046,42.24721],[-72.21807,42.2486]]]}},{"type":"Feature","properties":{"key":"berkshires","name":"The Berkshires","group":"ma","parent":"ma","kind":"counties","definition":"Berkshire County","hasSubway":false,"busDefaultOn":true,"members":["Berkshire, MA"],"memberCount":1},"geometry":{"type":"Polygon","coordinates":[[[-73.02302,42.74113],[-73.26483,42.74585],[-73.50821,42.08613],[-73.49702,42.04962],[-73.42617,42.05043],[-73.05329,42.03986],[-73.05655,42.04742],[-73.0543,42.05692],[-73.0617,42.06175],[-73.05824,42.06713],[-73.07308,42.09419],[-73.07509,42.10536],[-73.07187,42.10816],[-73.07293,42.11125],[-73.06109,42.1187],[-73.06928,42.13087],[-73.0688,42.13836],[-73.07213,42.14355],[-73.07111,42.14821],[-73.03492,42.14365],[-73.00429,42.25135],[-73.00185,42.25102],[-73.00028,42.3126],[-73.00878,42.30448],[-73.01654,42.31111],[-73.02015,42.30826],[-73.0294,42.30857],[-73.03895,42.31495],[-73.04075,42.32018],[-73.04545,42.3194],[-73.06289,42.32895],[-73.06851,42.38072],[-73.06577,42.38911],[-73.01168,42.37968],[-72.96858,42.54001],[-72.97904,42.54162],[-72.95104,42.64101],[-72.95559,42.6546],[-72.95485,42.66579],[-72.96152,42.66728],[-72.97579,42.66084],[-72.99569,42.67365],[-72.98873,42.67454],[-72.98927,42.67857],[-72.97583,42.67942],[-72.97766,42.68566],[-72.97352,42.68881],[-72.9638,42.68749],[-72.95384,42.69048],[-72.95158,42.69472],[-72.95387,42.69839],[-72.94868,42.70384],[-73.02371,42.70269],[-73.02302,42.74113]]]}},{"type":"Feature","properties":{"key":"south-coast","name":"South Coast","group":"ma","parent":"ma","kind":"counties","definition":"Bristol County, Massachusetts","hasSubway":false,"busDefaultOn":true,"members":["Bristol, MA"],"memberCount":1},"geometry":{"type":"Polygon","coordinates":[[[-70.84524,41.64467],[-70.88644,41.76023],[-70.90444,41.758],[-70.92178,41.79124],[-71.02629,41.77889],[-71.01459,41.79957],[-71.03657,41.81652],[-70.97372,41.86088],[-70.98726,41.90581],[-70.99315,41.90644],[-70.99203,41.91575],[-70.99733,41.91714],[-70.99604,41.92657],[-71.01057,41.94008],[-71.04949,41.96309],[-71.08048,42.09554],[-71.36434,41.98529],[-71.3813,41.98508],[-71.38146,41.89355],[-71.33879,41.89859],[-71.34089,41.8818],[-71.33404,41.8626],[-71.34255,41.84466],[-71.33542,41.83564],[-71.34754,41.82325],[-71.33933,41.80853],[-71.34048,41.79703],[-71.32946,41.78833],[-71.32976,41.78196],[-71.26107,41.75208],[-71.19548,41.67509],[-71.17578,41.67149],[-71.17612,41.66825],[-71.13256,41.66036],[-71.13531,41.62849],[-71.14019,41.62387],[-71.14196,41.61253],[-71.14031,41.60485],[-71.13162,41.59372],[-71.12112,41.49279],[-71.08857,41.43131],[-71.08504,41.43347],[-71.05185,41.41673],[-70.76378,41.55661],[-70.75242,41.56585],[-70.81337,41.60802],[-70.83917,41.61476],[-70.84524,41.64467]]]}},{"type":"Feature","properties":{"key":"cape-islands","name":"Cape Cod & Islands","group":"ma","parent":"ma","kind":"counties","definition":"Barnstable, Dukes and Nantucket counties","hasSubway":false,"busDefaultOn":true,"members":["Barnstable, MA","Dukes, MA","Nantucket, MA"],"memberCount":3},"geometry":{"type":"Polygon","coordinates":[[[-70.23358,41.38264],[-70.22162,41.37177],[-70.21511,41.36028],[-70.17491,41.35729],[-70.1487,41.34522],[-70.11934,41.35264],[-70.09784,41.35358],[-70.11133,41.37039],[-70.11654,41.39513],[-70.10582,41.41987],[-70.09441,41.43081],[-70.06517,41.44269],[-70.04427,41.4438],[-70.0259,41.44108],[-70.00647,41.4339],[-69.96963,41.40351],[-69.90295,41.30521],[-69.89244,41.27909],[-69.89901,41.24554],[-69.91032,41.22685],[-69.92291,41.21584],[-69.94201,41.20452],[-69.97318,41.19355],[-70.01248,41.18705],[-70.07267,41.19163],[-70.10968,41.1898],[-70.17885,41.20453],[-70.23998,41.22846],[-70.28574,41.24235],[-70.34408,41.27615],[-70.37447,41.26946],[-70.40873,41.27729],[-70.42907,41.26865],[-70.45985,41.26525],[-70.49331,41.27998],[-70.5122,41.29831],[-70.60667,41.29941],[-70.68502,41.29318],[-70.70311,41.28904],[-70.7165,41.26945],[-70.73484,41.25923],[-70.73367,41.25012],[-70.73891,41.23643],[-70.75419,41.21609],[-70.76784,41.20649],[-70.78358,41.20122],[-70.80595,41.19874],[-70.82364,41.20065],[-70.84775,41.20581],[-70.86634,41.2154],[-70.87733,41.22414],[-70.89054,41.24309],[-70.8942,41.25944],[-70.89034,41.27736],[-70.88568,41.28507],[-70.87003,41.29707],[-70.88447,41.31016],[-70.901,41.33461],[-70.90374,41.35508],[-70.89602,41.37015],[-70.95575,41.35016],[-70.99075,41.35129],[-71.0148,41.36202],[-71.0261,41.37169],[-71.03992,41.39826],[-71.0336,41.41409],[-71.05185,41.41673],[-70.76378,41.55661],[-70.74948,41.56841],[-70.72983,41.59157],[-70.70913,41.62511],[-70.67663,41.69113],[-70.6744,41.68961],[-70.6437,41.71746],[-70.63933,41.72905],[-70.63258,41.73366],[-70.63268,41.73788],[-70.62078,41.74753],[-70.63255,41.7629],[-70.56528,41.7867],[-70.49947,41.84412],[-70.355,42.0001],[-70.33781,42.04448],[-70.32252,42.11792],[-70.27743,42.11435],[-70.24947,42.12693],[-70.22917,42.13119],[-70.17254,42.13452],[-70.12069,42.1251],[-70.0671,42.10533],[-70.01159,42.07338],[-69.96948,42.02925],[-69.92911,41.97848],[-69.90918,41.94206],[-69.8953,41.90675],[-69.86652,41.81701],[-69.86006,41.7585],[-69.85895,41.70692],[-69.86288,41.67315],[-69.86813,41.65679],[-69.89856,41.6061],[-69.9154,41.58924],[-69.92152,41.5709],[-69.92463,41.54465],[-69.9364,41.52194],[-69.95817,41.50466],[-69.97129,41.49887],[-69.99817,41.4934],[-70.01386,41.47744],[-70.04031,41.46596],[-70.07374,41.46502],[-70.10151,41.47444],[-70.11439,41.48408],[-70.12668,41.5037],[-70.12855,41.52473],[-70.12256,41.53783],[-70.10203,41.55635],[-70.08032,41.56445],[-70.06335,41.59017],[-70.06857,41.6107],[-70.07793,41.61253],[-70.12695,41.6002],[-70.16036,41.59937],[-70.1815,41.59355],[-70.20804,41.58415],[-70.22556,41.56856],[-70.24946,41.56015],[-70.2789,41.55932],[-70.31125,41.57106],[-70.34634,41.56845],[-70.39516,41.55672],[-70.4239,41.52873],[-70.44857,41.51309],[-70.46644,41.50616],[-70.5086,41.49896],[-70.49494,41.47963],[-70.48969,41.46298],[-70.46395,41.468],[-70.43645,41.46892],[-70.40593,41.45701],[-70.39289,41.44548],[-70.38587,41.43372],[-70.38081,41.412],[-70.38345,41.36993],[-70.37011,41.36877],[-70.35308,41.38146],[-70.32359,41.39161],[-70.30244,41.38963],[-70.26728,41.39343],[-70.24769,41.38989],[-70.23358,41.38264]]]}},{"type":"Feature","properties":{"key":"ri","name":"Rhode Island","group":"ri","parent":"new-england","kind":"state","definition":"State of Rhode Island","hasSubway":false,"busDefaultOn":true,"geoid":"44","stusab":"RI","members":["Rhode Island"],"memberCount":1},"geometry":{"type":"MultiPolygon","coordinates":[[[[-71.6783,41.1489],[-71.66786,41.20063],[-71.64301,41.23132],[-71.63497,41.26368],[-71.6245,41.27413],[-71.59159,41.28932],[-71.55757,41.29402],[-71.53598,41.28618],[-71.51635,41.27155],[-71.4922,41.24088],[-71.48458,41.21749],[-71.48984,41.1947],[-71.4786,41.17579],[-71.47702,41.15566],[-71.49143,41.1251],[-71.50809,41.11162],[-71.53584,41.10166],[-71.59351,41.09583],[-71.6303,41.10345],[-71.66835,41.12825],[-71.6783,41.1489]]],[[[-71.26107,41.75208],[-71.19548,41.67509],[-71.13256,41.66036],[-71.13531,41.62849],[-71.14196,41.61253],[-71.13162,41.59372],[-71.12112,41.49279],[-71.08857,41.43131],[-71.11932,41.41332],[-71.4948,41.30736],[-71.52659,41.3088],[-71.57525,41.32095],[-71.69504,41.28265],[-71.79148,41.27217],[-71.79097,41.1841],[-71.90726,41.30448],[-71.89207,41.33008],[-71.86654,41.31918],[-71.85746,41.32079],[-71.82936,41.34243],[-71.83787,41.36015],[-71.83064,41.37877],[-71.83313,41.38784],[-71.84221,41.39538],[-71.84243,41.41026],[-71.81809,41.41985],[-71.79775,41.41673],[-71.78724,41.65611],[-71.79919,42.00805],[-71.3814,42.0188],[-71.38146,41.89355],[-71.33879,41.89859],[-71.34089,41.8818],[-71.33404,41.8626],[-71.34255,41.84466],[-71.33542,41.83564],[-71.34754,41.82325],[-71.33933,41.80853],[-71.34048,41.79703],[-71.32946,41.78833],[-71.32847,41.78069],[-71.26107,41.75208]]]]}},{"type":"Feature","properties":{"key":"providence-metro","name":"Providence metro","group":"ri","parent":"ri","kind":"counties","definition":"Providence, Kent and Bristol counties","hasSubway":false,"busDefaultOn":true,"members":["Providence, RI","Kent, RI","Bristol, RI"],"memberCount":3},"geometry":{"type":"Polygon","coordinates":[[[-71.35235,41.67889],[-71.36153,41.66919],[-71.37478,41.66277],[-71.38054,41.65033],[-71.42148,41.65439],[-71.44251,41.64582],[-71.45137,41.62946],[-71.45919,41.63797],[-71.46967,41.63454],[-71.47253,41.63208],[-71.47132,41.62908],[-71.48248,41.62358],[-71.48804,41.61633],[-71.48443,41.60259],[-71.78925,41.59685],[-71.78724,41.65611],[-71.79919,42.00805],[-71.3814,42.0188],[-71.38146,41.89355],[-71.33879,41.89859],[-71.34089,41.8818],[-71.33404,41.8626],[-71.34255,41.84466],[-71.33542,41.83564],[-71.34754,41.82325],[-71.33933,41.80853],[-71.34048,41.79703],[-71.32946,41.78833],[-71.32847,41.78069],[-71.26107,41.75208],[-71.20837,41.6906],[-71.22461,41.66605],[-71.25673,41.63814],[-71.2672,41.63899],[-71.27573,41.65068],[-71.29169,41.64856],[-71.30028,41.64267],[-71.31146,41.64405],[-71.32183,41.65715],[-71.33097,41.68696],[-71.35235,41.67889]]]}},{"type":"Feature","properties":{"key":"newport-south-county","name":"Newport & South County","group":"ri","parent":"ri","kind":"counties","definition":"Newport and Washington counties, including Block Island","hasSubway":false,"busDefaultOn":true,"members":["Newport, RI","Washington, RI"],"memberCount":2},"geometry":{"type":"MultiPolygon","coordinates":[[[[-71.6783,41.1489],[-71.66786,41.20063],[-71.64301,41.23132],[-71.64084,41.2501],[-71.63497,41.26368],[-71.6245,41.27413],[-71.59159,41.28932],[-71.55757,41.29402],[-71.53598,41.28618],[-71.51635,41.27155],[-71.4922,41.24088],[-71.48458,41.21749],[-71.48984,41.1947],[-71.4786,41.17579],[-71.47702,41.15566],[-71.49143,41.1251],[-71.50809,41.11162],[-71.53584,41.10166],[-71.59351,41.09583],[-71.61167,41.09741],[-71.6303,41.10345],[-71.66835,41.12825],[-71.6783,41.1489]]],[[[-71.52659,41.3088],[-71.57525,41.32095],[-71.65957,41.29665],[-71.6726,41.28908],[-71.69504,41.28265],[-71.71999,41.28115],[-71.73956,41.27545],[-71.77843,41.27511],[-71.79148,41.27217],[-71.79097,41.1841],[-71.90726,41.30448],[-71.89207,41.33008],[-71.86654,41.31918],[-71.85746,41.32079],[-71.82936,41.34243],[-71.8313,41.3513],[-71.83604,41.35399],[-71.83787,41.36015],[-71.83064,41.37877],[-71.83313,41.38784],[-71.84221,41.39538],[-71.84243,41.41026],[-71.82538,41.41469],[-71.81809,41.41985],[-71.79775,41.41673],[-71.78925,41.59685],[-71.48443,41.60259],[-71.48804,41.61633],[-71.48248,41.62358],[-71.47132,41.62908],[-71.47253,41.63208],[-71.46967,41.63454],[-71.45919,41.63797],[-71.45137,41.62946],[-71.44251,41.64582],[-71.42148,41.65439],[-71.38054,41.65033],[-71.37478,41.66277],[-71.36153,41.66919],[-71.35513,41.67751],[-71.33097,41.68696],[-71.32183,41.65715],[-71.31554,41.6474],[-71.30706,41.64254],[-71.27773,41.65085],[-71.2672,41.63899],[-71.25673,41.63814],[-71.22461,41.66605],[-71.20837,41.6906],[-71.19548,41.67509],[-71.17578,41.67149],[-71.17612,41.66825],[-71.13256,41.66036],[-71.13531,41.62849],[-71.14019,41.62387],[-71.14196,41.61253],[-71.14031,41.60485],[-71.13162,41.59372],[-71.12112,41.49279],[-71.08857,41.43131],[-71.12459,41.41147],[-71.24996,41.37771],[-71.37449,41.33901],[-71.4948,41.30736],[-71.52659,41.3088]]]]}},{"type":"Feature","properties":{"key":"ct","name":"Connecticut","group":"ct","parent":"new-england","kind":"state","definition":"State of Connecticut","hasSubway":false,"busDefaultOn":true,"geoid":"09","stusab":"CT","members":["Connecticut"],"memberCount":1},"geometry":{"type":"Polygon","coordinates":[[[-72.99955,41.08711],[-72.08177,41.26224],[-71.99949,41.29579],[-71.92945,41.31039],[-71.90726,41.30448],[-71.89207,41.33008],[-71.86654,41.31918],[-71.85746,41.32079],[-71.82936,41.34243],[-71.83787,41.36015],[-71.83064,41.37877],[-71.83313,41.38784],[-71.84221,41.39538],[-71.84359,41.40533],[-71.8397,41.41222],[-71.82033,41.41938],[-71.79775,41.41673],[-71.78821,41.62102],[-71.80067,42.02351],[-72.53155,42.03458],[-72.57278,42.03022],[-72.58216,42.02474],[-72.60717,42.02515],[-72.60798,42.03108],[-72.75589,42.03635],[-72.75206,42.02902],[-72.75734,42.02098],[-72.76525,42.02237],[-72.75895,42.01547],[-72.76673,42.00327],[-72.81705,41.99768],[-72.81378,42.03674],[-73.48732,42.04953],[-73.55096,41.29542],[-73.4827,41.21277],[-73.72777,41.1007],[-73.65525,41.01225],[-73.66027,41.00048],[-73.65677,40.98451],[-73.61289,40.95094],[-73.24956,41.02587],[-72.99955,41.08711]]]}},{"type":"Feature","properties":{"key":"hartford","name":"Hartford (Capitol region)","group":"ct","parent":"ct","kind":"counties","definition":"Capitol planning region","hasSubway":false,"busDefaultOn":true,"members":["Capitol, CT"],"memberCount":1},"geometry":{"type":"Polygon","coordinates":[[[-72.33423,41.6436],[-72.30364,41.65398],[-72.27867,41.67198],[-72.26842,41.67114],[-72.26614,41.67727],[-72.27431,41.69261],[-72.2665,41.69067],[-72.26073,41.69864],[-72.25017,41.69933],[-72.25125,41.70332],[-72.24402,41.70573],[-72.24781,41.70798],[-72.24329,41.71212],[-72.24496,41.71388],[-72.23956,41.71419],[-72.24709,41.72349],[-72.25299,41.72492],[-72.25264,41.7282],[-72.19813,41.72818],[-72.19852,41.73174],[-72.19096,41.73139],[-72.19564,41.73961],[-72.18573,41.75191],[-72.18766,41.75518],[-72.17787,41.75537],[-72.17638,41.74998],[-72.17165,41.74847],[-72.16848,41.75223],[-72.16342,41.74974],[-72.15632,41.75349],[-72.1645,41.83491],[-72.21772,41.83518],[-72.21698,41.95816],[-72.2349,41.95758],[-72.21489,42.0001],[-72.20508,42.03107],[-72.53155,42.03458],[-72.57278,42.03022],[-72.58216,42.02474],[-72.60717,42.02515],[-72.60798,42.03108],[-72.69933,42.03696],[-72.75589,42.03635],[-72.7573,42.03338],[-72.75206,42.02902],[-72.75734,42.02098],[-72.76525,42.02237],[-72.76581,42.01957],[-72.75895,42.01547],[-72.76298,42.01347],[-72.7615,42.0093],[-72.76625,42.00787],[-72.76673,42.00327],[-72.81705,41.99768],[-72.81378,42.03674],[-72.86364,42.03753],[-72.91535,41.8968],[-72.94065,41.8952],[-72.95365,41.85388],[-72.95177,41.84285],[-72.94224,41.84345],[-72.93635,41.8398],[-72.94902,41.80643],[-72.92562,41.80921],[-72.92118,41.80712],[-72.92818,41.80251],[-72.92495,41.78778],[-72.9194,41.77856],[-72.90848,41.77604],[-72.88339,41.64947],[-72.92391,41.64549],[-72.92195,41.64114],[-72.92778,41.64073],[-72.9286,41.64545],[-72.9385,41.64431],[-72.93364,41.60779],[-72.94635,41.5568],[-72.88389,41.56381],[-72.87412,41.55932],[-72.86781,41.54903],[-72.84428,41.54472],[-72.84854,41.56733],[-72.82764,41.571],[-72.82964,41.5624],[-72.82574,41.5643],[-72.82614,41.5559],[-72.81915,41.5543],[-72.80124,41.5731],[-72.75214,41.5789],[-72.75294,41.5925],[-72.73167,41.59578],[-72.72994,41.6015],[-72.71454,41.60431],[-72.71113,41.61804],[-72.7158,41.62373],[-72.7139,41.6277],[-72.62784,41.6402],[-72.63052,41.63328],[-72.50543,41.647],[-72.46673,41.5839],[-72.41723,41.5906],[-72.41037,41.60258],[-72.38415,41.58865],[-72.37521,41.6014],[-72.36249,41.60119],[-72.35621,41.59755],[-72.3281,41.60547],[-72.32451,41.61857],[-72.33423,41.6436]]]}},{"type":"Feature","properties":{"key":"new-haven-shoreline","name":"New Haven & Shoreline","group":"ct","parent":"ct","kind":"counties","definition":"South Central Connecticut and Lower Connecticut River Valley planning regions","hasSubway":false,"busDefaultOn":true,"members":["South Central Connecticut, CT","Lower Connecticut River Valley, CT"],"memberCount":2},"geometry":{"type":"Polygon","coordinates":[[[-72.24853,41.23071],[-72.99955,41.08711],[-73.11985,41.1757],[-73.12245,41.1829],[-73.10965,41.202],[-73.10995,41.2294],[-73.08735,41.25179],[-73.08685,41.2766],[-73.08375,41.2815],[-73.06875,41.2892],[-73.06525,41.2949],[-73.06785,41.301],[-73.06175,41.31008],[-73.04071,41.31389],[-73.03893,41.32801],[-73.04633,41.34608],[-73.0482,41.3915],[-73.04165,41.4209],[-73.02946,41.41949],[-73.02522,41.43457],[-73.02575,41.4596],[-73.00335,41.46272],[-73.0013,41.47106],[-72.91724,41.45978],[-72.88667,41.44796],[-72.8463,41.50283],[-72.85308,41.52493],[-72.86123,41.5281],[-72.85798,41.53455],[-72.85361,41.53348],[-72.85315,41.54641],[-72.84428,41.54472],[-72.84854,41.56733],[-72.82764,41.571],[-72.82964,41.5624],[-72.82574,41.5643],[-72.82614,41.5559],[-72.81915,41.5543],[-72.80124,41.5731],[-72.75214,41.5789],[-72.75294,41.5925],[-72.73167,41.59578],[-72.72994,41.6015],[-72.71454,41.60431],[-72.71113,41.61804],[-72.7158,41.62373],[-72.7139,41.6277],[-72.62784,41.6402],[-72.63052,41.63328],[-72.50543,41.647],[-72.43077,41.52457],[-72.32339,41.53425],[-72.3226,41.51608],[-72.31525,41.47809],[-72.31254,41.47841],[-72.30487,41.43273],[-72.27664,41.44045],[-72.28215,41.4059],[-72.2745,41.35609],[-72.2564,41.3259],[-72.25832,41.32185],[-72.24868,41.29957],[-72.24853,41.23071]]]}},{"type":"Feature","properties":{"key":"fairfield","name":"Fairfield County","group":"ct","parent":"ct","kind":"counties","definition":"Western Connecticut and Greater Bridgeport planning regions","hasSubway":false,"busDefaultOn":true,"members":["Western Connecticut, CT","Greater Bridgeport, CT"],"memberCount":2},"geometry":{"type":"Polygon","coordinates":[[[-73.18796,41.3973],[-73.17336,41.3836],[-73.15866,41.3834],[-73.15705,41.3767],[-73.17066,41.35793],[-73.17681,41.33759],[-73.2048,41.29936],[-73.17391,41.26862],[-73.15527,41.26909],[-73.14688,41.25537],[-73.10829,41.26858],[-73.10298,41.25951],[-73.08675,41.2546],[-73.09122,41.24641],[-73.10157,41.24009],[-73.10995,41.2294],[-73.10965,41.202],[-73.12135,41.1875],[-73.12145,41.1776],[-72.99955,41.08711],[-73.24956,41.02587],[-73.61289,40.95094],[-73.65967,40.98791],[-73.65723,40.99091],[-73.66027,41.00048],[-73.65525,41.01225],[-73.72777,41.1007],[-73.4827,41.21277],[-73.55096,41.29542],[-73.51808,41.66672],[-73.50692,41.6658],[-73.50186,41.66954],[-73.38212,41.68333],[-73.37786,41.65898],[-73.35908,41.64652],[-73.33031,41.50441],[-73.31889,41.50519],[-73.32679,41.49304],[-73.32478,41.48962],[-73.32711,41.48453],[-73.31278,41.46993],[-73.29959,41.47011],[-73.30079,41.4559],[-73.29776,41.44828],[-73.2737,41.45164],[-73.26368,41.43453],[-73.25773,41.43356],[-73.24526,41.43989],[-73.23841,41.42625],[-73.22648,41.43031],[-73.21824,41.42907],[-73.19816,41.4119],[-73.18656,41.4086],[-73.18796,41.3973]]]}},{"type":"Feature","properties":{"key":"eastern-ct","name":"Eastern Connecticut","group":"ct","parent":"ct","kind":"counties","definition":"Southeastern and Northeastern Connecticut planning regions","hasSubway":false,"busDefaultOn":true,"members":["Southeastern Connecticut, CT","Northeastern Connecticut, CT"],"memberCount":2},"geometry":{"type":"Polygon","coordinates":[[[-71.78724,41.65611],[-71.79775,41.41673],[-71.81809,41.41985],[-71.82538,41.41469],[-71.84243,41.41026],[-71.84221,41.39538],[-71.83313,41.38784],[-71.83064,41.37877],[-71.83787,41.36015],[-71.83604,41.35399],[-71.8313,41.3513],[-71.82936,41.34243],[-71.85746,41.32079],[-71.86654,41.31918],[-71.89207,41.33008],[-71.90726,41.30448],[-71.92945,41.31039],[-71.99949,41.29579],[-72.01921,41.29059],[-72.08177,41.26224],[-72.24853,41.23071],[-72.24868,41.29957],[-72.25832,41.32185],[-72.2564,41.3259],[-72.2745,41.35609],[-72.28215,41.4059],[-72.27664,41.44045],[-72.30487,41.43273],[-72.31254,41.47841],[-72.31525,41.47809],[-72.3226,41.51608],[-72.32339,41.53425],[-72.43077,41.52457],[-72.46673,41.5839],[-72.41723,41.5906],[-72.41037,41.60258],[-72.38415,41.58865],[-72.37521,41.6014],[-72.36249,41.60119],[-72.35621,41.59755],[-72.3281,41.60547],[-72.32451,41.61857],[-72.33423,41.6436],[-72.30364,41.65398],[-72.27867,41.67198],[-72.26842,41.67114],[-72.26614,41.67727],[-72.27431,41.69261],[-72.2665,41.69067],[-72.26073,41.69864],[-72.25017,41.69933],[-72.25125,41.70332],[-72.24402,41.70573],[-72.24781,41.70798],[-72.24329,41.71212],[-72.24496,41.71388],[-72.23956,41.71419],[-72.24709,41.72349],[-72.25299,41.72492],[-72.25264,41.7282],[-72.19813,41.72818],[-72.19852,41.73174],[-72.19096,41.73139],[-72.19564,41.73961],[-72.18573,41.75191],[-72.18766,41.75518],[-72.17787,41.75537],[-72.17638,41.74998],[-72.17165,41.74847],[-72.16848,41.75223],[-72.16342,41.74974],[-72.15632,41.75349],[-72.1645,41.83491],[-72.21772,41.83518],[-72.21698,41.95816],[-72.2349,41.95758],[-72.21489,42.0001],[-72.20508,42.03107],[-71.80067,42.02351],[-71.78724,41.65611]]]}},{"type":"Feature","properties":{"key":"nh","name":"New Hampshire","group":"nh","parent":"new-england","kind":"state","definition":"State of New Hampshire","hasSubway":false,"busDefaultOn":true,"geoid":"33","stusab":"NH","members":["New Hampshire"],"memberCount":1},"geometry":{"type":"Polygon","coordinates":[[[-70.83887,43.24449],[-70.84283,43.25422],[-70.85746,43.25581],[-70.86289,43.2648],[-70.88334,43.27323],[-70.88362,43.28344],[-70.89674,43.28534],[-70.89732,43.29272],[-70.90656,43.29204],[-70.89634,43.29855],[-70.90373,43.30629],[-70.91261,43.30758],[-70.9154,43.31541],[-70.91142,43.31972],[-70.92439,43.32385],[-70.93165,43.33086],[-70.93118,43.33655],[-70.95585,43.334],[-70.96795,43.34458],[-70.96745,43.34924],[-70.97305,43.34881],[-70.97203,43.35463],[-70.97816,43.35866],[-70.97459,43.36358],[-70.98788,43.38994],[-70.9823,43.39828],[-70.98684,43.41378],[-70.96098,43.43839],[-70.96663,43.45127],[-70.96112,43.46919],[-70.97604,43.47843],[-70.96753,43.48094],[-70.96829,43.48945],[-70.95466,43.5093],[-70.95394,43.52227],[-70.9638,43.53937],[-70.9535,43.5406],[-70.95063,43.55131],[-70.95725,43.56134],[-70.97277,43.57051],[-70.98904,43.79014],[-71.00575,44.20267],[-71.03352,44.69764],[-71.08393,45.30548],[-71.10528,45.29487],[-71.11099,45.28438],[-71.10636,45.28001],[-71.11631,45.27408],[-71.12412,45.25514],[-71.13291,45.24451],[-71.14756,45.23944],[-71.16233,45.25035],[-71.1801,45.23994],[-71.19643,45.25405],[-71.23061,45.24942],[-71.23559,45.26091],[-71.24562,45.2688],[-71.25939,45.27203],[-71.26495,45.29379],[-71.28052,45.29459],[-71.28422,45.30236],[-71.30053,45.29665],[-71.30759,45.28748],[-71.3308,45.28028],[-71.33641,45.27274],[-71.36028,45.27033],[-71.36321,45.26674],[-71.35654,45.2539],[-71.37834,45.24349],[-71.38414,45.23351],[-71.40215,45.2426],[-71.42105,45.2322],[-71.44282,45.23829],[-71.44351,45.2348],[-71.41581,45.21836],[-71.40312,45.2153],[-71.39734,45.20352],[-71.41442,45.18479],[-71.41845,45.17053],[-71.42493,45.16584],[-71.4264,45.15268],[-71.4376,45.14188],[-71.4261,45.12947],[-71.42839,45.12367],[-71.44033,45.11369],[-71.44879,45.11257],[-71.44929,45.10447],[-71.46439,45.09335],[-71.46788,45.08365],[-71.47812,45.08434],[-71.48729,45.07867],[-71.48776,45.07137],[-71.49804,45.07019],[-71.49567,45.06475],[-71.50127,45.05873],[-71.4972,45.0558],[-71.50645,45.04848],[-71.49095,45.04317],[-71.49255,45.03355],[-71.50014,45.02608],[-71.49711,45.0236],[-71.50108,45.01335],[-71.46506,45.01292],[-71.48828,45.00074],[-71.50878,45.00784],[-71.5304,44.99936],[-71.54152,44.98477],[-71.52292,44.96616],[-71.51796,44.96766],[-71.52371,44.96428],[-71.51632,44.96448],[-71.51924,44.94962],[-71.51479,44.94369],[-71.51707,44.93912],[-71.52284,44.93991],[-71.49994,44.91117],[-71.49317,44.91137],[-71.49491,44.9043],[-71.50737,44.89949],[-71.51388,44.89431],[-71.51067,44.89043],[-71.51609,44.88452],[-71.54945,44.86208],[-71.54745,44.8554],[-71.55579,44.84857],[-71.55111,44.83696],[-71.56184,44.82362],[-71.57315,44.82082],[-71.57686,44.8152],[-71.56838,44.80704],[-71.57282,44.79087],[-71.57918,44.78494],[-71.59249,44.78267],[-71.61667,44.7563],[-71.63202,44.75206],[-71.62509,44.74336],[-71.62609,44.72854],[-71.61711,44.72871],[-71.61864,44.72219],[-71.59939,44.70531],[-71.60077,44.69902],[-71.59386,44.69642],[-71.59794,44.69222],[-71.59396,44.68342],[-71.59661,44.67809],[-71.58146,44.6732],[-71.58788,44.66993],[-71.58737,44.65971],[-71.57522,44.65583],[-71.58007,44.6521],[-71.57708,44.65069],[-71.56281,44.65236],[-71.55779,44.64196],[-71.56372,44.63725],[-71.54682,44.62976],[-71.55702,44.62949],[-71.54634,44.62295],[-71.55513,44.62524],[-71.55363,44.60613],[-71.56213,44.60118],[-71.55095,44.60102],[-71.55519,44.59335],[-71.54597,44.59713],[-71.54689,44.59084],[-71.53849,44.59417],[-71.54005,44.58852],[-71.53491,44.5879],[-71.54579,44.57793],[-71.55236,44.58439],[-71.55481,44.57937],[-71.54773,44.57138],[-71.55771,44.5704],[-71.55972,44.56397],[-71.58958,44.56574],[-71.59697,44.55947],[-71.59859,44.55479],[-71.57187,44.53792],[-71.58075,44.5246],[-71.59411,44.52155],[-71.57702,44.50206],[-71.58813,44.50659],[-71.58592,44.49936],[-71.59389,44.50103],[-71.5986,44.48683],[-71.61784,44.48584],[-71.6262,44.47447],[-71.63451,44.47563],[-71.62466,44.48174],[-71.63278,44.4838],[-71.64684,44.4732],[-71.63899,44.46441],[-71.65422,44.45882],[-71.66088,44.43994],[-71.67796,44.43525],[-71.67697,44.42685],[-71.6827,44.42734],[-71.70258,44.41354],[-71.73541,44.41],[-71.74373,44.40103],[-71.76197,44.40703],[-71.77845,44.39984],[-71.79448,44.399],[-71.80349,44.39189],[-71.80057,44.38403],[-71.81443,44.38192],[-71.81475,44.35449],[-71.87145,44.33669],[-71.91062,44.34838],[-71.93404,44.336],[-71.98142,44.33737],[-71.98814,44.33006],[-72.00909,44.32222],[-72.02931,44.32234],[-72.03363,44.31806],[-72.03288,44.30217],[-72.05864,44.2865],[-72.06785,44.2734],[-72.06689,44.26809],[-72.05833,44.27008],[-72.06152,44.26107],[-72.04766,44.23896],[-72.06616,44.19013],[-72.05183,44.1665],[-72.039,44.1568],[-72.04196,44.137],[-72.03326,44.13168],[-72.0373,44.12491],[-72.05314,44.11951],[-72.05537,44.11076],[-72.04788,44.09659],[-72.03946,44.10352],[-72.03131,44.10043],[-72.03326,44.09047],[-72.04528,44.08731],[-72.03167,44.07897],[-72.05287,44.07631],[-72.0483,44.06971],[-72.05729,44.05834],[-72.0681,44.05738],[-72.0619,44.0496],[-72.07832,44.04338],[-72.07481,44.03241],[-72.08267,44.0218],[-72.09543,44.02176],[-72.09053,44.00992],[-72.10277,44.01458],[-72.10412,44.00237],[-72.11687,43.99447],[-72.11204,43.98595],[-72.11438,43.96805],[-72.09094,43.96578],[-72.10067,43.963],[-72.099,43.95756],[-72.10574,43.94983],[-72.11835,43.94653],[-72.12045,43.91956],[-72.15053,43.9021],[-72.15973,43.88766],[-72.1721,43.88499],[-72.16791,43.86911],[-72.18462,43.86414],[-72.18803,43.85516],[-72.18245,43.83412],[-72.18895,43.82119],[-72.18405,43.8064],[-72.20554,43.78458],[-72.20523,43.77093],[-72.21854,43.76546],[-72.23418,43.74596],[-72.27111,43.73392],[-72.29956,43.70628],[-72.30513,43.69532],[-72.30315,43.66862],[-72.31363,43.65694],[-72.31469,43.64186],[-72.32914,43.63553],[-72.32738,43.63066],[-72.33483,43.61795],[-72.32833,43.60111],[-72.38024,43.57344],[-72.3807,43.54035],[-72.39426,43.5274],[-72.39887,43.51265],[-72.38106,43.49404],[-72.38147,43.48003],[-72.39257,43.46688],[-72.39037,43.45091],[-72.40351,43.39158],[-72.41602,43.37716],[-72.41265,43.36228],[-72.38987,43.35657],[-72.41056,43.33112],[-72.39531,43.3127],[-72.41604,43.27023],[-72.4386,43.25242],[-72.43416,43.23191],[-72.44105,43.21819],[-72.43822,43.20292],[-72.45051,43.19261],[-72.44393,43.17978],[-72.45278,43.17277],[-72.45211,43.15323],[-72.4574,43.14754],[-72.45209,43.13858],[-72.4408,43.13663],[-72.4423,43.1293],[-72.4325,43.1189],[-72.43348,43.11059],[-72.4432,43.10302],[-72.43526,43.08149],[-72.46784,43.05275],[-72.46038,43.04138],[-72.46262,43.02579],[-72.44326,43.00758],[-72.44941,43.00032],[-72.46252,42.99744],[-72.46542,42.98963],[-72.4617,42.98287],[-72.47372,42.97212],[-72.48164,42.97395],[-72.49218,42.96768],[-72.51837,42.96314],[-72.53381,42.95258],[-72.52694,42.94138],[-72.5245,42.91515],[-72.53036,42.91107],[-72.53338,42.89531],[-72.55262,42.88504],[-72.55708,42.85286],[-72.54736,42.83955],[-72.54151,42.80709],[-72.50874,42.77952],[-72.51547,42.76563],[-72.50837,42.7644],[-72.4977,42.77336],[-72.49055,42.77275],[-72.47695,42.76077],[-72.47337,42.74623],[-72.45841,42.72693],[-71.29464,42.69704],[-71.26787,42.72603],[-71.24543,42.74255],[-71.22383,42.74648],[-71.18179,42.73734],[-71.18614,42.79093],[-71.16665,42.80888],[-71.13281,42.82148],[-71.06442,42.80627],[-71.04492,42.84867],[-71.0312,42.85909],[-70.96702,42.8688],[-70.92959,42.88503],[-70.91463,42.88665],[-70.8856,42.88283],[-70.84772,42.86087],[-70.82024,42.87179],[-70.73501,42.87468],[-70.7273,42.89362],[-70.72602,42.92852],[-70.70899,42.93815],[-70.6944,42.95675],[-70.68093,42.93687],[-70.65511,42.9221],[-70.61066,42.91253],[-70.57509,42.91713],[-70.58759,42.94919],[-70.61115,42.97899],[-70.63071,42.98529],[-70.7012,43.04524],[-70.70631,43.07534],[-70.73797,43.07373],[-70.75641,43.08018],[-70.76589,43.09249],[-70.77969,43.09625],[-70.82708,43.12739],[-70.83361,43.14611],[-70.82357,43.17424],[-70.82825,43.18779],[-70.81928,43.19299],[-70.81692,43.21453],[-70.80952,43.22516],[-70.81721,43.22935],[-70.81783,43.23816],[-70.83887,43.24449]]]}},{"type":"Feature","properties":{"key":"nh-seacoast","name":"NH Seacoast","group":"nh","parent":"nh","kind":"counties","definition":"Rockingham and Strafford counties","hasSubway":false,"busDefaultOn":true,"members":["Rockingham, NH","Strafford, NH"],"memberCount":2},"geometry":{"type":"Polygon","coordinates":[[[-70.82767,43.12826],[-70.77969,43.09625],[-70.76589,43.09249],[-70.75617,43.08007],[-70.74303,43.07797],[-70.73797,43.07373],[-70.70631,43.07534],[-70.7012,43.04524],[-70.63071,42.98529],[-70.61115,42.97899],[-70.58759,42.94919],[-70.57509,42.91713],[-70.61066,42.91253],[-70.65511,42.9221],[-70.68093,42.93687],[-70.6944,42.95675],[-70.70899,42.93815],[-70.72602,42.92852],[-70.7273,42.89362],[-70.73501,42.87468],[-70.82024,42.87179],[-70.84772,42.86087],[-70.8856,42.88283],[-70.91463,42.88665],[-70.92959,42.88503],[-70.96702,42.8688],[-71.0312,42.85909],[-71.04492,42.84867],[-71.06442,42.80627],[-71.13281,42.82148],[-71.16665,42.80888],[-71.18614,42.79093],[-71.18179,42.73734],[-71.22383,42.74648],[-71.24548,42.74251],[-71.26009,42.75573],[-71.35103,42.77218],[-71.35296,42.78316],[-71.36452,42.78535],[-71.36617,42.79197],[-71.36068,42.79896],[-71.3872,42.82356],[-71.42707,42.82484],[-71.45115,42.9309],[-71.37543,42.93932],[-71.39189,43.00818],[-71.40296,43.04105],[-71.39223,43.03928],[-71.35612,43.10204],[-71.25208,43.26398],[-71.24697,43.27619],[-71.20757,43.308],[-71.15936,43.35512],[-71.1908,43.51503],[-71.12781,43.57279],[-71.1115,43.50671],[-71.10654,43.51225],[-71.10208,43.50688],[-71.09694,43.51168],[-71.09322,43.50724],[-71.08948,43.51269],[-71.08484,43.50669],[-71.06757,43.52724],[-71.06309,43.52418],[-71.05643,43.52811],[-71.05252,43.52469],[-71.04643,43.52969],[-71.04452,43.5248],[-71.03793,43.52983],[-71.02424,43.48291],[-70.97,43.53481],[-70.96254,43.5413],[-70.96142,43.54029],[-70.9638,43.53937],[-70.96296,43.53527],[-70.9578,43.5316],[-70.95707,43.52459],[-70.95394,43.52227],[-70.9568,43.51278],[-70.95454,43.50971],[-70.95797,43.50804],[-70.95884,43.49937],[-70.96434,43.49714],[-70.96829,43.48945],[-70.96753,43.48094],[-70.97604,43.47843],[-70.96112,43.46919],[-70.96663,43.45127],[-70.96087,43.43889],[-70.96902,43.43437],[-70.97099,43.4256],[-70.98127,43.42087],[-70.98684,43.41378],[-70.98651,43.40398],[-70.9823,43.39828],[-70.98791,43.3902],[-70.98567,43.37918],[-70.97495,43.36449],[-70.97816,43.35866],[-70.97203,43.35463],[-70.97323,43.34907],[-70.96745,43.34924],[-70.96795,43.34458],[-70.9595,43.34098],[-70.95649,43.33429],[-70.93118,43.33655],[-70.93395,43.33536],[-70.93165,43.33086],[-70.92292,43.32616],[-70.92439,43.32385],[-70.91915,43.32444],[-70.92036,43.32121],[-70.91142,43.31972],[-70.9118,43.31573],[-70.9154,43.31541],[-70.91129,43.31044],[-70.91261,43.30758],[-70.90704,43.30466],[-70.90373,43.30629],[-70.90205,43.30136],[-70.89634,43.29855],[-70.90394,43.29678],[-70.90656,43.29204],[-70.89637,43.29232],[-70.89932,43.28789],[-70.89695,43.28549],[-70.88355,43.28338],[-70.88584,43.28081],[-70.88265,43.27891],[-70.8831,43.27303],[-70.87429,43.27186],[-70.87006,43.26613],[-70.86289,43.2648],[-70.85746,43.25581],[-70.84283,43.25422],[-70.83793,43.24244],[-70.82743,43.24338],[-70.81783,43.23816],[-70.81548,43.23352],[-70.81721,43.22935],[-70.80982,43.22588],[-70.81692,43.21453],[-70.82067,43.19949],[-70.81928,43.19299],[-70.82825,43.18779],[-70.82357,43.17424],[-70.82778,43.17043],[-70.83353,43.14781],[-70.82767,43.12826]]]}},{"type":"Feature","properties":{"key":"nh-merrimack","name":"Manchester, Nashua & Concord","group":"nh","parent":"nh","kind":"counties","definition":"Hillsborough and Merrimack counties","hasSubway":false,"busDefaultOn":true,"members":["Hillsborough, NH","Merrimack, NH"],"memberCount":2},"geometry":{"type":"Polygon","coordinates":[[[-71.40296,43.04105],[-71.37543,42.93932],[-71.45115,42.9309],[-71.42707,42.82484],[-71.3872,42.82356],[-71.36068,42.79896],[-71.36617,42.79197],[-71.36452,42.78535],[-71.35296,42.78316],[-71.35103,42.77218],[-71.26009,42.75573],[-71.24548,42.74251],[-71.26787,42.72603],[-71.29464,42.69704],[-71.92899,42.7121],[-71.94428,42.78841],[-71.97471,42.7894],[-72.00619,42.94379],[-72.06222,42.9448],[-72.05795,43.01892],[-72.04197,43.08224],[-72.03408,43.12875],[-72.03815,43.12881],[-72.02348,43.16013],[-72.03684,43.18247],[-72.00907,43.18788],[-72.04154,43.22272],[-72.04528,43.25477],[-72.06544,43.25508],[-72.09015,43.32255],[-72.0503,43.37828],[-72.04681,43.41086],[-72.058,43.42292],[-72.05375,43.4411],[-72.01136,43.43687],[-71.92837,43.53678],[-71.89211,43.57462],[-71.8492,43.6112],[-71.81792,43.54421],[-71.81514,43.55092],[-71.80387,43.55285],[-71.79786,43.55938],[-71.78255,43.56058],[-71.7775,43.5525],[-71.76102,43.56773],[-71.74472,43.56516],[-71.74162,43.56857],[-71.7309,43.5679],[-71.72789,43.55878],[-71.71425,43.55036],[-71.70825,43.53904],[-71.68794,43.52861],[-71.69135,43.51584],[-71.67729,43.50049],[-71.65555,43.49253],[-71.65335,43.48757],[-71.63805,43.49176],[-71.62411,43.46985],[-71.62902,43.46857],[-71.62503,43.4595],[-71.62815,43.45856],[-71.61998,43.44387],[-71.61565,43.44336],[-71.61243,43.43789],[-71.60472,43.44072],[-71.6001,43.43497],[-71.59282,43.44326],[-71.58729,43.44172],[-71.5753,43.44655],[-71.56967,43.45224],[-71.56146,43.45047],[-71.56115,43.4548],[-71.55544,43.45497],[-71.23601,43.28499],[-71.24697,43.27619],[-71.25208,43.26398],[-71.35612,43.10204],[-71.39223,43.03928],[-71.40296,43.04105]]]}},{"type":"Feature","properties":{"key":"lakes-white-mountains","name":"Lakes & White Mountains","group":"nh","parent":"nh","kind":"counties","definition":"Belknap, Carroll and Coös counties","hasSubway":false,"busDefaultOn":true,"members":["Belknap, NH","Carroll, NH","Coos, NH"],"memberCount":3},"geometry":{"type":"Polygon","coordinates":[[[-71.12781,43.57279],[-71.1908,43.51503],[-71.15936,43.35512],[-71.20757,43.308],[-71.23601,43.28499],[-71.55544,43.45497],[-71.56115,43.4548],[-71.56146,43.45047],[-71.56967,43.45224],[-71.5753,43.44655],[-71.58729,43.44172],[-71.59282,43.44326],[-71.6001,43.43497],[-71.60472,43.44072],[-71.61243,43.43789],[-71.61565,43.44336],[-71.61998,43.44387],[-71.62815,43.45856],[-71.62503,43.4595],[-71.62902,43.46857],[-71.62411,43.46985],[-71.63805,43.49176],[-71.65335,43.48757],[-71.65555,43.49253],[-71.67729,43.50049],[-71.69135,43.51584],[-71.68794,43.52861],[-71.70804,43.53885],[-71.71425,43.55036],[-71.72801,43.55894],[-71.7251,43.57016],[-71.71572,43.57823],[-71.73123,43.58814],[-71.72812,43.5949],[-71.71974,43.59528],[-71.70864,43.60117],[-71.70334,43.59461],[-71.68688,43.59526],[-71.67041,43.60457],[-71.66345,43.60496],[-71.66505,43.61357],[-71.65115,43.62112],[-71.65707,43.63084],[-71.65077,43.64399],[-71.65512,43.66126],[-71.64903,43.67072],[-71.65121,43.68055],[-71.64835,43.68451],[-71.52139,43.6978],[-71.53802,43.79648],[-71.54381,43.79604],[-71.5646,43.89317],[-71.36196,43.91594],[-71.38361,44.02261],[-71.34666,44.06882],[-71.36635,44.06852],[-71.38163,44.09787],[-71.37649,44.10407],[-71.37652,44.11887],[-71.38714,44.1552],[-71.41317,44.16746],[-71.42651,44.2109],[-71.4159,44.21217],[-71.44334,44.24917],[-71.46971,44.25994],[-71.50584,44.25556],[-71.50741,44.2629],[-71.57582,44.2546],[-71.587,44.30476],[-71.68692,44.33658],[-71.69688,44.33212],[-71.76568,44.4063],[-71.75609,44.4064],[-71.74373,44.40103],[-71.73541,44.41],[-71.71428,44.40955],[-71.70258,44.41354],[-71.68429,44.42365],[-71.6827,44.42734],[-71.67697,44.42685],[-71.67796,44.43525],[-71.66088,44.43994],[-71.65422,44.45882],[-71.64427,44.46025],[-71.63899,44.46441],[-71.64698,44.46995],[-71.64684,44.4732],[-71.63278,44.4838],[-71.62466,44.48174],[-71.63423,44.47884],[-71.63451,44.47563],[-71.6262,44.47447],[-71.61784,44.48584],[-71.60953,44.4842],[-71.5986,44.48683],[-71.59389,44.50103],[-71.58592,44.49936],[-71.58813,44.50659],[-71.58293,44.5022],[-71.57702,44.50206],[-71.59411,44.52155],[-71.58075,44.5246],[-71.57187,44.53792],[-71.59859,44.55479],[-71.59697,44.55947],[-71.58958,44.56574],[-71.55972,44.56397],[-71.55771,44.5704],[-71.54773,44.57138],[-71.55481,44.57937],[-71.55236,44.58439],[-71.54966,44.57832],[-71.54579,44.57793],[-71.53494,44.5877],[-71.54005,44.58852],[-71.53849,44.59417],[-71.54689,44.59084],[-71.54597,44.59713],[-71.55519,44.59335],[-71.55095,44.60102],[-71.56213,44.60118],[-71.55363,44.60613],[-71.55513,44.62524],[-71.54634,44.62295],[-71.55702,44.62949],[-71.5521,44.62731],[-71.54682,44.62976],[-71.55376,44.63043],[-71.56372,44.63725],[-71.55779,44.64196],[-71.56281,44.65236],[-71.57708,44.65069],[-71.58007,44.6521],[-71.57526,44.6531],[-71.57522,44.65583],[-71.58272,44.65589],[-71.58737,44.65971],[-71.58493,44.66405],[-71.58788,44.66993],[-71.58146,44.6732],[-71.59661,44.67809],[-71.59396,44.68342],[-71.59794,44.69222],[-71.59386,44.69642],[-71.60077,44.69902],[-71.59939,44.70531],[-71.61864,44.72219],[-71.61711,44.72871],[-71.62609,44.72854],[-71.62509,44.74336],[-71.63211,44.75162],[-71.61667,44.7563],[-71.61136,44.76533],[-71.5951,44.7754],[-71.59249,44.78267],[-71.57918,44.78494],[-71.57282,44.79087],[-71.5728,44.79921],[-71.56838,44.80704],[-71.57686,44.8152],[-71.57315,44.82082],[-71.56184,44.82362],[-71.55725,44.83387],[-71.55111,44.83696],[-71.55579,44.84857],[-71.54745,44.8554],[-71.54945,44.86208],[-71.53291,44.87022],[-71.52837,44.87771],[-71.51609,44.88452],[-71.51067,44.89043],[-71.51388,44.89431],[-71.50737,44.89949],[-71.50052,44.90471],[-71.49491,44.9043],[-71.49602,44.9089],[-71.49317,44.91137],[-71.49994,44.91117],[-71.50438,44.91918],[-71.51572,44.92723],[-71.51322,44.92921],[-71.51623,44.93516],[-71.52284,44.93991],[-71.51707,44.93912],[-71.51479,44.94369],[-71.51924,44.94962],[-71.51586,44.95276],[-71.51632,44.96448],[-71.52371,44.96428],[-71.51796,44.96766],[-71.52292,44.96616],[-71.5222,44.96946],[-71.5372,44.98073],[-71.53675,44.9839],[-71.54152,44.98477],[-71.53843,44.9897],[-71.53314,44.99086],[-71.53715,44.99325],[-71.5304,44.99936],[-71.50878,45.00784],[-71.48828,45.00074],[-71.48055,45.00233],[-71.47635,45.00943],[-71.46506,45.01292],[-71.50108,45.01335],[-71.50016,45.02349],[-71.49711,45.0236],[-71.50014,45.02608],[-71.49255,45.03355],[-71.49095,45.04317],[-71.49328,45.04577],[-71.50312,45.0452],[-71.50316,45.04811],[-71.50645,45.04848],[-71.4972,45.0558],[-71.50127,45.05873],[-71.4971,45.06012],[-71.49567,45.06475],[-71.49804,45.07019],[-71.48776,45.07137],[-71.48729,45.07867],[-71.48263,45.079],[-71.47812,45.08434],[-71.46788,45.08365],[-71.46439,45.09335],[-71.45835,45.09516],[-71.45845,45.09883],[-71.44929,45.10447],[-71.44879,45.11257],[-71.44033,45.11369],[-71.42839,45.12367],[-71.4261,45.12947],[-71.4376,45.14188],[-71.4264,45.15268],[-71.42349,45.16067],[-71.42493,45.16584],[-71.41845,45.17053],[-71.41442,45.18479],[-71.40694,45.18995],[-71.4042,45.19497],[-71.40586,45.1977],[-71.39734,45.20352],[-71.40312,45.2153],[-71.41581,45.21836],[-71.42074,45.22385],[-71.44351,45.2348],[-71.44282,45.23829],[-71.43422,45.23842],[-71.42105,45.2322],[-71.40215,45.2426],[-71.38414,45.23351],[-71.37834,45.24349],[-71.36277,45.2483],[-71.35654,45.2539],[-71.36321,45.26674],[-71.36028,45.27033],[-71.35345,45.26861],[-71.33641,45.27274],[-71.3308,45.28028],[-71.30759,45.28748],[-71.30053,45.29665],[-71.28422,45.30236],[-71.28052,45.29459],[-71.27269,45.29657],[-71.26495,45.29379],[-71.26297,45.27743],[-71.25939,45.27203],[-71.24562,45.2688],[-71.23559,45.26091],[-71.23061,45.24942],[-71.2221,45.25336],[-71.22063,45.25073],[-71.21266,45.25012],[-71.19643,45.25405],[-71.1801,45.23994],[-71.1732,45.24632],[-71.16233,45.25035],[-71.14857,45.24287],[-71.14756,45.23944],[-71.13171,45.24571],[-71.11955,45.26162],[-71.11631,45.27408],[-71.10719,45.27835],[-71.10544,45.2828],[-71.11099,45.28438],[-71.10419,45.29152],[-71.10528,45.29487],[-71.0982,45.30167],[-71.08572,45.30578],[-71.07717,45.25005],[-71.03352,44.69764],[-71.00575,44.20267],[-70.98904,43.79014],[-70.97277,43.57051],[-70.96671,43.56944],[-70.96283,43.56339],[-70.95725,43.56134],[-70.9549,43.55405],[-70.95063,43.55131],[-70.9535,43.5406],[-70.96254,43.5413],[-71.02424,43.48291],[-71.03793,43.52983],[-71.04452,43.5248],[-71.04643,43.52969],[-71.05252,43.52469],[-71.05643,43.52811],[-71.06309,43.52418],[-71.06757,43.52724],[-71.08484,43.50669],[-71.08948,43.51269],[-71.09322,43.50724],[-71.09694,43.51168],[-71.10208,43.50688],[-71.10654,43.51225],[-71.1115,43.50671],[-71.12781,43.57279]]]}},{"type":"Feature","properties":{"key":"vt","name":"Vermont","group":"vt","parent":"new-england","kind":"state","definition":"State of Vermont","hasSubway":false,"busDefaultOn":true,"geoid":"50","stusab":"VT","members":["Vermont"],"memberCount":1},"geometry":{"type":"Polygon","coordinates":[[[-72.04187,44.15665],[-72.06616,44.19013],[-72.04766,44.23896],[-72.06152,44.26107],[-72.05833,44.27008],[-72.06848,44.2708],[-72.05864,44.2865],[-72.03288,44.30217],[-72.0328,44.32049],[-72.00909,44.32222],[-71.98814,44.33006],[-71.98142,44.33737],[-71.93404,44.336],[-71.91242,44.34812],[-71.87159,44.33668],[-71.81585,44.35401],[-71.81241,44.35733],[-71.81629,44.3674],[-71.81232,44.37164],[-71.81443,44.38192],[-71.80057,44.38403],[-71.80349,44.39189],[-71.79448,44.399],[-71.77845,44.39984],[-71.76197,44.40703],[-71.74373,44.40103],[-71.73541,44.41],[-71.70258,44.41354],[-71.6827,44.42734],[-71.67697,44.42685],[-71.67796,44.43525],[-71.66088,44.43994],[-71.65422,44.45882],[-71.63899,44.46441],[-71.64684,44.4732],[-71.63278,44.4838],[-71.62466,44.48174],[-71.63451,44.47563],[-71.6262,44.47447],[-71.61784,44.48584],[-71.5986,44.48683],[-71.59389,44.50103],[-71.58592,44.49936],[-71.58813,44.50659],[-71.57702,44.50206],[-71.59411,44.52155],[-71.58075,44.5246],[-71.57187,44.53792],[-71.59859,44.55479],[-71.59697,44.55947],[-71.58958,44.56574],[-71.55972,44.56397],[-71.55771,44.5704],[-71.54773,44.57138],[-71.55481,44.57937],[-71.55236,44.58439],[-71.54579,44.57793],[-71.53491,44.5879],[-71.54005,44.58852],[-71.53849,44.59417],[-71.54689,44.59084],[-71.54597,44.59713],[-71.55519,44.59335],[-71.55095,44.60102],[-71.56213,44.60118],[-71.55363,44.60613],[-71.55513,44.62524],[-71.54634,44.62295],[-71.55702,44.62949],[-71.54682,44.62976],[-71.56372,44.63725],[-71.55779,44.64196],[-71.56281,44.65236],[-71.57708,44.65069],[-71.58007,44.6521],[-71.57522,44.65583],[-71.58737,44.65971],[-71.58788,44.66993],[-71.58146,44.6732],[-71.59661,44.67809],[-71.59396,44.68342],[-71.59794,44.69222],[-71.59386,44.69642],[-71.60077,44.69902],[-71.59939,44.70531],[-71.61864,44.72219],[-71.61711,44.72871],[-71.62609,44.72854],[-71.62509,44.74336],[-71.63202,44.75206],[-71.61667,44.7563],[-71.59249,44.78267],[-71.57918,44.78494],[-71.57282,44.79087],[-71.56838,44.80704],[-71.57686,44.8152],[-71.57315,44.82082],[-71.56184,44.82362],[-71.55111,44.83696],[-71.55579,44.84857],[-71.54745,44.8554],[-71.54945,44.86208],[-71.51609,44.88452],[-71.51067,44.89043],[-71.51388,44.89431],[-71.50737,44.89949],[-71.49491,44.9043],[-71.49317,44.91137],[-71.49994,44.91117],[-71.52284,44.93991],[-71.51707,44.93912],[-71.51479,44.94369],[-71.51924,44.94962],[-71.5163,44.9644],[-71.5236,44.96412],[-71.51796,44.96766],[-71.52292,44.96616],[-71.53675,44.9839],[-71.54133,44.98394],[-71.53314,44.99086],[-71.53701,44.99348],[-71.50854,45.00789],[-71.48884,45.00078],[-71.48077,45.00227],[-71.47635,45.00943],[-71.46505,45.01364],[-72.31195,45.00379],[-72.55538,45.00802],[-72.63466,45.01469],[-72.84699,45.01666],[-73.34318,45.01071],[-73.35463,44.98735],[-73.33824,44.96475],[-73.33898,44.91768],[-73.35622,44.90449],[-73.3691,44.86668],[-73.37982,44.85704],[-73.38159,44.84935],[-73.37945,44.83801],[-73.33504,44.80411],[-73.33315,44.78876],[-73.36556,44.74179],[-73.36598,44.69756],[-73.36131,44.69452],[-73.37014,44.68485],[-73.36967,44.66348],[-73.38448,44.64668],[-73.37856,44.64148],[-73.38678,44.63637],[-73.39023,44.61835],[-73.37685,44.5996],[-73.38185,44.58932],[-73.37495,44.57582],[-73.35679,44.55792],[-73.33875,44.54805],[-73.32975,44.52956],[-73.32204,44.52529],[-73.32085,44.51363],[-73.30671,44.50033],[-73.29916,44.47291],[-73.30012,44.45471],[-73.29363,44.4389],[-73.31504,44.38853],[-73.33361,44.3723],[-73.33495,44.36444],[-73.32402,44.33384],[-73.3242,44.31003],[-73.31221,44.28007],[-73.31274,44.26541],[-73.32372,44.24416],[-73.34338,44.23819],[-73.36227,44.20852],[-73.39062,44.19107],[-73.38982,44.18176],[-73.39717,44.17384],[-73.40305,44.14498],[-73.41614,44.13235],[-73.41151,44.11195],[-73.42972,44.07859],[-73.43791,44.04512],[-73.40765,44.02111],[-73.41251,43.98222],[-73.40574,43.95593],[-73.40855,43.93189],[-73.39618,43.90326],[-73.37416,43.87624],[-73.38231,43.85606],[-73.37259,43.84535],[-73.38819,43.83266],[-73.39252,43.82134],[-73.38072,43.81082],[-73.37679,43.79916],[-73.35815,43.78648],[-73.35076,43.77139],[-73.36994,43.74386],[-73.37061,43.72533],[-73.40474,43.69021],[-73.40413,43.68134],[-73.41551,43.65245],[-73.42646,43.6426],[-73.42842,43.63545],[-73.41767,43.62169],[-73.42371,43.61236],[-73.42162,43.60302],[-73.43123,43.58828],[-73.39577,43.56809],[-73.38329,43.5772],[-73.38246,43.58658],[-73.3869,43.59077],[-73.37247,43.60485],[-73.37639,43.60882],[-73.36984,43.61939],[-73.37189,43.62449],[-73.35427,43.62619],[-73.34875,43.62146],[-73.33419,43.62799],[-73.31785,43.6285],[-73.31117,43.62409],[-73.30644,43.62833],[-73.30038,43.6178],[-73.30277,43.60978],[-73.29802,43.61003],[-73.29102,43.59924],[-73.29694,43.58731],[-73.29211,43.58454],[-73.29732,43.57937],[-73.28491,43.57927],[-73.28086,43.57358],[-73.26793,43.57225],[-73.25863,43.56495],[-73.25449,43.5556],[-73.24864,43.55386],[-73.25013,43.54343],[-73.24158,43.53496],[-73.2477,43.52317],[-73.27831,42.83756],[-73.27867,42.83341],[-73.28539,42.83409],[-73.28369,42.81386],[-73.29094,42.80192],[-73.27642,42.74602],[-72.45841,42.72693],[-72.47337,42.74623],[-72.47695,42.76077],[-72.49055,42.77275],[-72.4977,42.77336],[-72.50837,42.7644],[-72.51547,42.76563],[-72.50874,42.77952],[-72.54151,42.80709],[-72.54736,42.83955],[-72.55712,42.85324],[-72.55262,42.88504],[-72.53338,42.89531],[-72.53036,42.91107],[-72.5245,42.91515],[-72.52694,42.94138],[-72.53381,42.95258],[-72.51837,42.96314],[-72.49218,42.96768],[-72.48164,42.97395],[-72.47372,42.97212],[-72.4617,42.98287],[-72.46542,42.98963],[-72.46252,42.99744],[-72.44941,43.00032],[-72.44326,43.00758],[-72.46262,43.02579],[-72.46038,43.04138],[-72.46784,43.05275],[-72.43398,43.08445],[-72.44321,43.10276],[-72.43348,43.11059],[-72.43282,43.12023],[-72.4423,43.1293],[-72.4408,43.13663],[-72.45209,43.13858],[-72.4574,43.14754],[-72.45211,43.15323],[-72.45278,43.17277],[-72.44393,43.17978],[-72.45051,43.19261],[-72.43822,43.20292],[-72.44105,43.21819],[-72.43416,43.23191],[-72.43877,43.25196],[-72.41604,43.27023],[-72.39531,43.3127],[-72.41056,43.33112],[-72.38987,43.35657],[-72.41265,43.36228],[-72.41604,43.37645],[-72.40351,43.39158],[-72.39037,43.45091],[-72.39257,43.46688],[-72.38254,43.47591],[-72.37999,43.49003],[-72.38511,43.5007],[-72.39819,43.51042],[-72.39609,43.52342],[-72.3807,43.54035],[-72.37983,43.57417],[-72.32833,43.60111],[-72.33483,43.61795],[-72.32738,43.63066],[-72.32914,43.63553],[-72.31469,43.64186],[-72.31363,43.65694],[-72.30315,43.66862],[-72.30513,43.69532],[-72.2997,43.70611],[-72.27111,43.73392],[-72.23418,43.74596],[-72.21854,43.76546],[-72.20523,43.77093],[-72.20554,43.78458],[-72.18405,43.8064],[-72.18895,43.82119],[-72.18245,43.83412],[-72.18803,43.85516],[-72.18462,43.86414],[-72.16791,43.86911],[-72.1721,43.88499],[-72.15973,43.88766],[-72.15053,43.9021],[-72.12045,43.91956],[-72.11835,43.94653],[-72.10574,43.94983],[-72.099,43.95756],[-72.10067,43.963],[-72.09094,43.96578],[-72.11438,43.96805],[-72.11204,43.98595],[-72.11699,43.99421],[-72.10412,44.00237],[-72.10277,44.01458],[-72.09053,44.00992],[-72.09543,44.02176],[-72.08267,44.0218],[-72.07481,44.03241],[-72.07832,44.04338],[-72.0619,44.0496],[-72.0681,44.05738],[-72.05729,44.05834],[-72.0483,44.06971],[-72.05287,44.07631],[-72.03184,44.07854],[-72.04528,44.08731],[-72.03326,44.09047],[-72.03131,44.10043],[-72.03946,44.10352],[-72.04788,44.09659],[-72.05537,44.11076],[-72.05314,44.11951],[-72.0373,44.12491],[-72.03326,44.13142],[-72.04196,44.137],[-72.04187,44.15665]]]}},{"type":"Feature","properties":{"key":"champlain-valley","name":"Burlington & Champlain Valley","group":"vt","parent":"vt","kind":"counties","definition":"Chittenden, Addison, Franklin and Grand Isle counties","hasSubway":false,"busDefaultOn":true,"members":["Chittenden, VT","Addison, VT","Franklin, VT","Grand Isle, VT"],"memberCount":4},"geometry":{"type":"Polygon","coordinates":[[[-72.9522,44.16141],[-72.93408,44.16282],[-72.93215,44.1555],[-72.91678,44.07189],[-72.8969,44.07366],[-72.74224,44.02964],[-72.81,43.93609],[-72.81633,43.9378],[-72.86528,43.86166],[-72.87418,43.86406],[-72.87534,43.8677],[-72.87656,43.90277],[-72.95319,43.87486],[-72.98015,43.88292],[-72.98023,43.86397],[-72.97289,43.86677],[-72.95974,43.82608],[-73.01709,43.80486],[-73.02684,43.84214],[-73.03308,43.84419],[-73.02994,43.84672],[-73.21896,43.83729],[-73.20632,43.76678],[-73.36282,43.75308],[-73.351,43.77243],[-73.35815,43.78648],[-73.37679,43.79916],[-73.3796,43.8092],[-73.3928,43.82277],[-73.38819,43.83266],[-73.37666,43.83943],[-73.37259,43.84535],[-73.38231,43.85606],[-73.37413,43.87589],[-73.38369,43.89128],[-73.39618,43.90326],[-73.40855,43.93189],[-73.40574,43.95593],[-73.41251,43.98222],[-73.40612,44.01637],[-73.41039,44.0265],[-73.43791,44.04512],[-73.42972,44.07859],[-73.41151,44.11195],[-73.41614,44.13235],[-73.40305,44.14498],[-73.39581,44.16627],[-73.39717,44.17384],[-73.38982,44.18176],[-73.39062,44.19107],[-73.36227,44.20852],[-73.35048,44.22989],[-73.34283,44.23445],[-73.34338,44.23819],[-73.33038,44.24431],[-73.32372,44.24416],[-73.31274,44.26541],[-73.31221,44.28007],[-73.3242,44.31003],[-73.32402,44.33384],[-73.33465,44.35688],[-73.33495,44.36444],[-73.33361,44.3723],[-73.31504,44.38853],[-73.29363,44.4389],[-73.30012,44.45471],[-73.29916,44.47291],[-73.30671,44.50033],[-73.32085,44.51363],[-73.32204,44.52529],[-73.32975,44.52956],[-73.33161,44.53592],[-73.33901,44.5433],[-73.33875,44.54805],[-73.35679,44.55792],[-73.37495,44.57582],[-73.37567,44.58204],[-73.38185,44.58932],[-73.37685,44.5996],[-73.38293,44.61218],[-73.39023,44.61835],[-73.3865,44.62692],[-73.38678,44.63637],[-73.37856,44.64148],[-73.38448,44.64668],[-73.37832,44.65216],[-73.37907,44.65677],[-73.37458,44.66189],[-73.36967,44.66348],[-73.37272,44.66874],[-73.37184,44.67696],[-73.36721,44.67851],[-73.37014,44.68485],[-73.36131,44.69452],[-73.36598,44.69756],[-73.36556,44.74179],[-73.35436,44.7553],[-73.34709,44.77298],[-73.33571,44.78209],[-73.33315,44.78876],[-73.33504,44.80411],[-73.37945,44.83801],[-73.38159,44.84935],[-73.37982,44.85704],[-73.3691,44.86668],[-73.35622,44.90449],[-73.33898,44.91768],[-73.33824,44.96475],[-73.35022,44.97622],[-73.35463,44.98735],[-73.34318,45.01071],[-72.84699,45.01666],[-72.63466,45.01469],[-72.55388,45.00801],[-72.5365,44.92611],[-72.54138,44.92598],[-72.53328,44.83408],[-72.57908,44.7809],[-72.5944,44.7903],[-72.5979,44.78706],[-72.61673,44.79584],[-72.6136,44.80042],[-72.7291,44.80404],[-72.74685,44.79009],[-72.74579,44.7759],[-72.75505,44.77703],[-72.75855,44.76364],[-72.76859,44.765],[-72.77439,44.74317],[-72.77939,44.74383],[-72.79322,44.69067],[-72.85079,44.71112],[-72.89186,44.65566],[-72.90297,44.64635],[-72.9163,44.6458],[-72.92264,44.65011],[-72.92716,44.64664],[-72.92376,44.64194],[-72.92655,44.64032],[-72.92397,44.63741],[-72.92641,44.63513],[-72.90996,44.6312],[-72.82704,44.55069],[-72.80996,44.54671],[-72.83076,44.51643],[-72.80364,44.50628],[-72.8383,44.45929],[-72.80486,44.45188],[-72.83983,44.40345],[-72.80237,44.38858],[-72.82596,44.35903],[-72.86125,44.3669],[-72.90596,44.28055],[-72.89498,44.2781],[-72.9522,44.16141]]]}},{"type":"Feature","properties":{"key":"southern-vt","name":"Southern Vermont","group":"vt","parent":"vt","kind":"counties","definition":"Bennington, Windham and Rutland counties","hasSubway":false,"busDefaultOn":true,"members":["Bennington, VT","Windham, VT","Rutland, VT"],"memberCount":3},"geometry":{"type":"Polygon","coordinates":[[[-72.81937,43.25594],[-72.68544,43.22258],[-72.54914,43.2359],[-72.43462,43.23326],[-72.44105,43.21819],[-72.43853,43.20159],[-72.45051,43.19261],[-72.44393,43.17978],[-72.45278,43.17277],[-72.45211,43.15323],[-72.4574,43.14754],[-72.45209,43.13858],[-72.4408,43.13663],[-72.4423,43.1293],[-72.43282,43.12023],[-72.43348,43.11059],[-72.44321,43.10276],[-72.43398,43.08445],[-72.44434,43.07162],[-72.46786,43.05251],[-72.46038,43.04138],[-72.46262,43.02579],[-72.45808,43.0183],[-72.44326,43.00758],[-72.44941,43.00032],[-72.4587,43.00086],[-72.46252,42.99744],[-72.46542,42.98963],[-72.4617,42.98287],[-72.47372,42.97212],[-72.48164,42.97395],[-72.49218,42.96768],[-72.51837,42.96314],[-72.53381,42.95258],[-72.53419,42.94885],[-72.52694,42.94138],[-72.5245,42.91515],[-72.53036,42.91107],[-72.53338,42.89531],[-72.55262,42.88504],[-72.55712,42.85324],[-72.54736,42.83955],[-72.54151,42.80709],[-72.50874,42.77952],[-72.50929,42.77501],[-72.51647,42.76912],[-72.51547,42.76563],[-72.50837,42.7644],[-72.49958,42.76881],[-72.4977,42.77336],[-72.49055,42.77275],[-72.47695,42.76077],[-72.47337,42.74623],[-72.45841,42.72693],[-73.27642,42.74602],[-73.29094,42.80192],[-73.28369,42.81386],[-73.28706,42.82014],[-73.28539,42.83409],[-73.27867,42.83341],[-73.27831,42.83756],[-73.25647,43.26009],[-73.2477,43.52317],[-73.24189,43.52942],[-73.24158,43.53496],[-73.25013,43.54343],[-73.24782,43.54505],[-73.25041,43.55043],[-73.24864,43.55386],[-73.25449,43.5556],[-73.2526,43.55685],[-73.25863,43.56495],[-73.26899,43.56993],[-73.26793,43.57225],[-73.28086,43.57358],[-73.28491,43.57927],[-73.29529,43.57678],[-73.29732,43.57937],[-73.29211,43.58454],[-73.29694,43.58731],[-73.29102,43.59924],[-73.29802,43.61003],[-73.30277,43.60978],[-73.30038,43.6178],[-73.30255,43.62571],[-73.30644,43.62833],[-73.31117,43.62409],[-73.31785,43.6285],[-73.3277,43.62591],[-73.33419,43.62799],[-73.34007,43.62465],[-73.34451,43.62628],[-73.34875,43.62146],[-73.35427,43.62619],[-73.37189,43.62449],[-73.36984,43.61939],[-73.37639,43.60882],[-73.37247,43.60485],[-73.37737,43.5984],[-73.38349,43.59737],[-73.38214,43.59182],[-73.3869,43.59077],[-73.38246,43.58658],[-73.38525,43.58326],[-73.38329,43.5772],[-73.39577,43.56809],[-73.43095,43.58704],[-73.42162,43.60302],[-73.42371,43.61236],[-73.41767,43.62169],[-73.42842,43.63545],[-73.42646,43.6426],[-73.41551,43.65245],[-73.40413,43.68134],[-73.40474,43.69021],[-73.39552,43.69683],[-73.38588,43.71134],[-73.37061,43.72533],[-73.37033,43.74223],[-73.36594,43.74974],[-73.36282,43.75308],[-73.20632,43.76678],[-73.21896,43.83729],[-73.02994,43.84672],[-73.03308,43.84419],[-73.02684,43.84214],[-73.01709,43.80486],[-72.8745,43.85806],[-72.87387,43.83963],[-72.83834,43.82925],[-72.83066,43.83912],[-72.79692,43.82916],[-72.79107,43.8241],[-72.79424,43.82031],[-72.79212,43.8165],[-72.7844,43.81383],[-72.7887,43.8073],[-72.78286,43.80401],[-72.81926,43.74631],[-72.80393,43.74097],[-72.81999,43.7167],[-72.69979,43.68458],[-72.75795,43.58742],[-72.7715,43.59109],[-72.78188,43.54393],[-72.78993,43.49455],[-72.76914,43.49151],[-72.77141,43.47857],[-72.72422,43.46817],[-72.72737,43.46106],[-72.72256,43.46008],[-72.7384,43.41704],[-72.76236,43.37141],[-72.75849,43.35331],[-72.82193,43.38061],[-72.82198,43.37571],[-72.85238,43.37628],[-72.8547,43.34928],[-72.86497,43.3487],[-72.86865,43.30053],[-72.8199,43.29937],[-72.81937,43.25594]]]}},{"type":"Feature","properties":{"key":"me","name":"Maine","group":"me","parent":"new-england","kind":"state","definition":"State of Maine","hasSubway":false,"busDefaultOn":true,"geoid":"23","stusab":"ME","members":["Maine"],"memberCount":1},"geometry":{"type":"Polygon","coordinates":[[[-67.80569,45.68005],[-67.81801,45.69382],[-67.80293,45.69609],[-67.80962,45.72957],[-67.7818,45.73112],[-67.79288,45.75008],[-67.80627,45.75524],[-67.80648,45.7944],[-67.80212,45.80303],[-67.78069,45.81776],[-67.75532,45.82335],[-67.79711,45.86003],[-67.79615,45.86524],[-67.80455,45.86938],[-67.80391,45.8829],[-67.78751,45.89468],[-67.76805,45.89811],[-67.76532,45.90975],[-67.75537,45.91166],[-67.75063,45.91764],[-67.75856,45.92638],[-67.77784,45.93421],[-67.78125,45.94345],[-67.7902,47.06722],[-67.82111,47.08341],[-67.88292,47.1044],[-67.88817,47.10981],[-67.89086,47.12656],[-67.90983,47.14722],[-67.92866,47.15622],[-67.95146,47.18346],[-67.95194,47.19453],[-67.95722,47.19962],[-67.9897,47.21002],[-68.01967,47.2385],[-68.07399,47.25916],[-68.08194,47.27099],[-68.13589,47.29565],[-68.15221,47.30967],[-68.15468,47.32518],[-68.21453,47.33961],[-68.23447,47.3553],[-68.26491,47.35222],[-68.2848,47.36029],[-68.30326,47.35524],[-68.32767,47.36007],[-68.36313,47.35466],[-68.37772,47.34355],[-68.38471,47.32408],[-68.38084,47.30823],[-68.38479,47.30366],[-68.37632,47.29518],[-68.37786,47.28737],[-68.40985,47.28801],[-68.42981,47.28126],[-68.44877,47.28201],[-68.47503,47.29714],[-68.51677,47.29609],[-68.5498,47.28214],[-68.58005,47.28712],[-68.59767,47.27016],[-68.59355,47.25877],[-68.61751,47.24337],[-68.65985,47.23612],[-68.68715,47.24441],[-68.70511,47.23787],[-68.71702,47.24054],[-68.76435,47.22204],[-68.81153,47.21513],[-68.85744,47.19034],[-68.89552,47.18243],[-68.90003,47.17774],[-68.91978,47.18993],[-68.92374,47.19738],[-68.94106,47.20608],[-68.95078,47.202],[-68.95285,47.20689],[-68.96119,47.20569],[-68.96528,47.21252],[-68.9804,47.22011],[-69.03377,47.2404],[-69.05075,47.25648],[-69.04684,47.27159],[-69.05347,47.29718],[-69.04924,47.30585],[-69.05487,47.31533],[-69.05488,47.37772],[-69.03964,47.38421],[-69.04541,47.39299],[-69.04377,47.39743],[-69.03757,47.39684],[-69.04273,47.40197],[-69.04003,47.40026],[-69.03524,47.4018],[-69.04249,47.40475],[-69.03238,47.40222],[-69.0306,47.40742],[-69.0366,47.40768],[-69.03452,47.41457],[-69.04225,47.41571],[-69.0392,47.41965],[-69.04322,47.42678],[-69.04743,47.42774],[-69.04655,47.42427],[-69.05215,47.42214],[-69.04855,47.42419],[-69.05212,47.43001],[-69.06355,47.43406],[-69.06191,47.43059],[-69.06839,47.42741],[-69.09014,47.42414],[-69.09888,47.43145],[-69.10774,47.42768],[-69.10779,47.43538],[-69.12202,47.4427],[-69.14106,47.444],[-69.1565,47.45164],[-69.16226,47.44743],[-69.1789,47.45738],[-69.2052,47.45195],[-69.22446,47.45983],[-69.99711,46.69552],[-70.0565,46.41558],[-70.09694,46.40948],[-70.09517,46.40642],[-70.10094,46.40526],[-70.09878,46.40107],[-70.10988,46.39027],[-70.10776,46.389],[-70.10776,46.38772],[-70.11665,46.38822],[-70.12703,46.3804],[-70.12699,46.37081],[-70.13644,46.36987],[-70.14809,46.35899],[-70.17289,46.35919],[-70.19119,46.35022],[-70.20894,46.32949],[-70.20298,46.31436],[-70.20588,46.29973],[-70.23163,46.29103],[-70.25307,46.25883],[-70.25089,46.24911],[-70.26748,46.21941],[-70.27365,46.21683],[-70.27107,46.21082],[-70.29269,46.19146],[-70.29061,46.18514],[-70.23628,46.14523],[-70.25453,46.1137],[-70.25311,46.10012],[-70.28594,46.09983],[-70.29202,46.08679],[-70.30191,46.08236],[-70.30253,46.07036],[-70.31096,46.06418],[-70.30038,46.06059],[-70.28425,46.06272],[-70.27832,46.05629],[-70.29736,46.04071],[-70.30137,46.02762],[-70.318,46.01908],[-70.30612,46.00977],[-70.30237,45.99868],[-70.28394,45.99549],[-70.30699,45.98269],[-70.31586,45.96299],[-70.277,45.96725],[-70.27448,45.96138],[-70.26571,45.96421],[-70.25802,45.95898],[-70.26053,45.95229],[-70.25279,45.9554],[-70.23914,45.94394],[-70.26309,45.92399],[-70.25718,45.91764],[-70.25953,45.90976],[-70.25339,45.90737],[-70.26572,45.89375],[-70.25882,45.89117],[-70.30781,45.85885],[-70.34194,45.85234],[-70.35943,45.83545],[-70.37082,45.8352],[-70.37224,45.828],[-70.39669,45.8081],[-70.39616,45.79866],[-70.41687,45.79554],[-70.41574,45.78535],[-70.40562,45.77652],[-70.40703,45.76253],[-70.38842,45.75021],[-70.39389,45.74009],[-70.38384,45.73455],[-70.3901,45.7285],[-70.39651,45.72908],[-70.40035,45.71972],[-70.43916,45.70387],[-70.46547,45.70653],[-70.52639,45.66636],[-70.53391,45.67101],[-70.55859,45.66648],[-70.56494,45.65481],[-70.58357,45.6424],[-70.59087,45.63046],[-70.60704,45.62565],[-70.61915,45.61202],[-70.64457,45.60699],[-70.67809,45.5705],[-70.68769,45.56942],[-70.68512,45.56657],[-70.68919,45.56218],[-70.6771,45.55221],[-70.68698,45.54931],[-70.69652,45.54],[-70.6991,45.53013],[-70.72257,45.51367],[-70.72269,45.50651],[-70.7116,45.50181],[-70.7164,45.48647],[-70.69172,45.47427],[-70.69287,45.46636],[-70.68182,45.46169],[-70.68111,45.45218],[-70.65073,45.44494],[-70.64045,45.43078],[-70.62982,45.42631],[-70.62777,45.4207],[-70.63505,45.41107],[-70.62127,45.40274],[-70.63632,45.39523],[-70.63888,45.38882],[-70.63489,45.38342],[-70.65178,45.37696],[-70.66078,45.37813],[-70.66166,45.38631],[-70.67817,45.39427],[-70.71201,45.39048],[-70.72965,45.3991],[-70.73038,45.40438],[-70.74357,45.41186],[-70.74401,45.42117],[-70.75458,45.42831],[-70.7644,45.42593],[-70.78144,45.43123],[-70.7981,45.42652],[-70.82595,45.39838],[-70.82393,45.39102],[-70.81377,45.38776],[-70.80276,45.36752],[-70.81447,45.35668],[-70.8098,45.34867],[-70.8199,45.3402],[-70.8164,45.33077],[-70.80758,45.32766],[-70.80843,45.31182],[-70.81463,45.30816],[-70.81154,45.30377],[-70.81629,45.29818],[-70.83546,45.29396],[-70.82994,45.29018],[-70.8319,45.27891],[-70.84894,45.26309],[-70.84863,45.24518],[-70.83758,45.23499],[-70.85753,45.22913],[-70.89694,45.24186],[-70.89851,45.25833],[-70.9059,45.26083],[-70.9075,45.26844],[-70.92133,45.27923],[-70.912,45.29631],[-70.91961,45.30526],[-70.91783,45.31172],[-70.93889,45.31998],[-70.95238,45.33912],[-70.96732,45.33222],[-70.98498,45.33191],[-71.01065,45.34768],[-71.01212,45.33387],[-71.00187,45.32843],[-71.00852,45.31924],[-71.03267,45.31019],[-71.0591,45.31384],[-71.08393,45.30548],[-71.03352,44.69764],[-71.00575,44.20267],[-70.98904,43.79014],[-70.97277,43.57051],[-70.95725,43.56134],[-70.95063,43.55131],[-70.9535,43.5406],[-70.9638,43.53937],[-70.95394,43.52227],[-70.95466,43.5093],[-70.96829,43.48945],[-70.96753,43.48094],[-70.97604,43.47843],[-70.96112,43.46919],[-70.96663,43.45127],[-70.96098,43.43839],[-70.98684,43.41378],[-70.9823,43.39828],[-70.98788,43.38994],[-70.97459,43.36358],[-70.97816,43.35866],[-70.97203,43.35463],[-70.97259,43.34838],[-70.96745,43.34924],[-70.96795,43.34458],[-70.95585,43.334],[-70.93118,43.33655],[-70.93165,43.33086],[-70.92439,43.32385],[-70.91142,43.31972],[-70.9154,43.31541],[-70.91261,43.30758],[-70.90373,43.30629],[-70.89634,43.29855],[-70.90656,43.29204],[-70.89637,43.29232],[-70.89695,43.28549],[-70.88355,43.28338],[-70.8831,43.27303],[-70.86289,43.2648],[-70.85746,43.25581],[-70.84283,43.25422],[-70.83793,43.24244],[-70.82743,43.24338],[-70.81783,43.23816],[-70.81721,43.22935],[-70.80982,43.22588],[-70.81692,43.21453],[-70.81928,43.19299],[-70.82825,43.18779],[-70.82357,43.17424],[-70.83361,43.14611],[-70.82708,43.12739],[-70.77969,43.09625],[-70.76589,43.09249],[-70.75641,43.08018],[-70.73797,43.07373],[-70.70631,43.07534],[-70.7012,43.04524],[-70.63071,42.98529],[-70.61115,42.97899],[-70.58759,42.94919],[-70.57509,42.91713],[-70.56997,42.91909],[-70.55298,42.92925],[-70.54023,42.94403],[-70.52888,43.00577],[-70.53254,43.01999],[-70.55213,43.04304],[-70.57307,43.05289],[-70.59966,43.05694],[-70.59063,43.06736],[-70.58216,43.09549],[-70.56196,43.1099],[-70.55576,43.1215],[-70.54013,43.13055],[-70.53742,43.10585],[-70.52508,43.08928],[-70.49301,43.07304],[-70.45907,43.07148],[-70.42108,43.08665],[-70.40624,43.10209],[-70.40322,43.11524],[-70.40723,43.13844],[-70.44094,43.16664],[-70.48636,43.17026],[-70.52168,43.15488],[-70.52292,43.17889],[-70.50632,43.21883],[-70.51238,43.24271],[-70.52083,43.2521],[-70.50219,43.26812],[-70.49323,43.28683],[-70.42181,43.29749],[-70.3674,43.32332],[-70.35164,43.3391],[-70.34619,43.35818],[-70.31895,43.39014],[-70.2804,43.40874],[-70.26843,43.42635],[-70.15599,43.52444],[-69.85521,43.64695],[-69.80883,43.64734],[-69.78658,43.65813],[-69.74949,43.65398],[-69.7304,43.65727],[-69.70834,43.66822],[-69.69339,43.68338],[-69.68633,43.6982],[-69.66474,43.71175],[-69.61729,43.69981],[-69.55094,43.70714],[-69.53531,43.71453],[-69.51909,43.73212],[-69.51583,43.76098],[-69.50579,43.77846],[-69.46987,43.7939],[-69.40927,43.81082],[-69.38728,43.79902],[-69.39721,43.76337],[-69.38759,43.73611],[-69.35638,43.71088],[-69.33509,43.70448],[-69.30895,43.70501],[-69.28295,43.71377],[-69.26203,43.72543],[-69.2381,43.75008],[-69.23328,43.78096],[-69.24254,43.79976],[-69.26234,43.81537],[-69.23655,43.82563],[-69.22656,43.8122],[-69.1972,43.79599],[-69.14983,43.79574],[-69.083,43.82565],[-69.06494,43.84191],[-69.05589,43.85891],[-69.02278,43.84251],[-69.02429,43.81984],[-69.00992,43.79844],[-68.98116,43.78379],[-68.94984,43.78017],[-68.94444,43.76787],[-68.92552,43.75009],[-68.87065,43.73356],[-68.82692,43.73571],[-68.80536,43.74598],[-68.78614,43.76836],[-68.78122,43.78514],[-68.78532,43.80434],[-68.74947,43.83253],[-68.71275,43.8384],[-68.68466,43.85465],[-68.66943,43.86958],[-68.66379,43.89393],[-68.67926,43.92345],[-68.707,43.93918],[-68.74265,43.94315],[-68.72148,43.96194],[-68.70719,43.96383],[-68.68968,43.9542],[-68.65959,43.94799],[-68.61873,43.95589],[-68.59416,43.95373],[-68.56839,43.95797],[-68.54728,43.96862],[-68.53072,43.98662],[-68.49311,44.01056],[-68.48494,44.02831],[-68.46301,44.03211],[-68.43684,44.05323],[-68.3688,44.04522],[-68.31139,44.05343],[-68.27921,44.06994],[-68.26314,44.09062],[-68.23024,44.0905],[-68.20336,44.09959],[-68.17586,44.12508],[-68.16839,44.17291],[-68.17075,44.19011],[-68.13758,44.20686],[-68.12263,44.22604],[-68.12066,44.24432],[-68.12828,44.26425],[-68.06096,44.27826],[-68.02784,44.27421],[-67.99945,44.2802],[-67.97365,44.29516],[-67.96078,44.31927],[-67.94241,44.32607],[-67.92518,44.34143],[-67.89815,44.32213],[-67.87444,44.31692],[-67.85834,44.31702],[-67.82373,44.32704],[-67.80969,44.33651],[-67.79526,44.36116],[-67.79604,44.37952],[-67.80557,44.39102],[-67.77475,44.41131],[-67.74174,44.39083],[-67.71533,44.3865],[-67.67464,44.39463],[-67.65498,44.38671],[-67.62741,44.38347],[-67.56758,44.39721],[-67.49943,44.42755],[-67.47303,44.44834],[-67.44423,44.48113],[-67.4434,44.50528],[-67.41388,44.50964],[-67.3882,44.5204],[-67.34045,44.52129],[-67.31784,44.53154],[-67.30082,44.54986],[-67.24805,44.5549],[-67.22329,44.56323],[-67.10376,44.63343],[-67.08752,44.65346],[-67.05021,44.68105],[-67.03928,44.69697],[-67.01077,44.71732],[-66.97752,44.73124],[-66.95227,44.76042],[-66.90256,44.77656],[-66.88544,44.79421],[-66.93256,44.82551],[-66.9653,44.8289],[-66.97486,44.84161],[-66.98213,44.86726],[-66.96871,44.91039],[-66.99685,44.92837],[-67.02166,44.95391],[-67.09455,45.07451],[-67.11256,45.11258],[-67.15887,45.16204],[-67.20508,45.17141],[-67.22728,45.16343],[-67.24281,45.17244],[-67.24743,45.18089],[-67.28336,45.19186],[-67.29099,45.18757],[-67.29143,45.17104],[-67.29934,45.16918],[-67.30269,45.16071],[-67.29422,45.15363],[-67.29597,45.14784],[-67.32001,45.1424],[-67.32082,45.13133],[-67.34599,45.12645],[-67.38072,45.15214],[-67.40503,45.16006],[-67.40477,45.16678],[-67.3992,45.16895],[-67.40052,45.17767],[-67.42927,45.19347],[-67.42797,45.20179],[-67.4393,45.22613],[-67.46852,45.25065],[-67.47642,45.2754],[-67.48904,45.28057],[-67.48508,45.29115],[-67.47611,45.28863],[-67.46613,45.29386],[-67.46807,45.29899],[-67.46031,45.30002],[-67.45184,45.31768],[-67.45691,45.32525],[-67.43123,45.34107],[-67.43146,45.34976],[-67.42535,45.35742],[-67.43453,45.36496],[-67.41924,45.3771],[-67.42764,45.39102],[-67.45273,45.40968],[-67.46124,45.42223],[-67.47411,45.42509],[-67.48039,45.44094],[-67.47647,45.44332],[-67.48503,45.45276],[-67.48211,45.4594],[-67.50095,45.47894],[-67.50346,45.48957],[-67.48953,45.48915],[-67.48549,45.4956],[-67.4776,45.49705],[-67.46754,45.49518],[-67.46373,45.49706],[-67.47113,45.50417],[-67.4636,45.50838],[-67.44971,45.49909],[-67.45346,45.50885],[-67.45014,45.51027],[-67.43011,45.50102],[-67.42282,45.5055],[-67.41621,45.50129],[-67.43486,45.52814],[-67.43247,45.54041],[-67.42508,45.54026],[-67.42067,45.54968],[-67.42887,45.56834],[-67.42319,45.57159],[-67.43106,45.58411],[-67.4567,45.60434],[-67.49329,45.60134],[-67.48796,45.59582],[-67.49902,45.58665],[-67.51922,45.58757],[-67.548,45.59785],[-67.56169,45.59469],[-67.58986,45.60678],[-67.60837,45.60615],[-67.6391,45.62512],[-67.64396,45.62315],[-67.63978,45.61608],[-67.64557,45.61334],[-67.67523,45.63074],[-67.6923,45.65009],[-67.70957,45.68133],[-67.71781,45.67941],[-67.72825,45.68924],[-67.73455,45.68892],[-67.7335,45.68403],[-67.71794,45.66766],[-67.72007,45.66226],[-67.73247,45.66338],[-67.74442,45.67292],[-67.7543,45.66757],[-67.76872,45.67749],[-67.80569,45.68005]]]}},{"type":"Feature","properties":{"key":"southern-maine","name":"Portland & Southern Maine","group":"me","parent":"me","kind":"counties","definition":"York and Cumberland counties","hasSubway":false,"busDefaultOn":true,"members":["York, ME","Cumberland, ME"],"memberCount":2},"geometry":{"type":"Polygon","coordinates":[[[-70.15599,43.52444],[-70.26843,43.42635],[-70.2804,43.40874],[-70.31895,43.39014],[-70.34619,43.35818],[-70.35164,43.3391],[-70.3674,43.32332],[-70.39671,43.31247],[-70.42181,43.29749],[-70.45531,43.29035],[-70.47327,43.291],[-70.49323,43.28683],[-70.50219,43.26812],[-70.52083,43.2521],[-70.51238,43.24271],[-70.50632,43.21883],[-70.51118,43.20121],[-70.51967,43.19102],[-70.52292,43.17889],[-70.52168,43.15488],[-70.49949,43.16685],[-70.48636,43.17026],[-70.46494,43.1708],[-70.44094,43.16664],[-70.41964,43.15255],[-70.40723,43.13844],[-70.40322,43.11524],[-70.40624,43.10209],[-70.42108,43.08665],[-70.43977,43.07654],[-70.45907,43.07148],[-70.49301,43.07304],[-70.52508,43.08928],[-70.53742,43.10585],[-70.54013,43.13055],[-70.55576,43.1215],[-70.56196,43.1099],[-70.58216,43.09549],[-70.59063,43.06736],[-70.59966,43.05694],[-70.57307,43.05289],[-70.55213,43.04304],[-70.53254,43.01999],[-70.52888,43.00577],[-70.53475,42.98848],[-70.53599,42.95617],[-70.54023,42.94403],[-70.55298,42.92925],[-70.56594,42.92089],[-70.57509,42.91713],[-70.58759,42.94919],[-70.61115,42.97899],[-70.63071,42.98529],[-70.7012,43.04524],[-70.70631,43.07534],[-70.73797,43.07373],[-70.74303,43.07797],[-70.75617,43.08007],[-70.76589,43.09249],[-70.77969,43.09625],[-70.82578,43.1261],[-70.83361,43.14611],[-70.82778,43.17043],[-70.82357,43.17424],[-70.82825,43.18779],[-70.81928,43.19299],[-70.82067,43.19949],[-70.81692,43.21453],[-70.80982,43.22588],[-70.81721,43.22935],[-70.81548,43.23352],[-70.81783,43.23816],[-70.82743,43.24338],[-70.83793,43.24244],[-70.84283,43.25422],[-70.85746,43.25581],[-70.86289,43.2648],[-70.87006,43.26613],[-70.87429,43.27186],[-70.8831,43.27303],[-70.88265,43.27891],[-70.88584,43.28081],[-70.88355,43.28338],[-70.89695,43.28549],[-70.89932,43.28789],[-70.89637,43.29232],[-70.90656,43.29204],[-70.90394,43.29678],[-70.89634,43.29855],[-70.90205,43.30136],[-70.90373,43.30629],[-70.90704,43.30466],[-70.91261,43.30758],[-70.91129,43.31044],[-70.9154,43.31541],[-70.9118,43.31573],[-70.91142,43.31972],[-70.92036,43.32121],[-70.91915,43.32444],[-70.92439,43.32385],[-70.92292,43.32616],[-70.93165,43.33086],[-70.93395,43.33536],[-70.93118,43.33655],[-70.95585,43.334],[-70.9595,43.34098],[-70.96795,43.34458],[-70.96745,43.34924],[-70.97259,43.34838],[-70.97203,43.35463],[-70.97816,43.35866],[-70.97459,43.36358],[-70.98567,43.37918],[-70.98791,43.3902],[-70.9823,43.39828],[-70.98651,43.40398],[-70.98684,43.41378],[-70.98127,43.42087],[-70.96971,43.42691],[-70.96879,43.4346],[-70.96098,43.43839],[-70.96663,43.45127],[-70.96112,43.46919],[-70.97604,43.47843],[-70.96753,43.48094],[-70.96829,43.48945],[-70.96434,43.49714],[-70.95884,43.49937],[-70.95797,43.50804],[-70.95466,43.5093],[-70.9568,43.51278],[-70.95394,43.52227],[-70.9638,43.53937],[-70.9535,43.5406],[-70.95063,43.55131],[-70.9549,43.55405],[-70.95725,43.56134],[-70.96283,43.56339],[-70.96671,43.56944],[-70.97276,43.57038],[-70.98912,43.79211],[-70.98188,43.79351],[-70.97232,43.78517],[-70.96448,43.78811],[-70.95755,43.78512],[-70.94261,43.79228],[-70.92707,43.7903],[-70.91268,43.80091],[-70.89924,43.80231],[-70.88085,43.81085],[-70.86956,43.80679],[-70.86248,43.80771],[-70.86128,43.80469],[-70.85301,43.80452],[-70.84085,43.80995],[-70.82191,43.80719],[-70.815,43.81149],[-70.81117,43.80754],[-70.80886,43.81024],[-70.79783,43.80616],[-70.79744,43.80971],[-70.79128,43.81313],[-70.78298,43.81415],[-70.78165,43.82356],[-70.78713,43.8326],[-70.79436,43.83437],[-70.79238,43.84687],[-70.8015,43.85652],[-70.79326,43.85755],[-70.79819,43.8633],[-70.7815,43.87388],[-70.78049,43.86823],[-70.76629,43.87724],[-70.76529,43.87154],[-70.74388,43.88585],[-70.75522,43.88861],[-70.75793,43.90686],[-70.75248,43.91401],[-70.72973,43.92836],[-70.74751,43.9459],[-70.71542,43.96182],[-70.78176,44.03139],[-70.79168,44.02874],[-70.79253,44.04014],[-70.84808,44.04952],[-70.85845,44.05964],[-70.86132,44.07723],[-70.86662,44.07987],[-70.86287,44.08637],[-70.8578,44.08804],[-70.85855,44.09527],[-70.8218,44.07709],[-70.69975,44.13908],[-70.69592,44.13422],[-70.62433,44.17104],[-70.60797,44.15411],[-70.59866,44.14977],[-70.59652,44.14553],[-70.59907,44.14397],[-70.59506,44.14483],[-70.5955,44.13732],[-70.59002,44.13297],[-70.59205,44.12899],[-70.58724,44.12421],[-70.60617,44.10129],[-70.60556,44.08952],[-70.60296,44.08878],[-70.6119,44.07062],[-70.60887,44.06773],[-70.61346,44.0666],[-70.6141,44.06196],[-70.61048,44.06097],[-70.60795,44.05186],[-70.60367,44.05024],[-70.60386,44.04164],[-70.59266,44.03519],[-70.59627,44.0326],[-70.58164,44.02231],[-70.58479,44.02132],[-70.58259,44.01869],[-70.57396,44.01565],[-70.56385,44.02499],[-70.54409,44.00565],[-70.509,44.04145],[-70.50524,44.03959],[-70.50237,44.04257],[-70.48008,44.03208],[-70.47941,44.02609],[-70.44859,44.00943],[-70.44503,44.0128],[-70.40195,43.99011],[-70.3983,43.99209],[-70.39532,44.00309],[-70.36387,43.98645],[-70.31537,44.03781],[-70.20028,43.95199],[-70.20365,43.94793],[-70.11586,43.90671],[-70.09233,43.93195],[-70.08084,43.92646],[-70.03424,43.97566],[-70.02024,43.94606],[-70.00838,43.94223],[-70.00233,43.9336],[-69.99229,43.93067],[-69.97769,43.91506],[-69.95673,43.92344],[-69.93055,43.91206],[-69.92135,43.92014],[-69.9047,43.92559],[-69.87466,43.95359],[-69.85703,43.94474],[-69.8686,43.91102],[-69.88208,43.89034],[-69.89097,43.88321],[-69.89598,43.86713],[-69.88603,43.85594],[-69.87488,43.8514],[-69.87612,43.83716],[-69.86999,43.81726],[-69.88734,43.78794],[-69.88814,43.70489],[-69.8819,43.63647],[-70.15599,43.52444]]]}},{"type":"Feature","properties":{"key":"midcoast","name":"Midcoast Maine","group":"me","parent":"me","kind":"counties","definition":"Sagadahoc, Lincoln, Knox and Waldo counties","hasSubway":false,"busDefaultOn":true,"members":["Sagadahoc, ME","Lincoln, ME","Knox, ME","Waldo, ME"],"memberCount":4},"geometry":{"type":"Polygon","coordinates":[[[-69.66474,43.71175],[-69.68633,43.6982],[-69.69339,43.68338],[-69.70834,43.66822],[-69.7304,43.65727],[-69.74949,43.65398],[-69.78658,43.65813],[-69.80883,43.64734],[-69.82752,43.64496],[-69.85521,43.64695],[-69.8819,43.63647],[-69.88814,43.70489],[-69.88734,43.78794],[-69.86999,43.81726],[-69.87612,43.83716],[-69.87488,43.8514],[-69.88603,43.85594],[-69.89598,43.86713],[-69.89097,43.88321],[-69.88208,43.89034],[-69.8686,43.91102],[-69.85703,43.94474],[-69.87466,43.95359],[-69.9047,43.92559],[-69.92135,43.92014],[-69.93199,43.91193],[-69.95673,43.92344],[-69.97829,43.91526],[-69.99229,43.93067],[-70.00233,43.9336],[-70.00838,43.94223],[-70.02024,43.94606],[-70.03265,43.97369],[-70.05182,43.99098],[-70.04334,43.99832],[-70.04323,44.00247],[-70.03858,44.00259],[-70.03756,43.99962],[-70.03177,44.00292],[-70.03553,44.00632],[-70.03329,44.00864],[-70.03832,44.01821],[-70.0328,44.02126],[-70.03654,44.0268],[-70.02513,44.03636],[-70.02725,44.04336],[-70.00547,44.12452],[-69.89778,44.10766],[-69.8945,44.12391],[-69.88002,44.15109],[-69.85599,44.16803],[-69.76357,44.15322],[-69.75821,44.13933],[-69.65674,44.12239],[-69.66544,44.22758],[-69.65017,44.27963],[-69.5474,44.26099],[-69.53733,44.26561],[-69.53441,44.27221],[-69.52126,44.28068],[-69.50638,44.34287],[-69.4455,44.46384],[-69.39599,44.45708],[-69.37242,44.54458],[-69.41684,44.55108],[-69.39312,44.64037],[-69.46109,44.64728],[-69.46085,44.65497],[-69.45595,44.66222],[-69.44795,44.66217],[-69.44294,44.67238],[-69.4756,44.67668],[-69.47732,44.69206],[-69.41684,44.70098],[-69.41455,44.7187],[-69.40572,44.7272],[-69.39539,44.73152],[-69.39801,44.7462],[-69.38848,44.74728],[-69.38723,44.75318],[-69.37182,44.75461],[-69.34355,44.74982],[-69.32741,44.71444],[-69.2052,44.72959],[-69.18373,44.64402],[-68.89673,44.69172],[-68.89588,44.68925],[-68.86536,44.69422],[-68.86598,44.69696],[-68.83753,44.70213],[-68.8365,44.69183],[-68.81709,44.68641],[-68.81211,44.66932],[-68.82242,44.66401],[-68.83163,44.65161],[-68.8475,44.61984],[-68.84476,44.61349],[-68.82362,44.59602],[-68.81262,44.57475],[-68.79818,44.56784],[-68.80622,44.55227],[-68.80328,44.52732],[-68.79245,44.49668],[-68.79564,44.47396],[-68.80125,44.46169],[-68.83613,44.43564],[-68.85244,44.41452],[-68.85314,44.40154],[-68.84115,44.37703],[-68.84101,44.36283],[-68.859,44.32872],[-68.86183,44.29489],[-68.88496,44.25768],[-68.89638,44.20994],[-68.8719,44.19885],[-68.83201,44.21012],[-68.8204,44.20231],[-68.81249,44.20085],[-68.77479,44.17743],[-68.76496,44.16377],[-68.75349,44.134],[-68.73993,44.1214],[-68.72837,44.11632],[-68.71803,44.11523],[-68.70024,44.12001],[-68.6785,44.11743],[-68.65381,44.12025],[-68.62833,44.11379],[-68.61113,44.11291],[-68.59601,44.11756],[-68.57935,44.12875],[-68.54875,44.12989],[-68.54963,44.11035],[-68.54166,44.09833],[-68.51536,44.0786],[-68.49948,44.07384],[-68.48463,44.02833],[-68.49059,44.01304],[-68.53072,43.98662],[-68.54728,43.96862],[-68.57778,43.95564],[-68.60213,43.95368],[-68.61873,43.95589],[-68.64101,43.94936],[-68.65959,43.94799],[-68.68968,43.9542],[-68.70719,43.96383],[-68.72148,43.96194],[-68.74265,43.94315],[-68.7262,43.94338],[-68.707,43.93918],[-68.67926,43.92345],[-68.66872,43.90883],[-68.66379,43.89393],[-68.66943,43.86958],[-68.68466,43.85465],[-68.71275,43.8384],[-68.74947,43.83253],[-68.78532,43.80434],[-68.78122,43.78514],[-68.78614,43.76836],[-68.80536,43.74598],[-68.82692,43.73571],[-68.8491,43.73238],[-68.87065,43.73356],[-68.92552,43.75009],[-68.94444,43.76787],[-68.94984,43.78017],[-68.98116,43.78379],[-69.00992,43.79844],[-69.02429,43.81984],[-69.02278,43.84251],[-69.05589,43.85891],[-69.06494,43.84191],[-69.083,43.82565],[-69.14983,43.79574],[-69.17104,43.79319],[-69.1972,43.79599],[-69.22656,43.8122],[-69.23655,43.82563],[-69.26234,43.81537],[-69.24254,43.79976],[-69.23328,43.78096],[-69.23338,43.76232],[-69.2381,43.75008],[-69.25248,43.73324],[-69.27598,43.71749],[-69.29785,43.70769],[-69.32349,43.70367],[-69.34592,43.70723],[-69.36886,43.71853],[-69.38436,43.73176],[-69.39721,43.76337],[-69.39531,43.78026],[-69.38728,43.79902],[-69.40927,43.81082],[-69.46987,43.7939],[-69.50579,43.77846],[-69.51583,43.76098],[-69.51416,43.75008],[-69.51909,43.73212],[-69.53531,43.71453],[-69.55094,43.70714],[-69.56662,43.70283],[-69.5967,43.70329],[-69.61729,43.69981],[-69.64405,43.70358],[-69.66474,43.71175]]]}},{"type":"Feature","properties":{"key":"downeast-acadia","name":"Downeast & Acadia","group":"me","parent":"me","kind":"counties","definition":"Hancock and Washington counties","hasSubway":false,"busDefaultOn":true,"members":["Hancock, ME","Washington, ME"],"memberCount":2},"geometry":{"type":"Polygon","coordinates":[[[-67.93339,44.33231],[-67.96078,44.31927],[-67.96558,44.306],[-67.97365,44.29516],[-67.99945,44.2802],[-68.02784,44.27421],[-68.06096,44.27826],[-68.12828,44.26425],[-68.12066,44.24432],[-68.12263,44.22604],[-68.13758,44.20686],[-68.15649,44.19484],[-68.17075,44.19011],[-68.16839,44.17291],[-68.17586,44.12508],[-68.18581,44.11196],[-68.20336,44.09959],[-68.23024,44.0905],[-68.26314,44.09062],[-68.27921,44.06994],[-68.31139,44.05343],[-68.3688,44.04522],[-68.43684,44.05323],[-68.45237,44.03797],[-68.47823,44.02868],[-68.48463,44.02833],[-68.49948,44.07384],[-68.52479,44.08458],[-68.54118,44.09783],[-68.54891,44.1084],[-68.54875,44.12989],[-68.57935,44.12875],[-68.59601,44.11756],[-68.61113,44.11291],[-68.62833,44.11379],[-68.65381,44.12025],[-68.6785,44.11743],[-68.70024,44.12001],[-68.71803,44.11523],[-68.72837,44.11632],[-68.73993,44.1214],[-68.75349,44.134],[-68.76496,44.16377],[-68.77479,44.17743],[-68.81249,44.20085],[-68.8204,44.20231],[-68.83201,44.21012],[-68.8719,44.19885],[-68.89638,44.20994],[-68.88496,44.25768],[-68.86183,44.29489],[-68.859,44.32872],[-68.84101,44.36283],[-68.84115,44.37703],[-68.85314,44.40154],[-68.85244,44.41452],[-68.83613,44.43564],[-68.80125,44.46169],[-68.79564,44.47396],[-68.79245,44.49668],[-68.80328,44.52732],[-68.80622,44.55227],[-68.79818,44.56784],[-68.81262,44.57475],[-68.82362,44.59602],[-68.84476,44.61349],[-68.8475,44.61984],[-68.83163,44.65161],[-68.82242,44.66401],[-68.81211,44.66932],[-68.81579,44.68375],[-68.7978,44.68883],[-68.79289,44.68549],[-68.78598,44.68665],[-68.78512,44.67844],[-68.76634,44.67571],[-68.7719,44.66445],[-68.74395,44.66058],[-68.72689,44.69613],[-68.69101,44.72171],[-68.64713,44.70364],[-68.61667,44.74099],[-68.44522,44.76301],[-68.5011,44.98072],[-68.37589,44.99737],[-68.3969,45.0833],[-68.2705,45.10012],[-68.30371,45.22153],[-67.93976,45.26785],[-67.96688,45.35188],[-67.95793,45.35325],[-67.97271,45.40434],[-68.04801,45.6399],[-67.89696,45.6653],[-67.90226,45.68012],[-67.88933,45.67184],[-67.87821,45.67222],[-67.87358,45.6693],[-67.80569,45.68005],[-67.80363,45.67765],[-67.76872,45.67749],[-67.7543,45.66757],[-67.74442,45.67292],[-67.73247,45.66338],[-67.72007,45.66226],[-67.71794,45.66766],[-67.72995,45.67668],[-67.7335,45.68403],[-67.73455,45.68892],[-67.72825,45.68924],[-67.71781,45.67941],[-67.70957,45.68133],[-67.69794,45.65955],[-67.69131,45.65353],[-67.6923,45.65009],[-67.67523,45.63074],[-67.64557,45.61334],[-67.63978,45.61608],[-67.64396,45.62315],[-67.6391,45.62512],[-67.60837,45.60615],[-67.58986,45.60678],[-67.56169,45.59469],[-67.548,45.59785],[-67.51922,45.58757],[-67.49902,45.58665],[-67.48796,45.59582],[-67.49411,45.59894],[-67.49329,45.60134],[-67.47718,45.60391],[-67.46849,45.60068],[-67.4567,45.60434],[-67.45002,45.60247],[-67.44733,45.59661],[-67.42553,45.57843],[-67.42319,45.57159],[-67.42887,45.56834],[-67.42067,45.54968],[-67.42508,45.54026],[-67.43247,45.54041],[-67.43486,45.52814],[-67.4327,45.51978],[-67.42093,45.51179],[-67.41621,45.50129],[-67.42282,45.5055],[-67.43011,45.50102],[-67.45014,45.51027],[-67.45346,45.50885],[-67.44892,45.50213],[-67.45159,45.49907],[-67.4636,45.50838],[-67.46989,45.50583],[-67.47124,45.50085],[-67.46373,45.49706],[-67.4776,45.49705],[-67.48169,45.49381],[-67.48549,45.4956],[-67.48953,45.48915],[-67.50007,45.4909],[-67.50371,45.4867],[-67.50095,45.47894],[-67.48723,45.46773],[-67.48211,45.4594],[-67.48503,45.45276],[-67.47647,45.44332],[-67.48039,45.44094],[-67.47268,45.42322],[-67.46124,45.42223],[-67.45273,45.40968],[-67.42764,45.39102],[-67.41924,45.3771],[-67.42113,45.37357],[-67.43017,45.37162],[-67.43453,45.36496],[-67.43355,45.36082],[-67.42535,45.35742],[-67.43146,45.34976],[-67.42888,45.34439],[-67.43123,45.34107],[-67.44061,45.33604],[-67.4436,45.33087],[-67.45691,45.32525],[-67.45184,45.31768],[-67.46031,45.30002],[-67.46807,45.29899],[-67.46613,45.29386],[-67.47472,45.29168],[-67.47611,45.28863],[-67.48508,45.29115],[-67.48966,45.28213],[-67.4835,45.27945],[-67.48203,45.27537],[-67.47642,45.2754],[-67.47311,45.25864],[-67.4642,45.24511],[-67.45385,45.24124],[-67.43699,45.22274],[-67.42797,45.20179],[-67.42927,45.19347],[-67.41811,45.19],[-67.40654,45.1789],[-67.40052,45.17767],[-67.3992,45.16895],[-67.40477,45.16678],[-67.40503,45.16006],[-67.38072,45.15214],[-67.35344,45.12917],[-67.34085,45.12504],[-67.33051,45.1318],[-67.32082,45.13133],[-67.3177,45.13802],[-67.32001,45.1424],[-67.29597,45.14784],[-67.29422,45.15363],[-67.30163,45.157],[-67.30269,45.16071],[-67.29934,45.16918],[-67.29143,45.17104],[-67.29405,45.17717],[-67.29099,45.18757],[-67.28336,45.19186],[-67.26922,45.19051],[-67.24743,45.18089],[-67.24281,45.17244],[-67.22728,45.16343],[-67.20508,45.17141],[-67.19089,45.16571],[-67.15887,45.16204],[-67.11256,45.11258],[-67.09455,45.07451],[-67.02166,44.95391],[-66.99685,44.92837],[-66.96871,44.91039],[-66.98213,44.86726],[-66.97477,44.85097],[-66.97486,44.84161],[-66.9653,44.8289],[-66.93256,44.82551],[-66.88544,44.79421],[-66.90256,44.77656],[-66.95227,44.76042],[-66.97752,44.73124],[-67.01077,44.71732],[-67.02397,44.70509],[-67.03928,44.69697],[-67.05021,44.68105],[-67.08752,44.65346],[-67.09321,44.64308],[-67.10376,44.63343],[-67.12745,44.62142],[-67.14085,44.60827],[-67.17432,44.5947],[-67.19149,44.57954],[-67.24599,44.55528],[-67.30082,44.54986],[-67.31784,44.53154],[-67.34045,44.52129],[-67.366,44.51783],[-67.3882,44.5204],[-67.41388,44.50964],[-67.4434,44.50528],[-67.44126,44.50008],[-67.44423,44.48113],[-67.45524,44.46487],[-67.49262,44.43222],[-67.51278,44.42065],[-67.57396,44.39504],[-67.62741,44.38347],[-67.65498,44.38671],[-67.67464,44.39463],[-67.69582,44.3877],[-67.72953,44.3877],[-67.75857,44.39826],[-67.77475,44.41131],[-67.79899,44.39836],[-67.80557,44.39102],[-67.79604,44.37952],[-67.79526,44.36116],[-67.8008,44.34748],[-67.80969,44.33651],[-67.82373,44.32704],[-67.85834,44.31702],[-67.87444,44.31692],[-67.89815,44.32213],[-67.92518,44.34143],[-67.93339,44.33231]]]}},{"type":"Feature","properties":{"key":"central-western-me","name":"Central & Western Maine","group":"me","parent":"me","kind":"counties","definition":"Androscoggin, Kennebec, Oxford, Franklin and Somerset counties","hasSubway":false,"busDefaultOn":true,"members":["Androscoggin, ME","Kennebec, ME","Oxford, ME","Franklin, ME","Somerset, ME"],"memberCount":5},"geometry":{"type":"Polygon","coordinates":[[[-70.00545,44.12452],[-70.02725,44.04336],[-70.02513,44.03636],[-70.03654,44.0268],[-70.0328,44.02126],[-70.03832,44.01821],[-70.03329,44.00864],[-70.03553,44.00632],[-70.03177,44.00292],[-70.03756,43.99962],[-70.03858,44.00259],[-70.04323,44.00247],[-70.04334,43.99832],[-70.05182,43.99098],[-70.03424,43.97566],[-70.08084,43.92646],[-70.09233,43.93195],[-70.11586,43.90671],[-70.20365,43.94793],[-70.20028,43.95199],[-70.31537,44.03781],[-70.36387,43.98645],[-70.39532,44.00309],[-70.3983,43.99209],[-70.40195,43.99011],[-70.44503,44.0128],[-70.44859,44.00943],[-70.47941,44.02609],[-70.48008,44.03208],[-70.50237,44.04257],[-70.50524,44.03959],[-70.509,44.04145],[-70.54409,44.00565],[-70.56385,44.02499],[-70.57396,44.01565],[-70.58133,44.01798],[-70.58483,44.02108],[-70.58164,44.02231],[-70.59627,44.0326],[-70.59274,44.03528],[-70.60378,44.04154],[-70.60367,44.05024],[-70.60795,44.05186],[-70.61048,44.06097],[-70.6141,44.06196],[-70.61346,44.0666],[-70.60887,44.06773],[-70.6119,44.07062],[-70.60296,44.08878],[-70.60556,44.08952],[-70.60617,44.10129],[-70.58724,44.12421],[-70.59205,44.12899],[-70.59002,44.13297],[-70.5955,44.13732],[-70.59506,44.14483],[-70.59907,44.14397],[-70.59652,44.14553],[-70.59866,44.14977],[-70.60797,44.15411],[-70.62433,44.17104],[-70.69592,44.13422],[-70.69975,44.13908],[-70.8218,44.07709],[-70.85855,44.09527],[-70.8578,44.08804],[-70.86287,44.08637],[-70.86662,44.07987],[-70.86132,44.07723],[-70.85845,44.05964],[-70.84808,44.04952],[-70.79253,44.04014],[-70.79168,44.02874],[-70.78176,44.03139],[-70.71542,43.96182],[-70.74751,43.9459],[-70.72973,43.92836],[-70.75248,43.91401],[-70.75793,43.90686],[-70.75522,43.88861],[-70.74388,43.88585],[-70.76529,43.87154],[-70.76629,43.87724],[-70.78049,43.86823],[-70.7815,43.87388],[-70.79819,43.8633],[-70.79284,43.85883],[-70.80161,43.85608],[-70.79253,43.84734],[-70.79452,43.83465],[-70.78713,43.8326],[-70.78155,43.82316],[-70.78298,43.81415],[-70.79744,43.80971],[-70.79692,43.80629],[-70.80886,43.81024],[-70.81117,43.80754],[-70.815,43.81149],[-70.82191,43.80719],[-70.84085,43.80995],[-70.85301,43.80452],[-70.86128,43.80469],[-70.86248,43.80771],[-70.86956,43.80679],[-70.88085,43.81085],[-70.89924,43.80231],[-70.91268,43.80091],[-70.92821,43.79004],[-70.94261,43.79228],[-70.95691,43.78519],[-70.96448,43.78811],[-70.97119,43.78498],[-70.98188,43.79351],[-70.98912,43.79211],[-71.00575,44.20267],[-71.03262,44.68318],[-71.07717,45.25005],[-71.08393,45.30548],[-71.0591,45.31384],[-71.03267,45.31019],[-71.02709,45.31469],[-71.00852,45.31924],[-71.00187,45.32843],[-71.01212,45.33387],[-71.01065,45.34768],[-70.99085,45.3381],[-70.98498,45.33191],[-70.96732,45.33222],[-70.95238,45.33912],[-70.94949,45.33132],[-70.93889,45.31998],[-70.92997,45.31881],[-70.92716,45.31485],[-70.91783,45.31172],[-70.91961,45.30526],[-70.912,45.29631],[-70.92133,45.27923],[-70.9075,45.26844],[-70.9059,45.26083],[-70.89851,45.25833],[-70.89515,45.25226],[-70.89694,45.24186],[-70.88473,45.23486],[-70.85753,45.22913],[-70.83758,45.23499],[-70.83664,45.2373],[-70.84863,45.24518],[-70.84653,45.25301],[-70.84962,45.25591],[-70.84894,45.26309],[-70.84125,45.26701],[-70.8319,45.27891],[-70.82994,45.29018],[-70.83546,45.29396],[-70.81629,45.29818],[-70.81154,45.30377],[-70.81463,45.30816],[-70.80843,45.31182],[-70.80758,45.32766],[-70.8164,45.33077],[-70.8199,45.3402],[-70.8098,45.34867],[-70.81447,45.35668],[-70.80984,45.35797],[-70.80276,45.36752],[-70.81377,45.38776],[-70.82393,45.39102],[-70.82595,45.39838],[-70.81133,45.41617],[-70.80251,45.41794],[-70.7981,45.42652],[-70.78758,45.42647],[-70.78144,45.43123],[-70.7644,45.42593],[-70.75458,45.42831],[-70.74401,45.42117],[-70.74357,45.41186],[-70.73038,45.40438],[-70.72965,45.3991],[-70.71201,45.39048],[-70.6995,45.39454],[-70.69616,45.39242],[-70.67817,45.39427],[-70.66166,45.38631],[-70.66078,45.37813],[-70.65178,45.37696],[-70.63489,45.38342],[-70.63888,45.38882],[-70.63632,45.39523],[-70.62127,45.40274],[-70.63505,45.41107],[-70.6355,45.41489],[-70.62777,45.4207],[-70.62982,45.42631],[-70.64045,45.43078],[-70.65073,45.44494],[-70.68111,45.45218],[-70.68182,45.46169],[-70.69287,45.46636],[-70.69172,45.47427],[-70.7164,45.48647],[-70.71784,45.49023],[-70.7116,45.50181],[-70.72269,45.50651],[-70.72257,45.51367],[-70.71112,45.51953],[-70.70646,45.52792],[-70.6991,45.53013],[-70.70092,45.53249],[-70.69652,45.54],[-70.68698,45.54931],[-70.6771,45.55221],[-70.68919,45.56218],[-70.68512,45.56657],[-70.68769,45.56942],[-70.67809,45.5705],[-70.65396,45.59281],[-70.64457,45.60699],[-70.61915,45.61202],[-70.60704,45.62565],[-70.59087,45.63046],[-70.58357,45.6424],[-70.56494,45.65481],[-70.56371,45.66274],[-70.55859,45.66648],[-70.54239,45.66646],[-70.53391,45.67101],[-70.52639,45.66636],[-70.51991,45.66907],[-70.51078,45.67916],[-70.47606,45.69692],[-70.46547,45.70653],[-70.43916,45.70387],[-70.42541,45.70752],[-70.4292,45.71039],[-70.40035,45.71972],[-70.39651,45.72908],[-70.3901,45.7285],[-70.38384,45.73455],[-70.39389,45.74009],[-70.39451,45.74359],[-70.38842,45.75021],[-70.40703,45.76253],[-70.40562,45.77652],[-70.41018,45.78424],[-70.41574,45.78535],[-70.41687,45.79554],[-70.39616,45.79866],[-70.39669,45.8081],[-70.38779,45.81435],[-70.38803,45.8188],[-70.37224,45.828],[-70.36934,45.83117],[-70.37082,45.8352],[-70.35943,45.83545],[-70.34194,45.85234],[-70.30781,45.85885],[-70.28446,45.8717],[-70.25882,45.89117],[-70.26572,45.89375],[-70.25387,45.90248],[-70.25339,45.90737],[-70.25953,45.90976],[-70.25718,45.91764],[-70.26235,45.92004],[-70.26309,45.92399],[-70.23963,45.93964],[-70.23914,45.94394],[-70.24428,45.94468],[-70.24232,45.94664],[-70.25279,45.9554],[-70.26053,45.95229],[-70.25802,45.95898],[-70.26571,45.96421],[-70.27448,45.96138],[-70.27269,45.96437],[-70.277,45.96725],[-70.28339,45.96378],[-70.31586,45.96299],[-70.31157,45.96636],[-70.31193,45.97452],[-70.30703,45.97835],[-70.30699,45.98269],[-70.29467,45.98616],[-70.28394,45.99549],[-70.28863,45.99401],[-70.29192,45.99736],[-70.30237,45.99868],[-70.30612,46.00977],[-70.318,46.01908],[-70.30137,46.02762],[-70.29846,46.03088],[-70.30185,46.03334],[-70.29736,46.04071],[-70.28105,46.05065],[-70.27832,46.05629],[-70.27894,46.06084],[-70.28425,46.06272],[-70.30038,46.06059],[-70.31096,46.06418],[-70.30253,46.07036],[-70.30503,46.0718],[-70.29998,46.07841],[-70.30191,46.08236],[-70.29202,46.08679],[-70.28971,46.09457],[-70.28418,46.09789],[-70.28594,46.09983],[-70.27253,46.10209],[-70.25311,46.10012],[-70.25453,46.1137],[-70.23628,46.14523],[-70.24059,46.15097],[-70.24823,46.15181],[-70.26657,46.16933],[-70.27759,46.17457],[-70.28594,46.18463],[-70.29061,46.18514],[-70.29269,46.19146],[-70.27107,46.21082],[-70.27365,46.21683],[-70.26748,46.21941],[-70.26734,46.22502],[-70.26037,46.23023],[-70.2592,46.23892],[-70.25089,46.24911],[-70.25468,46.25421],[-70.25307,46.25883],[-70.24866,46.26708],[-70.24067,46.27295],[-70.23988,46.27915],[-70.23253,46.28471],[-70.23163,46.29103],[-70.20588,46.29973],[-70.2061,46.30986],[-70.20298,46.31436],[-70.20729,46.31955],[-70.20605,46.32474],[-70.20894,46.32949],[-70.1957,46.34083],[-70.19119,46.35022],[-70.18169,46.35218],[-70.17289,46.35919],[-70.16656,46.35736],[-70.15643,46.36145],[-70.14809,46.35899],[-70.14109,46.36252],[-70.13644,46.36987],[-70.12699,46.37081],[-70.12703,46.3804],[-70.11621,46.38592],[-70.11665,46.38822],[-70.11421,46.3852],[-70.11076,46.38611],[-70.11232,46.38809],[-70.10776,46.38772],[-70.10988,46.39027],[-70.09878,46.40107],[-70.10042,46.40315],[-70.09777,46.40424],[-70.10094,46.40526],[-70.09517,46.40642],[-70.09694,46.40948],[-70.07645,46.40954],[-70.0565,46.41558],[-70.02319,46.57349],[-69.72111,46.57405],[-69.71925,46.39411],[-69.73232,46.39401],[-69.72858,45.97688],[-69.68356,45.98363],[-69.64657,45.86399],[-69.65388,45.86368],[-69.65668,45.86013],[-69.67443,45.86225],[-69.67239,45.85896],[-69.67445,45.85235],[-69.68343,45.85096],[-69.69007,45.85416],[-69.68915,45.85788],[-69.69383,45.86189],[-69.692,45.86509],[-69.69692,45.86425],[-69.70131,45.87261],[-69.7027,45.87835],[-69.69849,45.88033],[-69.6978,45.88567],[-69.70879,45.88558],[-69.73214,45.87836],[-69.73813,45.88313],[-69.73367,45.87698],[-69.72477,45.87383],[-69.72454,45.86579],[-69.71731,45.86577],[-69.71153,45.86078],[-69.71094,45.8563],[-69.70572,45.85394],[-69.7077,45.84703],[-69.70427,45.84614],[-69.71207,45.83224],[-69.72003,45.83492],[-69.7258,45.83438],[-69.71934,45.83362],[-69.70864,45.81148],[-69.71739,45.79876],[-69.72283,45.7833],[-69.73791,45.78254],[-69.7258,45.77144],[-69.72636,45.76231],[-69.73678,45.75463],[-69.74723,45.75971],[-69.75144,45.76591],[-69.75286,45.76167],[-69.76852,45.76132],[-69.77433,45.76473],[-69.78106,45.77796],[-69.78507,45.77715],[-69.78603,45.77978],[-69.78167,45.78199],[-69.78316,45.78477],[-69.79186,45.78526],[-69.79359,45.78305],[-69.796,45.78522],[-69.79725,45.78334],[-69.79781,45.78458],[-69.80199,45.78619],[-69.80004,45.78365],[-69.79418,45.78278],[-69.79299,45.78303],[-69.79216,45.78385],[-69.79178,45.78391],[-69.78809,45.78275],[-69.78806,45.78456],[-69.78414,45.78225],[-69.78955,45.77786],[-69.78156,45.77371],[-69.78385,45.77218],[-69.7821,45.76963],[-69.7904,45.76772],[-69.79319,45.76182],[-69.79146,45.75843],[-69.79466,45.75747],[-69.7897,45.75575],[-69.79223,45.7512],[-69.78814,45.74686],[-69.79631,45.74608],[-69.80191,45.749],[-69.81743,45.74694],[-69.83311,45.73859],[-69.82735,45.73779],[-69.82412,45.74226],[-69.81152,45.73717],[-69.80924,45.73305],[-69.80003,45.73313],[-69.79152,45.72832],[-69.79209,45.72559],[-69.80309,45.72356],[-69.80371,45.72054],[-69.80892,45.72335],[-69.8151,45.72142],[-69.80898,45.7226],[-69.80388,45.7157],[-69.79024,45.71034],[-69.79043,45.70449],[-69.78276,45.69058],[-69.7562,45.67963],[-69.73863,45.67931],[-69.73675,45.67672],[-69.7394,45.66739],[-69.74469,45.66148],[-69.7395,45.65722],[-69.7442,45.65221],[-69.73614,45.65071],[-69.73174,45.65582],[-69.73492,45.65754],[-69.7227,45.65749],[-69.70135,45.65165],[-69.69181,45.64503],[-69.69648,45.64069],[-69.71185,45.65039],[-69.71264,45.64744],[-69.71632,45.64764],[-69.71841,45.63985],[-69.70818,45.63751],[-69.70159,45.62782],[-69.70306,45.62039],[-69.70991,45.61316],[-69.71725,45.6121],[-69.71929,45.61463],[-69.71735,45.60866],[-69.72117,45.60342],[-69.71313,45.59485],[-69.71446,45.58557],[-69.72346,45.58171],[-69.73167,45.56684],[-69.76022,45.55424],[-69.7735,45.55459],[-69.77328,45.54546],[-69.77993,45.54277],[-69.70043,45.29246],[-69.70832,45.29135],[-69.70535,45.27815],[-69.68365,45.2124],[-69.68701,45.20811],[-69.65476,45.09999],[-69.64576,45.10132],[-69.62097,45.01096],[-69.51565,45.02504],[-69.5186,45.03427],[-69.49519,45.03735],[-69.49986,45.05378],[-69.35567,45.07347],[-69.28127,44.80866],[-69.28634,44.80799],[-69.26678,44.72193],[-69.32741,44.71444],[-69.34355,44.74982],[-69.37182,44.75461],[-69.385,44.75388],[-69.38849,44.75214],[-69.38848,44.74728],[-69.39786,44.74653],[-69.39495,44.73219],[-69.41455,44.7187],[-69.41684,44.70098],[-69.47732,44.69206],[-69.4756,44.67668],[-69.44294,44.67238],[-69.44795,44.66217],[-69.45595,44.66222],[-69.46085,44.65497],[-69.46109,44.64728],[-69.39312,44.64037],[-69.41684,44.55108],[-69.37242,44.54458],[-69.39599,44.45708],[-69.4455,44.46384],[-69.50638,44.34287],[-69.52126,44.28068],[-69.53441,44.27221],[-69.53733,44.26561],[-69.5474,44.26099],[-69.65017,44.27963],[-69.66544,44.22758],[-69.65674,44.12239],[-69.75821,44.13933],[-69.76357,44.15322],[-69.85599,44.16803],[-69.88002,44.15109],[-69.8945,44.12391],[-69.89778,44.10766],[-70.00545,44.12452]]]}},{"type":"Feature","properties":{"key":"bangor-north","name":"Bangor & the North","group":"me","parent":"me","kind":"counties","definition":"Penobscot, Piscataquis and Aroostook counties","hasSubway":false,"busDefaultOn":true,"members":["Penobscot, ME","Piscataquis, ME","Aroostook, ME"],"memberCount":3},"geometry":{"type":"Polygon","coordinates":[[[-68.04765,45.63876],[-67.97271,45.40434],[-67.95793,45.35325],[-67.96688,45.35188],[-67.93976,45.26785],[-68.30371,45.22153],[-68.2705,45.10012],[-68.3969,45.0833],[-68.37589,44.99737],[-68.5011,44.98072],[-68.44522,44.76301],[-68.61667,44.74099],[-68.64713,44.70364],[-68.69101,44.72171],[-68.72689,44.69613],[-68.74395,44.66058],[-68.7719,44.66445],[-68.76634,44.67571],[-68.78512,44.67844],[-68.78598,44.68665],[-68.79289,44.68549],[-68.7978,44.68883],[-68.81579,44.68375],[-68.81868,44.68736],[-68.83561,44.69132],[-68.83753,44.70213],[-68.86598,44.69696],[-68.86536,44.69422],[-68.89588,44.68925],[-68.89673,44.69172],[-69.18373,44.64402],[-69.2052,44.72959],[-69.26678,44.72193],[-69.28634,44.80799],[-69.28127,44.80866],[-69.35567,45.07347],[-69.49986,45.05378],[-69.49519,45.03735],[-69.5186,45.03427],[-69.51565,45.02504],[-69.62097,45.01096],[-69.64576,45.10132],[-69.65476,45.09999],[-69.68701,45.20811],[-69.68365,45.2124],[-69.70535,45.27815],[-69.70832,45.29135],[-69.70043,45.29246],[-69.77993,45.54277],[-69.77328,45.54546],[-69.7735,45.55459],[-69.76022,45.55424],[-69.73167,45.56684],[-69.72346,45.58171],[-69.71446,45.58557],[-69.71313,45.59485],[-69.72117,45.60342],[-69.71735,45.60866],[-69.71929,45.61463],[-69.71725,45.6121],[-69.70991,45.61316],[-69.70306,45.62039],[-69.70159,45.62782],[-69.70818,45.63751],[-69.71841,45.63985],[-69.71632,45.64764],[-69.71264,45.64744],[-69.71185,45.65039],[-69.69648,45.64069],[-69.69181,45.64503],[-69.70135,45.65165],[-69.7227,45.65749],[-69.73492,45.65754],[-69.73174,45.65582],[-69.73614,45.65071],[-69.7442,45.65221],[-69.7395,45.65722],[-69.74469,45.66148],[-69.7394,45.66739],[-69.73675,45.67672],[-69.73863,45.67931],[-69.7562,45.67963],[-69.78276,45.69058],[-69.79043,45.70449],[-69.79024,45.71034],[-69.80388,45.7157],[-69.80898,45.7226],[-69.8151,45.72142],[-69.80892,45.72335],[-69.80371,45.72054],[-69.80309,45.72356],[-69.79209,45.72559],[-69.79152,45.72832],[-69.80003,45.73313],[-69.80924,45.73305],[-69.81152,45.73717],[-69.82412,45.74226],[-69.82735,45.73779],[-69.83311,45.73859],[-69.81743,45.74694],[-69.80191,45.749],[-69.79631,45.74608],[-69.78814,45.74686],[-69.79223,45.7512],[-69.7897,45.75575],[-69.79466,45.75747],[-69.79146,45.75843],[-69.79319,45.76182],[-69.7904,45.76772],[-69.7821,45.76963],[-69.78385,45.77218],[-69.78156,45.77371],[-69.78955,45.77786],[-69.78414,45.78225],[-69.78806,45.78456],[-69.78809,45.78275],[-69.79178,45.78391],[-69.79299,45.78303],[-69.79418,45.78278],[-69.80004,45.78365],[-69.80199,45.78619],[-69.79359,45.78305],[-69.79186,45.78526],[-69.78316,45.78477],[-69.78167,45.78199],[-69.78603,45.77978],[-69.78507,45.77715],[-69.78106,45.77796],[-69.77433,45.76473],[-69.76852,45.76132],[-69.75286,45.76167],[-69.75144,45.76591],[-69.74723,45.75971],[-69.73678,45.75463],[-69.72636,45.76231],[-69.7258,45.77144],[-69.73791,45.78254],[-69.72283,45.7833],[-69.71739,45.79876],[-69.70864,45.81148],[-69.71934,45.83362],[-69.72432,45.83329],[-69.7258,45.83438],[-69.72003,45.83492],[-69.71207,45.83224],[-69.70427,45.84614],[-69.7077,45.84703],[-69.70572,45.85394],[-69.71094,45.8563],[-69.71153,45.86078],[-69.71731,45.86577],[-69.72454,45.86579],[-69.72477,45.87383],[-69.73367,45.87698],[-69.73767,45.88024],[-69.73813,45.88313],[-69.73214,45.87836],[-69.70879,45.88558],[-69.6978,45.88567],[-69.69849,45.88033],[-69.7027,45.87835],[-69.70131,45.87261],[-69.69692,45.86425],[-69.692,45.86509],[-69.69383,45.86189],[-69.68915,45.85788],[-69.69007,45.85416],[-69.68343,45.85096],[-69.67445,45.85235],[-69.67239,45.85896],[-69.67443,45.86225],[-69.65668,45.86013],[-69.65388,45.86368],[-69.64657,45.86399],[-69.68356,45.98363],[-69.72858,45.97688],[-69.73232,46.39401],[-69.71925,46.39411],[-69.72111,46.57405],[-70.02319,46.57349],[-69.99711,46.69552],[-69.61285,47.07903],[-69.22446,47.45983],[-69.2052,47.45195],[-69.1789,47.45738],[-69.16493,47.45152],[-69.16226,47.44743],[-69.1565,47.45164],[-69.14561,47.44859],[-69.14106,47.444],[-69.1393,47.44664],[-69.12361,47.44069],[-69.12202,47.4427],[-69.10779,47.43538],[-69.10774,47.42768],[-69.09888,47.43145],[-69.09785,47.42689],[-69.09127,47.42683],[-69.09014,47.42414],[-69.06839,47.42741],[-69.06191,47.43059],[-69.06355,47.43406],[-69.05212,47.43001],[-69.04855,47.42419],[-69.05215,47.42214],[-69.04655,47.42427],[-69.04743,47.42774],[-69.04322,47.42678],[-69.0392,47.41965],[-69.04225,47.41571],[-69.03452,47.41457],[-69.0366,47.40768],[-69.0306,47.40742],[-69.03238,47.40222],[-69.04249,47.40475],[-69.03524,47.4018],[-69.04273,47.40197],[-69.04185,47.39823],[-69.03757,47.39684],[-69.04377,47.39743],[-69.04541,47.39299],[-69.03964,47.38421],[-69.04748,47.38342],[-69.05003,47.37855],[-69.05488,47.37772],[-69.05487,47.31533],[-69.04924,47.30585],[-69.05347,47.29718],[-69.0497,47.28928],[-69.05078,47.27847],[-69.04684,47.27159],[-69.05075,47.25648],[-69.03377,47.2404],[-68.9804,47.22011],[-68.96528,47.21252],[-68.96119,47.20569],[-68.95285,47.20689],[-68.95078,47.202],[-68.94106,47.20608],[-68.92844,47.1966],[-68.92374,47.19738],[-68.91995,47.19483],[-68.91978,47.18993],[-68.90844,47.18634],[-68.90003,47.17774],[-68.89552,47.18243],[-68.88215,47.18291],[-68.87103,47.18907],[-68.85744,47.19034],[-68.81153,47.21513],[-68.76435,47.22204],[-68.71702,47.24054],[-68.70511,47.23787],[-68.68715,47.24441],[-68.65985,47.23612],[-68.61751,47.24337],[-68.60752,47.24698],[-68.59355,47.25877],[-68.59767,47.27016],[-68.58005,47.28712],[-68.5498,47.28214],[-68.51677,47.29609],[-68.49016,47.29386],[-68.47503,47.29714],[-68.46562,47.29461],[-68.45849,47.28437],[-68.44877,47.28201],[-68.42981,47.28126],[-68.40985,47.28801],[-68.37786,47.28737],[-68.37472,47.29102],[-68.37632,47.29518],[-68.38479,47.30366],[-68.38084,47.30823],[-68.38471,47.32408],[-68.38015,47.33965],[-68.36899,47.35153],[-68.35185,47.35737],[-68.32767,47.36007],[-68.30326,47.35524],[-68.2848,47.36029],[-68.26491,47.35222],[-68.23447,47.3553],[-68.22812,47.35336],[-68.22372,47.3447],[-68.21453,47.33961],[-68.20235,47.33942],[-68.17605,47.32887],[-68.15468,47.32518],[-68.15221,47.30967],[-68.13589,47.29565],[-68.08194,47.27099],[-68.07399,47.25916],[-68.01967,47.2385],[-67.9897,47.21002],[-67.9732,47.20679],[-67.95342,47.19669],[-67.95146,47.18346],[-67.92866,47.15622],[-67.90983,47.14722],[-67.90349,47.13649],[-67.89086,47.12656],[-67.88817,47.10981],[-67.88292,47.1044],[-67.82111,47.08341],[-67.7902,47.06722],[-67.78125,45.94345],[-67.77784,45.93421],[-67.77347,45.93482],[-67.76594,45.93054],[-67.76624,45.92803],[-67.75856,45.92638],[-67.75063,45.91764],[-67.75537,45.91166],[-67.76532,45.90975],[-67.76953,45.90081],[-67.76805,45.89811],[-67.78584,45.89537],[-67.80296,45.88384],[-67.80481,45.87528],[-67.80455,45.86938],[-67.79615,45.86524],[-67.7985,45.86405],[-67.79711,45.86003],[-67.78992,45.85193],[-67.7688,45.839],[-67.76377,45.82884],[-67.75532,45.82335],[-67.76564,45.81853],[-67.78069,45.81776],[-67.80212,45.80303],[-67.80648,45.7944],[-67.80385,45.7811],[-67.80551,45.76954],[-67.80931,45.76736],[-67.80627,45.75524],[-67.79288,45.75008],[-67.7818,45.73112],[-67.80962,45.72957],[-67.80293,45.69609],[-67.81801,45.69382],[-67.80569,45.68005],[-67.87358,45.6693],[-67.87821,45.67222],[-67.88933,45.67184],[-67.90226,45.68012],[-67.89696,45.6653],[-68.04765,45.63876]]]}},{"type":"Feature","properties":{"key":"upper-valley","name":"Upper Valley (VT–NH)","group":"new-england","parent":"new-england","kind":"counties","definition":"Windsor and Orange counties (Vermont) plus Grafton and Sullivan counties (New Hampshire)","hasSubway":false,"busDefaultOn":true,"members":["Windsor, VT","Orange, VT","Grafton, NH","Sullivan, NH"],"memberCount":4},"geometry":{"type":"Polygon","coordinates":[[[-71.93578,43.52832],[-72.01136,43.43687],[-72.05375,43.4411],[-72.058,43.42292],[-72.04681,43.41086],[-72.0503,43.37828],[-72.09015,43.32255],[-72.06544,43.25508],[-72.04528,43.25477],[-72.04154,43.22272],[-72.00907,43.18788],[-72.03684,43.18247],[-72.02348,43.16013],[-72.03815,43.12881],[-72.1785,43.13187],[-72.15666,43.18197],[-72.33214,43.16284],[-72.33033,43.15517],[-72.37642,43.15773],[-72.37204,43.13212],[-72.43163,43.13564],[-72.43209,43.15982],[-72.45225,43.16135],[-72.45295,43.17164],[-72.44401,43.17933],[-72.45051,43.19261],[-72.43853,43.20159],[-72.44105,43.21819],[-72.43462,43.23326],[-72.54914,43.2359],[-72.68544,43.22258],[-72.81962,43.25601],[-72.8199,43.29937],[-72.86865,43.30053],[-72.86497,43.3487],[-72.8547,43.34928],[-72.85238,43.37628],[-72.82198,43.37571],[-72.82193,43.38061],[-72.75849,43.35331],[-72.76236,43.37141],[-72.7384,43.41704],[-72.72256,43.46008],[-72.72737,43.46106],[-72.72422,43.46817],[-72.77141,43.47857],[-72.76914,43.49151],[-72.78993,43.49455],[-72.78188,43.54393],[-72.7715,43.59109],[-72.75795,43.58742],[-72.69979,43.68458],[-72.81999,43.7167],[-72.80393,43.74097],[-72.81926,43.74631],[-72.78286,43.80401],[-72.7883,43.80644],[-72.7844,43.81383],[-72.79212,43.8165],[-72.79429,43.82124],[-72.79051,43.82329],[-72.79692,43.82916],[-72.83066,43.83912],[-72.83834,43.82925],[-72.87387,43.83963],[-72.8745,43.85806],[-72.95974,43.82608],[-72.97289,43.86677],[-72.98023,43.86397],[-72.98015,43.88292],[-72.95319,43.87486],[-72.87656,43.90277],[-72.87534,43.8677],[-72.87418,43.86406],[-72.86528,43.86166],[-72.81633,43.9378],[-72.81,43.93609],[-72.74224,44.02964],[-72.68287,44.01281],[-72.63448,44.08931],[-72.6291,44.08784],[-72.58656,44.16026],[-72.56399,44.15478],[-72.55971,44.16291],[-72.44338,44.1288],[-72.4192,44.22078],[-72.3052,44.18309],[-72.17436,44.19266],[-72.04358,44.15707],[-72.04229,44.16204],[-72.04719,44.16163],[-72.05183,44.1665],[-72.05833,44.18132],[-72.06616,44.19013],[-72.06433,44.19757],[-72.05874,44.20203],[-72.05948,44.21056],[-72.05258,44.21783],[-72.05363,44.22534],[-72.04766,44.23896],[-72.06152,44.26107],[-72.05833,44.27008],[-72.06475,44.26769],[-72.06848,44.2708],[-72.05864,44.2865],[-72.03288,44.30217],[-72.0328,44.32049],[-72.00909,44.32222],[-71.98814,44.33006],[-71.98142,44.33737],[-71.93404,44.336],[-71.91062,44.34838],[-71.87305,44.33676],[-71.85285,44.34092],[-71.8337,44.35005],[-71.81373,44.35506],[-71.81629,44.3674],[-71.81232,44.37164],[-71.81568,44.37503],[-71.81443,44.38192],[-71.80057,44.38403],[-71.80349,44.39189],[-71.79367,44.39946],[-71.77845,44.39984],[-71.76574,44.40635],[-71.69688,44.33212],[-71.68692,44.33658],[-71.587,44.30476],[-71.57582,44.2546],[-71.50741,44.2629],[-71.50584,44.25556],[-71.46971,44.25994],[-71.44334,44.24917],[-71.4159,44.21217],[-71.42651,44.2109],[-71.41317,44.16746],[-71.38714,44.1552],[-71.37652,44.11887],[-71.37649,44.10407],[-71.38163,44.09787],[-71.36635,44.06852],[-71.34666,44.06882],[-71.38361,44.02261],[-71.36196,43.91594],[-71.5646,43.89317],[-71.54381,43.79604],[-71.53802,43.79648],[-71.52139,43.6978],[-71.64835,43.68451],[-71.65121,43.68055],[-71.64903,43.67072],[-71.65512,43.66126],[-71.65077,43.64399],[-71.65707,43.63084],[-71.65115,43.62112],[-71.66505,43.61357],[-71.66345,43.60496],[-71.67041,43.60457],[-71.68688,43.59526],[-71.70334,43.59461],[-71.70864,43.60117],[-71.71974,43.59528],[-71.72812,43.5949],[-71.73123,43.58814],[-71.71572,43.57823],[-71.72481,43.57059],[-71.72421,43.56637],[-71.72757,43.56341],[-71.73583,43.56932],[-71.74472,43.56516],[-71.76102,43.56773],[-71.7775,43.5525],[-71.78255,43.56058],[-71.79786,43.55938],[-71.80387,43.55285],[-71.81514,43.55092],[-71.81792,43.54421],[-71.8492,43.6112],[-71.89211,43.57462],[-71.93578,43.52832]],[[-72.03956,44.15599],[-72.03959,44.15722],[-72.04196,44.15663],[-72.03956,44.15599]]]}}]}
