{"type":"FeatureCollection","metadata":{"source":"FAA 28-day NASR Airports and Other Landing Facilities (APT)","sourceUrl":"https://www.faa.gov/air_traffic/flight_info/aeronav/Aero_Data/NASR_Subscription/2026-08-06/","effectiveDate":"2026/08/06","count":778,"publicUseCount":174,"note":"Open FAA-listed facilities. Private-use facilities appear only at closer zooms."},"features":[{"type":"Feature","geometry":{"type":"Point","coordinates":[-72.72716666,41.62663055]},"properties":{"group":"airport","dataStatus":"reference","color":"#9be1ff","title":"Berlin Fairgrounds","status":"Private use heliport","details":"Berlin, CT \u00b7 01CT \u00b7 Privately owned \u00b7 47 ft elevation","provider":"FAA NASR 28-day subscription","sourceUrl":"https://www.faa.gov/air_traffic/flight_info/aeronav/Aero_Data/NASR_Subscription/2026-08-06/","faaId":"01CT","icao":"","facilityType":"Heliport","facilityUse":"private","state":"ct","county":"Hartford","effectiveDate":"2026/08/06"}},{"type":"Feature","geometry":{"type":"Point","coordinates":[-71.18006944,42.62509222]},"properties":{"group":"airport","dataStatus":"reference","color":"#9be1ff","title":"Compaq Andover","status":"Private use heliport","details":"Andover, MA \u00b7 01MA \u00b7 Privately owned \u00b7 140 ft elevation","provider":"FAA NASR 28-day subscription","sourceUrl":"https://www.faa.gov/air_traffic/flight_info/aeronav/Aero_Data/NASR_Subscription/2026-08-06/","faaId":"01MA","icao":"","facilityType":"Heliport","facilityUse":"private","state":"ma","county":"Essex","effectiveDate":"2026/08/06"}},{"type":"Feature","geometry":{"type":"Point","coordinates":[-68.50027777,46.77888888]},"properties":{"group":"airport","dataStatus":"reference","color":"#9be1ff","title":"St Peters","status":"Private use seaplane base","details":"Portage Lake, ME \u00b7 01ME \u00b7 Privately owned \u00b7 608 ft elevation","provider":"FAA NASR 28-day subscription","sourceUrl":"https://www.faa.gov/air_traffic/flight_info/aeronav/Aero_Data/NASR_Subscription/2026-08-06/","faaId":"01ME","icao":"","facilityType":"Seaplane base","facilityUse":"private","state":"me","county":"Aroostook","effectiveDate":"2026/08/06"}},{"type":"Feature","geometry":{"type":"Point","coordinates":[-72.08703055,43.64451666]},"properties":{"group":"airport","dataStatus":"reference","color":"#9be1ff","title":"Moore Airfield","status":"Private use airport","details":"Canaan, NH \u00b7 01NH \u00b7 Privately owned \u00b7 835 ft elevation","provider":"FAA NASR 28-day subscription","sourceUrl":"https://www.faa.gov/air_traffic/flight_info/aeronav/Aero_Data/NASR_Subscription/2026-08-06/","faaId":"01NH","icao":"","facilityType":"Airport","facilityUse":"private","state":"nh","county":"Grafton","effectiveDate":"2026/08/06"}},{"type":"Feature","geometry":{"type":"Point","coordinates":[-70.92692222,41.419575]},"properties":{"group":"airport","dataStatus":"reference","color":"#9be1ff","title":"Cuttyhunk","status":"Private use heliport","details":"Gosnold, MA \u00b7 02MA \u00b7 Publicly owned \u00b7 9 ft elevation","provider":"FAA NASR 28-day subscription","sourceUrl":"https://www.faa.gov/air_traffic/flight_info/aeronav/Aero_Data/NASR_Subscription/2026-08-06/","faaId":"02MA","icao":"","facilityType":"Heliport","facilityUse":"private","state":"ma","county":"Bristol","effectiveDate":"2026/08/06"}},{"type":"Feature","geometry":{"type":"Point","coordinates":[-70.92936666,43.5373]},"properties":{"group":"airport","dataStatus":"reference","color":"#9be1ff","title":"Nadeau'S Airfield","status":"Private use airport","details":"Acton, ME \u00b7 02ME \u00b7 Privately owned \u00b7 700 ft elevation","provider":"FAA NASR 28-day subscription","sourceUrl":"https://www.faa.gov/air_traffic/flight_info/aeronav/Aero_Data/NASR_Subscription/2026-08-06/","faaId":"02ME","icao":"","facilityType":"Airport","facilityUse":"private","state":"me","county":"York","effectiveDate":"2026/08/06"}},{"type":"Feature","geometry":{"type":"Point","coordinates":[-71.21905555,44.65713888]},"properties":{"group":"airport","dataStatus":"reference","color":"#9be1ff","title":"Iroquois Landing","status":"Private use seaplane base","details":"Dummer, NH \u00b7 02NH \u00b7 Privately owned \u00b7 1180 ft elevation","provider":"FAA NASR 28-day subscription","sourceUrl":"https://www.faa.gov/air_traffic/flight_info/aeronav/Aero_Data/NASR_Subscription/2026-08-06/","faaId":"02NH","icao":"","facilityType":"Seaplane base","facilityUse":"private","state":"nh","county":"Coos","effectiveDate":"2026/08/06"}},{"type":"Feature","geometry":{"type":"Point","coordinates":[-71.304886,41.457931]},"properties":{"group":"airport","dataStatus":"reference","color":"#9be1ff","title":"Miramar Residence","status":"Private use heliport","details":"Newport, RI \u00b7 02RI \u00b7 Privately owned \u00b7 36 ft elevation","provider":"FAA NASR 28-day subscription","sourceUrl":"https://www.faa.gov/air_traffic/flight_info/aeronav/Aero_Data/NASR_Subscription/2026-08-06/","faaId":"02RI","icao":"","facilityType":"Heliport","facilityUse":"private","state":"ri","county":"Newport","effectiveDate":"2026/08/06"}},{"type":"Feature","geometry":{"type":"Point","coordinates":[-69.88705555,44.31522222]},"properties":{"group":"airport","dataStatus":"reference","color":"#9be1ff","title":"Lakeside Lodge And Marina","status":"Public use seaplane base","details":"East Winthrop, ME \u00b7 03M \u00b7 Privately owned \u00b7 165 ft elevation","provider":"FAA NASR 28-day subscription","sourceUrl":"https://www.faa.gov/air_traffic/flight_info/aeronav/Aero_Data/NASR_Subscription/2026-08-06/","faaId":"03M","icao":"","facilityType":"Seaplane base","facilityUse":"public","state":"me","county":"Kennebec","effectiveDate":"2026/08/06"}},{"type":"Feature","geometry":{"type":"Point","coordinates":[-72.55203222,42.39314472]},"properties":{"group":"airport","dataStatus":"reference","color":"#9be1ff","title":"Hadley","status":"Private use airport","details":"Hadley, MA \u00b7 03MA \u00b7 Privately owned \u00b7 150 ft elevation","provider":"FAA NASR 28-day subscription","sourceUrl":"https://www.faa.gov/air_traffic/flight_info/aeronav/Aero_Data/NASR_Subscription/2026-08-06/","faaId":"03MA","icao":"","facilityType":"Airport","facilityUse":"private","state":"ma","county":"Hampshire","effectiveDate":"2026/08/06"}},{"type":"Feature","geometry":{"type":"Point","coordinates":[-70.62728277,44.08423722]},"properties":{"group":"airport","dataStatus":"reference","color":"#9be1ff","title":"Maple Ridge","status":"Private use airport","details":"Harrison, ME \u00b7 03ME \u00b7 Privately owned \u00b7 556 ft elevation","provider":"FAA NASR 28-day subscription","sourceUrl":"https://www.faa.gov/air_traffic/flight_info/aeronav/Aero_Data/NASR_Subscription/2026-08-06/","faaId":"03ME","icao":"","facilityType":"Airport","facilityUse":"private","state":"me","county":"Cumberland","effectiveDate":"2026/08/06"}},{"type":"Feature","geometry":{"type":"Point","coordinates":[-71.62416666,42.81611388]},"properties":{"group":"airport","dataStatus":"reference","color":"#9be1ff","title":"Lorden","status":"Private use heliport","details":"Milford, NH \u00b7 03NH \u00b7 Privately owned \u00b7 420 ft elevation","provider":"FAA NASR 28-day subscription","sourceUrl":"https://www.faa.gov/air_traffic/flight_info/aeronav/Aero_Data/NASR_Subscription/2026-08-06/","faaId":"03NH","icao":"","facilityType":"Heliport","facilityUse":"private","state":"nh","county":"Hillsborough","effectiveDate":"2026/08/06"}},{"type":"Feature","geometry":{"type":"Point","coordinates":[-71.13922527,42.80981138]},"properties":{"group":"airport","dataStatus":"reference","color":"#9be1ff","title":"Goddard","status":"Private use airport","details":"Haverhill, MA \u00b7 04MA \u00b7 Privately owned \u00b7 200 ft elevation","provider":"FAA NASR 28-day subscription","sourceUrl":"https://www.faa.gov/air_traffic/flight_info/aeronav/Aero_Data/NASR_Subscription/2026-08-06/","faaId":"04MA","icao":"","facilityType":"Airport","facilityUse":"private","state":"ma","county":"Essex","effectiveDate":"2026/08/06"}},{"type":"Feature","geometry":{"type":"Point","coordinates":[-69.89394416,44.66672861]},"properties":{"group":"airport","dataStatus":"reference","color":"#9be1ff","title":"Beech Hill","status":"Private use airport","details":"Mercer, ME \u00b7 04ME \u00b7 Privately owned \u00b7 625 ft elevation","provider":"FAA NASR 28-day subscription","sourceUrl":"https://www.faa.gov/air_traffic/flight_info/aeronav/Aero_Data/NASR_Subscription/2026-08-06/","faaId":"04ME","icao":"","facilityType":"Airport","facilityUse":"private","state":"me","county":"Somerset","effectiveDate":"2026/08/06"}},{"type":"Feature","geometry":{"type":"Point","coordinates":[-72.26361111,44.40111111]},"properties":{"group":"airport","dataStatus":"reference","color":"#9be1ff","title":"Lightning Bolt Fld","status":"Private use airport","details":"Cabot, VT \u00b7 04VT \u00b7 Privately owned \u00b7 2156 ft elevation","provider":"FAA NASR 28-day subscription","sourceUrl":"https://www.faa.gov/air_traffic/flight_info/aeronav/Aero_Data/NASR_Subscription/2026-08-06/","faaId":"04VT","icao":"","facilityType":"Airport","facilityUse":"private","state":"vt","county":"Washington","effectiveDate":"2026/08/06"}},{"type":"Feature","geometry":{"type":"Point","coordinates":[-67.93196833,47.15893194]},"properties":{"group":"airport","dataStatus":"reference","color":"#9be1ff","title":"Van Buren","status":"Public use seaplane base","details":"Van Buren, ME \u00b7 05B \u00b7 Publicly owned \u00b7 440 ft elevation","provider":"FAA NASR 28-day subscription","sourceUrl":"https://www.faa.gov/air_traffic/flight_info/aeronav/Aero_Data/NASR_Subscription/2026-08-06/","faaId":"05B","icao":"","facilityType":"Seaplane base","facilityUse":"public","state":"me","county":"Aroostook","effectiveDate":"2026/08/06"}},{"type":"Feature","geometry":{"type":"Point","coordinates":[-70.91229722,42.69308055]},"properties":{"group":"airport","dataStatus":"reference","color":"#9be1ff","title":"Bentley","status":"Private use heliport","details":"Ipswich, MA \u00b7 05MA \u00b7 Privately owned \u00b7 71 ft elevation","provider":"FAA NASR 28-day subscription","sourceUrl":"https://www.faa.gov/air_traffic/flight_info/aeronav/Aero_Data/NASR_Subscription/2026-08-06/","faaId":"05MA","icao":"","facilityType":"Heliport","facilityUse":"private","state":"ma","county":"Essex","effectiveDate":"2026/08/06"}},{"type":"Feature","geometry":{"type":"Point","coordinates":[-67.55916,44.65702166]},"properties":{"group":"airport","dataStatus":"reference","color":"#9be1ff","title":"Drisko Kelley","status":"Private use airport","details":"Jonesboro, ME \u00b7 05ME \u00b7 Privately owned \u00b7 70 ft elevation","provider":"FAA NASR 28-day subscription","sourceUrl":"https://www.faa.gov/air_traffic/flight_info/aeronav/Aero_Data/NASR_Subscription/2026-08-06/","faaId":"05ME","icao":"","facilityType":"Airport","facilityUse":"private","state":"me","county":"Washington","effectiveDate":"2026/08/06"}},{"type":"Feature","geometry":{"type":"Point","coordinates":[-73.08629722,45.01236666]},"properties":{"group":"airport","dataStatus":"reference","color":"#9be1ff","title":"Port Of Highgate Springs","status":"Private use heliport","details":"Highgate Springs, VT \u00b7 05VT \u00b7 Privately owned \u00b7 230 ft elevation","provider":"FAA NASR 28-day subscription","sourceUrl":"https://www.faa.gov/air_traffic/flight_info/aeronav/Aero_Data/NASR_Subscription/2026-08-06/","faaId":"05VT","icao":"","facilityType":"Heliport","facilityUse":"private","state":"vt","county":"Franklin","effectiveDate":"2026/08/06"}},{"type":"Feature","geometry":{"type":"Point","coordinates":[-68.80503611,44.90701333]},"properties":{"group":"airport","dataStatus":"reference","color":"#9be1ff","title":"Lucky Landing Marina","status":"Public use seaplane base","details":"Bangor, ME \u00b7 06B \u00b7 Privately owned \u00b7 115 ft elevation","provider":"FAA NASR 28-day subscription","sourceUrl":"https://www.faa.gov/air_traffic/flight_info/aeronav/Aero_Data/NASR_Subscription/2026-08-06/","faaId":"06B","icao":"","facilityType":"Seaplane base","facilityUse":"public","state":"me","county":"Penobscot","effectiveDate":"2026/08/06"}},{"type":"Feature","geometry":{"type":"Point","coordinates":[-71.91276388,41.9068325]},"properties":{"group":"airport","dataStatus":"reference","color":"#9be1ff","title":"Day Kimball Healthcare","status":"Private use heliport","details":"Putnam, CT \u00b7 06CT \u00b7 Privately owned \u00b7 295 ft elevation","provider":"FAA NASR 28-day subscription","sourceUrl":"https://www.faa.gov/air_traffic/flight_info/aeronav/Aero_Data/NASR_Subscription/2026-08-06/","faaId":"06CT","icao":"","facilityType":"Heliport","facilityUse":"private","state":"ct","county":"Windham","effectiveDate":"2026/08/06"}},{"type":"Feature","geometry":{"type":"Point","coordinates":[-71.60895805,42.69064444]},"properties":{"group":"airport","dataStatus":"reference","color":"#9be1ff","title":"The Barn","status":"Private use heliport","details":"Pepperell, MA \u00b7 06MA \u00b7 Privately owned \u00b7 210 ft elevation","provider":"FAA NASR 28-day subscription","sourceUrl":"https://www.faa.gov/air_traffic/flight_info/aeronav/Aero_Data/NASR_Subscription/2026-08-06/","faaId":"06MA","icao":"","facilityType":"Heliport","facilityUse":"private","state":"ma","county":"Middlesex","effectiveDate":"2026/08/06"}},{"type":"Feature","geometry":{"type":"Point","coordinates":[-70.844275,44.41524722]},"properties":{"group":"airport","dataStatus":"reference","color":"#9be1ff","title":"Barker","status":"Private use heliport","details":"Bethel, ME \u00b7 06ME \u00b7 Privately owned \u00b7 649 ft elevation","provider":"FAA NASR 28-day subscription","sourceUrl":"https://www.faa.gov/air_traffic/flight_info/aeronav/Aero_Data/NASR_Subscription/2026-08-06/","faaId":"06ME","icao":"","facilityType":"Heliport","facilityUse":"private","state":"me","county":"Oxford","effectiveDate":"2026/08/06"}},{"type":"Feature","geometry":{"type":"Point","coordinates":[-70.97311111,42.92842222]},"properties":{"group":"airport","dataStatus":"reference","color":"#9be1ff","title":"Cole Farm","status":"Private use airport","details":"Kensington, NH \u00b7 06NH \u00b7 Privately owned \u00b7 160 ft elevation","provider":"FAA NASR 28-day subscription","sourceUrl":"https://www.faa.gov/air_traffic/flight_info/aeronav/Aero_Data/NASR_Subscription/2026-08-06/","faaId":"06NH","icao":"","facilityType":"Airport","facilityUse":"private","state":"nh","county":"Rockingham","effectiveDate":"2026/08/06"}},{"type":"Feature","geometry":{"type":"Point","coordinates":[-70.70948055,41.9170475]},"properties":{"group":"airport","dataStatus":"reference","color":"#9be1ff","title":"West Pond","status":"Private use heliport","details":"Plymouth, MA \u00b7 07MA \u00b7 Privately owned \u00b7 149 ft elevation","provider":"FAA NASR 28-day subscription","sourceUrl":"https://www.faa.gov/air_traffic/flight_info/aeronav/Aero_Data/NASR_Subscription/2026-08-06/","faaId":"07MA","icao":"","facilityType":"Heliport","facilityUse":"private","state":"ma","county":"Plymouth","effectiveDate":"2026/08/06"}},{"type":"Feature","geometry":{"type":"Point","coordinates":[-72.06388888,43.17555555]},"properties":{"group":"airport","dataStatus":"reference","color":"#9be1ff","title":"Diving Rock","status":"Private use seaplane base","details":"Washington, NH \u00b7 07NH \u00b7 Privately owned \u00b7 1404 ft elevation","provider":"FAA NASR 28-day subscription","sourceUrl":"https://www.faa.gov/air_traffic/flight_info/aeronav/Aero_Data/NASR_Subscription/2026-08-06/","faaId":"07NH","icao":"","facilityType":"Seaplane base","facilityUse":"private","state":"nh","county":"Sullivan","effectiveDate":"2026/08/06"}},{"type":"Feature","geometry":{"type":"Point","coordinates":[-72.91472222,44.44722222]},"properties":{"group":"airport","dataStatus":"reference","color":"#9be1ff","title":"Meadow","status":"Private use airport","details":"Jericho, VT \u00b7 07VT \u00b7 Privately owned \u00b7 801 ft elevation","provider":"FAA NASR 28-day subscription","sourceUrl":"https://www.faa.gov/air_traffic/flight_info/aeronav/Aero_Data/NASR_Subscription/2026-08-06/","faaId":"07VT","icao":"","facilityType":"Airport","facilityUse":"private","state":"vt","county":"Chittenden","effectiveDate":"2026/08/06"}},{"type":"Feature","geometry":{"type":"Point","coordinates":[-69.88713888,44.0]},"properties":{"group":"airport","dataStatus":"reference","color":"#9be1ff","title":"Merrymeeting Fld","status":"Public use airport","details":"Bowdoinham, ME \u00b7 08B \u00b7 Privately owned \u00b7 61.2 ft elevation","provider":"FAA NASR 28-day subscription","sourceUrl":"https://www.faa.gov/air_traffic/flight_info/aeronav/Aero_Data/NASR_Subscription/2026-08-06/","faaId":"08B","icao":"","facilityType":"Airport","facilityUse":"public","state":"me","county":"Sagadahoc","effectiveDate":"2026/08/06"}},{"type":"Feature","geometry":{"type":"Point","coordinates":[-73.09314722,41.89599722]},"properties":{"group":"airport","dataStatus":"reference","color":"#9be1ff","title":"Seavair'S Landing","status":"Private use seaplane base","details":"Winsted, CT \u00b7 08CT \u00b7 Privately owned \u00b7 881 ft elevation","provider":"FAA NASR 28-day subscription","sourceUrl":"https://www.faa.gov/air_traffic/flight_info/aeronav/Aero_Data/NASR_Subscription/2026-08-06/","faaId":"08CT","icao":"","facilityType":"Seaplane base","facilityUse":"private","state":"ct","county":"Litchfield","effectiveDate":"2026/08/06"}},{"type":"Feature","geometry":{"type":"Point","coordinates":[-70.34534361,44.81422388]},"properties":{"group":"airport","dataStatus":"reference","color":"#9be1ff","title":"Lindbergh","status":"Private use airport","details":"Avon, ME \u00b7 08ME \u00b7 Privately owned \u00b7 554 ft elevation","provider":"FAA NASR 28-day subscription","sourceUrl":"https://www.faa.gov/air_traffic/flight_info/aeronav/Aero_Data/NASR_Subscription/2026-08-06/","faaId":"08ME","icao":"","facilityType":"Airport","facilityUse":"private","state":"me","county":"Franklin","effectiveDate":"2026/08/06"}},{"type":"Feature","geometry":{"type":"Point","coordinates":[-71.13717222,44.06248611]},"properties":{"group":"airport","dataStatus":"reference","color":"#9be1ff","title":"Meml Hospital","status":"Private use heliport","details":"North Conway, NH \u00b7 08NH \u00b7 Privately owned \u00b7 574 ft elevation","provider":"FAA NASR 28-day subscription","sourceUrl":"https://www.faa.gov/air_traffic/flight_info/aeronav/Aero_Data/NASR_Subscription/2026-08-06/","faaId":"08NH","icao":"","facilityType":"Heliport","facilityUse":"private","state":"nh","county":"Carroll","effectiveDate":"2026/08/06"}},{"type":"Feature","geometry":{"type":"Point","coordinates":[-71.62063888,41.4895]},"properties":{"group":"airport","dataStatus":"reference","color":"#9be1ff","title":"Richmond","status":"Public use airport","details":"West Kingston, RI \u00b7 08R \u00b7 Privately owned \u00b7 130.4 ft elevation","provider":"FAA NASR 28-day subscription","sourceUrl":"https://www.faa.gov/air_traffic/flight_info/aeronav/Aero_Data/NASR_Subscription/2026-08-06/","faaId":"08R","icao":"","facilityType":"Airport","facilityUse":"public","state":"ri","county":"Washington","effectiveDate":"2026/08/06"}},{"type":"Feature","geometry":{"type":"Point","coordinates":[-70.85472222,43.34083333]},"properties":{"group":"airport","dataStatus":"reference","color":"#9be1ff","title":"Perrotti Skyranch Airfield","status":"Private use airport","details":"Berwick, ME \u00b7 09ME \u00b7 Privately owned \u00b7 260 ft elevation","provider":"FAA NASR 28-day subscription","sourceUrl":"https://www.faa.gov/air_traffic/flight_info/aeronav/Aero_Data/NASR_Subscription/2026-08-06/","faaId":"09ME","icao":"","facilityType":"Airport","facilityUse":"private","state":"me","county":"York","effectiveDate":"2026/08/06"}},{"type":"Feature","geometry":{"type":"Point","coordinates":[-70.80991666,44.42516666]},"properties":{"group":"airport","dataStatus":"reference","color":"#9be1ff","title":"Bethel Rgnl","status":"Public use airport","details":"Bethel, ME \u00b7 0B1 \u00b7 Publicly owned \u00b7 674 ft elevation","provider":"FAA NASR 28-day subscription","sourceUrl":"https://www.faa.gov/air_traffic/flight_info/aeronav/Aero_Data/NASR_Subscription/2026-08-06/","faaId":"0B1","icao":"","facilityType":"Airport","facilityUse":"public","state":"me","county":"Oxford","effectiveDate":"2026/08/06"}},{"type":"Feature","geometry":{"type":"Point","coordinates":[-68.76786111,44.76383333]},"properties":{"group":"airport","dataStatus":"reference","color":"#9be1ff","title":"Brewer","status":"Public use airport","details":"Brewer, ME \u00b7 0B2 \u00b7 Privately owned \u00b7 124.5 ft elevation","provider":"FAA NASR 28-day subscription","sourceUrl":"https://www.faa.gov/air_traffic/flight_info/aeronav/Aero_Data/NASR_Subscription/2026-08-06/","faaId":"0B2","icao":"","facilityType":"Airport","facilityUse":"public","state":"me","county":"Penobscot","effectiveDate":"2026/08/06"}},{"type":"Feature","geometry":{"type":"Point","coordinates":[-72.523,42.59161111]},"properties":{"group":"airport","dataStatus":"reference","color":"#9be1ff","title":"Turners Falls","status":"Public use airport","details":"Montague, MA \u00b7 0B5 \u00b7 Publicly owned \u00b7 358.7 ft elevation","provider":"FAA NASR 28-day subscription","sourceUrl":"https://www.faa.gov/air_traffic/flight_info/aeronav/Aero_Data/NASR_Subscription/2026-08-06/","faaId":"0B5","icao":"","facilityType":"Airport","facilityUse":"public","state":"ma","county":"Franklin","effectiveDate":"2026/08/06"}},{"type":"Feature","geometry":{"type":"Point","coordinates":[-72.827,44.11738888]},"properties":{"group":"airport","dataStatus":"reference","color":"#9be1ff","title":"Warren-Sugarbush","status":"Public use airport","details":"Warren, VT \u00b7 0B7 \u00b7 Privately owned \u00b7 1470 ft elevation","provider":"FAA NASR 28-day subscription","sourceUrl":"https://www.faa.gov/air_traffic/flight_info/aeronav/Aero_Data/NASR_Subscription/2026-08-06/","faaId":"0B7","icao":"","facilityType":"Airport","facilityUse":"public","state":"vt","county":"Washington","effectiveDate":"2026/08/06"}},{"type":"Feature","geometry":{"type":"Point","coordinates":[-73.48097777,41.88121944]},"properties":{"group":"airport","dataStatus":"reference","color":"#9be1ff","title":"Sharon Hospital","status":"Private use heliport","details":"Sharon, CT \u00b7 0CT0 \u00b7 Privately owned \u00b7 640 ft elevation","provider":"FAA NASR 28-day subscription","sourceUrl":"https://www.faa.gov/air_traffic/flight_info/aeronav/Aero_Data/NASR_Subscription/2026-08-06/","faaId":"0CT0","icao":"","facilityType":"Heliport","facilityUse":"private","state":"ct","county":"Litchfield","effectiveDate":"2026/08/06"}},{"type":"Feature","geometry":{"type":"Point","coordinates":[-72.22556111,41.71681111]},"properties":{"group":"airport","dataStatus":"reference","color":"#9be1ff","title":"Windham Hospital","status":"Private use heliport","details":"Willimantic, CT \u00b7 0CT2 \u00b7 Privately owned \u00b7 330 ft elevation","provider":"FAA NASR 28-day subscription","sourceUrl":"https://www.faa.gov/air_traffic/flight_info/aeronav/Aero_Data/NASR_Subscription/2026-08-06/","faaId":"0CT2","icao":"","facilityType":"Heliport","facilityUse":"private","state":"ct","county":"Windham","effectiveDate":"2026/08/06"}},{"type":"Feature","geometry":{"type":"Point","coordinates":[-72.78784166,41.66155]},"properties":{"group":"airport","dataStatus":"reference","color":"#9be1ff","title":"N B G H","status":"Private use heliport","details":"New Britain, CT \u00b7 0CT3 \u00b7 Publicly owned \u00b7 431 ft elevation","provider":"FAA NASR 28-day subscription","sourceUrl":"https://www.faa.gov/air_traffic/flight_info/aeronav/Aero_Data/NASR_Subscription/2026-08-06/","faaId":"0CT3","icao":"","facilityType":"Heliport","facilityUse":"private","state":"ct","county":"Hartford","effectiveDate":"2026/08/06"}},{"type":"Feature","geometry":{"type":"Point","coordinates":[-72.69778611,41.77492777]},"properties":{"group":"airport","dataStatus":"reference","color":"#9be1ff","title":"St Francis Hospital","status":"Private use heliport","details":"Hartford, CT \u00b7 0CT5 \u00b7 Privately owned \u00b7 184 ft elevation","provider":"FAA NASR 28-day subscription","sourceUrl":"https://www.faa.gov/air_traffic/flight_info/aeronav/Aero_Data/NASR_Subscription/2026-08-06/","faaId":"0CT5","icao":"","facilityType":"Heliport","facilityUse":"private","state":"ct","county":"Hartford","effectiveDate":"2026/08/06"}},{"type":"Feature","geometry":{"type":"Point","coordinates":[-73.16674722,41.18838055]},"properties":{"group":"airport","dataStatus":"reference","color":"#9be1ff","title":"Bridgeport Hospital","status":"Private use heliport","details":"Bridgeport, CT \u00b7 0CT7 \u00b7 Privately owned \u00b7 80 ft elevation","provider":"FAA NASR 28-day subscription","sourceUrl":"https://www.faa.gov/air_traffic/flight_info/aeronav/Aero_Data/NASR_Subscription/2026-08-06/","faaId":"0CT7","icao":"","facilityType":"Heliport","facilityUse":"private","state":"ct","county":"Fairfield","effectiveDate":"2026/08/06"}},{"type":"Feature","geometry":{"type":"Point","coordinates":[-73.44528888,41.40530833]},"properties":{"group":"airport","dataStatus":"reference","color":"#9be1ff","title":"Danbury Hospital","status":"Private use heliport","details":"Danbury, CT \u00b7 0CT8 \u00b7 Privately owned \u00b7 510 ft elevation","provider":"FAA NASR 28-day subscription","sourceUrl":"https://www.faa.gov/air_traffic/flight_info/aeronav/Aero_Data/NASR_Subscription/2026-08-06/","faaId":"0CT8","icao":"","facilityType":"Heliport","facilityUse":"private","state":"ct","county":"Fairfield","effectiveDate":"2026/08/06"}},{"type":"Feature","geometry":{"type":"Point","coordinates":[-72.67863888,41.75459722]},"properties":{"group":"airport","dataStatus":"reference","color":"#9be1ff","title":"Hartford Hospital","status":"Private use heliport","details":"Hartford, CT \u00b7 0CT9 \u00b7 Privately owned \u00b7 211 ft elevation","provider":"FAA NASR 28-day subscription","sourceUrl":"https://www.faa.gov/air_traffic/flight_info/aeronav/Aero_Data/NASR_Subscription/2026-08-06/","faaId":"0CT9","icao":"","facilityType":"Heliport","facilityUse":"private","state":"ct","county":"Hartford","effectiveDate":"2026/08/06"}},{"type":"Feature","geometry":{"type":"Point","coordinates":[-71.06922777,42.36368333]},"properties":{"group":"airport","dataStatus":"reference","color":"#9be1ff","title":"Massachusetts General Hospital","status":"Private use heliport","details":"Boston, MA \u00b7 0MA1 \u00b7 Privately owned \u00b7 195 ft elevation","provider":"FAA NASR 28-day subscription","sourceUrl":"https://www.faa.gov/air_traffic/flight_info/aeronav/Aero_Data/NASR_Subscription/2026-08-06/","faaId":"0MA1","icao":"","facilityType":"Heliport","facilityUse":"private","state":"ma","county":"Suffolk","effectiveDate":"2026/08/06"}},{"type":"Feature","geometry":{"type":"Point","coordinates":[-71.760625,42.54058055]},"properties":{"group":"airport","dataStatus":"reference","color":"#9be1ff","title":"Healthalliance Hospital-Leominster","status":"Private use heliport","details":"Leominster, MA \u00b7 0MA2 \u00b7 Privately owned \u00b7 450 ft elevation","provider":"FAA NASR 28-day subscription","sourceUrl":"https://www.faa.gov/air_traffic/flight_info/aeronav/Aero_Data/NASR_Subscription/2026-08-06/","faaId":"0MA2","icao":"","facilityType":"Heliport","facilityUse":"private","state":"ma","county":"Worcester","effectiveDate":"2026/08/06"}},{"type":"Feature","geometry":{"type":"Point","coordinates":[-71.23142222,41.78622777]},"properties":{"group":"airport","dataStatus":"reference","color":"#9be1ff","title":"Reh","status":"Private use heliport","details":"Rehoboth, MA \u00b7 0MA3 \u00b7 Privately owned \u00b7 100 ft elevation","provider":"FAA NASR 28-day subscription","sourceUrl":"https://www.faa.gov/air_traffic/flight_info/aeronav/Aero_Data/NASR_Subscription/2026-08-06/","faaId":"0MA3","icao":"","facilityType":"Heliport","facilityUse":"private","state":"ma","county":"Bristol","effectiveDate":"2026/08/06"}},{"type":"Feature","geometry":{"type":"Point","coordinates":[-71.07136666,42.33382222]},"properties":{"group":"airport","dataStatus":"reference","color":"#9be1ff","title":"Boston Medical Center Hospital","status":"Private use heliport","details":"Boston, MA \u00b7 0MA4 \u00b7 Privately owned \u00b7 15 ft elevation","provider":"FAA NASR 28-day subscription","sourceUrl":"https://www.faa.gov/air_traffic/flight_info/aeronav/Aero_Data/NASR_Subscription/2026-08-06/","faaId":"0MA4","icao":"","facilityType":"Heliport","facilityUse":"private","state":"ma","county":"Suffolk","effectiveDate":"2026/08/06"}},{"type":"Feature","geometry":{"type":"Point","coordinates":[-71.05587944,42.05593333]},"properties":{"group":"airport","dataStatus":"reference","color":"#9be1ff","title":"Brockton Usar Center","status":"Private use heliport","details":"Brockton, MA \u00b7 0MA5 \u00b7 Privately owned \u00b7 85 ft elevation","provider":"FAA NASR 28-day subscription","sourceUrl":"https://www.faa.gov/air_traffic/flight_info/aeronav/Aero_Data/NASR_Subscription/2026-08-06/","faaId":"0MA5","icao":"","facilityType":"Heliport","facilityUse":"private","state":"ma","county":"Plymouth","effectiveDate":"2026/08/06"}},{"type":"Feature","geometry":{"type":"Point","coordinates":[-71.13255277,42.36509694]},"properties":{"group":"airport","dataStatus":"reference","color":"#9be1ff","title":"Wbz","status":"Private use heliport","details":"Boston, MA \u00b7 0MA6 \u00b7 Privately owned \u00b7 9 ft elevation","provider":"FAA NASR 28-day subscription","sourceUrl":"https://www.faa.gov/air_traffic/flight_info/aeronav/Aero_Data/NASR_Subscription/2026-08-06/","faaId":"0MA6","icao":"","facilityType":"Heliport","facilityUse":"private","state":"ma","county":"Suffolk","effectiveDate":"2026/08/06"}},{"type":"Feature","geometry":{"type":"Point","coordinates":[-71.90839166,42.50485277]},"properties":{"group":"airport","dataStatus":"reference","color":"#9be1ff","title":"Lleia Kyle O'Meara","status":"Private use heliport","details":"Westminster, MA \u00b7 0MA9 \u00b7 Privately owned \u00b7 1230 ft elevation","provider":"FAA NASR 28-day subscription","sourceUrl":"https://www.faa.gov/air_traffic/flight_info/aeronav/Aero_Data/NASR_Subscription/2026-08-06/","faaId":"0MA9","icao":"","facilityType":"Heliport","facilityUse":"private","state":"ma","county":"Worcester","effectiveDate":"2026/08/06"}},{"type":"Feature","geometry":{"type":"Point","coordinates":[-68.47440277,44.74246944]},"properties":{"group":"airport","dataStatus":"reference","color":"#9be1ff","title":"Peasley Fld","status":"Private use airport","details":"Otis, ME \u00b7 0ME4 \u00b7 Privately owned \u00b7 271 ft elevation","provider":"FAA NASR 28-day subscription","sourceUrl":"https://www.faa.gov/air_traffic/flight_info/aeronav/Aero_Data/NASR_Subscription/2026-08-06/","faaId":"0ME4","icao":"","facilityType":"Airport","facilityUse":"private","state":"me","county":"Hancock","effectiveDate":"2026/08/06"}},{"type":"Feature","geometry":{"type":"Point","coordinates":[-70.46201666,43.83971666]},"properties":{"group":"airport","dataStatus":"reference","color":"#9be1ff","title":"Sebago Lake Basin","status":"Private use seaplane base","details":"North Windham, ME \u00b7 0ME7 \u00b7 Privately owned \u00b7 266 ft elevation","provider":"FAA NASR 28-day subscription","sourceUrl":"https://www.faa.gov/air_traffic/flight_info/aeronav/Aero_Data/NASR_Subscription/2026-08-06/","faaId":"0ME7","icao":"","facilityType":"Seaplane base","facilityUse":"private","state":"me","county":"Cumberland","effectiveDate":"2026/08/06"}},{"type":"Feature","geometry":{"type":"Point","coordinates":[-71.455016,43.092465]},"properties":{"group":"airport","dataStatus":"reference","color":"#9be1ff","title":"Hooksett/Brady Sullivan","status":"Private use heliport","details":"Hooksett, NH \u00b7 0NH3 \u00b7 Privately owned \u00b7 294 ft elevation","provider":"FAA NASR 28-day subscription","sourceUrl":"https://www.faa.gov/air_traffic/flight_info/aeronav/Aero_Data/NASR_Subscription/2026-08-06/","faaId":"0NH3","icao":"","facilityType":"Heliport","facilityUse":"private","state":"nh","county":"Merrimack","effectiveDate":"2026/08/06"}},{"type":"Feature","geometry":{"type":"Point","coordinates":[-70.8469,43.15183055]},"properties":{"group":"airport","dataStatus":"reference","color":"#9be1ff","title":"Leinsing","status":"Private use heliport","details":"Dover, NH \u00b7 0NH7 \u00b7 Privately owned \u00b7 10 ft elevation","provider":"FAA NASR 28-day subscription","sourceUrl":"https://www.faa.gov/air_traffic/flight_info/aeronav/Aero_Data/NASR_Subscription/2026-08-06/","faaId":"0NH7","icao":"","facilityType":"Heliport","facilityUse":"private","state":"nh","county":"Strafford","effectiveDate":"2026/08/06"}},{"type":"Feature","geometry":{"type":"Point","coordinates":[-73.180857,41.176296]},"properties":{"group":"airport","dataStatus":"reference","color":"#9be1ff","title":"Steel Pointe Harbor","status":"Private use heliport","details":"Bridgeport, CT \u00b7 10CT \u00b7 Privately owned \u00b7 16 ft elevation","provider":"FAA NASR 28-day subscription","sourceUrl":"https://www.faa.gov/air_traffic/flight_info/aeronav/Aero_Data/NASR_Subscription/2026-08-06/","faaId":"10CT","icao":"","facilityType":"Heliport","facilityUse":"private","state":"ct","county":"Fairfield","effectiveDate":"2026/08/06"}},{"type":"Feature","geometry":{"type":"Point","coordinates":[-68.51663611,45.34871388]},"properties":{"group":"airport","dataStatus":"reference","color":"#9be1ff","title":"Pvh","status":"Private use heliport","details":"Lincoln, ME \u00b7 10ME \u00b7 Privately owned \u00b7 368 ft elevation","provider":"FAA NASR 28-day subscription","sourceUrl":"https://www.faa.gov/air_traffic/flight_info/aeronav/Aero_Data/NASR_Subscription/2026-08-06/","faaId":"10ME","icao":"","facilityType":"Heliport","facilityUse":"private","state":"me","county":"Penobscot","effectiveDate":"2026/08/06"}},{"type":"Feature","geometry":{"type":"Point","coordinates":[-71.17966666,42.87408333]},"properties":{"group":"airport","dataStatus":"reference","color":"#9be1ff","title":"Clark","status":"Private use heliport","details":"Hampstead, NH \u00b7 10NH \u00b7 Privately owned \u00b7 320 ft elevation","provider":"FAA NASR 28-day subscription","sourceUrl":"https://www.faa.gov/air_traffic/flight_info/aeronav/Aero_Data/NASR_Subscription/2026-08-06/","faaId":"10NH","icao":"","facilityType":"Heliport","facilityUse":"private","state":"nh","county":"Rockingham","effectiveDate":"2026/08/06"}},{"type":"Feature","geometry":{"type":"Point","coordinates":[-70.75837,41.80732527]},"properties":{"group":"airport","dataStatus":"reference","color":"#9be1ff","title":"Bulljump","status":"Private use airport","details":"Wareham, MA \u00b7 11MA \u00b7 Privately owned \u00b7 60 ft elevation","provider":"FAA NASR 28-day subscription","sourceUrl":"https://www.faa.gov/air_traffic/flight_info/aeronav/Aero_Data/NASR_Subscription/2026-08-06/","faaId":"11MA","icao":"","facilityType":"Airport","facilityUse":"private","state":"ma","county":"Plymouth","effectiveDate":"2026/08/06"}},{"type":"Feature","geometry":{"type":"Point","coordinates":[-73.46208333,41.56916666]},"properties":{"group":"airport","dataStatus":"reference","color":"#9be1ff","title":"Candlelight Farms","status":"Public use airport","details":"New Milford, CT \u00b7 11N \u00b7 Privately owned \u00b7 675 ft elevation","provider":"FAA NASR 28-day subscription","sourceUrl":"https://www.faa.gov/air_traffic/flight_info/aeronav/Aero_Data/NASR_Subscription/2026-08-06/","faaId":"11N","icao":"","facilityType":"Airport","facilityUse":"public","state":"ct","county":"Litchfield","effectiveDate":"2026/08/06"}},{"type":"Feature","geometry":{"type":"Point","coordinates":[-72.78882777,43.65345555]},"properties":{"group":"airport","dataStatus":"reference","color":"#9be1ff","title":"Burke","status":"Private use heliport","details":"Killington, VT \u00b7 11VT \u00b7 Privately owned \u00b7 1766 ft elevation","provider":"FAA NASR 28-day subscription","sourceUrl":"https://www.faa.gov/air_traffic/flight_info/aeronav/Aero_Data/NASR_Subscription/2026-08-06/","faaId":"11VT","icao":"","facilityType":"Heliport","facilityUse":"private","state":"vt","county":"Rutland","effectiveDate":"2026/08/06"}},{"type":"Feature","geometry":{"type":"Point","coordinates":[-71.44269444,42.20705555]},"properties":{"group":"airport","dataStatus":"reference","color":"#9be1ff","title":"Mellen Street","status":"Private use heliport","details":"Holliston, MA \u00b7 12MA \u00b7 Publicly owned \u00b7 275 ft elevation","provider":"FAA NASR 28-day subscription","sourceUrl":"https://www.faa.gov/air_traffic/flight_info/aeronav/Aero_Data/NASR_Subscription/2026-08-06/","faaId":"12MA","icao":"","facilityType":"Heliport","facilityUse":"private","state":"ma","county":"Middlesex","effectiveDate":"2026/08/06"}},{"type":"Feature","geometry":{"type":"Point","coordinates":[-69.20725,44.32232777]},"properties":{"group":"airport","dataStatus":"reference","color":"#9be1ff","title":"Ridgeview","status":"Private use airport","details":"Searsmont, ME \u00b7 12ME \u00b7 Privately owned \u00b7 240 ft elevation","provider":"FAA NASR 28-day subscription","sourceUrl":"https://www.faa.gov/air_traffic/flight_info/aeronav/Aero_Data/NASR_Subscription/2026-08-06/","faaId":"12ME","icao":"","facilityType":"Airport","facilityUse":"private","state":"me","county":"Waldo","effectiveDate":"2026/08/06"}},{"type":"Feature","geometry":{"type":"Point","coordinates":[-71.65444444,43.49527777]},"properties":{"group":"airport","dataStatus":"reference","color":"#9be1ff","title":"Gile Pond","status":"Private use airport","details":"Sanbornton, NH \u00b7 12NH \u00b7 Privately owned \u00b7 485 ft elevation","provider":"FAA NASR 28-day subscription","sourceUrl":"https://www.faa.gov/air_traffic/flight_info/aeronav/Aero_Data/NASR_Subscription/2026-08-06/","faaId":"12NH","icao":"","facilityType":"Airport","facilityUse":"private","state":"nh","county":"Belknap","effectiveDate":"2026/08/06"}},{"type":"Feature","geometry":{"type":"Point","coordinates":[-69.80934027,45.77637305]},"properties":{"group":"airport","dataStatus":"reference","color":"#9be1ff","title":"Socatean Bay","status":"Private use airport","details":"Rockwood, ME \u00b7 13ME \u00b7 Privately owned \u00b7 1179 ft elevation","provider":"FAA NASR 28-day subscription","sourceUrl":"https://www.faa.gov/air_traffic/flight_info/aeronav/Aero_Data/NASR_Subscription/2026-08-06/","faaId":"13ME","icao":"","facilityType":"Airport","facilityUse":"private","state":"me","county":"Somerset","effectiveDate":"2026/08/06"}},{"type":"Feature","geometry":{"type":"Point","coordinates":[-71.24872222,43.42388888]},"properties":{"group":"airport","dataStatus":"reference","color":"#9be1ff","title":"Coffin Brook Landing","status":"Private use heliport","details":"Alton, NH \u00b7 13NH \u00b7 Privately owned \u00b7 705 ft elevation","provider":"FAA NASR 28-day subscription","sourceUrl":"https://www.faa.gov/air_traffic/flight_info/aeronav/Aero_Data/NASR_Subscription/2026-08-06/","faaId":"13NH","icao":"","facilityType":"Heliport","facilityUse":"private","state":"nh","county":"Belknap","effectiveDate":"2026/08/06"}},{"type":"Feature","geometry":{"type":"Point","coordinates":[-71.97311388,41.48554166]},"properties":{"group":"airport","dataStatus":"reference","color":"#9be1ff","title":"Mptn","status":"Private use heliport","details":"Mashantucket, CT \u00b7 14CT \u00b7 Privately owned \u00b7 124 ft elevation","provider":"FAA NASR 28-day subscription","sourceUrl":"https://www.faa.gov/air_traffic/flight_info/aeronav/Aero_Data/NASR_Subscription/2026-08-06/","faaId":"14CT","icao":"","facilityType":"Heliport","facilityUse":"private","state":"ct","county":"New London","effectiveDate":"2026/08/06"}},{"type":"Feature","geometry":{"type":"Point","coordinates":[-72.59965555,42.27444166]},"properties":{"group":"airport","dataStatus":"reference","color":"#9be1ff","title":"Kevins Seaport","status":"Private use seaplane base","details":"South Hadley, MA \u00b7 14MA \u00b7 Privately owned \u00b7 102 ft elevation","provider":"FAA NASR 28-day subscription","sourceUrl":"https://www.faa.gov/air_traffic/flight_info/aeronav/Aero_Data/NASR_Subscription/2026-08-06/","faaId":"14MA","icao":"","facilityType":"Seaplane base","facilityUse":"private","state":"ma","county":"Hampshire","effectiveDate":"2026/08/06"}},{"type":"Feature","geometry":{"type":"Point","coordinates":[-69.9676068,44.18293119]},"properties":{"group":"airport","dataStatus":"reference","color":"#9be1ff","title":"Larry'S Cove","status":"Private use seaplane base","details":"Monmouth, ME \u00b7 14ME \u00b7 Privately owned \u00b7 174 ft elevation","provider":"FAA NASR 28-day subscription","sourceUrl":"https://www.faa.gov/air_traffic/flight_info/aeronav/Aero_Data/NASR_Subscription/2026-08-06/","faaId":"14ME","icao":"","facilityType":"Seaplane base","facilityUse":"private","state":"me","county":"Kennebec","effectiveDate":"2026/08/06"}},{"type":"Feature","geometry":{"type":"Point","coordinates":[-72.29189722,42.94895833]},"properties":{"group":"airport","dataStatus":"reference","color":"#9be1ff","title":"Cheshire Medical Center","status":"Private use heliport","details":"Keene, NH \u00b7 14NH \u00b7 Privately owned \u00b7 482 ft elevation","provider":"FAA NASR 28-day subscription","sourceUrl":"https://www.faa.gov/air_traffic/flight_info/aeronav/Aero_Data/NASR_Subscription/2026-08-06/","faaId":"14NH","icao":"","facilityType":"Heliport","facilityUse":"private","state":"nh","county":"Cheshire","effectiveDate":"2026/08/06"}},{"type":"Feature","geometry":{"type":"Point","coordinates":[-72.33184444,44.92603333]},"properties":{"group":"airport","dataStatus":"reference","color":"#9be1ff","title":"Crossroad","status":"Private use airport","details":"Newport Center, VT \u00b7 14VT \u00b7 Privately owned \u00b7 837 ft elevation","provider":"FAA NASR 28-day subscription","sourceUrl":"https://www.faa.gov/air_traffic/flight_info/aeronav/Aero_Data/NASR_Subscription/2026-08-06/","faaId":"14VT","icao":"","facilityType":"Airport","facilityUse":"private","state":"vt","county":"Caledonia","effectiveDate":"2026/08/06"}},{"type":"Feature","geometry":{"type":"Point","coordinates":[-70.90947888,41.42233]},"properties":{"group":"airport","dataStatus":"reference","color":"#9be1ff","title":"Canapitsit","status":"Private use airport","details":"Gosnold, MA \u00b7 15MA \u00b7 Privately owned \u00b7 10 ft elevation","provider":"FAA NASR 28-day subscription","sourceUrl":"https://www.faa.gov/air_traffic/flight_info/aeronav/Aero_Data/NASR_Subscription/2026-08-06/","faaId":"15MA","icao":"","facilityType":"Airport","facilityUse":"private","state":"ma","county":"Bristol","effectiveDate":"2026/08/06"}},{"type":"Feature","geometry":{"type":"Point","coordinates":[-70.22916666,43.81527777]},"properties":{"group":"airport","dataStatus":"reference","color":"#9be1ff","title":"Eagle Fld","status":"Private use airport","details":"North Yarmouth, ME \u00b7 15ME \u00b7 Privately owned \u00b7 150 ft elevation","provider":"FAA NASR 28-day subscription","sourceUrl":"https://www.faa.gov/air_traffic/flight_info/aeronav/Aero_Data/NASR_Subscription/2026-08-06/","faaId":"15ME","icao":"","facilityType":"Airport","facilityUse":"private","state":"me","county":"Cumberland","effectiveDate":"2026/08/06"}},{"type":"Feature","geometry":{"type":"Point","coordinates":[-71.45775,42.71272777]},"properties":{"group":"airport","dataStatus":"reference","color":"#9be1ff","title":"Nashua Technology Park","status":"Private use heliport","details":"Nashua, NH \u00b7 15NH \u00b7 Privately owned \u00b7 282 ft elevation","provider":"FAA NASR 28-day subscription","sourceUrl":"https://www.faa.gov/air_traffic/flight_info/aeronav/Aero_Data/NASR_Subscription/2026-08-06/","faaId":"15NH","icao":"","facilityType":"Heliport","facilityUse":"private","state":"nh","county":"Hillsborough","effectiveDate":"2026/08/06"}},{"type":"Feature","geometry":{"type":"Point","coordinates":[-71.14852777,42.70856944]},"properties":{"group":"airport","dataStatus":"reference","color":"#9be1ff","title":"Lawrence General Hospital","status":"Private use heliport","details":"Lawrence, MA \u00b7 16MA \u00b7 Privately owned \u00b7 60 ft elevation","provider":"FAA NASR 28-day subscription","sourceUrl":"https://www.faa.gov/air_traffic/flight_info/aeronav/Aero_Data/NASR_Subscription/2026-08-06/","faaId":"16MA","icao":"","facilityType":"Heliport","facilityUse":"private","state":"ma","county":"Essex","effectiveDate":"2026/08/06"}},{"type":"Feature","geometry":{"type":"Point","coordinates":[-67.99898055,46.67591944]},"properties":{"group":"airport","dataStatus":"reference","color":"#9be1ff","title":"Ar Gould Hospital","status":"Private use heliport","details":"Presque Isle, ME \u00b7 16ME \u00b7 Privately owned \u00b7 631 ft elevation","provider":"FAA NASR 28-day subscription","sourceUrl":"https://www.faa.gov/air_traffic/flight_info/aeronav/Aero_Data/NASR_Subscription/2026-08-06/","faaId":"16ME","icao":"","facilityType":"Heliport","facilityUse":"private","state":"me","county":"Aroostook","effectiveDate":"2026/08/06"}},{"type":"Feature","geometry":{"type":"Point","coordinates":[-71.5125,43.60416666]},"properties":{"group":"airport","dataStatus":"reference","color":"#9be1ff","title":"Bossey'S","status":"Private use seaplane base","details":"Meredith, NH \u00b7 16NH \u00b7 Privately owned \u00b7 624 ft elevation","provider":"FAA NASR 28-day subscription","sourceUrl":"https://www.faa.gov/air_traffic/flight_info/aeronav/Aero_Data/NASR_Subscription/2026-08-06/","faaId":"16NH","icao":"","facilityType":"Seaplane base","facilityUse":"private","state":"nh","county":"Belknap","effectiveDate":"2026/08/06"}},{"type":"Feature","geometry":{"type":"Point","coordinates":[-71.77803333,42.50506388]},"properties":{"group":"airport","dataStatus":"reference","color":"#9be1ff","title":"Long Hill","status":"Private use heliport","details":"Leominster, MA \u00b7 17MA \u00b7 Privately owned \u00b7 630 ft elevation","provider":"FAA NASR 28-day subscription","sourceUrl":"https://www.faa.gov/air_traffic/flight_info/aeronav/Aero_Data/NASR_Subscription/2026-08-06/","faaId":"17MA","icao":"","facilityType":"Heliport","facilityUse":"private","state":"ma","county":"Worcester","effectiveDate":"2026/08/06"}},{"type":"Feature","geometry":{"type":"Point","coordinates":[-67.99166666,47.2025]},"properties":{"group":"airport","dataStatus":"reference","color":"#9be1ff","title":"Bresett'S Mountainside","status":"Private use airport","details":"Van Buren, ME \u00b7 17ME \u00b7 Privately owned \u00b7 590 ft elevation","provider":"FAA NASR 28-day subscription","sourceUrl":"https://www.faa.gov/air_traffic/flight_info/aeronav/Aero_Data/NASR_Subscription/2026-08-06/","faaId":"17ME","icao":"","facilityType":"Airport","facilityUse":"private","state":"me","county":"Aroostook","effectiveDate":"2026/08/06"}},{"type":"Feature","geometry":{"type":"Point","coordinates":[-71.1694,42.72847222]},"properties":{"group":"airport","dataStatus":"reference","color":"#9be1ff","title":"Holy Family Hospital","status":"Private use heliport","details":"Methuen, MA \u00b7 18MA \u00b7 Privately owned \u00b7 202 ft elevation","provider":"FAA NASR 28-day subscription","sourceUrl":"https://www.faa.gov/air_traffic/flight_info/aeronav/Aero_Data/NASR_Subscription/2026-08-06/","faaId":"18MA","icao":"","facilityType":"Heliport","facilityUse":"private","state":"ma","county":"Essex","effectiveDate":"2026/08/06"}},{"type":"Feature","geometry":{"type":"Point","coordinates":[-69.49540555,43.89359722]},"properties":{"group":"airport","dataStatus":"reference","color":"#9be1ff","title":"Ruby","status":"Private use airport","details":"Bristol, ME \u00b7 18ME \u00b7 Privately owned \u00b7 216 ft elevation","provider":"FAA NASR 28-day subscription","sourceUrl":"https://www.faa.gov/air_traffic/flight_info/aeronav/Aero_Data/NASR_Subscription/2026-08-06/","faaId":"18ME","icao":"","facilityType":"Airport","facilityUse":"private","state":"me","county":"Lincoln","effectiveDate":"2026/08/06"}},{"type":"Feature","geometry":{"type":"Point","coordinates":[-71.47410555,42.9917]},"properties":{"group":"airport","dataStatus":"reference","color":"#9be1ff","title":"Catholic Medical Center","status":"Private use heliport","details":"Manchester, NH \u00b7 18NH \u00b7 Privately owned \u00b7 252 ft elevation","provider":"FAA NASR 28-day subscription","sourceUrl":"https://www.faa.gov/air_traffic/flight_info/aeronav/Aero_Data/NASR_Subscription/2026-08-06/","faaId":"18NH","icao":"","facilityType":"Heliport","facilityUse":"private","state":"nh","county":"Hillsborough","effectiveDate":"2026/08/06"}},{"type":"Feature","geometry":{"type":"Point","coordinates":[-72.49458888,43.29846666]},"properties":{"group":"airport","dataStatus":"reference","color":"#9be1ff","title":"Springfield Hospital","status":"Private use heliport","details":"Springfield, VT \u00b7 18VT \u00b7 Privately owned \u00b7 589 ft elevation","provider":"FAA NASR 28-day subscription","sourceUrl":"https://www.faa.gov/air_traffic/flight_info/aeronav/Aero_Data/NASR_Subscription/2026-08-06/","faaId":"18VT","icao":"","facilityType":"Heliport","facilityUse":"private","state":"vt","county":"Windsor","effectiveDate":"2026/08/06"}},{"type":"Feature","geometry":{"type":"Point","coordinates":[-70.15,41.28444444]},"properties":{"group":"airport","dataStatus":"reference","color":"#9be1ff","title":"Waine","status":"Private use heliport","details":"Nantucket, MA \u00b7 19MA \u00b7 Privately owned \u00b7 80 ft elevation","provider":"FAA NASR 28-day subscription","sourceUrl":"https://www.faa.gov/air_traffic/flight_info/aeronav/Aero_Data/NASR_Subscription/2026-08-06/","faaId":"19MA","icao":"","facilityType":"Heliport","facilityUse":"private","state":"ma","county":"Nantucket","effectiveDate":"2026/08/06"}},{"type":"Feature","geometry":{"type":"Point","coordinates":[-69.155,47.44472222]},"properties":{"group":"airport","dataStatus":"reference","color":"#9be1ff","title":"Estcourt","status":"Private use airport","details":"Estcourt, ME \u00b7 19ME \u00b7 Privately owned \u00b7 720 ft elevation","provider":"FAA NASR 28-day subscription","sourceUrl":"https://www.faa.gov/air_traffic/flight_info/aeronav/Aero_Data/NASR_Subscription/2026-08-06/","faaId":"19ME","icao":"","facilityType":"Airport","facilityUse":"private","state":"me","county":"Aroostook","effectiveDate":"2026/08/06"}},{"type":"Feature","geometry":{"type":"Point","coordinates":[-71.69790277,42.97316666]},"properties":{"group":"airport","dataStatus":"reference","color":"#9be1ff","title":"Lorden Ii","status":"Private use heliport","details":"New Boston, NH \u00b7 19NH \u00b7 Privately owned \u00b7 644 ft elevation","provider":"FAA NASR 28-day subscription","sourceUrl":"https://www.faa.gov/air_traffic/flight_info/aeronav/Aero_Data/NASR_Subscription/2026-08-06/","faaId":"19NH","icao":"","facilityType":"Heliport","facilityUse":"private","state":"nh","county":"Hillsborough","effectiveDate":"2026/08/06"}},{"type":"Feature","geometry":{"type":"Point","coordinates":[-72.61305,43.75665833]},"properties":{"group":"airport","dataStatus":"reference","color":"#9be1ff","title":"Monsalvat Farm Holdings Llc","status":"Private use heliport","details":"Barnard, VT \u00b7 19VT \u00b7 Privately owned \u00b7 1496 ft elevation","provider":"FAA NASR 28-day subscription","sourceUrl":"https://www.faa.gov/air_traffic/flight_info/aeronav/Aero_Data/NASR_Subscription/2026-08-06/","faaId":"19VT","icao":"","facilityType":"Heliport","facilityUse":"private","state":"vt","county":"Windsor","effectiveDate":"2026/08/06"}},{"type":"Feature","geometry":{"type":"Point","coordinates":[-69.23743666,45.0045075]},"properties":{"group":"airport","dataStatus":"reference","color":"#9be1ff","title":"Dexter Rgnl","status":"Public use airport","details":"Dexter, ME \u00b7 1B0 \u00b7 Publicly owned \u00b7 533.3 ft elevation","provider":"FAA NASR 28-day subscription","sourceUrl":"https://www.faa.gov/air_traffic/flight_info/aeronav/Aero_Data/NASR_Subscription/2026-08-06/","faaId":"1B0","icao":"","facilityType":"Airport","facilityUse":"public","state":"me","county":"Penobscot","effectiveDate":"2026/08/06"}},{"type":"Feature","geometry":{"type":"Point","coordinates":[-70.52447055,41.35845055]},"properties":{"group":"airport","dataStatus":"reference","color":"#9be1ff","title":"Katama Airpark","status":"Public use airport","details":"Edgartown, MA \u00b7 1B2 \u00b7 Publicly owned \u00b7 18 ft elevation","provider":"FAA NASR 28-day subscription","sourceUrl":"https://www.faa.gov/air_traffic/flight_info/aeronav/Aero_Data/NASR_Subscription/2026-08-06/","faaId":"1B2","icao":"","facilityType":"Airport","facilityUse":"public","state":"ma","county":"Dukes","effectiveDate":"2026/08/06"}},{"type":"Feature","geometry":{"type":"Point","coordinates":[-71.75070327,44.19595036]},"properties":{"group":"airport","dataStatus":"reference","color":"#9be1ff","title":"Franconia","status":"Public use airport","details":"Franconia, NH \u00b7 1B5 \u00b7 Privately owned \u00b7 975 ft elevation","provider":"FAA NASR 28-day subscription","sourceUrl":"https://www.faa.gov/air_traffic/flight_info/aeronav/Aero_Data/NASR_Subscription/2026-08-06/","faaId":"1B5","icao":"","facilityType":"Airport","facilityUse":"public","state":"nh","county":"Grafton","effectiveDate":"2026/08/06"}},{"type":"Feature","geometry":{"type":"Point","coordinates":[-71.51009,42.10648583]},"properties":{"group":"airport","dataStatus":"reference","color":"#9be1ff","title":"Hopedale Industrial Park","status":"Public use airport","details":"Hopedale, MA \u00b7 1B6 \u00b7 Privately owned \u00b7 269 ft elevation","provider":"FAA NASR 28-day subscription","sourceUrl":"https://www.faa.gov/air_traffic/flight_info/aeronav/Aero_Data/NASR_Subscription/2026-08-06/","faaId":"1B6","icao":"","facilityType":"Airport","facilityUse":"public","state":"ma","county":"Worcester","effectiveDate":"2026/08/06"}},{"type":"Feature","geometry":{"type":"Point","coordinates":[-71.19804111,42.00087916]},"properties":{"group":"airport","dataStatus":"reference","color":"#9be1ff","title":"Mansfield Muni","status":"Public use airport","details":"Mansfield, MA \u00b7 1B9 \u00b7 Publicly owned \u00b7 122.9 ft elevation","provider":"FAA NASR 28-day subscription","sourceUrl":"https://www.faa.gov/air_traffic/flight_info/aeronav/Aero_Data/NASR_Subscription/2026-08-06/","faaId":"1B9","icao":"","facilityType":"Airport","facilityUse":"public","state":"ma","county":"Bristol","effectiveDate":"2026/08/06"}},{"type":"Feature","geometry":{"type":"Point","coordinates":[-72.93673055,41.30445]},"properties":{"group":"airport","dataStatus":"reference","color":"#9be1ff","title":"Yale New Haven Hospital","status":"Private use heliport","details":"New Haven, CT \u00b7 1CT2 \u00b7 Privately owned \u00b7 219 ft elevation","provider":"FAA NASR 28-day subscription","sourceUrl":"https://www.faa.gov/air_traffic/flight_info/aeronav/Aero_Data/NASR_Subscription/2026-08-06/","faaId":"1CT2","icao":"","facilityType":"Heliport","facilityUse":"private","state":"ct","county":"New Haven","effectiveDate":"2026/08/06"}},{"type":"Feature","geometry":{"type":"Point","coordinates":[-73.03762777,41.55335555]},"properties":{"group":"airport","dataStatus":"reference","color":"#9be1ff","title":"St Mary'S","status":"Private use heliport","details":"Waterbury, CT \u00b7 1CT3 \u00b7 Privately owned \u00b7 300 ft elevation","provider":"FAA NASR 28-day subscription","sourceUrl":"https://www.faa.gov/air_traffic/flight_info/aeronav/Aero_Data/NASR_Subscription/2026-08-06/","faaId":"1CT3","icao":"","facilityType":"Heliport","facilityUse":"private","state":"ct","county":"New Haven","effectiveDate":"2026/08/06"}},{"type":"Feature","geometry":{"type":"Point","coordinates":[-71.02647222,41.83905555]},"properties":{"group":"airport","dataStatus":"reference","color":"#9be1ff","title":"Myricks","status":"Public use airport","details":"Berkley, MA \u00b7 1M8 \u00b7 Privately owned \u00b7 73 ft elevation","provider":"FAA NASR 28-day subscription","sourceUrl":"https://www.faa.gov/air_traffic/flight_info/aeronav/Aero_Data/NASR_Subscription/2026-08-06/","faaId":"1M8","icao":"","facilityType":"Airport","facilityUse":"public","state":"ma","county":"Bristol","effectiveDate":"2026/08/06"}},{"type":"Feature","geometry":{"type":"Point","coordinates":[-70.64717222,41.94013611]},"properties":{"group":"airport","dataStatus":"reference","color":"#9be1ff","title":"Beth Israel Deaconess Hospital-Plymouth","status":"Private use heliport","details":"Plymouth, MA \u00b7 1MA0 \u00b7 Privately owned \u00b7 122 ft elevation","provider":"FAA NASR 28-day subscription","sourceUrl":"https://www.faa.gov/air_traffic/flight_info/aeronav/Aero_Data/NASR_Subscription/2026-08-06/","faaId":"1MA0","icao":"","facilityType":"Heliport","facilityUse":"private","state":"ma","county":"Plymouth","effectiveDate":"2026/08/06"}},{"type":"Feature","geometry":{"type":"Point","coordinates":[-71.57385555,42.57651944]},"properties":{"group":"airport","dataStatus":"reference","color":"#9be1ff","title":"Nashoba Valley Medical Center","status":"Private use heliport","details":"Ayer, MA \u00b7 1MA1 \u00b7 Privately owned \u00b7 308 ft elevation","provider":"FAA NASR 28-day subscription","sourceUrl":"https://www.faa.gov/air_traffic/flight_info/aeronav/Aero_Data/NASR_Subscription/2026-08-06/","faaId":"1MA1","icao":"","facilityType":"Heliport","facilityUse":"private","state":"ma","county":"Middlesex","effectiveDate":"2026/08/06"}},{"type":"Feature","geometry":{"type":"Point","coordinates":[-71.76,42.275]},"properties":{"group":"airport","dataStatus":"reference","color":"#9be1ff","title":"Umass Meml Medical Center-Univ Campus","status":"Private use heliport","details":"Worcester, MA \u00b7 1MA2 \u00b7 Privately owned \u00b7 417 ft elevation","provider":"FAA NASR 28-day subscription","sourceUrl":"https://www.faa.gov/air_traffic/flight_info/aeronav/Aero_Data/NASR_Subscription/2026-08-06/","faaId":"1MA2","icao":"","facilityType":"Heliport","facilityUse":"private","state":"ma","county":"Worcester","effectiveDate":"2026/08/06"}},{"type":"Feature","geometry":{"type":"Point","coordinates":[-71.5478425,42.27898333]},"properties":{"group":"airport","dataStatus":"reference","color":"#9be1ff","title":"Unknown Fld","status":"Private use airport","details":"Southborough, MA \u00b7 1MA5 \u00b7 Privately owned \u00b7 432 ft elevation","provider":"FAA NASR 28-day subscription","sourceUrl":"https://www.faa.gov/air_traffic/flight_info/aeronav/Aero_Data/NASR_Subscription/2026-08-06/","faaId":"1MA5","icao":"","facilityType":"Airport","facilityUse":"private","state":"ma","county":"Worcester","effectiveDate":"2026/08/06"}},{"type":"Feature","geometry":{"type":"Point","coordinates":[-70.97888888,42.80676388]},"properties":{"group":"airport","dataStatus":"reference","color":"#9be1ff","title":"Long Hill Orchard","status":"Private use heliport","details":"West Newbury, MA \u00b7 1MA7 \u00b7 Privately owned \u00b7 120 ft elevation","provider":"FAA NASR 28-day subscription","sourceUrl":"https://www.faa.gov/air_traffic/flight_info/aeronav/Aero_Data/NASR_Subscription/2026-08-06/","faaId":"1MA7","icao":"","facilityType":"Heliport","facilityUse":"private","state":"ma","county":"Essex","effectiveDate":"2026/08/06"}},{"type":"Feature","geometry":{"type":"Point","coordinates":[-71.30935,42.41964722]},"properties":{"group":"airport","dataStatus":"reference","color":"#9be1ff","title":"Horizon Hill","status":"Private use heliport","details":"Lincoln, MA \u00b7 1MA8 \u00b7 Privately owned \u00b7 357 ft elevation","provider":"FAA NASR 28-day subscription","sourceUrl":"https://www.faa.gov/air_traffic/flight_info/aeronav/Aero_Data/NASR_Subscription/2026-08-06/","faaId":"1MA8","icao":"","facilityType":"Heliport","facilityUse":"private","state":"ma","county":"Middlesex","effectiveDate":"2026/08/06"}},{"type":"Feature","geometry":{"type":"Point","coordinates":[-71.09499444,41.90571388]},"properties":{"group":"airport","dataStatus":"reference","color":"#9be1ff","title":"Morton Hospital","status":"Private use heliport","details":"Taunton, MA \u00b7 1MA9 \u00b7 Privately owned \u00b7 50 ft elevation","provider":"FAA NASR 28-day subscription","sourceUrl":"https://www.faa.gov/air_traffic/flight_info/aeronav/Aero_Data/NASR_Subscription/2026-08-06/","faaId":"1MA9","icao":"","facilityType":"Heliport","facilityUse":"private","state":"ma","county":"Bristol","effectiveDate":"2026/08/06"}},{"type":"Feature","geometry":{"type":"Point","coordinates":[-69.40944444,46.060875]},"properties":{"group":"airport","dataStatus":"reference","color":"#9be1ff","title":"Chesuncook Lake House","status":"Public use seaplane base","details":"Chesuncook, ME \u00b7 1ME \u00b7 Privately owned \u00b7 942 ft elevation","provider":"FAA NASR 28-day subscription","sourceUrl":"https://www.faa.gov/air_traffic/flight_info/aeronav/Aero_Data/NASR_Subscription/2026-08-06/","faaId":"1ME","icao":"","facilityType":"Seaplane base","facilityUse":"public","state":"me","county":"Piscataquis","effectiveDate":"2026/08/06"}},{"type":"Feature","geometry":{"type":"Point","coordinates":[-69.64785,44.56621666]},"properties":{"group":"airport","dataStatus":"reference","color":"#9be1ff","title":"Maine General Medical Center-Waterville","status":"Private use heliport","details":"Waterville, ME \u00b7 1ME2 \u00b7 Privately owned \u00b7 112 ft elevation","provider":"FAA NASR 28-day subscription","sourceUrl":"https://www.faa.gov/air_traffic/flight_info/aeronav/Aero_Data/NASR_Subscription/2026-08-06/","faaId":"1ME2","icao":"","facilityType":"Heliport","facilityUse":"private","state":"me","county":"Kennebec","effectiveDate":"2026/08/06"}},{"type":"Feature","geometry":{"type":"Point","coordinates":[-71.75385,43.77825416]},"properties":{"group":"airport","dataStatus":"reference","color":"#9be1ff","title":"Plymouth Muni","status":"Public use airport","details":"Plymouth, NH \u00b7 1P1 \u00b7 Publicly owned \u00b7 506 ft elevation","provider":"FAA NASR 28-day subscription","sourceUrl":"https://www.faa.gov/air_traffic/flight_info/aeronav/Aero_Data/NASR_Subscription/2026-08-06/","faaId":"1P1","icao":"","facilityType":"Airport","facilityUse":"public","state":"nh","county":"Grafton","effectiveDate":"2026/08/06"}},{"type":"Feature","geometry":{"type":"Point","coordinates":[-73.16611111,43.66611111]},"properties":{"group":"airport","dataStatus":"reference","color":"#9be1ff","title":"Mortimer Brown Landing","status":"Private use airport","details":"Castleton, VT \u00b7 1VT8 \u00b7 Privately owned \u00b7 900 ft elevation","provider":"FAA NASR 28-day subscription","sourceUrl":"https://www.faa.gov/air_traffic/flight_info/aeronav/Aero_Data/NASR_Subscription/2026-08-06/","faaId":"1VT8","icao":"","facilityType":"Airport","facilityUse":"private","state":"vt","county":"Rutland","effectiveDate":"2026/08/06"}},{"type":"Feature","geometry":{"type":"Point","coordinates":[-72.39146666,41.98057777]},"properties":{"group":"airport","dataStatus":"reference","color":"#9be1ff","title":"Johnson Meml Hospital","status":"Private use heliport","details":"Hartford, CT \u00b7 20CT \u00b7 Privately owned \u00b7 880 ft elevation","provider":"FAA NASR 28-day subscription","sourceUrl":"https://www.faa.gov/air_traffic/flight_info/aeronav/Aero_Data/NASR_Subscription/2026-08-06/","faaId":"20CT","icao":"","facilityType":"Heliport","facilityUse":"private","state":"ct","county":"Hartford","effectiveDate":"2026/08/06"}},{"type":"Feature","geometry":{"type":"Point","coordinates":[-71.22705833,42.30416944]},"properties":{"group":"airport","dataStatus":"reference","color":"#9be1ff","title":"Wcvb-Tv","status":"Private use heliport","details":"Needham, MA \u00b7 20MA \u00b7 Privately owned \u00b7 157 ft elevation","provider":"FAA NASR 28-day subscription","sourceUrl":"https://www.faa.gov/air_traffic/flight_info/aeronav/Aero_Data/NASR_Subscription/2026-08-06/","faaId":"20MA","icao":"","facilityType":"Heliport","facilityUse":"private","state":"ma","county":"Norfolk","effectiveDate":"2026/08/06"}},{"type":"Feature","geometry":{"type":"Point","coordinates":[-69.61930555,45.47830555]},"properties":{"group":"airport","dataStatus":"reference","color":"#9be1ff","title":"Currier'S","status":"Public use seaplane base","details":"Greenville Junction, ME \u00b7 21M \u00b7 Privately owned \u00b7 1029 ft elevation","provider":"FAA NASR 28-day subscription","sourceUrl":"https://www.faa.gov/air_traffic/flight_info/aeronav/Aero_Data/NASR_Subscription/2026-08-06/","faaId":"21M","icao":"","facilityType":"Seaplane base","facilityUse":"public","state":"me","county":"Piscataquis","effectiveDate":"2026/08/06"}},{"type":"Feature","geometry":{"type":"Point","coordinates":[-70.42261666,43.67720555]},"properties":{"group":"airport","dataStatus":"reference","color":"#9be1ff","title":"Moody Fld","status":"Private use airport","details":"Gorham, ME \u00b7 21ME \u00b7 Privately owned \u00b7 148 ft elevation","provider":"FAA NASR 28-day subscription","sourceUrl":"https://www.faa.gov/air_traffic/flight_info/aeronav/Aero_Data/NASR_Subscription/2026-08-06/","faaId":"21ME","icao":"","facilityType":"Airport","facilityUse":"private","state":"me","county":"Cumberland","effectiveDate":"2026/08/06"}},{"type":"Feature","geometry":{"type":"Point","coordinates":[-70.93527777,42.91694444]},"properties":{"group":"airport","dataStatus":"reference","color":"#9be1ff","title":"Propwash","status":"Private use airport","details":"Kensington, NH \u00b7 21NH \u00b7 Privately owned \u00b7 190 ft elevation","provider":"FAA NASR 28-day subscription","sourceUrl":"https://www.faa.gov/air_traffic/flight_info/aeronav/Aero_Data/NASR_Subscription/2026-08-06/","faaId":"21NH","icao":"","facilityType":"Airport","facilityUse":"private","state":"nh","county":"Rockingham","effectiveDate":"2026/08/06"}},{"type":"Feature","geometry":{"type":"Point","coordinates":[-70.61865444,42.63620638]},"properties":{"group":"airport","dataStatus":"reference","color":"#9be1ff","title":"Poole'S","status":"Private use heliport","details":"Rockport, MA \u00b7 22MA \u00b7 Privately owned \u00b7 45 ft elevation","provider":"FAA NASR 28-day subscription","sourceUrl":"https://www.faa.gov/air_traffic/flight_info/aeronav/Aero_Data/NASR_Subscription/2026-08-06/","faaId":"22MA","icao":"","facilityType":"Heliport","facilityUse":"private","state":"ma","county":"Essex","effectiveDate":"2026/08/06"}},{"type":"Feature","geometry":{"type":"Point","coordinates":[-68.2033,44.38271666]},"properties":{"group":"airport","dataStatus":"reference","color":"#9be1ff","title":"Bar Harbor","status":"Private use heliport","details":"Bar Harbor, ME \u00b7 22ME \u00b7 Privately owned \u00b7 35 ft elevation","provider":"FAA NASR 28-day subscription","sourceUrl":"https://www.faa.gov/air_traffic/flight_info/aeronav/Aero_Data/NASR_Subscription/2026-08-06/","faaId":"22ME","icao":"","facilityType":"Heliport","facilityUse":"private","state":"me","county":"Hancock","effectiveDate":"2026/08/06"}},{"type":"Feature","geometry":{"type":"Point","coordinates":[-72.010503,44.44635972]},"properties":{"group":"airport","dataStatus":"reference","color":"#9be1ff","title":"Northeastern Vermont Rgnl Hospital","status":"Private use heliport","details":"Johnsbury, VT \u00b7 22VT \u00b7 Privately owned \u00b7 755 ft elevation","provider":"FAA NASR 28-day subscription","sourceUrl":"https://www.faa.gov/air_traffic/flight_info/aeronav/Aero_Data/NASR_Subscription/2026-08-06/","faaId":"22VT","icao":"","facilityType":"Heliport","facilityUse":"private","state":"vt","county":"Addison","effectiveDate":"2026/08/06"}},{"type":"Feature","geometry":{"type":"Point","coordinates":[-71.43224166,42.56331666]},"properties":{"group":"airport","dataStatus":"reference","color":"#9be1ff","title":"Westford Regency","status":"Private use heliport","details":"Westford, MA \u00b7 23MA \u00b7 Privately owned \u00b7 255 ft elevation","provider":"FAA NASR 28-day subscription","sourceUrl":"https://www.faa.gov/air_traffic/flight_info/aeronav/Aero_Data/NASR_Subscription/2026-08-06/","faaId":"23MA","icao":"","facilityType":"Heliport","facilityUse":"private","state":"ma","county":"Middlesex","effectiveDate":"2026/08/06"}},{"type":"Feature","geometry":{"type":"Point","coordinates":[-72.015,43.13027777]},"properties":{"group":"airport","dataStatus":"reference","color":"#9be1ff","title":"Windswept","status":"Private use airport","details":"Windsor, NH \u00b7 23NH \u00b7 Privately owned \u00b7 1289 ft elevation","provider":"FAA NASR 28-day subscription","sourceUrl":"https://www.faa.gov/air_traffic/flight_info/aeronav/Aero_Data/NASR_Subscription/2026-08-06/","faaId":"23NH","icao":"","facilityType":"Airport","facilityUse":"private","state":"nh","county":"Hillsborough","effectiveDate":"2026/08/06"}},{"type":"Feature","geometry":{"type":"Point","coordinates":[-71.96688333,41.56688611]},"properties":{"group":"airport","dataStatus":"reference","color":"#9be1ff","title":"Bee Fld","status":"Private use airport","details":"Jewett City, CT \u00b7 24CT \u00b7 Privately owned \u00b7 280 ft elevation","provider":"FAA NASR 28-day subscription","sourceUrl":"https://www.faa.gov/air_traffic/flight_info/aeronav/Aero_Data/NASR_Subscription/2026-08-06/","faaId":"24CT","icao":"","facilityType":"Airport","facilityUse":"private","state":"ct","county":"New London","effectiveDate":"2026/08/06"}},{"type":"Feature","geometry":{"type":"Point","coordinates":[-72.096745,42.43592305]},"properties":{"group":"airport","dataStatus":"reference","color":"#9be1ff","title":"Barre-Bassett","status":"Private use heliport","details":"Barre, MA \u00b7 24MA \u00b7 Privately owned \u00b7 900 ft elevation","provider":"FAA NASR 28-day subscription","sourceUrl":"https://www.faa.gov/air_traffic/flight_info/aeronav/Aero_Data/NASR_Subscription/2026-08-06/","faaId":"24MA","icao":"","facilityType":"Heliport","facilityUse":"private","state":"ma","county":"Worcester","effectiveDate":"2026/08/06"}},{"type":"Feature","geometry":{"type":"Point","coordinates":[-70.44277777,43.82222222]},"properties":{"group":"airport","dataStatus":"reference","color":"#9be1ff","title":"Slip Knot Landing","status":"Private use airport","details":"Windham, ME \u00b7 24ME \u00b7 Privately owned \u00b7 310 ft elevation","provider":"FAA NASR 28-day subscription","sourceUrl":"https://www.faa.gov/air_traffic/flight_info/aeronav/Aero_Data/NASR_Subscription/2026-08-06/","faaId":"24ME","icao":"","facilityType":"Airport","facilityUse":"private","state":"me","county":"Cumberland","effectiveDate":"2026/08/06"}},{"type":"Feature","geometry":{"type":"Point","coordinates":[-72.48444444,42.94361111]},"properties":{"group":"airport","dataStatus":"reference","color":"#9be1ff","title":"Wicks","status":"Private use heliport","details":"Westmoreland, NH \u00b7 24NH \u00b7 Privately owned \u00b7 800 ft elevation","provider":"FAA NASR 28-day subscription","sourceUrl":"https://www.faa.gov/air_traffic/flight_info/aeronav/Aero_Data/NASR_Subscription/2026-08-06/","faaId":"24NH","icao":"","facilityType":"Heliport","facilityUse":"private","state":"nh","county":"Cheshire","effectiveDate":"2026/08/06"}},{"type":"Feature","geometry":{"type":"Point","coordinates":[-71.44144444,42.20600833]},"properties":{"group":"airport","dataStatus":"reference","color":"#9be1ff","title":"High School","status":"Private use heliport","details":"Holliston, MA \u00b7 25MA \u00b7 Publicly owned \u00b7 265 ft elevation","provider":"FAA NASR 28-day subscription","sourceUrl":"https://www.faa.gov/air_traffic/flight_info/aeronav/Aero_Data/NASR_Subscription/2026-08-06/","faaId":"25MA","icao":"","facilityType":"Heliport","facilityUse":"private","state":"ma","county":"Middlesex","effectiveDate":"2026/08/06"}},{"type":"Feature","geometry":{"type":"Point","coordinates":[-70.720453,43.125795]},"properties":{"group":"airport","dataStatus":"reference","color":"#9be1ff","title":"Adams Road","status":"Private use heliport","details":"Kittery, ME \u00b7 25ME \u00b7 Privately owned \u00b7 50 ft elevation","provider":"FAA NASR 28-day subscription","sourceUrl":"https://www.faa.gov/air_traffic/flight_info/aeronav/Aero_Data/NASR_Subscription/2026-08-06/","faaId":"25ME","icao":"","facilityType":"Heliport","facilityUse":"private","state":"me","county":"York","effectiveDate":"2026/08/06"}},{"type":"Feature","geometry":{"type":"Point","coordinates":[-71.71630555,44.23241666]},"properties":{"group":"airport","dataStatus":"reference","color":"#9be1ff","title":"Presby Fld","status":"Private use airport","details":"Franconia, NH \u00b7 25NH \u00b7 Privately owned \u00b7 1250 ft elevation","provider":"FAA NASR 28-day subscription","sourceUrl":"https://www.faa.gov/air_traffic/flight_info/aeronav/Aero_Data/NASR_Subscription/2026-08-06/","faaId":"25NH","icao":"","facilityType":"Airport","facilityUse":"private","state":"nh","county":"Grafton","effectiveDate":"2026/08/06"}},{"type":"Feature","geometry":{"type":"Point","coordinates":[-71.55005555,42.69619444]},"properties":{"group":"airport","dataStatus":"reference","color":"#9be1ff","title":"Pepperell","status":"Private use airport","details":"Pepperell, MA \u00b7 26MA \u00b7 Privately owned \u00b7 176 ft elevation","provider":"FAA NASR 28-day subscription","sourceUrl":"https://www.faa.gov/air_traffic/flight_info/aeronav/Aero_Data/NASR_Subscription/2026-08-06/","faaId":"26MA","icao":"","facilityType":"Airport","facilityUse":"private","state":"ma","county":"Middlesex","effectiveDate":"2026/08/06"}},{"type":"Feature","geometry":{"type":"Point","coordinates":[-72.20272222,43.66783333]},"properties":{"group":"airport","dataStatus":"reference","color":"#9be1ff","title":"Phantom Two","status":"Private use heliport","details":"Lebanon, NH \u00b7 26NH \u00b7 Privately owned \u00b7 1275 ft elevation","provider":"FAA NASR 28-day subscription","sourceUrl":"https://www.faa.gov/air_traffic/flight_info/aeronav/Aero_Data/NASR_Subscription/2026-08-06/","faaId":"26NH","icao":"","facilityType":"Heliport","facilityUse":"private","state":"nh","county":"Grafton","effectiveDate":"2026/08/06"}},{"type":"Feature","geometry":{"type":"Point","coordinates":[-72.56703333,42.84389722]},"properties":{"group":"airport","dataStatus":"reference","color":"#9be1ff","title":"Brattleboro Meml Hospital","status":"Private use heliport","details":"Brattleboro, VT \u00b7 26VT \u00b7 Privately owned \u00b7 416 ft elevation","provider":"FAA NASR 28-day subscription","sourceUrl":"https://www.faa.gov/air_traffic/flight_info/aeronav/Aero_Data/NASR_Subscription/2026-08-06/","faaId":"26VT","icao":"","facilityType":"Heliport","facilityUse":"private","state":"vt","county":"Windham","effectiveDate":"2026/08/06"}},{"type":"Feature","geometry":{"type":"Point","coordinates":[-71.11472222,41.82055555]},"properties":{"group":"airport","dataStatus":"reference","color":"#9be1ff","title":"Wamsetto","status":"Private use seaplane base","details":"Berkley, MA \u00b7 27MA \u00b7 Privately owned \u00b7 0 ft elevation","provider":"FAA NASR 28-day subscription","sourceUrl":"https://www.faa.gov/air_traffic/flight_info/aeronav/Aero_Data/NASR_Subscription/2026-08-06/","faaId":"27MA","icao":"","facilityType":"Seaplane base","facilityUse":"private","state":"ma","county":"Bristol","effectiveDate":"2026/08/06"}},{"type":"Feature","geometry":{"type":"Point","coordinates":[-69.88961666,44.13333888]},"properties":{"group":"airport","dataStatus":"reference","color":"#9be1ff","title":"Pleasant Pond","status":"Private use seaplane base","details":"Richmond, ME \u00b7 27ME \u00b7 Privately owned \u00b7 131 ft elevation","provider":"FAA NASR 28-day subscription","sourceUrl":"https://www.faa.gov/air_traffic/flight_info/aeronav/Aero_Data/NASR_Subscription/2026-08-06/","faaId":"27ME","icao":"","facilityType":"Seaplane base","facilityUse":"private","state":"me","county":"Sagadahoc","effectiveDate":"2026/08/06"}},{"type":"Feature","geometry":{"type":"Point","coordinates":[-72.20535277,43.67430277]},"properties":{"group":"airport","dataStatus":"reference","color":"#9be1ff","title":"Phantom One","status":"Private use heliport","details":"Hanover, NH \u00b7 27NH \u00b7 Privately owned \u00b7 1306 ft elevation","provider":"FAA NASR 28-day subscription","sourceUrl":"https://www.faa.gov/air_traffic/flight_info/aeronav/Aero_Data/NASR_Subscription/2026-08-06/","faaId":"27NH","icao":"","facilityType":"Heliport","facilityUse":"private","state":"nh","county":"Grafton","effectiveDate":"2026/08/06"}},{"type":"Feature","geometry":{"type":"Point","coordinates":[-70.83811111,42.02513888]},"properties":{"group":"airport","dataStatus":"reference","color":"#9be1ff","title":"Cranland","status":"Public use airport","details":"Hanson, MA \u00b7 28M \u00b7 Privately owned \u00b7 71 ft elevation","provider":"FAA NASR 28-day subscription","sourceUrl":"https://www.faa.gov/air_traffic/flight_info/aeronav/Aero_Data/NASR_Subscription/2026-08-06/","faaId":"28M","icao":"","facilityType":"Airport","facilityUse":"public","state":"ma","county":"Plymouth","effectiveDate":"2026/08/06"}},{"type":"Feature","geometry":{"type":"Point","coordinates":[-72.81813888,42.07980555]},"properties":{"group":"airport","dataStatus":"reference","color":"#9be1ff","title":"Cannizzaro Fld","status":"Private use airport","details":"Southwick, MA \u00b7 28MA \u00b7 Privately owned \u00b7 250 ft elevation","provider":"FAA NASR 28-day subscription","sourceUrl":"https://www.faa.gov/air_traffic/flight_info/aeronav/Aero_Data/NASR_Subscription/2026-08-06/","faaId":"28MA","icao":"","facilityType":"Airport","facilityUse":"private","state":"ma","county":"Hampden","effectiveDate":"2026/08/06"}},{"type":"Feature","geometry":{"type":"Point","coordinates":[-71.66952777,42.93686111]},"properties":{"group":"airport","dataStatus":"reference","color":"#9be1ff","title":"A And K","status":"Private use heliport","details":"New Boston, NH \u00b7 28NH \u00b7 Privately owned \u00b7 825 ft elevation","provider":"FAA NASR 28-day subscription","sourceUrl":"https://www.faa.gov/air_traffic/flight_info/aeronav/Aero_Data/NASR_Subscription/2026-08-06/","faaId":"28NH","icao":"","facilityType":"Heliport","facilityUse":"private","state":"nh","county":"Hillsborough","effectiveDate":"2026/08/06"}},{"type":"Feature","geometry":{"type":"Point","coordinates":[-72.40301388,43.486825]},"properties":{"group":"airport","dataStatus":"reference","color":"#9be1ff","title":"Mt Ascutney Hospital","status":"Private use heliport","details":"Windsor, VT \u00b7 28VT \u00b7 Privately owned \u00b7 532 ft elevation","provider":"FAA NASR 28-day subscription","sourceUrl":"https://www.faa.gov/air_traffic/flight_info/aeronav/Aero_Data/NASR_Subscription/2026-08-06/","faaId":"28VT","icao":"","facilityType":"Heliport","facilityUse":"private","state":"vt","county":"Windsor","effectiveDate":"2026/08/06"}},{"type":"Feature","geometry":{"type":"Point","coordinates":[-69.53033333,44.448]},"properties":{"group":"airport","dataStatus":"reference","color":"#9be1ff","title":"Teconnet","status":"Private use seaplane base","details":"China, ME \u00b7 29ME \u00b7 Privately owned \u00b7 194 ft elevation","provider":"FAA NASR 28-day subscription","sourceUrl":"https://www.faa.gov/air_traffic/flight_info/aeronav/Aero_Data/NASR_Subscription/2026-08-06/","faaId":"29ME","icao":"","facilityType":"Seaplane base","facilityUse":"private","state":"me","county":"Kennebec","effectiveDate":"2026/08/06"}},{"type":"Feature","geometry":{"type":"Point","coordinates":[-71.23552777,41.54216666]},"properties":{"group":"airport","dataStatus":"reference","color":"#9be1ff","title":"Vaucluse Farm","status":"Private use heliport","details":"Portsmouth, RI \u00b7 29RI \u00b7 Privately owned \u00b7 12 ft elevation","provider":"FAA NASR 28-day subscription","sourceUrl":"https://www.faa.gov/air_traffic/flight_info/aeronav/Aero_Data/NASR_Subscription/2026-08-06/","faaId":"29RI","icao":"","facilityType":"Heliport","facilityUse":"private","state":"ri","county":"Newport","effectiveDate":"2026/08/06"}},{"type":"Feature","geometry":{"type":"Point","coordinates":[-73.26666666,44.75638888]},"properties":{"group":"airport","dataStatus":"reference","color":"#9be1ff","title":"Middle Hero","status":"Private use seaplane base","details":"Grand Isle, VT \u00b7 29VT \u00b7 Privately owned \u00b7 95 ft elevation","provider":"FAA NASR 28-day subscription","sourceUrl":"https://www.faa.gov/air_traffic/flight_info/aeronav/Aero_Data/NASR_Subscription/2026-08-06/","faaId":"29VT","icao":"","facilityType":"Seaplane base","facilityUse":"private","state":"vt","county":"Grand Isle","effectiveDate":"2026/08/06"}},{"type":"Feature","geometry":{"type":"Point","coordinates":[-70.40225,41.68527777]},"properties":{"group":"airport","dataStatus":"reference","color":"#9be1ff","title":"Cape Cod","status":"Public use airport","details":"Marston Mills, MA \u00b7 2B1 \u00b7 Publicly owned \u00b7 103 ft elevation","provider":"FAA NASR 28-day subscription","sourceUrl":"https://www.faa.gov/air_traffic/flight_info/aeronav/Aero_Data/NASR_Subscription/2026-08-06/","faaId":"2B1","icao":"","facilityType":"Airport","facilityUse":"public","state":"ma","county":"Barnstable","effectiveDate":"2026/08/06"}},{"type":"Feature","geometry":{"type":"Point","coordinates":[-70.83944444,42.79536111]},"properties":{"group":"airport","dataStatus":"reference","color":"#9be1ff","title":"Plum Island","status":"Public use airport","details":"Newburyport, MA \u00b7 2B2 \u00b7 Privately owned \u00b7 11 ft elevation","provider":"FAA NASR 28-day subscription","sourceUrl":"https://www.faa.gov/air_traffic/flight_info/aeronav/Aero_Data/NASR_Subscription/2026-08-06/","faaId":"2B2","icao":"","facilityType":"Airport","facilityUse":"public","state":"ma","county":"Essex","effectiveDate":"2026/08/06"}},{"type":"Feature","geometry":{"type":"Point","coordinates":[-72.18761416,43.38713527]},"properties":{"group":"airport","dataStatus":"reference","color":"#9be1ff","title":"Parlin Fld","status":"Public use airport","details":"Newport, NH \u00b7 2B3 \u00b7 Publicly owned \u00b7 783.9 ft elevation","provider":"FAA NASR 28-day subscription","sourceUrl":"https://www.faa.gov/air_traffic/flight_info/aeronav/Aero_Data/NASR_Subscription/2026-08-06/","faaId":"2B3","icao":"","facilityType":"Airport","facilityUse":"public","state":"nh","county":"Sullivan","effectiveDate":"2026/08/06"}},{"type":"Feature","geometry":{"type":"Point","coordinates":[-69.37441666,44.76852777]},"properties":{"group":"airport","dataStatus":"reference","color":"#9be1ff","title":"Pittsfield Muni","status":"Public use airport","details":"Pittsfield, ME \u00b7 2B7 \u00b7 Publicly owned \u00b7 197.1 ft elevation","provider":"FAA NASR 28-day subscription","sourceUrl":"https://www.faa.gov/air_traffic/flight_info/aeronav/Aero_Data/NASR_Subscription/2026-08-06/","faaId":"2B7","icao":"","facilityType":"Airport","facilityUse":"public","state":"me","county":"Somerset","effectiveDate":"2026/08/06"}},{"type":"Feature","geometry":{"type":"Point","coordinates":[-72.25208333,43.88372222]},"properties":{"group":"airport","dataStatus":"reference","color":"#9be1ff","title":"Post Mills","status":"Public use airport","details":"Post Mills, VT \u00b7 2B9 \u00b7 Privately owned \u00b7 696 ft elevation","provider":"FAA NASR 28-day subscription","sourceUrl":"https://www.faa.gov/air_traffic/flight_info/aeronav/Aero_Data/NASR_Subscription/2026-08-06/","faaId":"2B9","icao":"","facilityType":"Airport","facilityUse":"public","state":"vt","county":"Orange","effectiveDate":"2026/08/06"}},{"type":"Feature","geometry":{"type":"Point","coordinates":[-71.19808888,44.39358194]},"properties":{"group":"airport","dataStatus":"reference","color":"#9be1ff","title":"Gorham","status":"Public use airport","details":"Gorham, NH \u00b7 2G8 \u00b7 Publicly owned \u00b7 835 ft elevation","provider":"FAA NASR 28-day subscription","sourceUrl":"https://www.faa.gov/air_traffic/flight_info/aeronav/Aero_Data/NASR_Subscription/2026-08-06/","faaId":"2G8","icao":"","facilityType":"Airport","facilityUse":"public","state":"nh","county":"Coos","effectiveDate":"2026/08/06"}},{"type":"Feature","geometry":{"type":"Point","coordinates":[-71.55833333,42.37361111]},"properties":{"group":"airport","dataStatus":"reference","color":"#9be1ff","title":"Digital","status":"Private use heliport","details":"Hudson, MA \u00b7 2MA2 \u00b7 Privately owned \u00b7 450 ft elevation","provider":"FAA NASR 28-day subscription","sourceUrl":"https://www.faa.gov/air_traffic/flight_info/aeronav/Aero_Data/NASR_Subscription/2026-08-06/","faaId":"2MA2","icao":"","facilityType":"Heliport","facilityUse":"private","state":"ma","county":"Middlesex","effectiveDate":"2026/08/06"}},{"type":"Feature","geometry":{"type":"Point","coordinates":[-71.47256388,42.54925833]},"properties":{"group":"airport","dataStatus":"reference","color":"#9be1ff","title":"Compaq Littleton","status":"Private use heliport","details":"Littleton, MA \u00b7 2MA4 \u00b7 Privately owned \u00b7 300 ft elevation","provider":"FAA NASR 28-day subscription","sourceUrl":"https://www.faa.gov/air_traffic/flight_info/aeronav/Aero_Data/NASR_Subscription/2026-08-06/","faaId":"2MA4","icao":"","facilityType":"Heliport","facilityUse":"private","state":"ma","county":"Middlesex","effectiveDate":"2026/08/06"}},{"type":"Feature","geometry":{"type":"Point","coordinates":[-71.45756277,42.42787111]},"properties":{"group":"airport","dataStatus":"reference","color":"#9be1ff","title":"Compaq Powdermill Road","status":"Private use heliport","details":"Maynard, MA \u00b7 2MA5 \u00b7 Privately owned \u00b7 175 ft elevation","provider":"FAA NASR 28-day subscription","sourceUrl":"https://www.faa.gov/air_traffic/flight_info/aeronav/Aero_Data/NASR_Subscription/2026-08-06/","faaId":"2MA5","icao":"","facilityType":"Heliport","facilityUse":"private","state":"ma","county":"Middlesex","effectiveDate":"2026/08/06"}},{"type":"Feature","geometry":{"type":"Point","coordinates":[-71.32644305,41.9584325]},"properties":{"group":"airport","dataStatus":"reference","color":"#9be1ff","title":"Falls Pond","status":"Private use seaplane base","details":"North Attleborough, MA \u00b7 2MA7 \u00b7 Privately owned \u00b7 175 ft elevation","provider":"FAA NASR 28-day subscription","sourceUrl":"https://www.faa.gov/air_traffic/flight_info/aeronav/Aero_Data/NASR_Subscription/2026-08-06/","faaId":"2MA7","icao":"","facilityType":"Seaplane base","facilityUse":"private","state":"ma","county":"Bristol","effectiveDate":"2026/08/06"}},{"type":"Feature","geometry":{"type":"Point","coordinates":[-71.54173166,42.43092611]},"properties":{"group":"airport","dataStatus":"reference","color":"#9be1ff","title":"Compaq Stow","status":"Private use heliport","details":"Stow, MA \u00b7 2MA8 \u00b7 Privately owned \u00b7 250 ft elevation","provider":"FAA NASR 28-day subscription","sourceUrl":"https://www.faa.gov/air_traffic/flight_info/aeronav/Aero_Data/NASR_Subscription/2026-08-06/","faaId":"2MA8","icao":"","facilityType":"Heliport","facilityUse":"private","state":"ma","county":"Middlesex","effectiveDate":"2026/08/06"}},{"type":"Feature","geometry":{"type":"Point","coordinates":[-71.22450277,42.63925833]},"properties":{"group":"airport","dataStatus":"reference","color":"#9be1ff","title":"Digital","status":"Private use heliport","details":"Tewksbury, MA \u00b7 2MA9 \u00b7 Privately owned \u00b7 130 ft elevation","provider":"FAA NASR 28-day subscription","sourceUrl":"https://www.faa.gov/air_traffic/flight_info/aeronav/Aero_Data/NASR_Subscription/2026-08-06/","faaId":"2MA9","icao":"","facilityType":"Heliport","facilityUse":"private","state":"ma","county":"Middlesex","effectiveDate":"2026/08/06"}},{"type":"Feature","geometry":{"type":"Point","coordinates":[-68.87433888,44.12937222]},"properties":{"group":"airport","dataStatus":"reference","color":"#9be1ff","title":"North Haven","status":"Private use heliport","details":"North Haven, ME \u00b7 2ME2 \u00b7 Privately owned \u00b7 48 ft elevation","provider":"FAA NASR 28-day subscription","sourceUrl":"https://www.faa.gov/air_traffic/flight_info/aeronav/Aero_Data/NASR_Subscription/2026-08-06/","faaId":"2ME2","icao":"","facilityType":"Heliport","facilityUse":"private","state":"me","county":"Knox","effectiveDate":"2026/08/06"}},{"type":"Feature","geometry":{"type":"Point","coordinates":[-68.99002222,45.04135]},"properties":{"group":"airport","dataStatus":"reference","color":"#9be1ff","title":"Heartstone Farm","status":"Private use airport","details":"Charleston, ME \u00b7 2ME3 \u00b7 Privately owned \u00b7 230 ft elevation","provider":"FAA NASR 28-day subscription","sourceUrl":"https://www.faa.gov/air_traffic/flight_info/aeronav/Aero_Data/NASR_Subscription/2026-08-06/","faaId":"2ME3","icao":"","facilityType":"Airport","facilityUse":"private","state":"me","county":"Penobscot","effectiveDate":"2026/08/06"}},{"type":"Feature","geometry":{"type":"Point","coordinates":[-71.75146805,43.59201805]},"properties":{"group":"airport","dataStatus":"reference","color":"#9be1ff","title":"Newfound Valley","status":"Public use airport","details":"Bristol, NH \u00b7 2N2 \u00b7 Privately owned \u00b7 510 ft elevation","provider":"FAA NASR 28-day subscription","sourceUrl":"https://www.faa.gov/air_traffic/flight_info/aeronav/Aero_Data/NASR_Subscription/2026-08-06/","faaId":"2N2","icao":"","facilityType":"Airport","facilityUse":"public","state":"nh","county":"Grafton","effectiveDate":"2026/08/06"}},{"type":"Feature","geometry":{"type":"Point","coordinates":[-71.48603055,42.85626944]},"properties":{"group":"airport","dataStatus":"reference","color":"#9be1ff","title":"Foote","status":"Private use heliport","details":"Merrimack, NH \u00b7 2NH1 \u00b7 Privately owned \u00b7 123 ft elevation","provider":"FAA NASR 28-day subscription","sourceUrl":"https://www.faa.gov/air_traffic/flight_info/aeronav/Aero_Data/NASR_Subscription/2026-08-06/","faaId":"2NH1","icao":"","facilityType":"Heliport","facilityUse":"private","state":"nh","county":"Hillsborough","effectiveDate":"2026/08/06"}},{"type":"Feature","geometry":{"type":"Point","coordinates":[-71.47372222,42.854875]},"properties":{"group":"airport","dataStatus":"reference","color":"#9be1ff","title":"Westport","status":"Private use heliport","details":"Litchfield, NH \u00b7 2NH2 \u00b7 Privately owned \u00b7 205 ft elevation","provider":"FAA NASR 28-day subscription","sourceUrl":"https://www.faa.gov/air_traffic/flight_info/aeronav/Aero_Data/NASR_Subscription/2026-08-06/","faaId":"2NH2","icao":"","facilityType":"Heliport","facilityUse":"private","state":"nh","county":"Hillsborough","effectiveDate":"2026/08/06"}},{"type":"Feature","geometry":{"type":"Point","coordinates":[-71.49823333,43.11431666]},"properties":{"group":"airport","dataStatus":"reference","color":"#9be1ff","title":"Scott","status":"Private use heliport","details":"Bow, NH \u00b7 2NH3 \u00b7 Privately owned \u00b7 536 ft elevation","provider":"FAA NASR 28-day subscription","sourceUrl":"https://www.faa.gov/air_traffic/flight_info/aeronav/Aero_Data/NASR_Subscription/2026-08-06/","faaId":"2NH3","icao":"","facilityType":"Heliport","facilityUse":"private","state":"nh","county":"Merrimack","effectiveDate":"2026/08/06"}},{"type":"Feature","geometry":{"type":"Point","coordinates":[-71.69577777,43.75728333]},"properties":{"group":"airport","dataStatus":"reference","color":"#9be1ff","title":"Speare Meml Hospital","status":"Private use heliport","details":"Plymouth, NH \u00b7 2NH4 \u00b7 Privately owned \u00b7 660 ft elevation","provider":"FAA NASR 28-day subscription","sourceUrl":"https://www.faa.gov/air_traffic/flight_info/aeronav/Aero_Data/NASR_Subscription/2026-08-06/","faaId":"2NH4","icao":"","facilityType":"Heliport","facilityUse":"private","state":"nh","county":"Grafton","effectiveDate":"2026/08/06"}},{"type":"Feature","geometry":{"type":"Point","coordinates":[-72.40166666,42.99027777]},"properties":{"group":"airport","dataStatus":"reference","color":"#9be1ff","title":"Pilgrim'S Home Airfield","status":"Private use airport","details":"Westmoreland, NH \u00b7 2NH5 \u00b7 Privately owned \u00b7 600 ft elevation","provider":"FAA NASR 28-day subscription","sourceUrl":"https://www.faa.gov/air_traffic/flight_info/aeronav/Aero_Data/NASR_Subscription/2026-08-06/","faaId":"2NH5","icao":"","facilityType":"Airport","facilityUse":"private","state":"nh","county":"Cheshire","effectiveDate":"2026/08/06"}},{"type":"Feature","geometry":{"type":"Point","coordinates":[-71.45564166,43.3658]},"properties":{"group":"airport","dataStatus":"reference","color":"#9be1ff","title":"Speedway Northside","status":"Private use heliport","details":"Loudon, NH \u00b7 2NH6 \u00b7 Privately owned \u00b7 560 ft elevation","provider":"FAA NASR 28-day subscription","sourceUrl":"https://www.faa.gov/air_traffic/flight_info/aeronav/Aero_Data/NASR_Subscription/2026-08-06/","faaId":"2NH6","icao":"","facilityType":"Heliport","facilityUse":"private","state":"nh","county":"Merrimack","effectiveDate":"2026/08/06"}},{"type":"Feature","geometry":{"type":"Point","coordinates":[-73.28166666,44.87277777]},"properties":{"group":"airport","dataStatus":"reference","color":"#9be1ff","title":"Northern Lights","status":"Private use seaplane base","details":"Alburg, VT \u00b7 2VT2 \u00b7 Privately owned \u00b7 95 ft elevation","provider":"FAA NASR 28-day subscription","sourceUrl":"https://www.faa.gov/air_traffic/flight_info/aeronav/Aero_Data/NASR_Subscription/2026-08-06/","faaId":"2VT2","icao":"","facilityType":"Seaplane base","facilityUse":"private","state":"vt","county":"Grand Isle","effectiveDate":"2026/08/06"}},{"type":"Feature","geometry":{"type":"Point","coordinates":[-71.6928,42.42795]},"properties":{"group":"airport","dataStatus":"reference","color":"#9be1ff","title":"Clinton Hospital","status":"Private use heliport","details":"Clinton, MA \u00b7 30MA \u00b7 Privately owned \u00b7 368 ft elevation","provider":"FAA NASR 28-day subscription","sourceUrl":"https://www.faa.gov/air_traffic/flight_info/aeronav/Aero_Data/NASR_Subscription/2026-08-06/","faaId":"30MA","icao":"","facilityType":"Heliport","facilityUse":"private","state":"ma","county":"Worcester","effectiveDate":"2026/08/06"}},{"type":"Feature","geometry":{"type":"Point","coordinates":[-69.70488055,44.27525555]},"properties":{"group":"airport","dataStatus":"reference","color":"#9be1ff","title":"Togus Va Lz","status":"Private use heliport","details":"Augusta, ME \u00b7 30ME \u00b7 Privately owned \u00b7 169 ft elevation","provider":"FAA NASR 28-day subscription","sourceUrl":"https://www.faa.gov/air_traffic/flight_info/aeronav/Aero_Data/NASR_Subscription/2026-08-06/","faaId":"30ME","icao":"","facilityType":"Heliport","facilityUse":"private","state":"me","county":"Kennebec","effectiveDate":"2026/08/06"}},{"type":"Feature","geometry":{"type":"Point","coordinates":[-72.40895194,42.26216677]},"properties":{"group":"airport","dataStatus":"reference","color":"#9be1ff","title":"Norm'S Fld","status":"Private use airport","details":"Belchertown, MA \u00b7 31MA \u00b7 Privately owned \u00b7 470 ft elevation","provider":"FAA NASR 28-day subscription","sourceUrl":"https://www.faa.gov/air_traffic/flight_info/aeronav/Aero_Data/NASR_Subscription/2026-08-06/","faaId":"31MA","icao":"","facilityType":"Airport","facilityUse":"private","state":"ma","county":"Hampshire","effectiveDate":"2026/08/06"}},{"type":"Feature","geometry":{"type":"Point","coordinates":[-70.31738055,43.59378055]},"properties":{"group":"airport","dataStatus":"reference","color":"#9be1ff","title":"Coastline 1","status":"Private use heliport","details":"Scarborough, ME \u00b7 31ME \u00b7 Privately owned \u00b7 36 ft elevation","provider":"FAA NASR 28-day subscription","sourceUrl":"https://www.faa.gov/air_traffic/flight_info/aeronav/Aero_Data/NASR_Subscription/2026-08-06/","faaId":"31ME","icao":"","facilityType":"Heliport","facilityUse":"private","state":"me","county":"Cumberland","effectiveDate":"2026/08/06"}},{"type":"Feature","geometry":{"type":"Point","coordinates":[-71.24895833,43.22328333]},"properties":{"group":"airport","dataStatus":"reference","color":"#9be1ff","title":"Johnson'S","status":"Private use heliport","details":"Northwood, NH \u00b7 31NH \u00b7 Privately owned \u00b7 575 ft elevation","provider":"FAA NASR 28-day subscription","sourceUrl":"https://www.faa.gov/air_traffic/flight_info/aeronav/Aero_Data/NASR_Subscription/2026-08-06/","faaId":"31NH","icao":"","facilityType":"Heliport","facilityUse":"private","state":"nh","county":"Rockingham","effectiveDate":"2026/08/06"}},{"type":"Feature","geometry":{"type":"Point","coordinates":[-73.11028888,42.70805277]},"properties":{"group":"airport","dataStatus":"reference","color":"#9be1ff","title":"Berkshire Medical Center","status":"Private use heliport","details":"North Adams, MA \u00b7 32MA \u00b7 Privately owned \u00b7 855 ft elevation","provider":"FAA NASR 28-day subscription","sourceUrl":"https://www.faa.gov/air_traffic/flight_info/aeronav/Aero_Data/NASR_Subscription/2026-08-06/","faaId":"32MA","icao":"","facilityType":"Heliport","facilityUse":"private","state":"ma","county":"Berkshire","effectiveDate":"2026/08/06"}},{"type":"Feature","geometry":{"type":"Point","coordinates":[-71.88582777,43.83841111]},"properties":{"group":"airport","dataStatus":"reference","color":"#9be1ff","title":"Lumberjack","status":"Private use heliport","details":"Wentworth, NH \u00b7 32NH \u00b7 Privately owned \u00b7 742 ft elevation","provider":"FAA NASR 28-day subscription","sourceUrl":"https://www.faa.gov/air_traffic/flight_info/aeronav/Aero_Data/NASR_Subscription/2026-08-06/","faaId":"32NH","icao":"","facilityType":"Heliport","facilityUse":"private","state":"nh","county":"Grafton","effectiveDate":"2026/08/06"}},{"type":"Feature","geometry":{"type":"Point","coordinates":[-73.23972222,41.60944444]},"properties":{"group":"airport","dataStatus":"reference","color":"#9be1ff","title":"Irish Hills Farms","status":"Private use airport","details":"Bethlehem, CT \u00b7 33CT \u00b7 Privately owned \u00b7 830 ft elevation","provider":"FAA NASR 28-day subscription","sourceUrl":"https://www.faa.gov/air_traffic/flight_info/aeronav/Aero_Data/NASR_Subscription/2026-08-06/","faaId":"33CT","icao":"","facilityType":"Airport","facilityUse":"private","state":"ct","county":"Litchfield","effectiveDate":"2026/08/06"}},{"type":"Feature","geometry":{"type":"Point","coordinates":[-71.85361388,43.14434444]},"properties":{"group":"airport","dataStatus":"reference","color":"#9be1ff","title":"Bear Hill","status":"Private use heliport","details":"Henniker, NH \u00b7 33NH \u00b7 Privately owned \u00b7 831 ft elevation","provider":"FAA NASR 28-day subscription","sourceUrl":"https://www.faa.gov/air_traffic/flight_info/aeronav/Aero_Data/NASR_Subscription/2026-08-06/","faaId":"33NH","icao":"","facilityType":"Heliport","facilityUse":"private","state":"nh","county":"Merrimack","effectiveDate":"2026/08/06"}},{"type":"Feature","geometry":{"type":"Point","coordinates":[-72.56583333,44.11833333]},"properties":{"group":"airport","dataStatus":"reference","color":"#9be1ff","title":"Sky View Acres","status":"Private use airport","details":"Williamstown, VT \u00b7 33VT \u00b7 Privately owned \u00b7 1350 ft elevation","provider":"FAA NASR 28-day subscription","sourceUrl":"https://www.faa.gov/air_traffic/flight_info/aeronav/Aero_Data/NASR_Subscription/2026-08-06/","faaId":"33VT","icao":"","facilityType":"Airport","facilityUse":"private","state":"vt","county":"Orange","effectiveDate":"2026/08/06"}},{"type":"Feature","geometry":{"type":"Point","coordinates":[-70.73885277,42.57633611]},"properties":{"group":"airport","dataStatus":"reference","color":"#9be1ff","title":"Crowhurst","status":"Private use heliport","details":"Manchester-By-The Sea, MA \u00b7 34MA \u00b7 Privately owned \u00b7 70 ft elevation","provider":"FAA NASR 28-day subscription","sourceUrl":"https://www.faa.gov/air_traffic/flight_info/aeronav/Aero_Data/NASR_Subscription/2026-08-06/","faaId":"34MA","icao":"","facilityType":"Heliport","facilityUse":"private","state":"ma","county":"Essex","effectiveDate":"2026/08/06"}},{"type":"Feature","geometry":{"type":"Point","coordinates":[-71.66085,42.81448611]},"properties":{"group":"airport","dataStatus":"reference","color":"#9be1ff","title":"Stone Song","status":"Private use heliport","details":"Milford, NH \u00b7 34NH \u00b7 Privately owned \u00b7 381 ft elevation","provider":"FAA NASR 28-day subscription","sourceUrl":"https://www.faa.gov/air_traffic/flight_info/aeronav/Aero_Data/NASR_Subscription/2026-08-06/","faaId":"34NH","icao":"","facilityType":"Heliport","facilityUse":"private","state":"nh","county":"Hillsborough","effectiveDate":"2026/08/06"}},{"type":"Feature","geometry":{"type":"Point","coordinates":[-70.81028055,42.55818611]},"properties":{"group":"airport","dataStatus":"reference","color":"#9be1ff","title":"Idlewile","status":"Private use heliport","details":"Beverly, MA \u00b7 35MA \u00b7 Privately owned \u00b7 25 ft elevation","provider":"FAA NASR 28-day subscription","sourceUrl":"https://www.faa.gov/air_traffic/flight_info/aeronav/Aero_Data/NASR_Subscription/2026-08-06/","faaId":"35MA","icao":"","facilityType":"Heliport","facilityUse":"private","state":"ma","county":"Essex","effectiveDate":"2026/08/06"}},{"type":"Feature","geometry":{"type":"Point","coordinates":[-68.89355555,43.87143333]},"properties":{"group":"airport","dataStatus":"reference","color":"#9be1ff","title":"Matinicus Island","status":"Private use airport","details":"Matinicus Island, ME \u00b7 35ME \u00b7 Privately owned \u00b7 45 ft elevation","provider":"FAA NASR 28-day subscription","sourceUrl":"https://www.faa.gov/air_traffic/flight_info/aeronav/Aero_Data/NASR_Subscription/2026-08-06/","faaId":"35ME","icao":"","facilityType":"Airport","facilityUse":"private","state":"me","county":"Knox","effectiveDate":"2026/08/06"}},{"type":"Feature","geometry":{"type":"Point","coordinates":[-71.10910833,42.33816111]},"properties":{"group":"airport","dataStatus":"reference","color":"#9be1ff","title":"Beth Israel Deaconess Medical Center","status":"Private use heliport","details":"Boston, MA \u00b7 36MA \u00b7 Privately owned \u00b7 161 ft elevation","provider":"FAA NASR 28-day subscription","sourceUrl":"https://www.faa.gov/air_traffic/flight_info/aeronav/Aero_Data/NASR_Subscription/2026-08-06/","faaId":"36MA","icao":"","facilityType":"Heliport","facilityUse":"private","state":"ma","county":"Suffolk","effectiveDate":"2026/08/06"}},{"type":"Feature","geometry":{"type":"Point","coordinates":[-69.1243725,44.2581545]},"properties":{"group":"airport","dataStatus":"reference","color":"#9be1ff","title":"Eagle Landing","status":"Private use seaplane base","details":"Camden, ME \u00b7 36ME \u00b7 Privately owned \u00b7 138 ft elevation","provider":"FAA NASR 28-day subscription","sourceUrl":"https://www.faa.gov/air_traffic/flight_info/aeronav/Aero_Data/NASR_Subscription/2026-08-06/","faaId":"36ME","icao":"","facilityType":"Seaplane base","facilityUse":"private","state":"me","county":"Knox","effectiveDate":"2026/08/06"}},{"type":"Feature","geometry":{"type":"Point","coordinates":[-71.36947777,42.70115555]},"properties":{"group":"airport","dataStatus":"reference","color":"#9be1ff","title":"Long Pond Landing","status":"Private use heliport","details":"Pelham, NH \u00b7 36NH \u00b7 Privately owned \u00b7 179 ft elevation","provider":"FAA NASR 28-day subscription","sourceUrl":"https://www.faa.gov/air_traffic/flight_info/aeronav/Aero_Data/NASR_Subscription/2026-08-06/","faaId":"36NH","icao":"","facilityType":"Heliport","facilityUse":"private","state":"nh","county":"Hillsborough","effectiveDate":"2026/08/06"}},{"type":"Feature","geometry":{"type":"Point","coordinates":[-73.2825,44.86]},"properties":{"group":"airport","dataStatus":"reference","color":"#9be1ff","title":"North Hero Passage","status":"Private use seaplane base","details":"North Hero, VT \u00b7 36VT \u00b7 Privately owned \u00b7 95 ft elevation","provider":"FAA NASR 28-day subscription","sourceUrl":"https://www.faa.gov/air_traffic/flight_info/aeronav/Aero_Data/NASR_Subscription/2026-08-06/","faaId":"36VT","icao":"","facilityType":"Seaplane base","facilityUse":"private","state":"vt","county":"Grand Isle","effectiveDate":"2026/08/06"}},{"type":"Feature","geometry":{"type":"Point","coordinates":[-72.42380277,42.12303055]},"properties":{"group":"airport","dataStatus":"reference","color":"#9be1ff","title":"Hanson","status":"Private use heliport","details":"Wilbraham, MA \u00b7 37MA \u00b7 Privately owned \u00b7 400 ft elevation","provider":"FAA NASR 28-day subscription","sourceUrl":"https://www.faa.gov/air_traffic/flight_info/aeronav/Aero_Data/NASR_Subscription/2026-08-06/","faaId":"37MA","icao":"","facilityType":"Heliport","facilityUse":"private","state":"ma","county":"Hampden","effectiveDate":"2026/08/06"}},{"type":"Feature","geometry":{"type":"Point","coordinates":[-71.46694444,43.08583333]},"properties":{"group":"airport","dataStatus":"reference","color":"#9be1ff","title":"Hooksett'S Seaplane Landing","status":"Private use seaplane base","details":"Hooksett, NH \u00b7 37NH \u00b7 Privately owned \u00b7 175 ft elevation","provider":"FAA NASR 28-day subscription","sourceUrl":"https://www.faa.gov/air_traffic/flight_info/aeronav/Aero_Data/NASR_Subscription/2026-08-06/","faaId":"37NH","icao":"","facilityType":"Seaplane base","facilityUse":"private","state":"nh","county":"Merrimack","effectiveDate":"2026/08/06"}},{"type":"Feature","geometry":{"type":"Point","coordinates":[-73.15791666,44.40208333]},"properties":{"group":"airport","dataStatus":"reference","color":"#9be1ff","title":"Muddy Paw","status":"Private use airport","details":"Shelburne, VT \u00b7 38VT \u00b7 Privately owned \u00b7 372 ft elevation","provider":"FAA NASR 28-day subscription","sourceUrl":"https://www.faa.gov/air_traffic/flight_info/aeronav/Aero_Data/NASR_Subscription/2026-08-06/","faaId":"38VT","icao":"","facilityType":"Airport","facilityUse":"private","state":"vt","county":"Chittenden","effectiveDate":"2026/08/06"}},{"type":"Feature","geometry":{"type":"Point","coordinates":[-69.24038888,46.20247222]},"properties":{"group":"airport","dataStatus":"reference","color":"#9be1ff","title":"Nugent Chamberlain Lake","status":"Public use seaplane base","details":"Chesuncook, ME \u00b7 39B \u00b7 Privately owned \u00b7 945 ft elevation","provider":"FAA NASR 28-day subscription","sourceUrl":"https://www.faa.gov/air_traffic/flight_info/aeronav/Aero_Data/NASR_Subscription/2026-08-06/","faaId":"39B","icao":"","facilityType":"Seaplane base","facilityUse":"public","state":"me","county":"Piscataquis","effectiveDate":"2026/08/06"}},{"type":"Feature","geometry":{"type":"Point","coordinates":[-68.41739444,44.54655277]},"properties":{"group":"airport","dataStatus":"reference","color":"#9be1ff","title":"Maine Coast Meml","status":"Private use heliport","details":"Ellsworth, ME \u00b7 39ME \u00b7 Privately owned \u00b7 161 ft elevation","provider":"FAA NASR 28-day subscription","sourceUrl":"https://www.faa.gov/air_traffic/flight_info/aeronav/Aero_Data/NASR_Subscription/2026-08-06/","faaId":"39ME","icao":"","facilityType":"Heliport","facilityUse":"private","state":"me","county":"Hancock","effectiveDate":"2026/08/06"}},{"type":"Feature","geometry":{"type":"Point","coordinates":[-72.03883333,42.10111111]},"properties":{"group":"airport","dataStatus":"reference","color":"#9be1ff","title":"Southbridge Muni","status":"Public use airport","details":"Southbridge, MA \u00b7 3B0 \u00b7 Publicly owned \u00b7 698.8 ft elevation","provider":"FAA NASR 28-day subscription","sourceUrl":"https://www.faa.gov/air_traffic/flight_info/aeronav/Aero_Data/NASR_Subscription/2026-08-06/","faaId":"3B0","icao":"","facilityType":"Airport","facilityUse":"public","state":"ma","county":"Worcester","effectiveDate":"2026/08/06"}},{"type":"Feature","geometry":{"type":"Point","coordinates":[-69.55164944,45.46283138]},"properties":{"group":"airport","dataStatus":"reference","color":"#9be1ff","title":"Greenville Muni","status":"Public use airport","details":"Greenville, ME \u00b7 3B1 \u00b7 Publicly owned \u00b7 1401.8 ft elevation","provider":"FAA NASR 28-day subscription","sourceUrl":"https://www.faa.gov/air_traffic/flight_info/aeronav/Aero_Data/NASR_Subscription/2026-08-06/","faaId":"3B1","icao":"","facilityType":"Airport","facilityUse":"public","state":"me","county":"Piscataquis","effectiveDate":"2026/08/06"}},{"type":"Feature","geometry":{"type":"Point","coordinates":[-71.79285083,42.4259025]},"properties":{"group":"airport","dataStatus":"reference","color":"#9be1ff","title":"Sterling","status":"Public use airport","details":"Sterling, MA \u00b7 3B3 \u00b7 Privately owned \u00b7 459 ft elevation","provider":"FAA NASR 28-day subscription","sourceUrl":"https://www.faa.gov/air_traffic/flight_info/aeronav/Aero_Data/NASR_Subscription/2026-08-06/","faaId":"3B3","icao":"","facilityType":"Airport","facilityUse":"public","state":"ma","county":"Worcester","effectiveDate":"2026/08/06"}},{"type":"Feature","geometry":{"type":"Point","coordinates":[-71.13644305,42.50981666]},"properties":{"group":"airport","dataStatus":"reference","color":"#9be1ff","title":"Compaq Woburn","status":"Private use heliport","details":"Woburn, MA \u00b7 3MA0 \u00b7 Privately owned \u00b7 80 ft elevation","provider":"FAA NASR 28-day subscription","sourceUrl":"https://www.faa.gov/air_traffic/flight_info/aeronav/Aero_Data/NASR_Subscription/2026-08-06/","faaId":"3MA0","icao":"","facilityType":"Heliport","facilityUse":"private","state":"ma","county":"Middlesex","effectiveDate":"2026/08/06"}},{"type":"Feature","geometry":{"type":"Point","coordinates":[-71.55536944,42.35637222]},"properties":{"group":"airport","dataStatus":"reference","color":"#9be1ff","title":"Marlborough Hospital","status":"Private use heliport","details":"Marlborough, MA \u00b7 3MA1 \u00b7 Privately owned \u00b7 520 ft elevation","provider":"FAA NASR 28-day subscription","sourceUrl":"https://www.faa.gov/air_traffic/flight_info/aeronav/Aero_Data/NASR_Subscription/2026-08-06/","faaId":"3MA1","icao":"","facilityType":"Heliport","facilityUse":"private","state":"ma","county":"Middlesex","effectiveDate":"2026/08/06"}},{"type":"Feature","geometry":{"type":"Point","coordinates":[-73.03204611,42.31619861]},"properties":{"group":"airport","dataStatus":"reference","color":"#9be1ff","title":"Baines","status":"Private use airport","details":"Middlefield, MA \u00b7 3MA2 \u00b7 Privately owned \u00b7 1160 ft elevation","provider":"FAA NASR 28-day subscription","sourceUrl":"https://www.faa.gov/air_traffic/flight_info/aeronav/Aero_Data/NASR_Subscription/2026-08-06/","faaId":"3MA2","icao":"","facilityType":"Airport","facilityUse":"private","state":"ma","county":"Hampshire","effectiveDate":"2026/08/06"}},{"type":"Feature","geometry":{"type":"Point","coordinates":[-70.41530277,41.61149916]},"properties":{"group":"airport","dataStatus":"reference","color":"#9be1ff","title":"Seapuit","status":"Private use heliport","details":"Barnstable, MA \u00b7 3MA3 \u00b7 Privately owned \u00b7 20 ft elevation","provider":"FAA NASR 28-day subscription","sourceUrl":"https://www.faa.gov/air_traffic/flight_info/aeronav/Aero_Data/NASR_Subscription/2026-08-06/","faaId":"3MA3","icao":"","facilityType":"Heliport","facilityUse":"private","state":"ma","county":"Barnstable","effectiveDate":"2026/08/06"}},{"type":"Feature","geometry":{"type":"Point","coordinates":[-70.96546666,42.45213888]},"properties":{"group":"airport","dataStatus":"reference","color":"#9be1ff","title":"Gear Plant","status":"Private use heliport","details":"Lynn, MA \u00b7 3MA7 \u00b7 Privately owned \u00b7 10 ft elevation","provider":"FAA NASR 28-day subscription","sourceUrl":"https://www.faa.gov/air_traffic/flight_info/aeronav/Aero_Data/NASR_Subscription/2026-08-06/","faaId":"3MA7","icao":"","facilityType":"Heliport","facilityUse":"private","state":"ma","county":"Essex","effectiveDate":"2026/08/06"}},{"type":"Feature","geometry":{"type":"Point","coordinates":[-70.4078025,41.6403875]},"properties":{"group":"airport","dataStatus":"reference","color":"#9be1ff","title":"Marston Mills","status":"Private use heliport","details":"Marston Mills, MA \u00b7 3MA9 \u00b7 Privately owned \u00b7 10 ft elevation","provider":"FAA NASR 28-day subscription","sourceUrl":"https://www.faa.gov/air_traffic/flight_info/aeronav/Aero_Data/NASR_Subscription/2026-08-06/","faaId":"3MA9","icao":"","facilityType":"Heliport","facilityUse":"private","state":"ma","county":"Barnstable","effectiveDate":"2026/08/06"}},{"type":"Feature","geometry":{"type":"Point","coordinates":[-70.39695833,44.46059722]},"properties":{"group":"airport","dataStatus":"reference","color":"#9be1ff","title":"Destiny Cove","status":"Private use seaplane base","details":"Peru, ME \u00b7 3ME7 \u00b7 Privately owned \u00b7 580 ft elevation","provider":"FAA NASR 28-day subscription","sourceUrl":"https://www.faa.gov/air_traffic/flight_info/aeronav/Aero_Data/NASR_Subscription/2026-08-06/","faaId":"3ME7","icao":"","facilityType":"Seaplane base","facilityUse":"private","state":"me","county":"Oxford","effectiveDate":"2026/08/06"}},{"type":"Feature","geometry":{"type":"Point","coordinates":[-70.64133333,43.99498333]},"properties":{"group":"airport","dataStatus":"reference","color":"#9be1ff","title":"Mast Cove","status":"Private use seaplane base","details":"Naples, ME \u00b7 3ME8 \u00b7 Privately owned \u00b7 267 ft elevation","provider":"FAA NASR 28-day subscription","sourceUrl":"https://www.faa.gov/air_traffic/flight_info/aeronav/Aero_Data/NASR_Subscription/2026-08-06/","faaId":"3ME8","icao":"","facilityType":"Seaplane base","facilityUse":"private","state":"me","county":"Cumberland","effectiveDate":"2026/08/06"}},{"type":"Feature","geometry":{"type":"Point","coordinates":[-72.08472777,42.97376388]},"properties":{"group":"airport","dataStatus":"reference","color":"#9be1ff","title":"Flying Loon","status":"Private use seaplane base","details":"Nelson, NH \u00b7 3NH2 \u00b7 Privately owned \u00b7 1400 ft elevation","provider":"FAA NASR 28-day subscription","sourceUrl":"https://www.faa.gov/air_traffic/flight_info/aeronav/Aero_Data/NASR_Subscription/2026-08-06/","faaId":"3NH2","icao":"","facilityType":"Seaplane base","facilityUse":"private","state":"nh","county":"Hillsborough","effectiveDate":"2026/08/06"}},{"type":"Feature","geometry":{"type":"Point","coordinates":[-70.79150513,43.06461]},"properties":{"group":"airport","dataStatus":"reference","color":"#9be1ff","title":"Portsmouth Rgnl Hospital","status":"Private use heliport","details":"Portsmouth, NH \u00b7 3NH4 \u00b7 Privately owned \u00b7 62 ft elevation","provider":"FAA NASR 28-day subscription","sourceUrl":"https://www.faa.gov/air_traffic/flight_info/aeronav/Aero_Data/NASR_Subscription/2026-08-06/","faaId":"3NH4","icao":"","facilityType":"Heliport","facilityUse":"private","state":"nh","county":"Belknap","effectiveDate":"2026/08/06"}},{"type":"Feature","geometry":{"type":"Point","coordinates":[-71.226125,43.54800555]},"properties":{"group":"airport","dataStatus":"reference","color":"#9be1ff","title":"Longview","status":"Private use heliport","details":"Alton, NH \u00b7 3NH9 \u00b7 Privately owned \u00b7 563 ft elevation","provider":"FAA NASR 28-day subscription","sourceUrl":"https://www.faa.gov/air_traffic/flight_info/aeronav/Aero_Data/NASR_Subscription/2026-08-06/","faaId":"3NH9","icao":"","facilityType":"Heliport","facilityUse":"private","state":"nh","county":"Belknap","effectiveDate":"2026/08/06"}},{"type":"Feature","geometry":{"type":"Point","coordinates":[-71.34291111,42.64815833]},"properties":{"group":"airport","dataStatus":"reference","color":"#9be1ff","title":"Lowell General Hospital","status":"Private use heliport","details":"Lowell, MA \u00b7 40MA \u00b7 Privately owned \u00b7 143 ft elevation","provider":"FAA NASR 28-day subscription","sourceUrl":"https://www.faa.gov/air_traffic/flight_info/aeronav/Aero_Data/NASR_Subscription/2026-08-06/","faaId":"40MA","icao":"","facilityType":"Heliport","facilityUse":"private","state":"ma","county":"Middlesex","effectiveDate":"2026/08/06"}},{"type":"Feature","geometry":{"type":"Point","coordinates":[-70.95597777,44.10589166]},"properties":{"group":"airport","dataStatus":"reference","color":"#9be1ff","title":"Tib Fld","status":"Private use airport","details":"Fryeburg, ME \u00b7 40ME \u00b7 Privately owned \u00b7 450 ft elevation","provider":"FAA NASR 28-day subscription","sourceUrl":"https://www.faa.gov/air_traffic/flight_info/aeronav/Aero_Data/NASR_Subscription/2026-08-06/","faaId":"40ME","icao":"","facilityType":"Airport","facilityUse":"private","state":"me","county":"Oxford","effectiveDate":"2026/08/06"}},{"type":"Feature","geometry":{"type":"Point","coordinates":[-71.30766666,41.46144444]},"properties":{"group":"airport","dataStatus":"reference","color":"#9be1ff","title":"Newport Trust","status":"Private use heliport","details":"Newport, RI \u00b7 40RI \u00b7 Privately owned \u00b7 34 ft elevation","provider":"FAA NASR 28-day subscription","sourceUrl":"https://www.faa.gov/air_traffic/flight_info/aeronav/Aero_Data/NASR_Subscription/2026-08-06/","faaId":"40RI","icao":"","facilityType":"Heliport","facilityUse":"private","state":"ri","county":"Newport","effectiveDate":"2026/08/06"}},{"type":"Feature","geometry":{"type":"Point","coordinates":[-70.47494166,41.5906]},"properties":{"group":"airport","dataStatus":"reference","color":"#9be1ff","title":"Haney","status":"Private use heliport","details":"Mashpee, MA \u00b7 41MA \u00b7 Privately owned \u00b7 22 ft elevation","provider":"FAA NASR 28-day subscription","sourceUrl":"https://www.faa.gov/air_traffic/flight_info/aeronav/Aero_Data/NASR_Subscription/2026-08-06/","faaId":"41MA","icao":"","facilityType":"Heliport","facilityUse":"private","state":"ma","county":"Barnstable","effectiveDate":"2026/08/06"}},{"type":"Feature","geometry":{"type":"Point","coordinates":[-70.14627777,44.51961666]},"properties":{"group":"airport","dataStatus":"reference","color":"#9be1ff","title":"Eagle Ridge Airfield","status":"Private use airport","details":"Jay, ME \u00b7 41ME \u00b7 Privately owned \u00b7 400 ft elevation","provider":"FAA NASR 28-day subscription","sourceUrl":"https://www.faa.gov/air_traffic/flight_info/aeronav/Aero_Data/NASR_Subscription/2026-08-06/","faaId":"41ME","icao":"","facilityType":"Airport","facilityUse":"private","state":"me","county":"Franklin","effectiveDate":"2026/08/06"}},{"type":"Feature","geometry":{"type":"Point","coordinates":[-71.481125,44.90385]},"properties":{"group":"airport","dataStatus":"reference","color":"#9be1ff","title":"Upper Connecticut Valley Hospital","status":"Private use heliport","details":"Colebrook, NH \u00b7 41NH \u00b7 Privately owned \u00b7 1101 ft elevation","provider":"FAA NASR 28-day subscription","sourceUrl":"https://www.faa.gov/air_traffic/flight_info/aeronav/Aero_Data/NASR_Subscription/2026-08-06/","faaId":"41NH","icao":"","facilityType":"Heliport","facilityUse":"private","state":"nh","county":"Coos","effectiveDate":"2026/08/06"}},{"type":"Feature","geometry":{"type":"Point","coordinates":[-72.4556425,41.44565444]},"properties":{"group":"airport","dataStatus":"reference","color":"#9be1ff","title":"Goodspeed","status":"Public use airport","details":"East Haddam, CT \u00b7 42B \u00b7 Privately owned \u00b7 9 ft elevation","provider":"FAA NASR 28-day subscription","sourceUrl":"https://www.faa.gov/air_traffic/flight_info/aeronav/Aero_Data/NASR_Subscription/2026-08-06/","faaId":"42B","icao":"","facilityType":"Airport","facilityUse":"public","state":"ct","county":"Middlesex","effectiveDate":"2026/08/06"}},{"type":"Feature","geometry":{"type":"Point","coordinates":[-71.79756388,42.26636388]},"properties":{"group":"airport","dataStatus":"reference","color":"#9be1ff","title":"Worcester Medical Center","status":"Private use heliport","details":"Worcester, MA \u00b7 42MA \u00b7 Privately owned \u00b7 469 ft elevation","provider":"FAA NASR 28-day subscription","sourceUrl":"https://www.faa.gov/air_traffic/flight_info/aeronav/Aero_Data/NASR_Subscription/2026-08-06/","faaId":"42MA","icao":"","facilityType":"Heliport","facilityUse":"private","state":"ma","county":"Worcester","effectiveDate":"2026/08/06"}},{"type":"Feature","geometry":{"type":"Point","coordinates":[-69.89950111,44.53745563]},"properties":{"group":"airport","dataStatus":"reference","color":"#9be1ff","title":"Waters World","status":"Private use seaplane base","details":"Rome, ME \u00b7 42ME \u00b7 Privately owned \u00b7 238 ft elevation","provider":"FAA NASR 28-day subscription","sourceUrl":"https://www.faa.gov/air_traffic/flight_info/aeronav/Aero_Data/NASR_Subscription/2026-08-06/","faaId":"42ME","icao":"","facilityType":"Seaplane base","facilityUse":"private","state":"me","county":"Kennebec","effectiveDate":"2026/08/06"}},{"type":"Feature","geometry":{"type":"Point","coordinates":[-71.15434883,44.486724]},"properties":{"group":"airport","dataStatus":"reference","color":"#9be1ff","title":"Androscoggin Valley Hospital","status":"Private use heliport","details":"Berlin, NH \u00b7 42NH \u00b7 Privately owned \u00b7 1192 ft elevation","provider":"FAA NASR 28-day subscription","sourceUrl":"https://www.faa.gov/air_traffic/flight_info/aeronav/Aero_Data/NASR_Subscription/2026-08-06/","faaId":"42NH","icao":"","facilityType":"Heliport","facilityUse":"private","state":"nh","county":"Coos","effectiveDate":"2026/08/06"}},{"type":"Feature","geometry":{"type":"Point","coordinates":[-73.15016111,44.36688611]},"properties":{"group":"airport","dataStatus":"reference","color":"#9be1ff","title":"Frogs End","status":"Private use airport","details":"Shelburne, VT \u00b7 42VT \u00b7 Privately owned \u00b7 320 ft elevation","provider":"FAA NASR 28-day subscription","sourceUrl":"https://www.faa.gov/air_traffic/flight_info/aeronav/Aero_Data/NASR_Subscription/2026-08-06/","faaId":"42VT","icao":"","facilityType":"Airport","facilityUse":"private","state":"vt","county":"Chittenden","effectiveDate":"2026/08/06"}},{"type":"Feature","geometry":{"type":"Point","coordinates":[-67.99136111,44.726875]},"properties":{"group":"airport","dataStatus":"reference","color":"#9be1ff","title":"Deblois Flight Strip","status":"Public use airport","details":"Deblois, ME \u00b7 43B \u00b7 Publicly owned \u00b7 217.7 ft elevation","provider":"FAA NASR 28-day subscription","sourceUrl":"https://www.faa.gov/air_traffic/flight_info/aeronav/Aero_Data/NASR_Subscription/2026-08-06/","faaId":"43B","icao":"","facilityType":"Airport","facilityUse":"public","state":"me","county":"Washington","effectiveDate":"2026/08/06"}},{"type":"Feature","geometry":{"type":"Point","coordinates":[-70.83156388,43.22304444]},"properties":{"group":"airport","dataStatus":"reference","color":"#9be1ff","title":"Trayport","status":"Private use heliport","details":"Rollinsford, NH \u00b7 43NH \u00b7 Privately owned \u00b7 108 ft elevation","provider":"FAA NASR 28-day subscription","sourceUrl":"https://www.faa.gov/air_traffic/flight_info/aeronav/Aero_Data/NASR_Subscription/2026-08-06/","faaId":"43NH","icao":"","facilityType":"Heliport","facilityUse":"private","state":"nh","county":"Strafford","effectiveDate":"2026/08/06"}},{"type":"Feature","geometry":{"type":"Point","coordinates":[-69.24466666,45.17747222]},"properties":{"group":"airport","dataStatus":"reference","color":"#9be1ff","title":"Charles A Chase Jr Meml Fld","status":"Public use airport","details":"Dover/Foxcroft, ME \u00b7 44B \u00b7 Publicly owned \u00b7 520 ft elevation","provider":"FAA NASR 28-day subscription","sourceUrl":"https://www.faa.gov/air_traffic/flight_info/aeronav/Aero_Data/NASR_Subscription/2026-08-06/","faaId":"44B","icao":"","facilityType":"Airport","facilityUse":"public","state":"me","county":"Piscataquis","effectiveDate":"2026/08/06"}},{"type":"Feature","geometry":{"type":"Point","coordinates":[-70.61694444,43.67722222]},"properties":{"group":"airport","dataStatus":"reference","color":"#9be1ff","title":"Heacock Fld","status":"Private use ultralight facility","details":"Hollis Center, ME \u00b7 44ME \u00b7 Privately owned \u00b7 195 ft elevation","provider":"FAA NASR 28-day subscription","sourceUrl":"https://www.faa.gov/air_traffic/flight_info/aeronav/Aero_Data/NASR_Subscription/2026-08-06/","faaId":"44ME","icao":"","facilityType":"Ultralight facility","facilityUse":"private","state":"me","county":"York","effectiveDate":"2026/08/06"}},{"type":"Feature","geometry":{"type":"Point","coordinates":[-71.46386666,43.52799722]},"properties":{"group":"airport","dataStatus":"reference","color":"#9be1ff","title":"Concord Hospital - Laconia","status":"Private use heliport","details":"Laconia, NH \u00b7 44NH \u00b7 Privately owned \u00b7 584 ft elevation","provider":"FAA NASR 28-day subscription","sourceUrl":"https://www.faa.gov/air_traffic/flight_info/aeronav/Aero_Data/NASR_Subscription/2026-08-06/","faaId":"44NH","icao":"","facilityType":"Heliport","facilityUse":"private","state":"nh","county":"Belknap","effectiveDate":"2026/08/06"}},{"type":"Feature","geometry":{"type":"Point","coordinates":[-69.53013333,44.02665833]},"properties":{"group":"airport","dataStatus":"reference","color":"#9be1ff","title":"Miles Hospital","status":"Private use heliport","details":"Damariscotta, ME \u00b7 45ME \u00b7 Privately owned \u00b7 8 ft elevation","provider":"FAA NASR 28-day subscription","sourceUrl":"https://www.faa.gov/air_traffic/flight_info/aeronav/Aero_Data/NASR_Subscription/2026-08-06/","faaId":"45ME","icao":"","facilityType":"Heliport","facilityUse":"private","state":"me","county":"Lincoln","effectiveDate":"2026/08/06"}},{"type":"Feature","geometry":{"type":"Point","coordinates":[-71.17828333,42.98516666]},"properties":{"group":"airport","dataStatus":"reference","color":"#9be1ff","title":"Hayes","status":"Private use heliport","details":"Raymond, NH \u00b7 45NH \u00b7 Privately owned \u00b7 152 ft elevation","provider":"FAA NASR 28-day subscription","sourceUrl":"https://www.faa.gov/air_traffic/flight_info/aeronav/Aero_Data/NASR_Subscription/2026-08-06/","faaId":"45NH","icao":"","facilityType":"Heliport","facilityUse":"private","state":"nh","county":"Rockingham","effectiveDate":"2026/08/06"}},{"type":"Feature","geometry":{"type":"Point","coordinates":[-67.26793611,45.17713611]},"properties":{"group":"airport","dataStatus":"reference","color":"#9be1ff","title":"Calais Community Hospital","status":"Private use heliport","details":"Calais, ME \u00b7 46ME \u00b7 Privately owned \u00b7 153 ft elevation","provider":"FAA NASR 28-day subscription","sourceUrl":"https://www.faa.gov/air_traffic/flight_info/aeronav/Aero_Data/NASR_Subscription/2026-08-06/","faaId":"46ME","icao":"","facilityType":"Heliport","facilityUse":"private","state":"me","county":"Washington","effectiveDate":"2026/08/06"}},{"type":"Feature","geometry":{"type":"Point","coordinates":[-72.09615277,43.85916944]},"properties":{"group":"airport","dataStatus":"reference","color":"#9be1ff","title":"Upper Valley","status":"Private use heliport","details":"Orford, NH \u00b7 46NH \u00b7 Privately owned \u00b7 1182 ft elevation","provider":"FAA NASR 28-day subscription","sourceUrl":"https://www.faa.gov/air_traffic/flight_info/aeronav/Aero_Data/NASR_Subscription/2026-08-06/","faaId":"46NH","icao":"","facilityType":"Heliport","facilityUse":"private","state":"nh","county":"Grafton","effectiveDate":"2026/08/06"}},{"type":"Feature","geometry":{"type":"Point","coordinates":[-69.37016666,44.78960833]},"properties":{"group":"airport","dataStatus":"reference","color":"#9be1ff","title":"Sebasticook Valley Hospital","status":"Private use heliport","details":"Pittsfield, ME \u00b7 47ME \u00b7 Privately owned \u00b7 306 ft elevation","provider":"FAA NASR 28-day subscription","sourceUrl":"https://www.faa.gov/air_traffic/flight_info/aeronav/Aero_Data/NASR_Subscription/2026-08-06/","faaId":"47ME","icao":"","facilityType":"Heliport","facilityUse":"private","state":"me","county":"Somerset","effectiveDate":"2026/08/06"}},{"type":"Feature","geometry":{"type":"Point","coordinates":[-73.36961666,44.12567777]},"properties":{"group":"airport","dataStatus":"reference","color":"#9be1ff","title":"Cub Fld","status":"Private use airport","details":"Panton, VT \u00b7 47VT \u00b7 Privately owned \u00b7 140 ft elevation","provider":"FAA NASR 28-day subscription","sourceUrl":"https://www.faa.gov/air_traffic/flight_info/aeronav/Aero_Data/NASR_Subscription/2026-08-06/","faaId":"47VT","icao":"","facilityType":"Airport","facilityUse":"private","state":"vt","county":"Addison","effectiveDate":"2026/08/06"}},{"type":"Feature","geometry":{"type":"Point","coordinates":[-71.26138888,43.59388888]},"properties":{"group":"airport","dataStatus":"reference","color":"#9be1ff","title":"Winter Harbor","status":"Private use seaplane base","details":"Wolfeboro, NH \u00b7 48NH \u00b7 Privately owned \u00b7 504 ft elevation","provider":"FAA NASR 28-day subscription","sourceUrl":"https://www.faa.gov/air_traffic/flight_info/aeronav/Aero_Data/NASR_Subscription/2026-08-06/","faaId":"48NH","icao":"","facilityType":"Seaplane base","facilityUse":"private","state":"nh","county":"Carroll","effectiveDate":"2026/08/06"}},{"type":"Feature","geometry":{"type":"Point","coordinates":[-73.23149722,44.55354722]},"properties":{"group":"airport","dataStatus":"reference","color":"#9be1ff","title":"Cub Cove","status":"Private use seaplane base","details":"Colchester, VT \u00b7 48VT \u00b7 Privately owned \u00b7 95 ft elevation","provider":"FAA NASR 28-day subscription","sourceUrl":"https://www.faa.gov/air_traffic/flight_info/aeronav/Aero_Data/NASR_Subscription/2026-08-06/","faaId":"48VT","icao":"","facilityType":"Seaplane base","facilityUse":"private","state":"vt","county":"Chittenden","effectiveDate":"2026/08/06"}},{"type":"Feature","geometry":{"type":"Point","coordinates":[-72.86469777,41.68934222]},"properties":{"group":"airport","dataStatus":"reference","color":"#9be1ff","title":"Robertson Fld","status":"Public use airport","details":"Plainville, CT \u00b7 4B8 \u00b7 Publicly owned \u00b7 201.8 ft elevation","provider":"FAA NASR 28-day subscription","sourceUrl":"https://www.faa.gov/air_traffic/flight_info/aeronav/Aero_Data/NASR_Subscription/2026-08-06/","faaId":"4B8","icao":"","facilityType":"Airport","facilityUse":"public","state":"ct","county":"Hartford","effectiveDate":"2026/08/06"}},{"type":"Feature","geometry":{"type":"Point","coordinates":[-72.77694444,41.91619444]},"properties":{"group":"airport","dataStatus":"reference","color":"#9be1ff","title":"Simsbury","status":"Public use airport","details":"Simsbury, CT \u00b7 4B9 \u00b7 Privately owned \u00b7 195 ft elevation","provider":"FAA NASR 28-day subscription","sourceUrl":"https://www.faa.gov/air_traffic/flight_info/aeronav/Aero_Data/NASR_Subscription/2026-08-06/","faaId":"4B9","icao":"","facilityType":"Airport","facilityUse":"public","state":"ct","county":"Hartford","effectiveDate":"2026/08/06"}},{"type":"Feature","geometry":{"type":"Point","coordinates":[-71.5077245,44.88752361]},"properties":{"group":"airport","dataStatus":"reference","color":"#9be1ff","title":"Gifford Fld","status":"Public use airport","details":"Colebrook, NH \u00b7 4C4 \u00b7 Privately owned \u00b7 1017.3 ft elevation","provider":"FAA NASR 28-day subscription","sourceUrl":"https://www.faa.gov/air_traffic/flight_info/aeronav/Aero_Data/NASR_Subscription/2026-08-06/","faaId":"4C4","icao":"","facilityType":"Airport","facilityUse":"public","state":"nh","county":"Coos","effectiveDate":"2026/08/06"}},{"type":"Feature","geometry":{"type":"Point","coordinates":[-71.01430555,41.62166666]},"properties":{"group":"airport","dataStatus":"reference","color":"#9be1ff","title":"J K L","status":"Private use heliport","details":"New Bedford, MA \u00b7 4MA4 \u00b7 Privately owned \u00b7 30 ft elevation","provider":"FAA NASR 28-day subscription","sourceUrl":"https://www.faa.gov/air_traffic/flight_info/aeronav/Aero_Data/NASR_Subscription/2026-08-06/","faaId":"4MA4","icao":"","facilityType":"Heliport","facilityUse":"private","state":"ma","county":"Bristol","effectiveDate":"2026/08/06"}},{"type":"Feature","geometry":{"type":"Point","coordinates":[-72.450085,42.19148194]},"properties":{"group":"airport","dataStatus":"reference","color":"#9be1ff","title":"Seferian","status":"Private use heliport","details":"Ludlow, MA \u00b7 4MA7 \u00b7 Privately owned \u00b7 280 ft elevation","provider":"FAA NASR 28-day subscription","sourceUrl":"https://www.faa.gov/air_traffic/flight_info/aeronav/Aero_Data/NASR_Subscription/2026-08-06/","faaId":"4MA7","icao":"","facilityType":"Heliport","facilityUse":"private","state":"ma","county":"Hampden","effectiveDate":"2026/08/06"}},{"type":"Feature","geometry":{"type":"Point","coordinates":[-71.38762616,43.76745702]},"properties":{"group":"airport","dataStatus":"reference","color":"#9be1ff","title":"Moultonborough","status":"Public use airport","details":"Moultonborough, NH \u00b7 4MB \u00b7 Privately owned \u00b7 576 ft elevation","provider":"FAA NASR 28-day subscription","sourceUrl":"https://www.faa.gov/air_traffic/flight_info/aeronav/Aero_Data/NASR_Subscription/2026-08-06/","faaId":"4MB","icao":"","facilityType":"Airport","facilityUse":"public","state":"nh","county":"Carroll","effectiveDate":"2026/08/06"}},{"type":"Feature","geometry":{"type":"Point","coordinates":[-70.58748305,43.95389572]},"properties":{"group":"airport","dataStatus":"reference","color":"#9be1ff","title":"Brandy Pond","status":"Private use seaplane base","details":"Naples, ME \u00b7 4ME0 \u00b7 Privately owned \u00b7 268 ft elevation","provider":"FAA NASR 28-day subscription","sourceUrl":"https://www.faa.gov/air_traffic/flight_info/aeronav/Aero_Data/NASR_Subscription/2026-08-06/","faaId":"4ME0","icao":"","facilityType":"Seaplane base","facilityUse":"private","state":"me","county":"Cumberland","effectiveDate":"2026/08/06"}},{"type":"Feature","geometry":{"type":"Point","coordinates":[-70.93363055,44.00676944]},"properties":{"group":"airport","dataStatus":"reference","color":"#9be1ff","title":"Lovewell Pond","status":"Private use seaplane base","details":"Fryeburg, ME \u00b7 4ME4 \u00b7 Privately owned \u00b7 390 ft elevation","provider":"FAA NASR 28-day subscription","sourceUrl":"https://www.faa.gov/air_traffic/flight_info/aeronav/Aero_Data/NASR_Subscription/2026-08-06/","faaId":"4ME4","icao":"","facilityType":"Seaplane base","facilityUse":"private","state":"me","county":"Oxford","effectiveDate":"2026/08/06"}},{"type":"Feature","geometry":{"type":"Point","coordinates":[-69.38430469,44.9378063]},"properties":{"group":"airport","dataStatus":"reference","color":"#9be1ff","title":"Big Indian","status":"Private use seaplane base","details":"St Albans, ME \u00b7 4ME7 \u00b7 Privately owned \u00b7 267 ft elevation","provider":"FAA NASR 28-day subscription","sourceUrl":"https://www.faa.gov/air_traffic/flight_info/aeronav/Aero_Data/NASR_Subscription/2026-08-06/","faaId":"4ME7","icao":"","facilityType":"Seaplane base","facilityUse":"private","state":"me","county":"Somerset","effectiveDate":"2026/08/06"}},{"type":"Feature","geometry":{"type":"Point","coordinates":[-70.53170555,44.20931944]},"properties":{"group":"airport","dataStatus":"reference","color":"#9be1ff","title":"Stephens Meml Hospital","status":"Private use heliport","details":"Norway, ME \u00b7 4ME9 \u00b7 Privately owned \u00b7 380 ft elevation","provider":"FAA NASR 28-day subscription","sourceUrl":"https://www.faa.gov/air_traffic/flight_info/aeronav/Aero_Data/NASR_Subscription/2026-08-06/","faaId":"4ME9","icao":"","facilityType":"Heliport","facilityUse":"private","state":"me","county":"Oxford","effectiveDate":"2026/08/06"}},{"type":"Feature","geometry":{"type":"Point","coordinates":[-72.86565361,42.92713555]},"properties":{"group":"airport","dataStatus":"reference","color":"#9be1ff","title":"Deerfield Valley Rgnl","status":"Public use airport","details":"West Dover, VT \u00b7 4V8 \u00b7 Privately owned \u00b7 1953 ft elevation","provider":"FAA NASR 28-day subscription","sourceUrl":"https://www.faa.gov/air_traffic/flight_info/aeronav/Aero_Data/NASR_Subscription/2026-08-06/","faaId":"4V8","icao":"","facilityType":"Airport","facilityUse":"public","state":"vt","county":"Windham","effectiveDate":"2026/08/06"}},{"type":"Feature","geometry":{"type":"Point","coordinates":[-67.30741666,44.78797222]},"properties":{"group":"airport","dataStatus":"reference","color":"#9be1ff","title":"Rocky Lake","status":"Private use heliport","details":"Marion, ME \u00b7 50ME \u00b7 Privately owned \u00b7 208 ft elevation","provider":"FAA NASR 28-day subscription","sourceUrl":"https://www.faa.gov/air_traffic/flight_info/aeronav/Aero_Data/NASR_Subscription/2026-08-06/","faaId":"50ME","icao":"","facilityType":"Heliport","facilityUse":"private","state":"me","county":"Washington","effectiveDate":"2026/08/06"}},{"type":"Feature","geometry":{"type":"Point","coordinates":[-71.30791944,43.55570555]},"properties":{"group":"airport","dataStatus":"reference","color":"#9be1ff","title":"Smith Point","status":"Private use heliport","details":"Alton, NH \u00b7 50NH \u00b7 Privately owned \u00b7 499 ft elevation","provider":"FAA NASR 28-day subscription","sourceUrl":"https://www.faa.gov/air_traffic/flight_info/aeronav/Aero_Data/NASR_Subscription/2026-08-06/","faaId":"50NH","icao":"","facilityType":"Heliport","facilityUse":"private","state":"nh","county":"Belknap","effectiveDate":"2026/08/06"}},{"type":"Feature","geometry":{"type":"Point","coordinates":[-70.62208333,42.67258333]},"properties":{"group":"airport","dataStatus":"reference","color":"#9be1ff","title":"Bsas# 2","status":"Private use heliport","details":"Rockport, MA \u00b7 51MA \u00b7 Privately owned \u00b7 40 ft elevation","provider":"FAA NASR 28-day subscription","sourceUrl":"https://www.faa.gov/air_traffic/flight_info/aeronav/Aero_Data/NASR_Subscription/2026-08-06/","faaId":"51MA","icao":"","facilityType":"Heliport","facilityUse":"private","state":"ma","county":"Essex","effectiveDate":"2026/08/06"}},{"type":"Feature","geometry":{"type":"Point","coordinates":[-70.07181541,44.50385441]},"properties":{"group":"airport","dataStatus":"reference","color":"#9be1ff","title":"Beaver Creek","status":"Private use airport","details":"Chesterville, ME \u00b7 51ME \u00b7 Privately owned \u00b7 600 ft elevation","provider":"FAA NASR 28-day subscription","sourceUrl":"https://www.faa.gov/air_traffic/flight_info/aeronav/Aero_Data/NASR_Subscription/2026-08-06/","faaId":"51ME","icao":"","facilityType":"Airport","facilityUse":"private","state":"me","county":"Franklin","effectiveDate":"2026/08/06"}},{"type":"Feature","geometry":{"type":"Point","coordinates":[-71.283,43.17480555]},"properties":{"group":"airport","dataStatus":"reference","color":"#9be1ff","title":"Blue Puffin Farm","status":"Private use heliport","details":"Deerfield, NH \u00b7 51NH \u00b7 Privately owned \u00b7 863 ft elevation","provider":"FAA NASR 28-day subscription","sourceUrl":"https://www.faa.gov/air_traffic/flight_info/aeronav/Aero_Data/NASR_Subscription/2026-08-06/","faaId":"51NH","icao":"","facilityType":"Heliport","facilityUse":"private","state":"nh","county":"Rockingham","effectiveDate":"2026/08/06"}},{"type":"Feature","geometry":{"type":"Point","coordinates":[-69.6038575,45.47461277]},"properties":{"group":"airport","dataStatus":"reference","color":"#9be1ff","title":"Moosehead Aero Marine","status":"Public use seaplane base","details":"Greenville, ME \u00b7 52B \u00b7 Privately owned \u00b7 1028 ft elevation","provider":"FAA NASR 28-day subscription","sourceUrl":"https://www.faa.gov/air_traffic/flight_info/aeronav/Aero_Data/NASR_Subscription/2026-08-06/","faaId":"52B","icao":"","facilityType":"Seaplane base","facilityUse":"public","state":"me","county":"Piscataquis","effectiveDate":"2026/08/06"}},{"type":"Feature","geometry":{"type":"Point","coordinates":[-71.57641666,42.87971388]},"properties":{"group":"airport","dataStatus":"reference","color":"#9be1ff","title":"Baboosic Lake","status":"Private use seaplane base","details":"Amherst, NH \u00b7 52NH \u00b7 Privately owned \u00b7 227 ft elevation","provider":"FAA NASR 28-day subscription","sourceUrl":"https://www.faa.gov/air_traffic/flight_info/aeronav/Aero_Data/NASR_Subscription/2026-08-06/","faaId":"52NH","icao":"","facilityType":"Seaplane base","facilityUse":"private","state":"nh","county":"Hillsborough","effectiveDate":"2026/08/06"}},{"type":"Feature","geometry":{"type":"Point","coordinates":[-71.48261388,43.65165833]},"properties":{"group":"airport","dataStatus":"reference","color":"#9be1ff","title":"Meredith Bay","status":"Private use seaplane base","details":"Meredith, NH \u00b7 53NH \u00b7 Privately owned \u00b7 503 ft elevation","provider":"FAA NASR 28-day subscription","sourceUrl":"https://www.faa.gov/air_traffic/flight_info/aeronav/Aero_Data/NASR_Subscription/2026-08-06/","faaId":"53NH","icao":"","facilityType":"Seaplane base","facilityUse":"private","state":"nh","county":"Belknap","effectiveDate":"2026/08/06"}},{"type":"Feature","geometry":{"type":"Point","coordinates":[-70.32027777,43.94944444]},"properties":{"group":"airport","dataStatus":"reference","color":"#9be1ff","title":"Cliff Dow","status":"Private use airport","details":"New Gloucester, ME \u00b7 54ME \u00b7 Privately owned \u00b7 415 ft elevation","provider":"FAA NASR 28-day subscription","sourceUrl":"https://www.faa.gov/air_traffic/flight_info/aeronav/Aero_Data/NASR_Subscription/2026-08-06/","faaId":"54ME","icao":"","facilityType":"Airport","facilityUse":"private","state":"me","county":"Cumberland","effectiveDate":"2026/08/06"}},{"type":"Feature","geometry":{"type":"Point","coordinates":[-71.48916666,43.69472222]},"properties":{"group":"airport","dataStatus":"reference","color":"#9be1ff","title":"Flying Ridge","status":"Private use heliport","details":"Meredith, NH \u00b7 54NH \u00b7 Privately owned \u00b7 690 ft elevation","provider":"FAA NASR 28-day subscription","sourceUrl":"https://www.faa.gov/air_traffic/flight_info/aeronav/Aero_Data/NASR_Subscription/2026-08-06/","faaId":"54NH","icao":"","facilityType":"Heliport","facilityUse":"private","state":"nh","county":"Belknap","effectiveDate":"2026/08/06"}},{"type":"Feature","geometry":{"type":"Point","coordinates":[-72.515141,42.741097]},"properties":{"group":"airport","dataStatus":"reference","color":"#9be1ff","title":"Renaud","status":"Private use heliport","details":"Vernon, VT \u00b7 54VT \u00b7 Privately owned \u00b7 379 ft elevation","provider":"FAA NASR 28-day subscription","sourceUrl":"https://www.faa.gov/air_traffic/flight_info/aeronav/Aero_Data/NASR_Subscription/2026-08-06/","faaId":"54VT","icao":"","facilityType":"Heliport","facilityUse":"private","state":"vt","county":"Windham","effectiveDate":"2026/08/06"}},{"type":"Feature","geometry":{"type":"Point","coordinates":[-69.13833333,44.31805555]},"properties":{"group":"airport","dataStatus":"reference","color":"#9be1ff","title":"Highland View Fld","status":"Private use airport","details":"Searsmont, ME \u00b7 55ME \u00b7 Privately owned \u00b7 600 ft elevation","provider":"FAA NASR 28-day subscription","sourceUrl":"https://www.faa.gov/air_traffic/flight_info/aeronav/Aero_Data/NASR_Subscription/2026-08-06/","faaId":"55ME","icao":"","facilityType":"Airport","facilityUse":"private","state":"me","county":"Waldo","effectiveDate":"2026/08/06"}},{"type":"Feature","geometry":{"type":"Point","coordinates":[-72.08961111,44.00802777]},"properties":{"group":"airport","dataStatus":"reference","color":"#9be1ff","title":"Oxbow","status":"Private use heliport","details":"Piermont, NH \u00b7 55NH \u00b7 Privately owned \u00b7 475 ft elevation","provider":"FAA NASR 28-day subscription","sourceUrl":"https://www.faa.gov/air_traffic/flight_info/aeronav/Aero_Data/NASR_Subscription/2026-08-06/","faaId":"55NH","icao":"","facilityType":"Heliport","facilityUse":"private","state":"nh","county":"Grafton","effectiveDate":"2026/08/06"}},{"type":"Feature","geometry":{"type":"Point","coordinates":[-67.84430416,46.62674166]},"properties":{"group":"airport","dataStatus":"reference","color":"#9be1ff","title":"Russell Fld","status":"Private use airport","details":"Easton, ME \u00b7 56ME \u00b7 Privately owned \u00b7 748 ft elevation","provider":"FAA NASR 28-day subscription","sourceUrl":"https://www.faa.gov/air_traffic/flight_info/aeronav/Aero_Data/NASR_Subscription/2026-08-06/","faaId":"56ME","icao":"","facilityType":"Airport","facilityUse":"private","state":"me","county":"Aroostook","effectiveDate":"2026/08/06"}},{"type":"Feature","geometry":{"type":"Point","coordinates":[-71.05686111,43.48111111]},"properties":{"group":"airport","dataStatus":"reference","color":"#9be1ff","title":"Therriaults Landing","status":"Private use airport","details":"Middleton, NH \u00b7 56NH \u00b7 Privately owned \u00b7 675 ft elevation","provider":"FAA NASR 28-day subscription","sourceUrl":"https://www.faa.gov/air_traffic/flight_info/aeronav/Aero_Data/NASR_Subscription/2026-08-06/","faaId":"56NH","icao":"","facilityType":"Airport","facilityUse":"private","state":"nh","county":"Strafford","effectiveDate":"2026/08/06"}},{"type":"Feature","geometry":{"type":"Point","coordinates":[-68.91058333,44.30247222]},"properties":{"group":"airport","dataStatus":"reference","color":"#9be1ff","title":"Islesboro","status":"Public use airport","details":"Islesboro, ME \u00b7 57B \u00b7 Publicly owned \u00b7 88.3 ft elevation","provider":"FAA NASR 28-day subscription","sourceUrl":"https://www.faa.gov/air_traffic/flight_info/aeronav/Aero_Data/NASR_Subscription/2026-08-06/","faaId":"57B","icao":"","facilityType":"Airport","facilityUse":"public","state":"me","county":"Waldo","effectiveDate":"2026/08/06"}},{"type":"Feature","geometry":{"type":"Point","coordinates":[-70.10183333,41.27577777]},"properties":{"group":"airport","dataStatus":"reference","color":"#9be1ff","title":"Nantucket Cottage Hospital","status":"Private use heliport","details":"Nantucket, MA \u00b7 57MA \u00b7 Privately owned \u00b7 38 ft elevation","provider":"FAA NASR 28-day subscription","sourceUrl":"https://www.faa.gov/air_traffic/flight_info/aeronav/Aero_Data/NASR_Subscription/2026-08-06/","faaId":"57MA","icao":"","facilityType":"Heliport","facilityUse":"private","state":"ma","county":"Nantucket","effectiveDate":"2026/08/06"}},{"type":"Feature","geometry":{"type":"Point","coordinates":[-70.85444444,43.91777777]},"properties":{"group":"airport","dataStatus":"reference","color":"#9be1ff","title":"Dyer'S Landing","status":"Private use airport","details":"Fryeburg, ME \u00b7 57ME \u00b7 Privately owned \u00b7 441 ft elevation","provider":"FAA NASR 28-day subscription","sourceUrl":"https://www.faa.gov/air_traffic/flight_info/aeronav/Aero_Data/NASR_Subscription/2026-08-06/","faaId":"57ME","icao":"","facilityType":"Airport","facilityUse":"private","state":"me","county":"Oxford","effectiveDate":"2026/08/06"}},{"type":"Feature","geometry":{"type":"Point","coordinates":[-71.38920555,43.76302777]},"properties":{"group":"airport","dataStatus":"reference","color":"#9be1ff","title":"Red Hill","status":"Private use heliport","details":"Moultonborough, NH \u00b7 57NH \u00b7 Privately owned \u00b7 575 ft elevation","provider":"FAA NASR 28-day subscription","sourceUrl":"https://www.faa.gov/air_traffic/flight_info/aeronav/Aero_Data/NASR_Subscription/2026-08-06/","faaId":"57NH","icao":"","facilityType":"Heliport","facilityUse":"private","state":"nh","county":"Carroll","effectiveDate":"2026/08/06"}},{"type":"Feature","geometry":{"type":"Point","coordinates":[-73.16789166,44.00176111]},"properties":{"group":"airport","dataStatus":"reference","color":"#9be1ff","title":"Porter Medical Center","status":"Private use heliport","details":"Middlebury, VT \u00b7 57VT \u00b7 Privately owned \u00b7 388 ft elevation","provider":"FAA NASR 28-day subscription","sourceUrl":"https://www.faa.gov/air_traffic/flight_info/aeronav/Aero_Data/NASR_Subscription/2026-08-06/","faaId":"57VT","icao":"","facilityType":"Heliport","facilityUse":"private","state":"vt","county":"Addison","effectiveDate":"2026/08/06"}},{"type":"Feature","geometry":{"type":"Point","coordinates":[-71.09333333,42.95533333]},"properties":{"group":"airport","dataStatus":"reference","color":"#9be1ff","title":"Wallace","status":"Private use heliport","details":"Danville, NH \u00b7 58NH \u00b7 Privately owned \u00b7 135 ft elevation","provider":"FAA NASR 28-day subscription","sourceUrl":"https://www.faa.gov/air_traffic/flight_info/aeronav/Aero_Data/NASR_Subscription/2026-08-06/","faaId":"58NH","icao":"","facilityType":"Heliport","facilityUse":"private","state":"nh","county":"Rockingham","effectiveDate":"2026/08/06"}},{"type":"Feature","geometry":{"type":"Point","coordinates":[-70.24749472,45.63244416]},"properties":{"group":"airport","dataStatus":"reference","color":"#9be1ff","title":"Newton Fld","status":"Public use airport","details":"Jackman, ME \u00b7 59B \u00b7 Publicly owned \u00b7 1177.9 ft elevation","provider":"FAA NASR 28-day subscription","sourceUrl":"https://www.faa.gov/air_traffic/flight_info/aeronav/Aero_Data/NASR_Subscription/2026-08-06/","faaId":"59B","icao":"","facilityType":"Airport","facilityUse":"public","state":"me","county":"Somerset","effectiveDate":"2026/08/06"}},{"type":"Feature","geometry":{"type":"Point","coordinates":[-71.30922,42.787842]},"properties":{"group":"airport","dataStatus":"reference","color":"#9be1ff","title":"Crawford","status":"Private use heliport","details":"Windham, NH \u00b7 59NH \u00b7 Privately owned \u00b7 181 ft elevation","provider":"FAA NASR 28-day subscription","sourceUrl":"https://www.faa.gov/air_traffic/flight_info/aeronav/Aero_Data/NASR_Subscription/2026-08-06/","faaId":"59NH","icao":"","facilityType":"Heliport","facilityUse":"private","state":"nh","county":"Rockingham","effectiveDate":"2026/08/06"}},{"type":"Feature","geometry":{"type":"Point","coordinates":[-71.82641666,44.78997222]},"properties":{"group":"airport","dataStatus":"reference","color":"#9be1ff","title":"John H Boylan State (Island Pond)","status":"Public use airport","details":"Island Pond, VT \u00b7 5B1 \u00b7 Publicly owned \u00b7 1194 ft elevation","provider":"FAA NASR 28-day subscription","sourceUrl":"https://www.faa.gov/air_traffic/flight_info/aeronav/Aero_Data/NASR_Subscription/2026-08-06/","faaId":"5B1","icao":"","facilityType":"Airport","facilityUse":"public","state":"vt","county":"Essex","effectiveDate":"2026/08/06"}},{"type":"Feature","geometry":{"type":"Point","coordinates":[-70.54036111,41.58558333]},"properties":{"group":"airport","dataStatus":"reference","color":"#9be1ff","title":"Falmouth Airpark","status":"Public use airport","details":"Falmouth, MA \u00b7 5B6 \u00b7 Privately owned \u00b7 41 ft elevation","provider":"FAA NASR 28-day subscription","sourceUrl":"https://www.faa.gov/air_traffic/flight_info/aeronav/Aero_Data/NASR_Subscription/2026-08-06/","faaId":"5B6","icao":"","facilityType":"Airport","facilityUse":"public","state":"ma","county":"Barnstable","effectiveDate":"2026/08/06"}},{"type":"Feature","geometry":{"type":"Point","coordinates":[-72.00775991,44.08017283]},"properties":{"group":"airport","dataStatus":"reference","color":"#9be1ff","title":"Dean Meml","status":"Public use airport","details":"Haverhill, NH \u00b7 5B9 \u00b7 Publicly owned \u00b7 581.7 ft elevation","provider":"FAA NASR 28-day subscription","sourceUrl":"https://www.faa.gov/air_traffic/flight_info/aeronav/Aero_Data/NASR_Subscription/2026-08-06/","faaId":"5B9","icao":"","facilityType":"Airport","facilityUse":"public","state":"nh","county":"Grafton","effectiveDate":"2026/08/06"}},{"type":"Feature","geometry":{"type":"Point","coordinates":[-73.03801111,41.50796388]},"properties":{"group":"airport","dataStatus":"reference","color":"#9be1ff","title":"Rondo","status":"Private use heliport","details":"Nangatuck, CT \u00b7 5CT1 \u00b7 Privately owned \u00b7 511 ft elevation","provider":"FAA NASR 28-day subscription","sourceUrl":"https://www.faa.gov/air_traffic/flight_info/aeronav/Aero_Data/NASR_Subscription/2026-08-06/","faaId":"5CT1","icao":"","facilityType":"Heliport","facilityUse":"private","state":"ct","county":"New Haven","effectiveDate":"2026/08/06"}},{"type":"Feature","geometry":{"type":"Point","coordinates":[-73.421775,41.10966666]},"properties":{"group":"airport","dataStatus":"reference","color":"#9be1ff","title":"Norwalk Hospital","status":"Private use heliport","details":"Norwalk, CT \u00b7 5CT4 \u00b7 Privately owned \u00b7 156 ft elevation","provider":"FAA NASR 28-day subscription","sourceUrl":"https://www.faa.gov/air_traffic/flight_info/aeronav/Aero_Data/NASR_Subscription/2026-08-06/","faaId":"5CT4","icao":"","facilityType":"Heliport","facilityUse":"private","state":"ct","county":"Fairfield","effectiveDate":"2026/08/06"}},{"type":"Feature","geometry":{"type":"Point","coordinates":[-73.21622222,41.63230555]},"properties":{"group":"airport","dataStatus":"reference","color":"#9be1ff","title":"Thomson Fld","status":"Private use airport","details":"Bethlehem, CT \u00b7 5CT5 \u00b7 Privately owned \u00b7 820 ft elevation","provider":"FAA NASR 28-day subscription","sourceUrl":"https://www.faa.gov/air_traffic/flight_info/aeronav/Aero_Data/NASR_Subscription/2026-08-06/","faaId":"5CT5","icao":"","facilityType":"Airport","facilityUse":"private","state":"ct","county":"Litchfield","effectiveDate":"2026/08/06"}},{"type":"Feature","geometry":{"type":"Point","coordinates":[-72.11841666,41.91952777]},"properties":{"group":"airport","dataStatus":"reference","color":"#9be1ff","title":"Buell Farm","status":"Private use ultralight facility","details":"Eastford, CT \u00b7 5CT6 \u00b7 Privately owned \u00b7 670 ft elevation","provider":"FAA NASR 28-day subscription","sourceUrl":"https://www.faa.gov/air_traffic/flight_info/aeronav/Aero_Data/NASR_Subscription/2026-08-06/","faaId":"5CT6","icao":"","facilityType":"Ultralight facility","facilityUse":"private","state":"ct","county":"Windham","effectiveDate":"2026/08/06"}},{"type":"Feature","geometry":{"type":"Point","coordinates":[-72.29619444,41.30233333]},"properties":{"group":"airport","dataStatus":"reference","color":"#9be1ff","title":"Mile Creek","status":"Private use airport","details":"Old Lyme, CT \u00b7 5CT7 \u00b7 Privately owned \u00b7 30 ft elevation","provider":"FAA NASR 28-day subscription","sourceUrl":"https://www.faa.gov/air_traffic/flight_info/aeronav/Aero_Data/NASR_Subscription/2026-08-06/","faaId":"5CT7","icao":"","facilityType":"Airport","facilityUse":"private","state":"ct","county":"New London","effectiveDate":"2026/08/06"}},{"type":"Feature","geometry":{"type":"Point","coordinates":[-72.14313305,42.18759305]},"properties":{"group":"airport","dataStatus":"reference","color":"#9be1ff","title":"Pasport","status":"Private use airport","details":"West Brookfield, MA \u00b7 5MA3 \u00b7 Privately owned \u00b7 1010 ft elevation","provider":"FAA NASR 28-day subscription","sourceUrl":"https://www.faa.gov/air_traffic/flight_info/aeronav/Aero_Data/NASR_Subscription/2026-08-06/","faaId":"5MA3","icao":"","facilityType":"Airport","facilityUse":"private","state":"ma","county":"Worcester","effectiveDate":"2026/08/06"}},{"type":"Feature","geometry":{"type":"Point","coordinates":[-70.76966666,41.92449722]},"properties":{"group":"airport","dataStatus":"reference","color":"#9be1ff","title":"Double A","status":"Private use heliport","details":"Carver, MA \u00b7 5MA4 \u00b7 Privately owned \u00b7 90 ft elevation","provider":"FAA NASR 28-day subscription","sourceUrl":"https://www.faa.gov/air_traffic/flight_info/aeronav/Aero_Data/NASR_Subscription/2026-08-06/","faaId":"5MA4","icao":"","facilityType":"Heliport","facilityUse":"private","state":"ma","county":"Plymouth","effectiveDate":"2026/08/06"}},{"type":"Feature","geometry":{"type":"Point","coordinates":[-70.93863888,41.6265]},"properties":{"group":"airport","dataStatus":"reference","color":"#9be1ff","title":"St Luke'S","status":"Private use heliport","details":"New Bedford, MA \u00b7 5MA6 \u00b7 Privately owned \u00b7 123 ft elevation","provider":"FAA NASR 28-day subscription","sourceUrl":"https://www.faa.gov/air_traffic/flight_info/aeronav/Aero_Data/NASR_Subscription/2026-08-06/","faaId":"5MA6","icao":"","facilityType":"Heliport","facilityUse":"private","state":"ma","county":"Bristol","effectiveDate":"2026/08/06"}},{"type":"Feature","geometry":{"type":"Point","coordinates":[-72.76259444,42.00870666]},"properties":{"group":"airport","dataStatus":"reference","color":"#9be1ff","title":"South Pond","status":"Private use seaplane base","details":"Southwick, MA \u00b7 5MA8 \u00b7 Privately owned \u00b7 225 ft elevation","provider":"FAA NASR 28-day subscription","sourceUrl":"https://www.faa.gov/air_traffic/flight_info/aeronav/Aero_Data/NASR_Subscription/2026-08-06/","faaId":"5MA8","icao":"","facilityType":"Seaplane base","facilityUse":"private","state":"ma","county":"Hampden","effectiveDate":"2026/08/06"}},{"type":"Feature","geometry":{"type":"Point","coordinates":[-70.42416666,43.87944444]},"properties":{"group":"airport","dataStatus":"reference","color":"#9be1ff","title":"Frogg Island","status":"Private use seaplane base","details":"Gray, ME \u00b7 5ME2 \u00b7 Privately owned \u00b7 290 ft elevation","provider":"FAA NASR 28-day subscription","sourceUrl":"https://www.faa.gov/air_traffic/flight_info/aeronav/Aero_Data/NASR_Subscription/2026-08-06/","faaId":"5ME2","icao":"","facilityType":"Seaplane base","facilityUse":"private","state":"me","county":"Cumberland","effectiveDate":"2026/08/06"}},{"type":"Feature","geometry":{"type":"Point","coordinates":[-69.77984444,44.36181111]},"properties":{"group":"airport","dataStatus":"reference","color":"#9be1ff","title":"Maine General Medical Center/Augusta","status":"Private use heliport","details":"Augusta, ME \u00b7 5ME9 \u00b7 Privately owned \u00b7 268 ft elevation","provider":"FAA NASR 28-day subscription","sourceUrl":"https://www.faa.gov/air_traffic/flight_info/aeronav/Aero_Data/NASR_Subscription/2026-08-06/","faaId":"5ME9","icao":"","facilityType":"Heliport","facilityUse":"private","state":"me","county":"Kennebec","effectiveDate":"2026/08/06"}},{"type":"Feature","geometry":{"type":"Point","coordinates":[-70.26617861,45.63338]},"properties":{"group":"airport","dataStatus":"reference","color":"#9be1ff","title":"Moose River","status":"Public use seaplane base","details":"Jackman, ME \u00b7 60B \u00b7 Privately owned \u00b7 1157 ft elevation","provider":"FAA NASR 28-day subscription","sourceUrl":"https://www.faa.gov/air_traffic/flight_info/aeronav/Aero_Data/NASR_Subscription/2026-08-06/","faaId":"60B","icao":"","facilityType":"Seaplane base","facilityUse":"public","state":"me","county":"Somerset","effectiveDate":"2026/08/06"}},{"type":"Feature","geometry":{"type":"Point","coordinates":[-71.96469444,42.2905]},"properties":{"group":"airport","dataStatus":"reference","color":"#9be1ff","title":"Spencer","status":"Public use airport","details":"Spencer, MA \u00b7 60M \u00b7 Privately owned \u00b7 1042.7 ft elevation","provider":"FAA NASR 28-day subscription","sourceUrl":"https://www.faa.gov/air_traffic/flight_info/aeronav/Aero_Data/NASR_Subscription/2026-08-06/","faaId":"60M","icao":"","facilityType":"Airport","facilityUse":"public","state":"ma","county":"Worcester","effectiveDate":"2026/08/06"}},{"type":"Feature","geometry":{"type":"Point","coordinates":[-70.86740833,42.73430277]},"properties":{"group":"airport","dataStatus":"reference","color":"#9be1ff","title":"Grandview Farm","status":"Private use heliport","details":"Rowley, MA \u00b7 60MA \u00b7 Privately owned \u00b7 11 ft elevation","provider":"FAA NASR 28-day subscription","sourceUrl":"https://www.faa.gov/air_traffic/flight_info/aeronav/Aero_Data/NASR_Subscription/2026-08-06/","faaId":"60MA","icao":"","facilityType":"Heliport","facilityUse":"private","state":"ma","county":"Essex","effectiveDate":"2026/08/06"}},{"type":"Feature","geometry":{"type":"Point","coordinates":[-70.49114722,43.47801111]},"properties":{"group":"airport","dataStatus":"reference","color":"#9be1ff","title":"Southern Maine Health Lz","status":"Private use heliport","details":"Biddeford, ME \u00b7 60ME \u00b7 Privately owned \u00b7 110 ft elevation","provider":"FAA NASR 28-day subscription","sourceUrl":"https://www.faa.gov/air_traffic/flight_info/aeronav/Aero_Data/NASR_Subscription/2026-08-06/","faaId":"60ME","icao":"","facilityType":"Heliport","facilityUse":"private","state":"me","county":"York","effectiveDate":"2026/08/06"}},{"type":"Feature","geometry":{"type":"Point","coordinates":[-71.09145,43.80901388]},"properties":{"group":"airport","dataStatus":"reference","color":"#9be1ff","title":"Sherwood Forest Inc","status":"Private use heliport","details":"Freedom, NH \u00b7 60NH \u00b7 Privately owned \u00b7 433 ft elevation","provider":"FAA NASR 28-day subscription","sourceUrl":"https://www.faa.gov/air_traffic/flight_info/aeronav/Aero_Data/NASR_Subscription/2026-08-06/","faaId":"60NH","icao":"","facilityType":"Heliport","facilityUse":"private","state":"nh","county":"Carroll","effectiveDate":"2026/08/06"}},{"type":"Feature","geometry":{"type":"Point","coordinates":[-73.07729444,44.79252222]},"properties":{"group":"airport","dataStatus":"reference","color":"#9be1ff","title":"Northwestern Medical Center","status":"Private use heliport","details":"St Albans City, VT \u00b7 60VT \u00b7 Privately owned \u00b7 497 ft elevation","provider":"FAA NASR 28-day subscription","sourceUrl":"https://www.faa.gov/air_traffic/flight_info/aeronav/Aero_Data/NASR_Subscription/2026-08-06/","faaId":"60VT","icao":"","facilityType":"Heliport","facilityUse":"private","state":"vt","county":"Franklin","effectiveDate":"2026/08/06"}},{"type":"Feature","geometry":{"type":"Point","coordinates":[-69.63802777,43.85062777]},"properties":{"group":"airport","dataStatus":"reference","color":"#9be1ff","title":"St Andrews Lz","status":"Private use heliport","details":"Boothbay Harbor, ME \u00b7 61ME \u00b7 Privately owned \u00b7 10 ft elevation","provider":"FAA NASR 28-day subscription","sourceUrl":"https://www.faa.gov/air_traffic/flight_info/aeronav/Aero_Data/NASR_Subscription/2026-08-06/","faaId":"61ME","icao":"","facilityType":"Heliport","facilityUse":"private","state":"me","county":"Lincoln","effectiveDate":"2026/08/06"}},{"type":"Feature","geometry":{"type":"Point","coordinates":[-71.44630555,43.05580555]},"properties":{"group":"airport","dataStatus":"reference","color":"#9be1ff","title":"Hooksett Safety Center","status":"Private use heliport","details":"Hooksett, NH \u00b7 61NH \u00b7 Privately owned \u00b7 280 ft elevation","provider":"FAA NASR 28-day subscription","sourceUrl":"https://www.faa.gov/air_traffic/flight_info/aeronav/Aero_Data/NASR_Subscription/2026-08-06/","faaId":"61NH","icao":"","facilityType":"Heliport","facilityUse":"private","state":"nh","county":"Merrimack","effectiveDate":"2026/08/06"}},{"type":"Feature","geometry":{"type":"Point","coordinates":[-71.16114822,41.85015825]},"properties":{"group":"airport","dataStatus":"reference","color":"#9be1ff","title":"Field Of Dreams","status":"Private use airport","details":"North Dighton, MA \u00b7 62MA \u00b7 Privately owned \u00b7 78 ft elevation","provider":"FAA NASR 28-day subscription","sourceUrl":"https://www.faa.gov/air_traffic/flight_info/aeronav/Aero_Data/NASR_Subscription/2026-08-06/","faaId":"62MA","icao":"","facilityType":"Airport","facilityUse":"private","state":"ma","county":"Bristol","effectiveDate":"2026/08/06"}},{"type":"Feature","geometry":{"type":"Point","coordinates":[-71.17815,44.04392222]},"properties":{"group":"airport","dataStatus":"reference","color":"#9be1ff","title":"Carleton","status":"Private use heliport","details":"Hales Location, NH \u00b7 62NH \u00b7 Privately owned \u00b7 866 ft elevation","provider":"FAA NASR 28-day subscription","sourceUrl":"https://www.faa.gov/air_traffic/flight_info/aeronav/Aero_Data/NASR_Subscription/2026-08-06/","faaId":"62NH","icao":"","facilityType":"Heliport","facilityUse":"private","state":"nh","county":"Carroll","effectiveDate":"2026/08/06"}},{"type":"Feature","geometry":{"type":"Point","coordinates":[-70.67247222,43.76302777]},"properties":{"group":"airport","dataStatus":"reference","color":"#9be1ff","title":"Limington-Harmon","status":"Public use airport","details":"Limington, ME \u00b7 63B \u00b7 Privately owned \u00b7 292.3 ft elevation","provider":"FAA NASR 28-day subscription","sourceUrl":"https://www.faa.gov/air_traffic/flight_info/aeronav/Aero_Data/NASR_Subscription/2026-08-06/","faaId":"63B","icao":"","facilityType":"Airport","facilityUse":"public","state":"me","county":"York","effectiveDate":"2026/08/06"}},{"type":"Feature","geometry":{"type":"Point","coordinates":[-68.96152777,45.23916666]},"properties":{"group":"airport","dataStatus":"reference","color":"#9be1ff","title":"Milo Fld","status":"Private use airport","details":"Milo, ME \u00b7 63ME \u00b7 Privately owned \u00b7 293 ft elevation","provider":"FAA NASR 28-day subscription","sourceUrl":"https://www.faa.gov/air_traffic/flight_info/aeronav/Aero_Data/NASR_Subscription/2026-08-06/","faaId":"63ME","icao":"","facilityType":"Airport","facilityUse":"private","state":"me","county":"Piscataquis","effectiveDate":"2026/08/06"}},{"type":"Feature","geometry":{"type":"Point","coordinates":[-71.18111111,44.14172222]},"properties":{"group":"airport","dataStatus":"reference","color":"#9be1ff","title":"Jackson Fire","status":"Private use heliport","details":"Jackson, NH \u00b7 63NH \u00b7 Privately owned \u00b7 822 ft elevation","provider":"FAA NASR 28-day subscription","sourceUrl":"https://www.faa.gov/air_traffic/flight_info/aeronav/Aero_Data/NASR_Subscription/2026-08-06/","faaId":"63NH","icao":"","facilityType":"Heliport","facilityUse":"private","state":"nh","county":"Carroll","effectiveDate":"2026/08/06"}},{"type":"Feature","geometry":{"type":"Point","coordinates":[-71.95285083,41.92148638]},"properties":{"group":"airport","dataStatus":"reference","color":"#9be1ff","title":"Woodstock","status":"Private use airport","details":"South Woodstock, CT \u00b7 64CT \u00b7 Privately owned \u00b7 465 ft elevation","provider":"FAA NASR 28-day subscription","sourceUrl":"https://www.faa.gov/air_traffic/flight_info/aeronav/Aero_Data/NASR_Subscription/2026-08-06/","faaId":"64CT","icao":"","facilityType":"Airport","facilityUse":"private","state":"ct","county":"Windham","effectiveDate":"2026/08/06"}},{"type":"Feature","geometry":{"type":"Point","coordinates":[-70.31290555,43.73916388]},"properties":{"group":"airport","dataStatus":"reference","color":"#9be1ff","title":"Dave Libby","status":"Private use heliport","details":"Falmouth, ME \u00b7 64ME \u00b7 Privately owned \u00b7 305 ft elevation","provider":"FAA NASR 28-day subscription","sourceUrl":"https://www.faa.gov/air_traffic/flight_info/aeronav/Aero_Data/NASR_Subscription/2026-08-06/","faaId":"64ME","icao":"","facilityType":"Heliport","facilityUse":"private","state":"me","county":"Cumberland","effectiveDate":"2026/08/06"}},{"type":"Feature","geometry":{"type":"Point","coordinates":[-67.02697222,44.83655555]},"properties":{"group":"airport","dataStatus":"reference","color":"#9be1ff","title":"Lubec Muni","status":"Public use airport","details":"Lubec, ME \u00b7 65B \u00b7 Publicly owned \u00b7 85 ft elevation","provider":"FAA NASR 28-day subscription","sourceUrl":"https://www.faa.gov/air_traffic/flight_info/aeronav/Aero_Data/NASR_Subscription/2026-08-06/","faaId":"65B","icao":"","facilityType":"Airport","facilityUse":"public","state":"me","county":"Washington","effectiveDate":"2026/08/06"}},{"type":"Feature","geometry":{"type":"Point","coordinates":[-67.36596666,45.02962222]},"properties":{"group":"airport","dataStatus":"reference","color":"#9be1ff","title":"Gillespie Fld","status":"Public use airport","details":"Meddybemps, ME \u00b7 66B \u00b7 Privately owned \u00b7 200 ft elevation","provider":"FAA NASR 28-day subscription","sourceUrl":"https://www.faa.gov/air_traffic/flight_info/aeronav/Aero_Data/NASR_Subscription/2026-08-06/","faaId":"66B","icao":"","facilityType":"Airport","facilityUse":"public","state":"me","county":"Washington","effectiveDate":"2026/08/06"}},{"type":"Feature","geometry":{"type":"Point","coordinates":[-72.22027777,42.48861111]},"properties":{"group":"airport","dataStatus":"reference","color":"#9be1ff","title":"Curt","status":"Private use heliport","details":"Petersham, MA \u00b7 66MA \u00b7 Privately owned \u00b7 770 ft elevation","provider":"FAA NASR 28-day subscription","sourceUrl":"https://www.faa.gov/air_traffic/flight_info/aeronav/Aero_Data/NASR_Subscription/2026-08-06/","faaId":"66MA","icao":"","facilityType":"Heliport","facilityUse":"private","state":"ma","county":"Worcester","effectiveDate":"2026/08/06"}},{"type":"Feature","geometry":{"type":"Point","coordinates":[-73.2865,43.88283333]},"properties":{"group":"airport","dataStatus":"reference","color":"#9be1ff","title":"Symon","status":"Private use airport","details":"Shoreham, VT \u00b7 66VT \u00b7 Privately owned \u00b7 300 ft elevation","provider":"FAA NASR 28-day subscription","sourceUrl":"https://www.faa.gov/air_traffic/flight_info/aeronav/Aero_Data/NASR_Subscription/2026-08-06/","faaId":"66VT","icao":"","facilityType":"Airport","facilityUse":"private","state":"vt","county":"Addison","effectiveDate":"2026/08/06"}},{"type":"Feature","geometry":{"type":"Point","coordinates":[-70.34666666,43.722825]},"properties":{"group":"airport","dataStatus":"reference","color":"#9be1ff","title":"Sta-Kel","status":"Private use heliport","details":"Westbrook, ME \u00b7 67ME \u00b7 Privately owned \u00b7 246 ft elevation","provider":"FAA NASR 28-day subscription","sourceUrl":"https://www.faa.gov/air_traffic/flight_info/aeronav/Aero_Data/NASR_Subscription/2026-08-06/","faaId":"67ME","icao":"","facilityType":"Heliport","facilityUse":"private","state":"me","county":"Cumberland","effectiveDate":"2026/08/06"}},{"type":"Feature","geometry":{"type":"Point","coordinates":[-73.1888,44.47333611]},"properties":{"group":"airport","dataStatus":"reference","color":"#9be1ff","title":"University Of Vermont Medical Center","status":"Private use heliport","details":"Burlington, VT \u00b7 67VT \u00b7 Privately owned \u00b7 336 ft elevation","provider":"FAA NASR 28-day subscription","sourceUrl":"https://www.faa.gov/air_traffic/flight_info/aeronav/Aero_Data/NASR_Subscription/2026-08-06/","faaId":"67VT","icao":"","facilityType":"Heliport","facilityUse":"private","state":"vt","county":"Chittenden","effectiveDate":"2026/08/06"}},{"type":"Feature","geometry":{"type":"Point","coordinates":[-70.75666666,43.93166666]},"properties":{"group":"airport","dataStatus":"reference","color":"#9be1ff","title":"Hancock Pond","status":"Private use seaplane base","details":"Denmark, ME \u00b7 68JY \u00b7 Privately owned \u00b7 500 ft elevation","provider":"FAA NASR 28-day subscription","sourceUrl":"https://www.faa.gov/air_traffic/flight_info/aeronav/Aero_Data/NASR_Subscription/2026-08-06/","faaId":"68JY","icao":"","facilityType":"Seaplane base","facilityUse":"private","state":"me","county":"Oxford","effectiveDate":"2026/08/06"}},{"type":"Feature","geometry":{"type":"Point","coordinates":[-70.275649,43.654071]},"properties":{"group":"airport","dataStatus":"reference","color":"#9be1ff","title":"Maine Medical Center","status":"Private use heliport","details":"Portland, ME \u00b7 68ME \u00b7 Privately owned \u00b7 272 ft elevation","provider":"FAA NASR 28-day subscription","sourceUrl":"https://www.faa.gov/air_traffic/flight_info/aeronav/Aero_Data/NASR_Subscription/2026-08-06/","faaId":"68ME","icao":"","facilityType":"Heliport","facilityUse":"private","state":"me","county":"Cumberland","effectiveDate":"2026/08/06"}},{"type":"Feature","geometry":{"type":"Point","coordinates":[-71.67844722,42.82771666]},"properties":{"group":"airport","dataStatus":"reference","color":"#9be1ff","title":"Not Too Dusty","status":"Private use heliport","details":"Milford, NH \u00b7 68NH \u00b7 Privately owned \u00b7 293 ft elevation","provider":"FAA NASR 28-day subscription","sourceUrl":"https://www.faa.gov/air_traffic/flight_info/aeronav/Aero_Data/NASR_Subscription/2026-08-06/","faaId":"68NH","icao":"","facilityType":"Heliport","facilityUse":"private","state":"nh","county":"Hillsborough","effectiveDate":"2026/08/06"}},{"type":"Feature","geometry":{"type":"Point","coordinates":[-71.97645,41.34189166]},"properties":{"group":"airport","dataStatus":"reference","color":"#9be1ff","title":"The Shore","status":"Private use heliport","details":"Mystic, CT \u00b7 69CT \u00b7 Privately owned \u00b7 2 ft elevation","provider":"FAA NASR 28-day subscription","sourceUrl":"https://www.faa.gov/air_traffic/flight_info/aeronav/Aero_Data/NASR_Subscription/2026-08-06/","faaId":"69CT","icao":"","facilityType":"Heliport","facilityUse":"private","state":"ct","county":"New London","effectiveDate":"2026/08/06"}},{"type":"Feature","geometry":{"type":"Point","coordinates":[-72.32118611,42.07174444]},"properties":{"group":"airport","dataStatus":"reference","color":"#9be1ff","title":"Monson","status":"Private use heliport","details":"Monson, MA \u00b7 69MA \u00b7 Privately owned \u00b7 598 ft elevation","provider":"FAA NASR 28-day subscription","sourceUrl":"https://www.faa.gov/air_traffic/flight_info/aeronav/Aero_Data/NASR_Subscription/2026-08-06/","faaId":"69MA","icao":"","facilityType":"Heliport","facilityUse":"private","state":"ma","county":"Hampden","effectiveDate":"2026/08/06"}},{"type":"Feature","geometry":{"type":"Point","coordinates":[-73.09555166,43.98647194]},"properties":{"group":"airport","dataStatus":"reference","color":"#9be1ff","title":"Middlebury State","status":"Public use airport","details":"Middlebury, VT \u00b7 6B0 \u00b7 Publicly owned \u00b7 494.1 ft elevation","provider":"FAA NASR 28-day subscription","sourceUrl":"https://www.faa.gov/air_traffic/flight_info/aeronav/Aero_Data/NASR_Subscription/2026-08-06/","faaId":"6B0","icao":"","facilityType":"Airport","facilityUse":"public","state":"vt","county":"Addison","effectiveDate":"2026/08/06"}},{"type":"Feature","geometry":{"type":"Point","coordinates":[-71.51801188,42.46038541]},"properties":{"group":"airport","dataStatus":"reference","color":"#9be1ff","title":"Minute Man Air Fld","status":"Public use airport","details":"Stow, MA \u00b7 6B6 \u00b7 Privately owned \u00b7 280 ft elevation","provider":"FAA NASR 28-day subscription","sourceUrl":"https://www.faa.gov/air_traffic/flight_info/aeronav/Aero_Data/NASR_Subscription/2026-08-06/","faaId":"6B6","icao":"","facilityType":"Airport","facilityUse":"public","state":"ma","county":"Middlesex","effectiveDate":"2026/08/06"}},{"type":"Feature","geometry":{"type":"Point","coordinates":[-70.94338833,42.86147888]},"properties":{"group":"airport","dataStatus":"reference","color":"#9be1ff","title":"Lake Gardner","status":"Private use seaplane base","details":"Amesbury, MA \u00b7 6MA0 \u00b7 Privately owned \u00b7 87 ft elevation","provider":"FAA NASR 28-day subscription","sourceUrl":"https://www.faa.gov/air_traffic/flight_info/aeronav/Aero_Data/NASR_Subscription/2026-08-06/","faaId":"6MA0","icao":"","facilityType":"Seaplane base","facilityUse":"private","state":"ma","county":"Essex","effectiveDate":"2026/08/06"}},{"type":"Feature","geometry":{"type":"Point","coordinates":[-70.99655555,42.86008944]},"properties":{"group":"airport","dataStatus":"reference","color":"#9be1ff","title":"Meadowbrook","status":"Private use airport","details":"Amesbury, MA \u00b7 6MA2 \u00b7 Privately owned \u00b7 117 ft elevation","provider":"FAA NASR 28-day subscription","sourceUrl":"https://www.faa.gov/air_traffic/flight_info/aeronav/Aero_Data/NASR_Subscription/2026-08-06/","faaId":"6MA2","icao":"","facilityType":"Airport","facilityUse":"private","state":"ma","county":"Essex","effectiveDate":"2026/08/06"}},{"type":"Feature","geometry":{"type":"Point","coordinates":[-72.72453722,42.06287222]},"properties":{"group":"airport","dataStatus":"reference","color":"#9be1ff","title":"Scibelli","status":"Private use heliport","details":"Southwick, MA \u00b7 6MA3 \u00b7 Privately owned \u00b7 225 ft elevation","provider":"FAA NASR 28-day subscription","sourceUrl":"https://www.faa.gov/air_traffic/flight_info/aeronav/Aero_Data/NASR_Subscription/2026-08-06/","faaId":"6MA3","icao":"","facilityType":"Heliport","facilityUse":"private","state":"ma","county":"Hampden","effectiveDate":"2026/08/06"}},{"type":"Feature","geometry":{"type":"Point","coordinates":[-72.60408611,42.12241111]},"properties":{"group":"airport","dataStatus":"reference","color":"#9be1ff","title":"Baystate Medical Ctr","status":"Private use heliport","details":"Springfield, MA \u00b7 6MA5 \u00b7 Privately owned \u00b7 100 ft elevation","provider":"FAA NASR 28-day subscription","sourceUrl":"https://www.faa.gov/air_traffic/flight_info/aeronav/Aero_Data/NASR_Subscription/2026-08-06/","faaId":"6MA5","icao":"","facilityType":"Heliport","facilityUse":"private","state":"ma","county":"Hampden","effectiveDate":"2026/08/06"}},{"type":"Feature","geometry":{"type":"Point","coordinates":[-71.69344166,42.27397222]},"properties":{"group":"airport","dataStatus":"reference","color":"#9be1ff","title":"Quantum (Shrewsbury)","status":"Private use heliport","details":"Shrewsbury, MA \u00b7 6MA7 \u00b7 Privately owned \u00b7 545 ft elevation","provider":"FAA NASR 28-day subscription","sourceUrl":"https://www.faa.gov/air_traffic/flight_info/aeronav/Aero_Data/NASR_Subscription/2026-08-06/","faaId":"6MA7","icao":"","facilityType":"Heliport","facilityUse":"private","state":"ma","county":"Worcester","effectiveDate":"2026/08/06"}},{"type":"Feature","geometry":{"type":"Point","coordinates":[-70.91753805,41.64732611]},"properties":{"group":"airport","dataStatus":"reference","color":"#9be1ff","title":"Acushnet River","status":"Private use seaplane base","details":"New Bedford, MA \u00b7 6MA8 \u00b7 Privately owned \u00b7 0 ft elevation","provider":"FAA NASR 28-day subscription","sourceUrl":"https://www.faa.gov/air_traffic/flight_info/aeronav/Aero_Data/NASR_Subscription/2026-08-06/","faaId":"6MA8","icao":"","facilityType":"Seaplane base","facilityUse":"private","state":"ma","county":"Bristol","effectiveDate":"2026/08/06"}},{"type":"Feature","geometry":{"type":"Point","coordinates":[-70.92725722,41.42316305]},"properties":{"group":"airport","dataStatus":"reference","color":"#9be1ff","title":"Cuttyhunk Harbor","status":"Private use seaplane base","details":"Cuttyhunk, MA \u00b7 6MA9 \u00b7 Privately owned \u00b7 0 ft elevation","provider":"FAA NASR 28-day subscription","sourceUrl":"https://www.faa.gov/air_traffic/flight_info/aeronav/Aero_Data/NASR_Subscription/2026-08-06/","faaId":"6MA9","icao":"","facilityType":"Seaplane base","facilityUse":"private","state":"ma","county":"Bristol","effectiveDate":"2026/08/06"}},{"type":"Feature","geometry":{"type":"Point","coordinates":[-70.395,44.35333333]},"properties":{"group":"airport","dataStatus":"reference","color":"#9be1ff","title":"Abbotts","status":"Private use airport","details":"East Sumner, ME \u00b7 6ME6 \u00b7 Privately owned \u00b7 730 ft elevation","provider":"FAA NASR 28-day subscription","sourceUrl":"https://www.faa.gov/air_traffic/flight_info/aeronav/Aero_Data/NASR_Subscription/2026-08-06/","faaId":"6ME6","icao":"","facilityType":"Airport","facilityUse":"private","state":"me","county":"Oxford","effectiveDate":"2026/08/06"}},{"type":"Feature","geometry":{"type":"Point","coordinates":[-73.46023888,41.56763611]},"properties":{"group":"airport","dataStatus":"reference","color":"#9be1ff","title":"Candlelight","status":"Public use heliport","details":"New Milford, CT \u00b7 6Y2 \u00b7 Privately owned \u00b7 665 ft elevation","provider":"FAA NASR 28-day subscription","sourceUrl":"https://www.faa.gov/air_traffic/flight_info/aeronav/Aero_Data/NASR_Subscription/2026-08-06/","faaId":"6Y2","icao":"","facilityType":"Heliport","facilityUse":"public","state":"ct","county":"Litchfield","effectiveDate":"2026/08/06"}},{"type":"Feature","geometry":{"type":"Point","coordinates":[-68.84448555,45.72838111]},"properties":{"group":"airport","dataStatus":"reference","color":"#9be1ff","title":"Millinocket","status":"Public use seaplane base","details":"Millinocket, ME \u00b7 70B \u00b7 Privately owned \u00b7 492 ft elevation","provider":"FAA NASR 28-day subscription","sourceUrl":"https://www.faa.gov/air_traffic/flight_info/aeronav/Aero_Data/NASR_Subscription/2026-08-06/","faaId":"70B","icao":"","facilityType":"Seaplane base","facilityUse":"public","state":"me","county":"Piscataquis","effectiveDate":"2026/08/06"}},{"type":"Feature","geometry":{"type":"Point","coordinates":[-70.71447222,41.75503888]},"properties":{"group":"airport","dataStatus":"reference","color":"#9be1ff","title":"Tobey Hospital","status":"Private use heliport","details":"Wareham, MA \u00b7 70MA \u00b7 Privately owned \u00b7 86 ft elevation","provider":"FAA NASR 28-day subscription","sourceUrl":"https://www.faa.gov/air_traffic/flight_info/aeronav/Aero_Data/NASR_Subscription/2026-08-06/","faaId":"70MA","icao":"","facilityType":"Heliport","facilityUse":"private","state":"ma","county":"Plymouth","effectiveDate":"2026/08/06"}},{"type":"Feature","geometry":{"type":"Point","coordinates":[-70.64868611,43.52054444]},"properties":{"group":"airport","dataStatus":"reference","color":"#9be1ff","title":"Swn Pond Splash In Go","status":"Private use seaplane base","details":"Lyman, ME \u00b7 70ME \u00b7 Privately owned \u00b7 318 ft elevation","provider":"FAA NASR 28-day subscription","sourceUrl":"https://www.faa.gov/air_traffic/flight_info/aeronav/Aero_Data/NASR_Subscription/2026-08-06/","faaId":"70ME","icao":"","facilityType":"Seaplane base","facilityUse":"private","state":"me","county":"York","effectiveDate":"2026/08/06"}},{"type":"Feature","geometry":{"type":"Point","coordinates":[-71.54841666,43.26491666]},"properties":{"group":"airport","dataStatus":"reference","color":"#9be1ff","title":"Surette","status":"Private use heliport","details":"Concord, NH \u00b7 70NH \u00b7 Privately owned \u00b7 412 ft elevation","provider":"FAA NASR 28-day subscription","sourceUrl":"https://www.faa.gov/air_traffic/flight_info/aeronav/Aero_Data/NASR_Subscription/2026-08-06/","faaId":"70NH","icao":"","facilityType":"Heliport","facilityUse":"private","state":"nh","county":"Merrimack","effectiveDate":"2026/08/06"}},{"type":"Feature","geometry":{"type":"Point","coordinates":[-70.60111111,43.96694444]},"properties":{"group":"airport","dataStatus":"reference","color":"#9be1ff","title":"Twin Eagles","status":"Private use airport","details":"Naples, ME \u00b7 71ME \u00b7 Privately owned \u00b7 280 ft elevation","provider":"FAA NASR 28-day subscription","sourceUrl":"https://www.faa.gov/air_traffic/flight_info/aeronav/Aero_Data/NASR_Subscription/2026-08-06/","faaId":"71ME","icao":"","facilityType":"Airport","facilityUse":"private","state":"me","county":"Cumberland","effectiveDate":"2026/08/06"}},{"type":"Feature","geometry":{"type":"Point","coordinates":[-71.46633888,43.60087222]},"properties":{"group":"airport","dataStatus":"reference","color":"#9be1ff","title":"Brady-Laconia","status":"Private use heliport","details":"Laconia, NH \u00b7 71NH \u00b7 Privately owned \u00b7 516 ft elevation","provider":"FAA NASR 28-day subscription","sourceUrl":"https://www.faa.gov/air_traffic/flight_info/aeronav/Aero_Data/NASR_Subscription/2026-08-06/","faaId":"71NH","icao":"","facilityType":"Heliport","facilityUse":"private","state":"nh","county":"Belknap","effectiveDate":"2026/08/06"}},{"type":"Feature","geometry":{"type":"Point","coordinates":[-68.6325,44.63527777]},"properties":{"group":"airport","dataStatus":"reference","color":"#9be1ff","title":"Philbrick Mountain","status":"Private use airport","details":"Ellsworth, ME \u00b7 72ME \u00b7 Privately owned \u00b7 667 ft elevation","provider":"FAA NASR 28-day subscription","sourceUrl":"https://www.faa.gov/air_traffic/flight_info/aeronav/Aero_Data/NASR_Subscription/2026-08-06/","faaId":"72ME","icao":"","facilityType":"Airport","facilityUse":"private","state":"me","county":"Hancock","effectiveDate":"2026/08/06"}},{"type":"Feature","geometry":{"type":"Point","coordinates":[-71.23226388,43.55385277]},"properties":{"group":"airport","dataStatus":"reference","color":"#9be1ff","title":"Barndoor Island","status":"Private use seaplane base","details":"Alton, NH \u00b7 72NH \u00b7 Privately owned \u00b7 504 ft elevation","provider":"FAA NASR 28-day subscription","sourceUrl":"https://www.faa.gov/air_traffic/flight_info/aeronav/Aero_Data/NASR_Subscription/2026-08-06/","faaId":"72NH","icao":"","facilityType":"Seaplane base","facilityUse":"private","state":"nh","county":"Belknap","effectiveDate":"2026/08/06"}},{"type":"Feature","geometry":{"type":"Point","coordinates":[-71.59716666,44.71886111]},"properties":{"group":"airport","dataStatus":"reference","color":"#9be1ff","title":"Haynes Landing","status":"Private use heliport","details":"North Stratford, NH \u00b7 73NH \u00b7 Privately owned \u00b7 1010 ft elevation","provider":"FAA NASR 28-day subscription","sourceUrl":"https://www.faa.gov/air_traffic/flight_info/aeronav/Aero_Data/NASR_Subscription/2026-08-06/","faaId":"73NH","icao":"","facilityType":"Heliport","facilityUse":"private","state":"nh","county":"Coos","effectiveDate":"2026/08/06"}},{"type":"Feature","geometry":{"type":"Point","coordinates":[-69.53352222,44.065175]},"properties":{"group":"airport","dataStatus":"reference","color":"#9be1ff","title":"Labrador Landing","status":"Private use seaplane base","details":"Newcastle, ME \u00b7 74ME \u00b7 Privately owned \u00b7 54 ft elevation","provider":"FAA NASR 28-day subscription","sourceUrl":"https://www.faa.gov/air_traffic/flight_info/aeronav/Aero_Data/NASR_Subscription/2026-08-06/","faaId":"74ME","icao":"","facilityType":"Seaplane base","facilityUse":"private","state":"me","county":"Lincoln","effectiveDate":"2026/08/06"}},{"type":"Feature","geometry":{"type":"Point","coordinates":[-71.49921944,43.06543333]},"properties":{"group":"airport","dataStatus":"reference","color":"#9be1ff","title":"Mercier","status":"Private use heliport","details":"Hooksett, NH \u00b7 74NH \u00b7 Privately owned \u00b7 577 ft elevation","provider":"FAA NASR 28-day subscription","sourceUrl":"https://www.faa.gov/air_traffic/flight_info/aeronav/Aero_Data/NASR_Subscription/2026-08-06/","faaId":"74NH","icao":"","facilityType":"Heliport","facilityUse":"private","state":"nh","county":"Merrimack","effectiveDate":"2026/08/06"}},{"type":"Feature","geometry":{"type":"Point","coordinates":[-71.29712222,41.4804]},"properties":{"group":"airport","dataStatus":"reference","color":"#9be1ff","title":"Hopedene, Llc","status":"Private use heliport","details":"Newport, RI \u00b7 75RI \u00b7 Privately owned \u00b7 41 ft elevation","provider":"FAA NASR 28-day subscription","sourceUrl":"https://www.faa.gov/air_traffic/flight_info/aeronav/Aero_Data/NASR_Subscription/2026-08-06/","faaId":"75RI","icao":"","facilityType":"Heliport","facilityUse":"private","state":"ri","county":"Newport","effectiveDate":"2026/08/06"}},{"type":"Feature","geometry":{"type":"Point","coordinates":[-70.61847222,43.98691666]},"properties":{"group":"airport","dataStatus":"reference","color":"#9be1ff","title":"Long Lake","status":"Public use seaplane base","details":"Naples, ME \u00b7 76B \u00b7 Privately owned \u00b7 268 ft elevation","provider":"FAA NASR 28-day subscription","sourceUrl":"https://www.faa.gov/air_traffic/flight_info/aeronav/Aero_Data/NASR_Subscription/2026-08-06/","faaId":"76B","icao":"","facilityType":"Seaplane base","facilityUse":"public","state":"me","county":"Cumberland","effectiveDate":"2026/08/06"}},{"type":"Feature","geometry":{"type":"Point","coordinates":[-71.44118055,43.35841111]},"properties":{"group":"airport","dataStatus":"reference","color":"#9be1ff","title":"Harris Homestead","status":"Private use heliport","details":"Loudon, NH \u00b7 76NH \u00b7 Privately owned \u00b7 650 ft elevation","provider":"FAA NASR 28-day subscription","sourceUrl":"https://www.faa.gov/air_traffic/flight_info/aeronav/Aero_Data/NASR_Subscription/2026-08-06/","faaId":"76NH","icao":"","facilityType":"Heliport","facilityUse":"private","state":"nh","county":"Merrimack","effectiveDate":"2026/08/06"}},{"type":"Feature","geometry":{"type":"Point","coordinates":[-70.21616916,44.43339888]},"properties":{"group":"airport","dataStatus":"reference","color":"#9be1ff","title":"Long Pond","status":"Private use seaplane base","details":"North Livermore, ME \u00b7 77ME \u00b7 Privately owned \u00b7 474 ft elevation","provider":"FAA NASR 28-day subscription","sourceUrl":"https://www.faa.gov/air_traffic/flight_info/aeronav/Aero_Data/NASR_Subscription/2026-08-06/","faaId":"77ME","icao":"","facilityType":"Seaplane base","facilityUse":"private","state":"me","county":"Androscoggin","effectiveDate":"2026/08/06"}},{"type":"Feature","geometry":{"type":"Point","coordinates":[-68.94948777,45.65421416]},"properties":{"group":"airport","dataStatus":"reference","color":"#9be1ff","title":"Buckhorn Camps","status":"Public use seaplane base","details":"Norcross/Millinocket/, ME \u00b7 78B \u00b7 Privately owned \u00b7 500 ft elevation","provider":"FAA NASR 28-day subscription","sourceUrl":"https://www.faa.gov/air_traffic/flight_info/aeronav/Aero_Data/NASR_Subscription/2026-08-06/","faaId":"78B","icao":"","facilityType":"Seaplane base","facilityUse":"public","state":"me","county":"Penobscot","effectiveDate":"2026/08/06"}},{"type":"Feature","geometry":{"type":"Point","coordinates":[-70.25916666,43.75305555]},"properties":{"group":"airport","dataStatus":"reference","color":"#9be1ff","title":"Eric'S Fld","status":"Private use airport","details":"Falmouth, ME \u00b7 78ME \u00b7 Privately owned \u00b7 97 ft elevation","provider":"FAA NASR 28-day subscription","sourceUrl":"https://www.faa.gov/air_traffic/flight_info/aeronav/Aero_Data/NASR_Subscription/2026-08-06/","faaId":"78ME","icao":"","facilityType":"Airport","facilityUse":"private","state":"me","county":"Cumberland","effectiveDate":"2026/08/06"}},{"type":"Feature","geometry":{"type":"Point","coordinates":[-67.84313333,46.13446666]},"properties":{"group":"airport","dataStatus":"reference","color":"#9be1ff","title":"Houlton Rgnl Hospital","status":"Private use heliport","details":"Houlton, ME \u00b7 79ME \u00b7 Privately owned \u00b7 393 ft elevation","provider":"FAA NASR 28-day subscription","sourceUrl":"https://www.faa.gov/air_traffic/flight_info/aeronav/Aero_Data/NASR_Subscription/2026-08-06/","faaId":"79ME","icao":"","facilityType":"Heliport","facilityUse":"private","state":"me","county":"Aroostook","effectiveDate":"2026/08/06"}},{"type":"Feature","geometry":{"type":"Point","coordinates":[-72.61124027,42.32800972]},"properties":{"group":"airport","dataStatus":"reference","color":"#9be1ff","title":"Northampton","status":"Public use airport","details":"Northampton, MA \u00b7 7B2 \u00b7 Privately owned \u00b7 121.4 ft elevation","provider":"FAA NASR 28-day subscription","sourceUrl":"https://www.faa.gov/air_traffic/flight_info/aeronav/Aero_Data/NASR_Subscription/2026-08-06/","faaId":"7B2","icao":"","facilityType":"Airport","facilityUse":"public","state":"ma","county":"Hampshire","effectiveDate":"2026/08/06"}},{"type":"Feature","geometry":{"type":"Point","coordinates":[-70.83015416,42.96126805]},"properties":{"group":"airport","dataStatus":"reference","color":"#9be1ff","title":"Hampton Airfield","status":"Public use airport","details":"Hampton, NH \u00b7 7B3 \u00b7 Privately owned \u00b7 93 ft elevation","provider":"FAA NASR 28-day subscription","sourceUrl":"https://www.faa.gov/air_traffic/flight_info/aeronav/Aero_Data/NASR_Subscription/2026-08-06/","faaId":"7B3","icao":"","facilityType":"Airport","facilityUse":"public","state":"nh","county":"Rockingham","effectiveDate":"2026/08/06"}},{"type":"Feature","geometry":{"type":"Point","coordinates":[-72.57638888,41.92841666]},"properties":{"group":"airport","dataStatus":"reference","color":"#9be1ff","title":"Skylark Airpark","status":"Public use airport","details":"Warehouse Point, CT \u00b7 7B6 \u00b7 Privately owned \u00b7 120 ft elevation","provider":"FAA NASR 28-day subscription","sourceUrl":"https://www.faa.gov/air_traffic/flight_info/aeronav/Aero_Data/NASR_Subscription/2026-08-06/","faaId":"7B6","icao":"","facilityType":"Airport","facilityUse":"public","state":"ct","county":"Hartford","effectiveDate":"2026/08/06"}},{"type":"Feature","geometry":{"type":"Point","coordinates":[-72.45711111,41.92541666]},"properties":{"group":"airport","dataStatus":"reference","color":"#9be1ff","title":"Ellington","status":"Public use airport","details":"Ellington, CT \u00b7 7B9 \u00b7 Privately owned \u00b7 253 ft elevation","provider":"FAA NASR 28-day subscription","sourceUrl":"https://www.faa.gov/air_traffic/flight_info/aeronav/Aero_Data/NASR_Subscription/2026-08-06/","faaId":"7B9","icao":"","facilityType":"Airport","facilityUse":"public","state":"ct","county":"Tolland","effectiveDate":"2026/08/06"}},{"type":"Feature","geometry":{"type":"Point","coordinates":[-70.94722222,41.78055555]},"properties":{"group":"airport","dataStatus":"reference","color":"#9be1ff","title":"Craig Cove","status":"Private use seaplane base","details":"East Freetown, MA \u00b7 7MA2 \u00b7 Privately owned \u00b7 53 ft elevation","provider":"FAA NASR 28-day subscription","sourceUrl":"https://www.faa.gov/air_traffic/flight_info/aeronav/Aero_Data/NASR_Subscription/2026-08-06/","faaId":"7MA2","icao":"","facilityType":"Seaplane base","facilityUse":"private","state":"ma","county":"Bristol","effectiveDate":"2026/08/06"}},{"type":"Feature","geometry":{"type":"Point","coordinates":[-68.57942083,47.20345277]},"properties":{"group":"airport","dataStatus":"reference","color":"#9be1ff","title":"Fort Kent Muni","status":"Public use airport","details":"Fort Kent, ME \u00b7 7ME \u00b7 Publicly owned \u00b7 708 ft elevation","provider":"FAA NASR 28-day subscription","sourceUrl":"https://www.faa.gov/air_traffic/flight_info/aeronav/Aero_Data/NASR_Subscription/2026-08-06/","faaId":"7ME","icao":"","facilityType":"Airport","facilityUse":"public","state":"me","county":"Aroostook","effectiveDate":"2026/08/06"}},{"type":"Feature","geometry":{"type":"Point","coordinates":[-69.15447111,45.21142888]},"properties":{"group":"airport","dataStatus":"reference","color":"#9be1ff","title":"Stevens Fld","status":"Private use airport","details":"Sebec, ME \u00b7 7ME7 \u00b7 Privately owned \u00b7 420 ft elevation","provider":"FAA NASR 28-day subscription","sourceUrl":"https://www.faa.gov/air_traffic/flight_info/aeronav/Aero_Data/NASR_Subscription/2026-08-06/","faaId":"7ME7","icao":"","facilityType":"Airport","facilityUse":"private","state":"me","county":"Piscataquis","effectiveDate":"2026/08/06"}},{"type":"Feature","geometry":{"type":"Point","coordinates":[-71.20462777,42.59751944]},"properties":{"group":"airport","dataStatus":"reference","color":"#9be1ff","title":"Tew Mac","status":"Private use heliport","details":"Tewksbury, MA \u00b7 80MA \u00b7 Privately owned \u00b7 92 ft elevation","provider":"FAA NASR 28-day subscription","sourceUrl":"https://www.faa.gov/air_traffic/flight_info/aeronav/Aero_Data/NASR_Subscription/2026-08-06/","faaId":"80MA","icao":"","facilityType":"Heliport","facilityUse":"private","state":"ma","county":"Middlesex","effectiveDate":"2026/08/06"}},{"type":"Feature","geometry":{"type":"Point","coordinates":[-70.48127777,44.15744444]},"properties":{"group":"airport","dataStatus":"reference","color":"#9be1ff","title":"Oxford County Rgnl","status":"Public use airport","details":"Oxford, ME \u00b7 81B \u00b7 Publicly owned \u00b7 345 ft elevation","provider":"FAA NASR 28-day subscription","sourceUrl":"https://www.faa.gov/air_traffic/flight_info/aeronav/Aero_Data/NASR_Subscription/2026-08-06/","faaId":"81B","icao":"","facilityType":"Airport","facilityUse":"public","state":"me","county":"Oxford","effectiveDate":"2026/08/06"}},{"type":"Feature","geometry":{"type":"Point","coordinates":[-68.59461111,44.61989166]},"properties":{"group":"airport","dataStatus":"reference","color":"#9be1ff","title":"French Fld","status":"Private use airport","details":"Ellsworth, ME \u00b7 81ME \u00b7 Privately owned \u00b7 338 ft elevation","provider":"FAA NASR 28-day subscription","sourceUrl":"https://www.faa.gov/air_traffic/flight_info/aeronav/Aero_Data/NASR_Subscription/2026-08-06/","faaId":"81ME","icao":"","facilityType":"Airport","facilityUse":"private","state":"me","county":"Hancock","effectiveDate":"2026/08/06"}},{"type":"Feature","geometry":{"type":"Point","coordinates":[-69.7898625,46.59686527]},"properties":{"group":"airport","dataStatus":"reference","color":"#9be1ff","title":"Red Pine Grove","status":"Private use airport","details":"Clayton Lake, ME \u00b7 82ME \u00b7 Privately owned \u00b7 1051 ft elevation","provider":"FAA NASR 28-day subscription","sourceUrl":"https://www.faa.gov/air_traffic/flight_info/aeronav/Aero_Data/NASR_Subscription/2026-08-06/","faaId":"82ME","icao":"","facilityType":"Airport","facilityUse":"private","state":"me","county":"Aroostook","effectiveDate":"2026/08/06"}},{"type":"Feature","geometry":{"type":"Point","coordinates":[-68.06063888,46.70597222]},"properties":{"group":"airport","dataStatus":"reference","color":"#9be1ff","title":"Presque Isle","status":"Public use seaplane base","details":"Presque Isle, ME \u00b7 83B \u00b7 Publicly owned \u00b7 500 ft elevation","provider":"FAA NASR 28-day subscription","sourceUrl":"https://www.faa.gov/air_traffic/flight_info/aeronav/Aero_Data/NASR_Subscription/2026-08-06/","faaId":"83B","icao":"","facilityType":"Seaplane base","facilityUse":"public","state":"me","county":"Aroostook","effectiveDate":"2026/08/06"}},{"type":"Feature","geometry":{"type":"Point","coordinates":[-71.28805555,43.65416666]},"properties":{"group":"airport","dataStatus":"reference","color":"#9be1ff","title":"Pier 19","status":"Private use seaplane base","details":"Tuftonborough, NH \u00b7 83NH \u00b7 Privately owned \u00b7 500 ft elevation","provider":"FAA NASR 28-day subscription","sourceUrl":"https://www.faa.gov/air_traffic/flight_info/aeronav/Aero_Data/NASR_Subscription/2026-08-06/","faaId":"83NH","icao":"","facilityType":"Seaplane base","facilityUse":"private","state":"nh","county":"Carroll","effectiveDate":"2026/08/06"}},{"type":"Feature","geometry":{"type":"Point","coordinates":[-73.176828,41.17263]},"properties":{"group":"airport","dataStatus":"reference","color":"#9be1ff","title":"Bridgeport Boatworks","status":"Private use heliport","details":"Bridgeport, CT \u00b7 84CT \u00b7 Privately owned \u00b7 13 ft elevation","provider":"FAA NASR 28-day subscription","sourceUrl":"https://www.faa.gov/air_traffic/flight_info/aeronav/Aero_Data/NASR_Subscription/2026-08-06/","faaId":"84CT","icao":"","facilityType":"Heliport","facilityUse":"private","state":"ct","county":"Fairfield","effectiveDate":"2026/08/06"}},{"type":"Feature","geometry":{"type":"Point","coordinates":[-67.74604166,45.55288888]},"properties":{"group":"airport","dataStatus":"reference","color":"#9be1ff","title":"Cowboys Air Ranch","status":"Private use airport","details":"Forest Township, ME \u00b7 84ME \u00b7 Privately owned \u00b7 510 ft elevation","provider":"FAA NASR 28-day subscription","sourceUrl":"https://www.faa.gov/air_traffic/flight_info/aeronav/Aero_Data/NASR_Subscription/2026-08-06/","faaId":"84ME","icao":"","facilityType":"Airport","facilityUse":"private","state":"me","county":"Washington","effectiveDate":"2026/08/06"}},{"type":"Feature","geometry":{"type":"Point","coordinates":[-68.56425,46.09330555]},"properties":{"group":"airport","dataStatus":"reference","color":"#9be1ff","title":"Shin Pond","status":"Public use seaplane base","details":"Patten, ME \u00b7 85B \u00b7 Privately owned \u00b7 778 ft elevation","provider":"FAA NASR 28-day subscription","sourceUrl":"https://www.faa.gov/air_traffic/flight_info/aeronav/Aero_Data/NASR_Subscription/2026-08-06/","faaId":"85B","icao":"","facilityType":"Seaplane base","facilityUse":"public","state":"me","county":"Penobscot","effectiveDate":"2026/08/06"}},{"type":"Feature","geometry":{"type":"Point","coordinates":[-71.20570833,42.483675]},"properties":{"group":"airport","dataStatus":"reference","color":"#9be1ff","title":"Lahey Hospital","status":"Private use heliport","details":"Burlington, MA \u00b7 85MA \u00b7 Privately owned \u00b7 159 ft elevation","provider":"FAA NASR 28-day subscription","sourceUrl":"https://www.faa.gov/air_traffic/flight_info/aeronav/Aero_Data/NASR_Subscription/2026-08-06/","faaId":"85MA","icao":"","facilityType":"Heliport","facilityUse":"private","state":"ma","county":"Middlesex","effectiveDate":"2026/08/06"}},{"type":"Feature","geometry":{"type":"Point","coordinates":[-69.89522222,44.00652777]},"properties":{"group":"airport","dataStatus":"reference","color":"#9be1ff","title":"Cathance Landing","status":"Private use seaplane base","details":"Bowdoinham, ME \u00b7 86ME \u00b7 Privately owned \u00b7 0 ft elevation","provider":"FAA NASR 28-day subscription","sourceUrl":"https://www.faa.gov/air_traffic/flight_info/aeronav/Aero_Data/NASR_Subscription/2026-08-06/","faaId":"86ME","icao":"","facilityType":"Seaplane base","facilityUse":"private","state":"me","county":"Sagadahoc","effectiveDate":"2026/08/06"}},{"type":"Feature","geometry":{"type":"Point","coordinates":[-71.134173,42.533408]},"properties":{"group":"airport","dataStatus":"reference","color":"#9be1ff","title":"Miara1","status":"Private use heliport","details":"Wilmington, MA \u00b7 87MA \u00b7 Privately owned \u00b7 97 ft elevation","provider":"FAA NASR 28-day subscription","sourceUrl":"https://www.faa.gov/air_traffic/flight_info/aeronav/Aero_Data/NASR_Subscription/2026-08-06/","faaId":"87MA","icao":"","facilityType":"Heliport","facilityUse":"private","state":"ma","county":"Middlesex","effectiveDate":"2026/08/06"}},{"type":"Feature","geometry":{"type":"Point","coordinates":[-70.79398611,44.15133055]},"properties":{"group":"airport","dataStatus":"reference","color":"#9be1ff","title":"High Note","status":"Private use heliport","details":"Sweden, ME \u00b7 87ME \u00b7 Privately owned \u00b7 730 ft elevation","provider":"FAA NASR 28-day subscription","sourceUrl":"https://www.faa.gov/air_traffic/flight_info/aeronav/Aero_Data/NASR_Subscription/2026-08-06/","faaId":"87ME","icao":"","facilityType":"Heliport","facilityUse":"private","state":"me","county":"Oxford","effectiveDate":"2026/08/06"}},{"type":"Feature","geometry":{"type":"Point","coordinates":[-70.66945,44.15023888]},"properties":{"group":"airport","dataStatus":"reference","color":"#9be1ff","title":"Deer Hill","status":"Private use heliport","details":"Waterford, ME \u00b7 88ME \u00b7 Privately owned \u00b7 762 ft elevation","provider":"FAA NASR 28-day subscription","sourceUrl":"https://www.faa.gov/air_traffic/flight_info/aeronav/Aero_Data/NASR_Subscription/2026-08-06/","faaId":"88ME","icao":"","facilityType":"Heliport","facilityUse":"private","state":"me","county":"Oxford","effectiveDate":"2026/08/06"}},{"type":"Feature","geometry":{"type":"Point","coordinates":[-73.35027777,44.87833333]},"properties":{"group":"airport","dataStatus":"reference","color":"#9be1ff","title":"Hawk'S Nest","status":"Private use airport","details":"Isle Lamotte, VT \u00b7 88VT \u00b7 Privately owned \u00b7 140 ft elevation","provider":"FAA NASR 28-day subscription","sourceUrl":"https://www.faa.gov/air_traffic/flight_info/aeronav/Aero_Data/NASR_Subscription/2026-08-06/","faaId":"88VT","icao":"","facilityType":"Airport","facilityUse":"private","state":"vt","county":"Grand Isle","effectiveDate":"2026/08/06"}},{"type":"Feature","geometry":{"type":"Point","coordinates":[-69.65967394,44.40580958]},"properties":{"group":"airport","dataStatus":"reference","color":"#9be1ff","title":"Fox Fld","status":"Private use airport","details":"Vassalboro, ME \u00b7 89ME \u00b7 Privately owned \u00b7 150 ft elevation","provider":"FAA NASR 28-day subscription","sourceUrl":"https://www.faa.gov/air_traffic/flight_info/aeronav/Aero_Data/NASR_Subscription/2026-08-06/","faaId":"89ME","icao":"","facilityType":"Airport","facilityUse":"private","state":"me","county":"Kennebec","effectiveDate":"2026/08/06"}},{"type":"Feature","geometry":{"type":"Point","coordinates":[-70.66508527,44.99209138]},"properties":{"group":"airport","dataStatus":"reference","color":"#9be1ff","title":"Stephen A Bean Muni","status":"Public use airport","details":"Rangeley, ME \u00b7 8B0 \u00b7 Publicly owned \u00b7 1821.2 ft elevation","provider":"FAA NASR 28-day subscription","sourceUrl":"https://www.faa.gov/air_traffic/flight_info/aeronav/Aero_Data/NASR_Subscription/2026-08-06/","faaId":"8B0","icao":"","facilityType":"Airport","facilityUse":"public","state":"me","county":"Franklin","effectiveDate":"2026/08/06"}},{"type":"Feature","geometry":{"type":"Point","coordinates":[-71.90536111,43.06127777]},"properties":{"group":"airport","dataStatus":"reference","color":"#9be1ff","title":"Hawthorne-Feather Airpark","status":"Public use airport","details":"Hillsboro, NH \u00b7 8B1 \u00b7 Privately owned \u00b7 600 ft elevation","provider":"FAA NASR 28-day subscription","sourceUrl":"https://www.faa.gov/air_traffic/flight_info/aeronav/Aero_Data/NASR_Subscription/2026-08-06/","faaId":"8B1","icao":"","facilityType":"Airport","facilityUse":"public","state":"nh","county":"Hillsborough","effectiveDate":"2026/08/06"}},{"type":"Feature","geometry":{"type":"Point","coordinates":[-71.54674869,44.26406408]},"properties":{"group":"airport","dataStatus":"reference","color":"#9be1ff","title":"Twin Mountain","status":"Public use airport","details":"Twin Mountain, NH \u00b7 8B2 \u00b7 Privately owned \u00b7 1459 ft elevation","provider":"FAA NASR 28-day subscription","sourceUrl":"https://www.faa.gov/air_traffic/flight_info/aeronav/Aero_Data/NASR_Subscription/2026-08-06/","faaId":"8B2","icao":"","facilityType":"Airport","facilityUse":"public","state":"nh","county":"Coos","effectiveDate":"2026/08/06"}},{"type":"Feature","geometry":{"type":"Point","coordinates":[-71.49444444,42.41722222]},"properties":{"group":"airport","dataStatus":"reference","color":"#9be1ff","title":"Crow Island","status":"Private use airport","details":"Stow, MA \u00b7 8MA4 \u00b7 Privately owned \u00b7 185 ft elevation","provider":"FAA NASR 28-day subscription","sourceUrl":"https://www.faa.gov/air_traffic/flight_info/aeronav/Aero_Data/NASR_Subscription/2026-08-06/","faaId":"8MA4","icao":"","facilityType":"Airport","facilityUse":"private","state":"ma","county":"Middlesex","effectiveDate":"2026/08/06"}},{"type":"Feature","geometry":{"type":"Point","coordinates":[-70.191033,43.661608]},"properties":{"group":"airport","dataStatus":"reference","color":"#9be1ff","title":"Peaks Island Ballfield","status":"Private use heliport","details":"Portland, ME \u00b7 8ME2 \u00b7 Publicly owned \u00b7 54 ft elevation","provider":"FAA NASR 28-day subscription","sourceUrl":"https://www.faa.gov/air_traffic/flight_info/aeronav/Aero_Data/NASR_Subscription/2026-08-06/","faaId":"8ME2","icao":"","facilityType":"Heliport","facilityUse":"private","state":"me","county":"Cumberland","effectiveDate":"2026/08/06"}},{"type":"Feature","geometry":{"type":"Point","coordinates":[-70.54555555,44.52305555]},"properties":{"group":"airport","dataStatus":"reference","color":"#9be1ff","title":"Zinck","status":"Private use airport","details":"Rumford, ME \u00b7 90ME \u00b7 Privately owned \u00b7 620 ft elevation","provider":"FAA NASR 28-day subscription","sourceUrl":"https://www.faa.gov/air_traffic/flight_info/aeronav/Aero_Data/NASR_Subscription/2026-08-06/","faaId":"90ME","icao":"","facilityType":"Airport","facilityUse":"private","state":"me","county":"Androscoggin","effectiveDate":"2026/08/06"}},{"type":"Feature","geometry":{"type":"Point","coordinates":[-68.23142611,47.19309611]},"properties":{"group":"airport","dataStatus":"reference","color":"#9be1ff","title":"Long Lake","status":"Public use seaplane base","details":"Sinclair, ME \u00b7 92B \u00b7 Privately owned \u00b7 581 ft elevation","provider":"FAA NASR 28-day subscription","sourceUrl":"https://www.faa.gov/air_traffic/flight_info/aeronav/Aero_Data/NASR_Subscription/2026-08-06/","faaId":"92B","icao":"","facilityType":"Seaplane base","facilityUse":"public","state":"me","county":"Aroostook","effectiveDate":"2026/08/06"}},{"type":"Feature","geometry":{"type":"Point","coordinates":[-68.63908333,45.21958333]},"properties":{"group":"airport","dataStatus":"reference","color":"#9be1ff","title":"Buzzport","status":"Private use airport","details":"Passadumkeag, ME \u00b7 92ME \u00b7 Privately owned \u00b7 203 ft elevation","provider":"FAA NASR 28-day subscription","sourceUrl":"https://www.faa.gov/air_traffic/flight_info/aeronav/Aero_Data/NASR_Subscription/2026-08-06/","faaId":"92ME","icao":"","facilityType":"Airport","facilityUse":"private","state":"me","county":"Penobscot","effectiveDate":"2026/08/06"}},{"type":"Feature","geometry":{"type":"Point","coordinates":[-71.51944444,43.67944444]},"properties":{"group":"airport","dataStatus":"reference","color":"#9be1ff","title":"Morrison","status":"Private use heliport","details":"Meredith, NH \u00b7 92NH \u00b7 Privately owned \u00b7 720 ft elevation","provider":"FAA NASR 28-day subscription","sourceUrl":"https://www.faa.gov/air_traffic/flight_info/aeronav/Aero_Data/NASR_Subscription/2026-08-06/","faaId":"92NH","icao":"","facilityType":"Heliport","facilityUse":"private","state":"nh","county":"Belknap","effectiveDate":"2026/08/06"}},{"type":"Feature","geometry":{"type":"Point","coordinates":[-68.68025,44.17322222]},"properties":{"group":"airport","dataStatus":"reference","color":"#9be1ff","title":"Stonington Muni","status":"Public use airport","details":"Stonington, ME \u00b7 93B \u00b7 Publicly owned \u00b7 32 ft elevation","provider":"FAA NASR 28-day subscription","sourceUrl":"https://www.faa.gov/air_traffic/flight_info/aeronav/Aero_Data/NASR_Subscription/2026-08-06/","faaId":"93B","icao":"","facilityType":"Airport","facilityUse":"public","state":"me","county":"Hancock","effectiveDate":"2026/08/06"}},{"type":"Feature","geometry":{"type":"Point","coordinates":[-72.35841666,43.52391666]},"properties":{"group":"airport","dataStatus":"reference","color":"#9be1ff","title":"Sharkey","status":"Private use heliport","details":"Plainfield, NH \u00b7 93NH \u00b7 Privately owned \u00b7 550 ft elevation","provider":"FAA NASR 28-day subscription","sourceUrl":"https://www.faa.gov/air_traffic/flight_info/aeronav/Aero_Data/NASR_Subscription/2026-08-06/","faaId":"93NH","icao":"","facilityType":"Heliport","facilityUse":"private","state":"nh","county":"Sullivan","effectiveDate":"2026/08/06"}},{"type":"Feature","geometry":{"type":"Point","coordinates":[-71.45351666,43.06359722]},"properties":{"group":"airport","dataStatus":"reference","color":"#9be1ff","title":"Macy","status":"Private use heliport","details":"Hooksett, NH \u00b7 95NH \u00b7 Privately owned \u00b7 262 ft elevation","provider":"FAA NASR 28-day subscription","sourceUrl":"https://www.faa.gov/air_traffic/flight_info/aeronav/Aero_Data/NASR_Subscription/2026-08-06/","faaId":"95NH","icao":"","facilityType":"Heliport","facilityUse":"private","state":"nh","county":"Merrimack","effectiveDate":"2026/08/06"}},{"type":"Feature","geometry":{"type":"Point","coordinates":[-70.51885833,43.57571666]},"properties":{"group":"airport","dataStatus":"reference","color":"#9be1ff","title":"Greaton Airfield","status":"Public use airport","details":"Saco, ME \u00b7 98M \u00b7 Privately owned \u00b7 170 ft elevation","provider":"FAA NASR 28-day subscription","sourceUrl":"https://www.faa.gov/air_traffic/flight_info/aeronav/Aero_Data/NASR_Subscription/2026-08-06/","faaId":"98M","icao":"","facilityType":"Airport","facilityUse":"public","state":"me","county":"York","effectiveDate":"2026/08/06"}},{"type":"Feature","geometry":{"type":"Point","coordinates":[-68.99405277,44.413275]},"properties":{"group":"airport","dataStatus":"reference","color":"#9be1ff","title":"Waldo County General Hospital","status":"Private use heliport","details":"Belfast, ME \u00b7 98ME \u00b7 Privately owned \u00b7 72 ft elevation","provider":"FAA NASR 28-day subscription","sourceUrl":"https://www.faa.gov/air_traffic/flight_info/aeronav/Aero_Data/NASR_Subscription/2026-08-06/","faaId":"98ME","icao":"","facilityType":"Heliport","facilityUse":"private","state":"me","county":"Waldo","effectiveDate":"2026/08/06"}},{"type":"Feature","geometry":{"type":"Point","coordinates":[-71.39396666,43.75916388]},"properties":{"group":"airport","dataStatus":"reference","color":"#9be1ff","title":"Berry Pond","status":"Private use seaplane base","details":"Moultonborough, NH \u00b7 98NH \u00b7 Privately owned \u00b7 562 ft elevation","provider":"FAA NASR 28-day subscription","sourceUrl":"https://www.faa.gov/air_traffic/flight_info/aeronav/Aero_Data/NASR_Subscription/2026-08-06/","faaId":"98NH","icao":"","facilityType":"Seaplane base","facilityUse":"private","state":"nh","county":"Carroll","effectiveDate":"2026/08/06"}},{"type":"Feature","geometry":{"type":"Point","coordinates":[-68.63248333,44.07553333]},"properties":{"group":"airport","dataStatus":"reference","color":"#9be1ff","title":"Isle Au Haut","status":"Private use heliport","details":"Isle Au Haut, ME \u00b7 99ME \u00b7 Privately owned \u00b7 55 ft elevation","provider":"FAA NASR 28-day subscription","sourceUrl":"https://www.faa.gov/air_traffic/flight_info/aeronav/Aero_Data/NASR_Subscription/2026-08-06/","faaId":"99ME","icao":"","facilityType":"Heliport","facilityUse":"private","state":"me","county":"Knox","effectiveDate":"2026/08/06"}},{"type":"Feature","geometry":{"type":"Point","coordinates":[-69.25916666,44.85152777]},"properties":{"group":"airport","dataStatus":"reference","color":"#9be1ff","title":"Hamlin'S Marina & Spb","status":"Public use seaplane base","details":"Newport, ME \u00b7 9B7 \u00b7 Publicly owned \u00b7 200 ft elevation","provider":"FAA NASR 28-day subscription","sourceUrl":"https://www.faa.gov/air_traffic/flight_info/aeronav/Aero_Data/NASR_Subscription/2026-08-06/","faaId":"9B7","icao":"","facilityType":"Seaplane base","facilityUse":"public","state":"me","county":"Penobscot","effectiveDate":"2026/08/06"}},{"type":"Feature","geometry":{"type":"Point","coordinates":[-72.44230777,41.58954333]},"properties":{"group":"airport","dataStatus":"reference","color":"#9be1ff","title":"Salmon River Airfield","status":"Public use airport","details":"Marlborough, CT \u00b7 9B8 \u00b7 Privately owned \u00b7 540 ft elevation","provider":"FAA NASR 28-day subscription","sourceUrl":"https://www.faa.gov/air_traffic/flight_info/aeronav/Aero_Data/NASR_Subscription/2026-08-06/","faaId":"9B8","icao":"","facilityType":"Airport","facilityUse":"public","state":"ct","county":"Hartford","effectiveDate":"2026/08/06"}},{"type":"Feature","geometry":{"type":"Point","coordinates":[-73.42853333,41.1445]},"properties":{"group":"airport","dataStatus":"reference","color":"#9be1ff","title":"The Towers","status":"Private use heliport","details":"Norwalk, CT \u00b7 9CT1 \u00b7 Privately owned \u00b7 280 ft elevation","provider":"FAA NASR 28-day subscription","sourceUrl":"https://www.faa.gov/air_traffic/flight_info/aeronav/Aero_Data/NASR_Subscription/2026-08-06/","faaId":"9CT1","icao":"","facilityType":"Heliport","facilityUse":"private","state":"ct","county":"Fairfield","effectiveDate":"2026/08/06"}},{"type":"Feature","geometry":{"type":"Point","coordinates":[-70.76033333,41.84666666]},"properties":{"group":"airport","dataStatus":"reference","color":"#9be1ff","title":"Wayne West","status":"Private use heliport","details":"Carver, MA \u00b7 9MA8 \u00b7 Privately owned \u00b7 90 ft elevation","provider":"FAA NASR 28-day subscription","sourceUrl":"https://www.faa.gov/air_traffic/flight_info/aeronav/Aero_Data/NASR_Subscription/2026-08-06/","faaId":"9MA8","icao":"","facilityType":"Heliport","facilityUse":"private","state":"ma","county":"Plymouth","effectiveDate":"2026/08/06"}},{"type":"Feature","geometry":{"type":"Point","coordinates":[-70.474877,43.372115]},"properties":{"group":"airport","dataStatus":"reference","color":"#9be1ff","title":"Heli King","status":"Private use heliport","details":"Kennebunkport, ME \u00b7 9ME9 \u00b7 Privately owned \u00b7 27 ft elevation","provider":"FAA NASR 28-day subscription","sourceUrl":"https://www.faa.gov/air_traffic/flight_info/aeronav/Aero_Data/NASR_Subscription/2026-08-06/","faaId":"9ME9","icao":"","facilityType":"Heliport","facilityUse":"private","state":"me","county":"York","effectiveDate":"2026/08/06"}},{"type":"Feature","geometry":{"type":"Point","coordinates":[-70.06051138,41.25329916]},"properties":{"group":"airport","dataStatus":"reference","color":"#9be1ff","title":"Nantucket Meml","status":"Public use airport","details":"Nantucket, MA \u00b7 ACK / KACK \u00b7 Publicly owned \u00b7 46.8 ft elevation","provider":"FAA NASR 28-day subscription","sourceUrl":"https://www.faa.gov/air_traffic/flight_info/aeronav/Aero_Data/NASR_Subscription/2026-08-06/","faaId":"ACK","icao":"KACK","facilityType":"Airport","facilityUse":"public","state":"ma","county":"Nantucket","effectiveDate":"2026/08/06"}},{"type":"Feature","geometry":{"type":"Point","coordinates":[-72.00302194,42.80513416]},"properties":{"group":"airport","dataStatus":"reference","color":"#9be1ff","title":"Jaffrey Airfield Silver Ranch","status":"Public use airport","details":"Jaffrey, NH \u00b7 AFN / KAFN \u00b7 Privately owned \u00b7 1039.5 ft elevation","provider":"FAA NASR 28-day subscription","sourceUrl":"https://www.faa.gov/air_traffic/flight_info/aeronav/Aero_Data/NASR_Subscription/2026-08-06/","faaId":"AFN","icao":"KAFN","facilityType":"Airport","facilityUse":"public","state":"nh","county":"Cheshire","effectiveDate":"2026/08/06"}},{"type":"Feature","geometry":{"type":"Point","coordinates":[-73.17055305,42.6962538]},"properties":{"group":"airport","dataStatus":"reference","color":"#9be1ff","title":"Harriman-And-West","status":"Public use airport","details":"North Adams, MA \u00b7 AQW / KAQW \u00b7 Publicly owned \u00b7 653.8 ft elevation","provider":"FAA NASR 28-day subscription","sourceUrl":"https://www.faa.gov/air_traffic/flight_info/aeronav/Aero_Data/NASR_Subscription/2026-08-06/","faaId":"AQW","icao":"KAQW","facilityType":"Airport","facilityUse":"public","state":"ma","county":"Berkshire","effectiveDate":"2026/08/06"}},{"type":"Feature","geometry":{"type":"Point","coordinates":[-71.51409444,42.78241388]},"properties":{"group":"airport","dataStatus":"reference","color":"#9be1ff","title":"Boire Fld","status":"Public use airport","details":"Nashua, NH \u00b7 ASH / KASH \u00b7 Publicly owned \u00b7 200.4 ft elevation","provider":"FAA NASR 28-day subscription","sourceUrl":"https://www.faa.gov/air_traffic/flight_info/aeronav/Aero_Data/NASR_Subscription/2026-08-06/","faaId":"ASH","icao":"KASH","facilityType":"Airport","facilityUse":"public","state":"nh","county":"Hillsborough","effectiveDate":"2026/08/06"}},{"type":"Feature","geometry":{"type":"Point","coordinates":[-69.79730861,44.32068694]},"properties":{"group":"airport","dataStatus":"reference","color":"#9be1ff","title":"Augusta State","status":"Public use airport","details":"Augusta, ME \u00b7 AUG / KAUG \u00b7 Publicly owned \u00b7 351.7 ft elevation","provider":"FAA NASR 28-day subscription","sourceUrl":"https://www.faa.gov/air_traffic/flight_info/aeronav/Aero_Data/NASR_Subscription/2026-08-06/","faaId":"AUG","icao":"KAUG","facilityType":"Airport","facilityUse":"public","state":"me","county":"Kennebec","effectiveDate":"2026/08/06"}},{"type":"Feature","geometry":{"type":"Point","coordinates":[-73.35869444,44.19166666]},"properties":{"group":"airport","dataStatus":"reference","color":"#9be1ff","title":"Basin Harbor","status":"Public use airport","details":"Vergennes, VT \u00b7 B06 \u00b7 Privately owned \u00b7 124 ft elevation","provider":"FAA NASR 28-day subscription","sourceUrl":"https://www.faa.gov/air_traffic/flight_info/aeronav/Aero_Data/NASR_Subscription/2026-08-06/","faaId":"B06","icao":"","facilityType":"Airport","facilityUse":"public","state":"vt","county":"Addison","effectiveDate":"2026/08/06"}},{"type":"Feature","geometry":{"type":"Point","coordinates":[-70.14608333,44.41]},"properties":{"group":"airport","dataStatus":"reference","color":"#9be1ff","title":"Bowman Fld","status":"Public use airport","details":"Livermore Falls, ME \u00b7 B10 \u00b7 Privately owned \u00b7 324.2 ft elevation","provider":"FAA NASR 28-day subscription","sourceUrl":"https://www.faa.gov/air_traffic/flight_info/aeronav/Aero_Data/NASR_Subscription/2026-08-06/","faaId":"B10","icao":"","facilityType":"Airport","facilityUse":"public","state":"me","county":"Androscoggin","effectiveDate":"2026/08/06"}},{"type":"Feature","geometry":{"type":"Point","coordinates":[-71.237,43.47758333]},"properties":{"group":"airport","dataStatus":"reference","color":"#9be1ff","title":"Alton Bay","status":"Public use seaplane base","details":"Alton Bay, NH \u00b7 B18 \u00b7 Publicly owned \u00b7 504 ft elevation","provider":"FAA NASR 28-day subscription","sourceUrl":"https://www.faa.gov/air_traffic/flight_info/aeronav/Aero_Data/NASR_Subscription/2026-08-06/","faaId":"B18","icao":"","facilityType":"Seaplane base","facilityUse":"public","state":"nh","county":"Belknap","effectiveDate":"2026/08/06"}},{"type":"Feature","geometry":{"type":"Point","coordinates":[-70.47238888,43.46411111]},"properties":{"group":"airport","dataStatus":"reference","color":"#9be1ff","title":"Biddeford Muni","status":"Public use airport","details":"Biddeford, ME \u00b7 B19 \u00b7 Publicly owned \u00b7 157 ft elevation","provider":"FAA NASR 28-day subscription","sourceUrl":"https://www.faa.gov/air_traffic/flight_info/aeronav/Aero_Data/NASR_Subscription/2026-08-06/","faaId":"B19","icao":"","facilityType":"Airport","facilityUse":"public","state":"me","county":"York","effectiveDate":"2026/08/06"}},{"type":"Feature","geometry":{"type":"Point","coordinates":[-70.2163225,45.08531972]},"properties":{"group":"airport","dataStatus":"reference","color":"#9be1ff","title":"Sugarloaf Rgnl","status":"Public use airport","details":"Carrabassett, ME \u00b7 B21 \u00b7 Publicly owned \u00b7 880 ft elevation","provider":"FAA NASR 28-day subscription","sourceUrl":"https://www.faa.gov/air_traffic/flight_info/aeronav/Aero_Data/NASR_Subscription/2026-08-06/","faaId":"B21","icao":"","facilityType":"Airport","facilityUse":"public","state":"me","county":"Franklin","effectiveDate":"2026/08/06"}},{"type":"Feature","geometry":{"type":"Point","coordinates":[-72.71586111,42.15794444]},"properties":{"group":"airport","dataStatus":"reference","color":"#9be1ff","title":"Westfield-Barnes Rgnl","status":"Public use airport","details":"Westfield/Springfield, MA \u00b7 BAF / KBAF \u00b7 Publicly owned \u00b7 270 ft elevation","provider":"FAA NASR 28-day subscription","sourceUrl":"https://www.faa.gov/air_traffic/flight_info/aeronav/Aero_Data/NASR_Subscription/2026-08-06/","faaId":"BAF","icao":"KBAF","facilityType":"Airport","facilityUse":"public","state":"ma","county":"Hampden","effectiveDate":"2026/08/06"}},{"type":"Feature","geometry":{"type":"Point","coordinates":[-72.68431583,41.93903222]},"properties":{"group":"airport","dataStatus":"reference","color":"#9be1ff","title":"Bradley Intl","status":"Public use airport","details":"Windsor Locks, CT \u00b7 BDL / KBDL \u00b7 Publicly owned \u00b7 173.3 ft elevation","provider":"FAA NASR 28-day subscription","sourceUrl":"https://www.faa.gov/air_traffic/flight_info/aeronav/Aero_Data/NASR_Subscription/2026-08-06/","faaId":"BDL","icao":"KBDL","facilityType":"Airport","facilityUse":"public","state":"ct","county":"Hartford","effectiveDate":"2026/08/06"}},{"type":"Feature","geometry":{"type":"Point","coordinates":[-73.12617583,41.16348083]},"properties":{"group":"airport","dataStatus":"reference","color":"#9be1ff","title":"Bridgeport/Sikorsky","status":"Public use airport","details":"Bridgeport, CT \u00b7 BDR / KBDR \u00b7 Publicly owned \u00b7 8.5 ft elevation","provider":"FAA NASR 28-day subscription","sourceUrl":"https://www.faa.gov/air_traffic/flight_info/aeronav/Aero_Data/NASR_Subscription/2026-08-06/","faaId":"BDR","icao":"KBDR","facilityType":"Airport","facilityUse":"public","state":"ct","county":"Fairfield","effectiveDate":"2026/08/06"}},{"type":"Feature","geometry":{"type":"Point","coordinates":[-71.289,42.46994444]},"properties":{"group":"airport","dataStatus":"reference","color":"#9be1ff","title":"Laurence G Hanscom Fld","status":"Public use airport","details":"Bedford, MA \u00b7 BED / KBED \u00b7 Publicly owned \u00b7 132 ft elevation","provider":"FAA NASR 28-day subscription","sourceUrl":"https://www.faa.gov/air_traffic/flight_info/aeronav/Aero_Data/NASR_Subscription/2026-08-06/","faaId":"BED","icao":"KBED","facilityType":"Airport","facilityUse":"public","state":"ma","county":"Middlesex","effectiveDate":"2026/08/06"}},{"type":"Feature","geometry":{"type":"Point","coordinates":[-68.82813888,44.80744444]},"properties":{"group":"airport","dataStatus":"reference","color":"#9be1ff","title":"Bangor Intl","status":"Public use airport","details":"Bangor, ME \u00b7 BGR / KBGR \u00b7 Publicly owned \u00b7 192.1 ft elevation","provider":"FAA NASR 28-day subscription","sourceUrl":"https://www.faa.gov/air_traffic/flight_info/aeronav/Aero_Data/NASR_Subscription/2026-08-06/","faaId":"BGR","icao":"KBGR","facilityType":"Airport","facilityUse":"public","state":"me","county":"Penobscot","effectiveDate":"2026/08/06"}},{"type":"Feature","geometry":{"type":"Point","coordinates":[-68.36148972,44.44970527]},"properties":{"group":"airport","dataStatus":"reference","color":"#9be1ff","title":"Hancock County/Bar Harbor","status":"Public use airport","details":"Bar Harbor, ME \u00b7 BHB / KBHB \u00b7 Publicly owned \u00b7 83.2 ft elevation","provider":"FAA NASR 28-day subscription","sourceUrl":"https://www.faa.gov/air_traffic/flight_info/aeronav/Aero_Data/NASR_Subscription/2026-08-06/","faaId":"BHB","icao":"KBHB","facilityType":"Airport","facilityUse":"public","state":"me","county":"Hancock","effectiveDate":"2026/08/06"}},{"type":"Feature","geometry":{"type":"Point","coordinates":[-71.57783333,41.16811111]},"properties":{"group":"airport","dataStatus":"reference","color":"#9be1ff","title":"Block Island State","status":"Public use airport","details":"Block Island, RI \u00b7 BID / KBID \u00b7 Publicly owned \u00b7 107.9 ft elevation","provider":"FAA NASR 28-day subscription","sourceUrl":"https://www.faa.gov/air_traffic/flight_info/aeronav/Aero_Data/NASR_Subscription/2026-08-06/","faaId":"BID","icao":"KBID","facilityType":"Airport","facilityUse":"public","state":"ri","county":"Washington","effectiveDate":"2026/08/06"}},{"type":"Feature","geometry":{"type":"Point","coordinates":[-71.17591666,44.57536111]},"properties":{"group":"airport","dataStatus":"reference","color":"#9be1ff","title":"Berlin Rgnl","status":"Public use airport","details":"Berlin, NH \u00b7 BML / KBML \u00b7 Publicly owned \u00b7 1161.3 ft elevation","provider":"FAA NASR 28-day subscription","sourceUrl":"https://www.faa.gov/air_traffic/flight_info/aeronav/Aero_Data/NASR_Subscription/2026-08-06/","faaId":"BML","icao":"KBML","facilityType":"Airport","facilityUse":"public","state":"nh","county":"Coos","effectiveDate":"2026/08/06"}},{"type":"Feature","geometry":{"type":"Point","coordinates":[-71.00638888,42.36294444]},"properties":{"group":"airport","dataStatus":"reference","color":"#9be1ff","title":"General Edward Lawrence Logan Intl","status":"Public use airport","details":"Boston, MA \u00b7 BOS / KBOS \u00b7 Publicly owned \u00b7 19.1 ft elevation","provider":"FAA NASR 28-day subscription","sourceUrl":"https://www.faa.gov/air_traffic/flight_info/aeronav/Aero_Data/NASR_Subscription/2026-08-06/","faaId":"BOS","icao":"KBOS","facilityType":"Airport","facilityUse":"public","state":"ma","county":"Suffolk","effectiveDate":"2026/08/06"}},{"type":"Feature","geometry":{"type":"Point","coordinates":[-69.01183333,44.40938888]},"properties":{"group":"airport","dataStatus":"reference","color":"#9be1ff","title":"Belfast Muni","status":"Public use airport","details":"Belfast, ME \u00b7 BST / KBST \u00b7 Publicly owned \u00b7 197.6 ft elevation","provider":"FAA NASR 28-day subscription","sourceUrl":"https://www.faa.gov/air_traffic/flight_info/aeronav/Aero_Data/NASR_Subscription/2026-08-06/","faaId":"BST","icao":"KBST","facilityType":"Airport","facilityUse":"public","state":"me","county":"Waldo","effectiveDate":"2026/08/06"}},{"type":"Feature","geometry":{"type":"Point","coordinates":[-73.15327611,44.471955]},"properties":{"group":"airport","dataStatus":"reference","color":"#9be1ff","title":"Patrick Leahy Burlington Intl","status":"Public use airport","details":"Burlington, VT \u00b7 BTV / KBTV \u00b7 Publicly owned \u00b7 334.6 ft elevation","provider":"FAA NASR 28-day subscription","sourceUrl":"https://www.faa.gov/air_traffic/flight_info/aeronav/Aero_Data/NASR_Subscription/2026-08-06/","faaId":"BTV","icao":"KBTV","facilityType":"Airport","facilityUse":"public","state":"vt","county":"Chittenden","effectiveDate":"2026/08/06"}},{"type":"Feature","geometry":{"type":"Point","coordinates":[-70.91614444,42.58414138]},"properties":{"group":"airport","dataStatus":"reference","color":"#9be1ff","title":"Beverly Rgnl","status":"Public use airport","details":"Beverly, MA \u00b7 BVY / KBVY \u00b7 Publicly owned \u00b7 107.2 ft elevation","provider":"FAA NASR 28-day subscription","sourceUrl":"https://www.faa.gov/air_traffic/flight_info/aeronav/Aero_Data/NASR_Subscription/2026-08-06/","faaId":"BVY","icao":"KBVY","facilityType":"Airport","facilityUse":"public","state":"ma","county":"Essex","effectiveDate":"2026/08/06"}},{"type":"Feature","geometry":{"type":"Point","coordinates":[-69.93882969,43.89235511]},"properties":{"group":"airport","dataStatus":"reference","color":"#9be1ff","title":"Brunswick Exec","status":"Public use airport","details":"Brunswick, ME \u00b7 BXM / KBXM \u00b7 Publicly owned \u00b7 74.7 ft elevation","provider":"FAA NASR 28-day subscription","sourceUrl":"https://www.faa.gov/air_traffic/flight_info/aeronav/Aero_Data/NASR_Subscription/2026-08-06/","faaId":"BXM","icao":"KBXM","facilityType":"Airport","facilityUse":"public","state":"me","county":"Cumberland","effectiveDate":"2026/08/06"}},{"type":"Feature","geometry":{"type":"Point","coordinates":[-72.05436111,41.95569444]},"properties":{"group":"airport","dataStatus":"reference","color":"#9be1ff","title":"Toutant","status":"Public use airport","details":"Putnam, CT \u00b7 C44 \u00b7 Privately owned \u00b7 770 ft elevation","provider":"FAA NASR 28-day subscription","sourceUrl":"https://www.faa.gov/air_traffic/flight_info/aeronav/Aero_Data/NASR_Subscription/2026-08-06/","faaId":"C44","icao":"","facilityType":"Airport","facilityUse":"public","state":"ct","county":"Windham","effectiveDate":"2026/08/06"}},{"type":"Feature","geometry":{"type":"Point","coordinates":[-68.01819444,46.87163888]},"properties":{"group":"airport","dataStatus":"reference","color":"#9be1ff","title":"Caribou Muni","status":"Public use airport","details":"Caribou, ME \u00b7 CAR / KCAR \u00b7 Publicly owned \u00b7 620.3 ft elevation","provider":"FAA NASR 28-day subscription","sourceUrl":"https://www.faa.gov/air_traffic/flight_info/aeronav/Aero_Data/NASR_Subscription/2026-08-06/","faaId":"CAR","icao":"KCAR","facilityType":"Airport","facilityUse":"public","state":"me","county":"Aroostook","effectiveDate":"2026/08/06"}},{"type":"Feature","geometry":{"type":"Point","coordinates":[-72.01797888,44.56911416]},"properties":{"group":"airport","dataStatus":"reference","color":"#9be1ff","title":"Caledonia County","status":"Public use airport","details":"Lyndonville, VT \u00b7 CDA / KCDA \u00b7 Publicly owned \u00b7 1187.6 ft elevation","provider":"FAA NASR 28-day subscription","sourceUrl":"https://www.faa.gov/air_traffic/flight_info/aeronav/Aero_Data/NASR_Subscription/2026-08-06/","faaId":"CDA","icao":"KCDA","facilityType":"Airport","facilityUse":"public","state":"vt","county":"Caledonia","effectiveDate":"2026/08/06"}},{"type":"Feature","geometry":{"type":"Point","coordinates":[-72.53478666,42.19401555]},"properties":{"group":"airport","dataStatus":"reference","color":"#9be1ff","title":"Westover Arb/Metro","status":"Public use airport","details":"Springfield/Chicopee, MA \u00b7 CEF / KCEF \u00b7 Military \u00b7 241.1 ft elevation","provider":"FAA NASR 28-day subscription","sourceUrl":"https://www.faa.gov/air_traffic/flight_info/aeronav/Aero_Data/NASR_Subscription/2026-08-06/","faaId":"CEF","icao":"KCEF","facilityType":"Airport","facilityUse":"public","state":"ma","county":"Hampden","effectiveDate":"2026/08/06"}},{"type":"Feature","geometry":{"type":"Point","coordinates":[-72.36820694,43.37050444]},"properties":{"group":"airport","dataStatus":"reference","color":"#9be1ff","title":"Claremont Muni","status":"Public use airport","details":"Claremont, NH \u00b7 CNH / KCNH \u00b7 Publicly owned \u00b7 543.3 ft elevation","provider":"FAA NASR 28-day subscription","sourceUrl":"https://www.faa.gov/air_traffic/flight_info/aeronav/Aero_Data/NASR_Subscription/2026-08-06/","faaId":"CNH","icao":"KCNH","facilityType":"Airport","facilityUse":"public","state":"nh","county":"Sullivan","effectiveDate":"2026/08/06"}},{"type":"Feature","geometry":{"type":"Point","coordinates":[-71.50227777,43.20272222]},"properties":{"group":"airport","dataStatus":"reference","color":"#9be1ff","title":"Concord Muni","status":"Public use airport","details":"Concord, NH \u00b7 CON / KCON \u00b7 Publicly owned \u00b7 341.7 ft elevation","provider":"FAA NASR 28-day subscription","sourceUrl":"https://www.faa.gov/air_traffic/flight_info/aeronav/Aero_Data/NASR_Subscription/2026-08-06/","faaId":"CON","icao":"KCON","facilityType":"Airport","facilityUse":"public","state":"nh","county":"Merrimack","effectiveDate":"2026/08/06"}},{"type":"Feature","geometry":{"type":"Point","coordinates":[-69.98965194,41.68830416]},"properties":{"group":"airport","dataStatus":"reference","color":"#9be1ff","title":"Chatham Muni","status":"Public use airport","details":"Chatham, MA \u00b7 CQX / KCQX \u00b7 Publicly owned \u00b7 63.6 ft elevation","provider":"FAA NASR 28-day subscription","sourceUrl":"https://www.faa.gov/air_traffic/flight_info/aeronav/Aero_Data/NASR_Subscription/2026-08-06/","faaId":"CQX","icao":"KCQX","facilityType":"Airport","facilityUse":"public","state":"ma","county":"Barnstable","effectiveDate":"2026/08/06"}},{"type":"Feature","geometry":{"type":"Point","coordinates":[-72.60090555,41.83204166]},"properties":{"group":"airport","dataStatus":"reference","color":"#9be1ff","title":"Electro-Methods Inc","status":"Private use heliport","details":"South Windsor, CT \u00b7 CT00 \u00b7 Privately owned \u00b7 72 ft elevation","provider":"FAA NASR 28-day subscription","sourceUrl":"https://www.faa.gov/air_traffic/flight_info/aeronav/Aero_Data/NASR_Subscription/2026-08-06/","faaId":"CT00","icao":"","facilityType":"Heliport","facilityUse":"private","state":"ct","county":"Hartford","effectiveDate":"2026/08/06"}},{"type":"Feature","geometry":{"type":"Point","coordinates":[-73.18900166,41.6662075]},"properties":{"group":"airport","dataStatus":"reference","color":"#9be1ff","title":"Whelan Farms","status":"Private use airport","details":"Bethlehem, CT \u00b7 CT01 \u00b7 Privately owned \u00b7 1020 ft elevation","provider":"FAA NASR 28-day subscription","sourceUrl":"https://www.faa.gov/air_traffic/flight_info/aeronav/Aero_Data/NASR_Subscription/2026-08-06/","faaId":"CT01","icao":"","facilityType":"Airport","facilityUse":"private","state":"ct","county":"Litchfield","effectiveDate":"2026/08/06"}},{"type":"Feature","geometry":{"type":"Point","coordinates":[-72.56342222,41.64232222]},"properties":{"group":"airport","dataStatus":"reference","color":"#9be1ff","title":"Clark Hill","status":"Private use heliport","details":"Glastonbury, CT \u00b7 CT02 \u00b7 Privately owned \u00b7 720 ft elevation","provider":"FAA NASR 28-day subscription","sourceUrl":"https://www.faa.gov/air_traffic/flight_info/aeronav/Aero_Data/NASR_Subscription/2026-08-06/","faaId":"CT02","icao":"","facilityType":"Heliport","facilityUse":"private","state":"ct","county":"Hartford","effectiveDate":"2026/08/06"}},{"type":"Feature","geometry":{"type":"Point","coordinates":[-72.93623055,41.67628333]},"properties":{"group":"airport","dataStatus":"reference","color":"#9be1ff","title":"Bristol Hospital","status":"Private use heliport","details":"Bristol, CT \u00b7 CT03 \u00b7 Privately owned \u00b7 406 ft elevation","provider":"FAA NASR 28-day subscription","sourceUrl":"https://www.faa.gov/air_traffic/flight_info/aeronav/Aero_Data/NASR_Subscription/2026-08-06/","faaId":"CT03","icao":"","facilityType":"Heliport","facilityUse":"private","state":"ct","county":"Hartford","effectiveDate":"2026/08/06"}},{"type":"Feature","geometry":{"type":"Point","coordinates":[-72.79916666,41.78944444]},"properties":{"group":"airport","dataStatus":"reference","color":"#9be1ff","title":"Chase","status":"Private use heliport","details":"West Hartford, CT \u00b7 CT04 \u00b7 Privately owned \u00b7 700 ft elevation","provider":"FAA NASR 28-day subscription","sourceUrl":"https://www.faa.gov/air_traffic/flight_info/aeronav/Aero_Data/NASR_Subscription/2026-08-06/","faaId":"CT04","icao":"","facilityType":"Heliport","facilityUse":"private","state":"ct","county":"Hartford","effectiveDate":"2026/08/06"}},{"type":"Feature","geometry":{"type":"Point","coordinates":[-72.69981527,41.86204277]},"properties":{"group":"airport","dataStatus":"reference","color":"#9be1ff","title":"Kaman Aerospace Corp","status":"Private use heliport","details":"Bloomfield, CT \u00b7 CT05 \u00b7 Privately owned \u00b7 164 ft elevation","provider":"FAA NASR 28-day subscription","sourceUrl":"https://www.faa.gov/air_traffic/flight_info/aeronav/Aero_Data/NASR_Subscription/2026-08-06/","faaId":"CT05","icao":"","facilityType":"Heliport","facilityUse":"private","state":"ct","county":"Hartford","effectiveDate":"2026/08/06"}},{"type":"Feature","geometry":{"type":"Point","coordinates":[-72.30313694,41.57370944]},"properties":{"group":"airport","dataStatus":"reference","color":"#9be1ff","title":"Skis Landing Area","status":"Private use airport","details":"Colchester, CT \u00b7 CT07 \u00b7 Privately owned \u00b7 510 ft elevation","provider":"FAA NASR 28-day subscription","sourceUrl":"https://www.faa.gov/air_traffic/flight_info/aeronav/Aero_Data/NASR_Subscription/2026-08-06/","faaId":"CT07","icao":"","facilityType":"Airport","facilityUse":"private","state":"ct","county":"New London","effectiveDate":"2026/08/06"}},{"type":"Feature","geometry":{"type":"Point","coordinates":[-72.39174916,41.80287611]},"properties":{"group":"airport","dataStatus":"reference","color":"#9be1ff","title":"Heckler Fld","status":"Private use airport","details":"Coventry, CT \u00b7 CT09 \u00b7 Privately owned \u00b7 793 ft elevation","provider":"FAA NASR 28-day subscription","sourceUrl":"https://www.faa.gov/air_traffic/flight_info/aeronav/Aero_Data/NASR_Subscription/2026-08-06/","faaId":"CT09","icao":"","facilityType":"Airport","facilityUse":"private","state":"ct","county":"Tolland","effectiveDate":"2026/08/06"}},{"type":"Feature","geometry":{"type":"Point","coordinates":[-71.8125,41.74263055]},"properties":{"group":"airport","dataStatus":"reference","color":"#9be1ff","title":"Flat Rock Farm","status":"Private use heliport","details":"Sterling, CT \u00b7 CT10 \u00b7 Privately owned \u00b7 631 ft elevation","provider":"FAA NASR 28-day subscription","sourceUrl":"https://www.faa.gov/air_traffic/flight_info/aeronav/Aero_Data/NASR_Subscription/2026-08-06/","faaId":"CT10","icao":"","facilityType":"Heliport","facilityUse":"private","state":"ct","county":"Windham","effectiveDate":"2026/08/06"}},{"type":"Feature","geometry":{"type":"Point","coordinates":[-72.33897194,41.44398722]},"properties":{"group":"airport","dataStatus":"reference","color":"#9be1ff","title":"Devils Hopyard Fld","status":"Private use airport","details":"East Haddam, CT \u00b7 CT11 \u00b7 Privately owned \u00b7 125 ft elevation","provider":"FAA NASR 28-day subscription","sourceUrl":"https://www.faa.gov/air_traffic/flight_info/aeronav/Aero_Data/NASR_Subscription/2026-08-06/","faaId":"CT11","icao":"","facilityType":"Airport","facilityUse":"private","state":"ct","county":"Middlesex","effectiveDate":"2026/08/06"}},{"type":"Feature","geometry":{"type":"Point","coordinates":[-73.20156944,41.20121944]},"properties":{"group":"airport","dataStatus":"reference","color":"#9be1ff","title":"Medical Center","status":"Private use heliport","details":"Bridgeport, CT \u00b7 CT12 \u00b7 Privately owned \u00b7 148 ft elevation","provider":"FAA NASR 28-day subscription","sourceUrl":"https://www.faa.gov/air_traffic/flight_info/aeronav/Aero_Data/NASR_Subscription/2026-08-06/","faaId":"CT12","icao":"","facilityType":"Heliport","facilityUse":"private","state":"ct","county":"Fairfield","effectiveDate":"2026/08/06"}},{"type":"Feature","geometry":{"type":"Point","coordinates":[-71.81618166,41.88343138]},"properties":{"group":"airport","dataStatus":"reference","color":"#9be1ff","title":"Yankee Airstrip","status":"Private use airport","details":"East Killingly, CT \u00b7 CT13 \u00b7 Privately owned \u00b7 720 ft elevation","provider":"FAA NASR 28-day subscription","sourceUrl":"https://www.faa.gov/air_traffic/flight_info/aeronav/Aero_Data/NASR_Subscription/2026-08-06/","faaId":"CT13","icao":"","facilityType":"Airport","facilityUse":"private","state":"ct","county":"Windham","effectiveDate":"2026/08/06"}},{"type":"Feature","geometry":{"type":"Point","coordinates":[-72.61620111,41.86676472]},"properties":{"group":"airport","dataStatus":"reference","color":"#9be1ff","title":"Bancroft","status":"Private use airport","details":"East Windsor Hill, CT \u00b7 CT14 \u00b7 Privately owned \u00b7 52 ft elevation","provider":"FAA NASR 28-day subscription","sourceUrl":"https://www.faa.gov/air_traffic/flight_info/aeronav/Aero_Data/NASR_Subscription/2026-08-06/","faaId":"CT14","icao":"","facilityType":"Airport","facilityUse":"private","state":"ct","county":"Hartford","effectiveDate":"2026/08/06"}},{"type":"Feature","geometry":{"type":"Point","coordinates":[-72.477585,41.94537472]},"properties":{"group":"airport","dataStatus":"reference","color":"#9be1ff","title":"Wysocki Fld","status":"Private use airport","details":"Ellington, CT \u00b7 CT15 \u00b7 Privately owned \u00b7 390 ft elevation","provider":"FAA NASR 28-day subscription","sourceUrl":"https://www.faa.gov/air_traffic/flight_info/aeronav/Aero_Data/NASR_Subscription/2026-08-06/","faaId":"CT15","icao":"","facilityType":"Airport","facilityUse":"private","state":"ct","county":"Tolland","effectiveDate":"2026/08/06"}},{"type":"Feature","geometry":{"type":"Point","coordinates":[-72.37452861,41.37509833]},"properties":{"group":"airport","dataStatus":"reference","color":"#9be1ff","title":"Fetske","status":"Private use seaplane base","details":"Essex, CT \u00b7 CT16 \u00b7 Privately owned \u00b7 0 ft elevation","provider":"FAA NASR 28-day subscription","sourceUrl":"https://www.faa.gov/air_traffic/flight_info/aeronav/Aero_Data/NASR_Subscription/2026-08-06/","faaId":"CT16","icao":"","facilityType":"Seaplane base","facilityUse":"private","state":"ct","county":"Middlesex","effectiveDate":"2026/08/06"}},{"type":"Feature","geometry":{"type":"Point","coordinates":[-72.53980916,41.96815222]},"properties":{"group":"airport","dataStatus":"reference","color":"#9be1ff","title":"Laurie Fld","status":"Private use airport","details":"Hazardville, CT \u00b7 CT19 \u00b7 Privately owned \u00b7 129 ft elevation","provider":"FAA NASR 28-day subscription","sourceUrl":"https://www.faa.gov/air_traffic/flight_info/aeronav/Aero_Data/NASR_Subscription/2026-08-06/","faaId":"CT19","icao":"","facilityType":"Airport","facilityUse":"private","state":"ct","county":"Hartford","effectiveDate":"2026/08/06"}},{"type":"Feature","geometry":{"type":"Point","coordinates":[-72.43286277,41.60009888]},"properties":{"group":"airport","dataStatus":"reference","color":"#9be1ff","title":"Rankl Fld","status":"Private use airport","details":"Marlborough, CT \u00b7 CT20 \u00b7 Privately owned \u00b7 350 ft elevation","provider":"FAA NASR 28-day subscription","sourceUrl":"https://www.faa.gov/air_traffic/flight_info/aeronav/Aero_Data/NASR_Subscription/2026-08-06/","faaId":"CT20","icao":"","facilityType":"Airport","facilityUse":"private","state":"ct","county":"Hartford","effectiveDate":"2026/08/06"}},{"type":"Feature","geometry":{"type":"Point","coordinates":[-71.8301685,41.4606295]},"properties":{"group":"airport","dataStatus":"reference","color":"#9be1ff","title":"Sunnyvale Fld","status":"Private use airport","details":"North Stonington, CT \u00b7 CT21 \u00b7 Privately owned \u00b7 213 ft elevation","provider":"FAA NASR 28-day subscription","sourceUrl":"https://www.faa.gov/air_traffic/flight_info/aeronav/Aero_Data/NASR_Subscription/2026-08-06/","faaId":"CT21","icao":"","facilityType":"Airport","facilityUse":"private","state":"ct","county":"New London","effectiveDate":"2026/08/06"}},{"type":"Feature","geometry":{"type":"Point","coordinates":[-73.3387275,42.04536972]},"properties":{"group":"airport","dataStatus":"reference","color":"#9be1ff","title":"North Canaan Aviation Facilities Inc","status":"Private use airport","details":"North Canaan, CT \u00b7 CT24 \u00b7 Privately owned \u00b7 658 ft elevation","provider":"FAA NASR 28-day subscription","sourceUrl":"https://www.faa.gov/air_traffic/flight_info/aeronav/Aero_Data/NASR_Subscription/2026-08-06/","faaId":"CT24","icao":"","facilityType":"Airport","facilityUse":"private","state":"ct","county":"Litchfield","effectiveDate":"2026/08/06"}},{"type":"Feature","geometry":{"type":"Point","coordinates":[-72.64759222,41.6584325]},"properties":{"group":"airport","dataStatus":"reference","color":"#9be1ff","title":"Ct Dept Of Veterans Affairs","status":"Private use heliport","details":"Rocky Hill, CT \u00b7 CT28 \u00b7 Privately owned \u00b7 150 ft elevation","provider":"FAA NASR 28-day subscription","sourceUrl":"https://www.faa.gov/air_traffic/flight_info/aeronav/Aero_Data/NASR_Subscription/2026-08-06/","faaId":"CT28","icao":"","facilityType":"Heliport","facilityUse":"private","state":"ct","county":"Hartford","effectiveDate":"2026/08/06"}},{"type":"Feature","geometry":{"type":"Point","coordinates":[-72.47242777,42.01313472]},"properties":{"group":"airport","dataStatus":"reference","color":"#9be1ff","title":"Valley Farm","status":"Private use airport","details":"Somers, CT \u00b7 CT29 \u00b7 Privately owned \u00b7 221 ft elevation","provider":"FAA NASR 28-day subscription","sourceUrl":"https://www.faa.gov/air_traffic/flight_info/aeronav/Aero_Data/NASR_Subscription/2026-08-06/","faaId":"CT29","icao":"","facilityType":"Airport","facilityUse":"private","state":"ct","county":"Tolland","effectiveDate":"2026/08/06"}},{"type":"Feature","geometry":{"type":"Point","coordinates":[-73.18944444,41.66666388]},"properties":{"group":"airport","dataStatus":"reference","color":"#9be1ff","title":"Murphy'S Landing","status":"Private use balloonport","details":"Bethlehem, CT \u00b7 CT30 \u00b7 Privately owned \u00b7 1050 ft elevation","provider":"FAA NASR 28-day subscription","sourceUrl":"https://www.faa.gov/air_traffic/flight_info/aeronav/Aero_Data/NASR_Subscription/2026-08-06/","faaId":"CT30","icao":"","facilityType":"Balloonport","facilityUse":"private","state":"ct","county":"Litchfield","effectiveDate":"2026/08/06"}},{"type":"Feature","geometry":{"type":"Point","coordinates":[-72.35216666,41.95438888]},"properties":{"group":"airport","dataStatus":"reference","color":"#9be1ff","title":"Bradway Pond","status":"Private use heliport","details":"Stafford Springs, CT \u00b7 CT31 \u00b7 Privately owned \u00b7 714 ft elevation","provider":"FAA NASR 28-day subscription","sourceUrl":"https://www.faa.gov/air_traffic/flight_info/aeronav/Aero_Data/NASR_Subscription/2026-08-06/","faaId":"CT31","icao":"","facilityType":"Heliport","facilityUse":"private","state":"ct","county":"Tolland","effectiveDate":"2026/08/06"}},{"type":"Feature","geometry":{"type":"Point","coordinates":[-73.204925,41.16101388]},"properties":{"group":"airport","dataStatus":"reference","color":"#9be1ff","title":"Sikorsky Bridgeport","status":"Private use heliport","details":"Bridgeport, CT \u00b7 CT37 \u00b7 Privately owned \u00b7 8.3 ft elevation","provider":"FAA NASR 28-day subscription","sourceUrl":"https://www.faa.gov/air_traffic/flight_info/aeronav/Aero_Data/NASR_Subscription/2026-08-06/","faaId":"CT37","icao":"","facilityType":"Heliport","facilityUse":"private","state":"ct","county":"Fairfield","effectiveDate":"2026/08/06"}},{"type":"Feature","geometry":{"type":"Point","coordinates":[-72.70842888,41.46843111]},"properties":{"group":"airport","dataStatus":"reference","color":"#9be1ff","title":"Maplewood Farm","status":"Private use airport","details":"Durham, CT \u00b7 CT39 \u00b7 Privately owned \u00b7 280 ft elevation","provider":"FAA NASR 28-day subscription","sourceUrl":"https://www.faa.gov/air_traffic/flight_info/aeronav/Aero_Data/NASR_Subscription/2026-08-06/","faaId":"CT39","icao":"","facilityType":"Airport","facilityUse":"private","state":"ct","county":"Middlesex","effectiveDate":"2026/08/06"}},{"type":"Feature","geometry":{"type":"Point","coordinates":[-72.91753055,41.37069166]},"properties":{"group":"airport","dataStatus":"reference","color":"#9be1ff","title":"Bob Thomas Ford","status":"Private use heliport","details":"Hamden, CT \u00b7 CT40 \u00b7 Privately owned \u00b7 80 ft elevation","provider":"FAA NASR 28-day subscription","sourceUrl":"https://www.faa.gov/air_traffic/flight_info/aeronav/Aero_Data/NASR_Subscription/2026-08-06/","faaId":"CT40","icao":"","facilityType":"Heliport","facilityUse":"private","state":"ct","county":"New Haven","effectiveDate":"2026/08/06"}},{"type":"Feature","geometry":{"type":"Point","coordinates":[-73.25539305,41.21731833]},"properties":{"group":"airport","dataStatus":"reference","color":"#9be1ff","title":"Sacred Heart University","status":"Private use heliport","details":"Fairfield, CT \u00b7 CT41 \u00b7 Privately owned \u00b7 122 ft elevation","provider":"FAA NASR 28-day subscription","sourceUrl":"https://www.faa.gov/air_traffic/flight_info/aeronav/Aero_Data/NASR_Subscription/2026-08-06/","faaId":"CT41","icao":"","facilityType":"Heliport","facilityUse":"private","state":"ct","county":"Fairfield","effectiveDate":"2026/08/06"}},{"type":"Feature","geometry":{"type":"Point","coordinates":[-73.27564166,41.85396666]},"properties":{"group":"airport","dataStatus":"reference","color":"#9be1ff","title":"Wings Ago Airstrip","status":"Private use airport","details":"Goshen, CT \u00b7 CT42 \u00b7 Privately owned \u00b7 1585 ft elevation","provider":"FAA NASR 28-day subscription","sourceUrl":"https://www.faa.gov/air_traffic/flight_info/aeronav/Aero_Data/NASR_Subscription/2026-08-06/","faaId":"CT42","icao":"","facilityType":"Airport","facilityUse":"private","state":"ct","county":"Litchfield","effectiveDate":"2026/08/06"}},{"type":"Feature","geometry":{"type":"Point","coordinates":[-71.93118444,41.59370944]},"properties":{"group":"airport","dataStatus":"reference","color":"#9be1ff","title":"Spruce","status":"Private use airport","details":"Jewett City, CT \u00b7 CT43 \u00b7 Privately owned \u00b7 200 ft elevation","provider":"FAA NASR 28-day subscription","sourceUrl":"https://www.faa.gov/air_traffic/flight_info/aeronav/Aero_Data/NASR_Subscription/2026-08-06/","faaId":"CT43","icao":"","facilityType":"Airport","facilityUse":"private","state":"ct","county":"New London","effectiveDate":"2026/08/06"}},{"type":"Feature","geometry":{"type":"Point","coordinates":[-71.92535055,41.43676527]},"properties":{"group":"airport","dataStatus":"reference","color":"#9be1ff","title":"Wychwood Fld","status":"Private use airport","details":"Mystic, CT \u00b7 CT48 \u00b7 Privately owned \u00b7 316 ft elevation","provider":"FAA NASR 28-day subscription","sourceUrl":"https://www.faa.gov/air_traffic/flight_info/aeronav/Aero_Data/NASR_Subscription/2026-08-06/","faaId":"CT48","icao":"","facilityType":"Airport","facilityUse":"private","state":"ct","county":"New London","effectiveDate":"2026/08/06"}},{"type":"Feature","geometry":{"type":"Point","coordinates":[-72.70906388,41.94338888]},"properties":{"group":"airport","dataStatus":"reference","color":"#9be1ff","title":"Marks","status":"Private use heliport","details":"East Granby, CT \u00b7 CT50 \u00b7 Privately owned \u00b7 150 ft elevation","provider":"FAA NASR 28-day subscription","sourceUrl":"https://www.faa.gov/air_traffic/flight_info/aeronav/Aero_Data/NASR_Subscription/2026-08-06/","faaId":"CT50","icao":"","facilityType":"Heliport","facilityUse":"private","state":"ct","county":"Hartford","effectiveDate":"2026/08/06"}},{"type":"Feature","geometry":{"type":"Point","coordinates":[-73.29122777,41.36815111]},"properties":{"group":"airport","dataStatus":"reference","color":"#9be1ff","title":"Flying Ridge Airstrip","status":"Private use airport","details":"Newtown, CT \u00b7 CT52 \u00b7 Privately owned \u00b7 610 ft elevation","provider":"FAA NASR 28-day subscription","sourceUrl":"https://www.faa.gov/air_traffic/flight_info/aeronav/Aero_Data/NASR_Subscription/2026-08-06/","faaId":"CT52","icao":"","facilityType":"Airport","facilityUse":"private","state":"ct","county":"Fairfield","effectiveDate":"2026/08/06"}},{"type":"Feature","geometry":{"type":"Point","coordinates":[-73.26123055,41.55334722]},"properties":{"group":"airport","dataStatus":"reference","color":"#9be1ff","title":"Good Hill Farm","status":"Private use airport","details":"Roxbury, CT \u00b7 CT59 \u00b7 Privately owned \u00b7 951 ft elevation","provider":"FAA NASR 28-day subscription","sourceUrl":"https://www.faa.gov/air_traffic/flight_info/aeronav/Aero_Data/NASR_Subscription/2026-08-06/","faaId":"CT59","icao":"","facilityType":"Airport","facilityUse":"private","state":"ct","county":"Litchfield","effectiveDate":"2026/08/06"}},{"type":"Feature","geometry":{"type":"Point","coordinates":[-72.89691944,41.67421111]},"properties":{"group":"airport","dataStatus":"reference","color":"#9be1ff","title":"Ultimate","status":"Private use heliport","details":"Bristol, CT \u00b7 CT60 \u00b7 Privately owned \u00b7 233 ft elevation","provider":"FAA NASR 28-day subscription","sourceUrl":"https://www.faa.gov/air_traffic/flight_info/aeronav/Aero_Data/NASR_Subscription/2026-08-06/","faaId":"CT60","icao":"","facilityType":"Heliport","facilityUse":"private","state":"ct","county":"Hartford","effectiveDate":"2026/08/06"}},{"type":"Feature","geometry":{"type":"Point","coordinates":[-72.8021,41.70895]},"properties":{"group":"airport","dataStatus":"reference","color":"#9be1ff","title":"Rtx Farmington","status":"Private use heliport","details":"Farmington, CT \u00b7 CT71 \u00b7 Privately owned \u00b7 363 ft elevation","provider":"FAA NASR 28-day subscription","sourceUrl":"https://www.faa.gov/air_traffic/flight_info/aeronav/Aero_Data/NASR_Subscription/2026-08-06/","faaId":"CT71","icao":"","facilityType":"Heliport","facilityUse":"private","state":"ct","county":"Hartford","effectiveDate":"2026/08/06"}},{"type":"Feature","geometry":{"type":"Point","coordinates":[-72.8601,41.72315555]},"properties":{"group":"airport","dataStatus":"reference","color":"#9be1ff","title":"South Meadows","status":"Private use heliport","details":"Hartford, CT \u00b7 CT73 \u00b7 Privately owned \u00b7 200 ft elevation","provider":"FAA NASR 28-day subscription","sourceUrl":"https://www.faa.gov/air_traffic/flight_info/aeronav/Aero_Data/NASR_Subscription/2026-08-06/","faaId":"CT73","icao":"","facilityType":"Heliport","facilityUse":"private","state":"ct","county":"Hartford","effectiveDate":"2026/08/06"}},{"type":"Feature","geometry":{"type":"Point","coordinates":[-72.18146611,41.95065222]},"properties":{"group":"airport","dataStatus":"reference","color":"#9be1ff","title":"Westford Airstrip","status":"Private use airport","details":"Ashford/Westford, CT \u00b7 CT74 \u00b7 Privately owned \u00b7 900 ft elevation","provider":"FAA NASR 28-day subscription","sourceUrl":"https://www.faa.gov/air_traffic/flight_info/aeronav/Aero_Data/NASR_Subscription/2026-08-06/","faaId":"CT74","icao":"","facilityType":"Airport","facilityUse":"private","state":"ct","county":"Windham","effectiveDate":"2026/08/06"}},{"type":"Feature","geometry":{"type":"Point","coordinates":[-72.79311111,41.73328055]},"properties":{"group":"airport","dataStatus":"reference","color":"#9be1ff","title":"Uconn Health","status":"Private use heliport","details":"Farmington, CT \u00b7 CT75 \u00b7 Privately owned \u00b7 340 ft elevation","provider":"FAA NASR 28-day subscription","sourceUrl":"https://www.faa.gov/air_traffic/flight_info/aeronav/Aero_Data/NASR_Subscription/2026-08-06/","faaId":"CT75","icao":"","facilityType":"Heliport","facilityUse":"private","state":"ct","county":"Hartford","effectiveDate":"2026/08/06"}},{"type":"Feature","geometry":{"type":"Point","coordinates":[-72.35508361,41.35148722]},"properties":{"group":"airport","dataStatus":"reference","color":"#9be1ff","title":"Lord Creek","status":"Private use seaplane base","details":"Lyme, CT \u00b7 CT78 \u00b7 Privately owned \u00b7 0 ft elevation","provider":"FAA NASR 28-day subscription","sourceUrl":"https://www.faa.gov/air_traffic/flight_info/aeronav/Aero_Data/NASR_Subscription/2026-08-06/","faaId":"CT78","icao":"","facilityType":"Seaplane base","facilityUse":"private","state":"ct","county":"New London","effectiveDate":"2026/08/06"}},{"type":"Feature","geometry":{"type":"Point","coordinates":[-71.88590361,41.34732138]},"properties":{"group":"airport","dataStatus":"reference","color":"#9be1ff","title":"Stonington Airpark","status":"Private use airport","details":"Stonington, CT \u00b7 CT80 \u00b7 Privately owned \u00b7 7 ft elevation","provider":"FAA NASR 28-day subscription","sourceUrl":"https://www.faa.gov/air_traffic/flight_info/aeronav/Aero_Data/NASR_Subscription/2026-08-06/","faaId":"CT80","icao":"","facilityType":"Airport","facilityUse":"private","state":"ct","county":"New London","effectiveDate":"2026/08/06"}},{"type":"Feature","geometry":{"type":"Point","coordinates":[-72.61508972,41.88982]},"properties":{"group":"airport","dataStatus":"reference","color":"#9be1ff","title":"Roberts Farm","status":"Private use airport","details":"East Windsor, CT \u00b7 CT85 \u00b7 Privately owned \u00b7 37 ft elevation","provider":"FAA NASR 28-day subscription","sourceUrl":"https://www.faa.gov/air_traffic/flight_info/aeronav/Aero_Data/NASR_Subscription/2026-08-06/","faaId":"CT85","icao":"","facilityType":"Airport","facilityUse":"private","state":"ct","county":"Hartford","effectiveDate":"2026/08/06"}},{"type":"Feature","geometry":{"type":"Point","coordinates":[-72.39498611,41.43298055]},"properties":{"group":"airport","dataStatus":"reference","color":"#9be1ff","title":"Sanford","status":"Private use heliport","details":"East Haddam, CT \u00b7 CT86 \u00b7 Privately owned \u00b7 300 ft elevation","provider":"FAA NASR 28-day subscription","sourceUrl":"https://www.faa.gov/air_traffic/flight_info/aeronav/Aero_Data/NASR_Subscription/2026-08-06/","faaId":"CT86","icao":"","facilityType":"Heliport","facilityUse":"private","state":"ct","county":"Middlesex","effectiveDate":"2026/08/06"}},{"type":"Feature","geometry":{"type":"Point","coordinates":[-72.60592222,41.99842944]},"properties":{"group":"airport","dataStatus":"reference","color":"#9be1ff","title":"Bootlegger'S","status":"Private use seaplane base","details":"Enfield, CT \u00b7 CT87 \u00b7 Privately owned \u00b7 35 ft elevation","provider":"FAA NASR 28-day subscription","sourceUrl":"https://www.faa.gov/air_traffic/flight_info/aeronav/Aero_Data/NASR_Subscription/2026-08-06/","faaId":"CT87","icao":"","facilityType":"Seaplane base","facilityUse":"private","state":"ct","county":"Hartford","effectiveDate":"2026/08/06"}},{"type":"Feature","geometry":{"type":"Point","coordinates":[-72.60199444,41.62315833]},"properties":{"group":"airport","dataStatus":"reference","color":"#9be1ff","title":"Bemer","status":"Private use heliport","details":"Portland, CT \u00b7 CT92 \u00b7 Privately owned \u00b7 160 ft elevation","provider":"FAA NASR 28-day subscription","sourceUrl":"https://www.faa.gov/air_traffic/flight_info/aeronav/Aero_Data/NASR_Subscription/2026-08-06/","faaId":"CT92","icao":"","facilityType":"Heliport","facilityUse":"private","state":"ct","county":"Middlesex","effectiveDate":"2026/08/06"}},{"type":"Feature","geometry":{"type":"Point","coordinates":[-72.09095,41.54235555]},"properties":{"group":"airport","dataStatus":"reference","color":"#9be1ff","title":"Backus Hospital","status":"Private use heliport","details":"Norwich, CT \u00b7 CT93 \u00b7 Privately owned \u00b7 109 ft elevation","provider":"FAA NASR 28-day subscription","sourceUrl":"https://www.faa.gov/air_traffic/flight_info/aeronav/Aero_Data/NASR_Subscription/2026-08-06/","faaId":"CT93","icao":"","facilityType":"Heliport","facilityUse":"private","state":"ct","county":"New London","effectiveDate":"2026/08/06"}},{"type":"Feature","geometry":{"type":"Point","coordinates":[-72.80036111,41.54798888]},"properties":{"group":"airport","dataStatus":"reference","color":"#9be1ff","title":"Meriden-Wallingford Hospital","status":"Private use heliport","details":"Meriden, CT \u00b7 CT95 \u00b7 Privately owned \u00b7 142 ft elevation","provider":"FAA NASR 28-day subscription","sourceUrl":"https://www.faa.gov/air_traffic/flight_info/aeronav/Aero_Data/NASR_Subscription/2026-08-06/","faaId":"CT95","icao":"","facilityType":"Heliport","facilityUse":"private","state":"ct","county":"New Haven","effectiveDate":"2026/08/06"}},{"type":"Feature","geometry":{"type":"Point","coordinates":[-72.97121527,41.70843138]},"properties":{"group":"airport","dataStatus":"reference","color":"#9be1ff","title":"Green Acres","status":"Private use airport","details":"Bristol, CT \u00b7 CT96 \u00b7 Privately owned \u00b7 950 ft elevation","provider":"FAA NASR 28-day subscription","sourceUrl":"https://www.faa.gov/air_traffic/flight_info/aeronav/Aero_Data/NASR_Subscription/2026-08-06/","faaId":"CT96","icao":"","facilityType":"Airport","facilityUse":"private","state":"ct","county":"Hartford","effectiveDate":"2026/08/06"}},{"type":"Feature","geometry":{"type":"Point","coordinates":[-72.64621666,41.55486111]},"properties":{"group":"airport","dataStatus":"reference","color":"#9be1ff","title":"Middlesex Hospital","status":"Private use heliport","details":"Middletown, CT \u00b7 CT98 \u00b7 Privately owned \u00b7 57 ft elevation","provider":"FAA NASR 28-day subscription","sourceUrl":"https://www.faa.gov/air_traffic/flight_info/aeronav/Aero_Data/NASR_Subscription/2026-08-06/","faaId":"CT98","icao":"","facilityType":"Heliport","facilityUse":"private","state":"ct","county":"Middlesex","effectiveDate":"2026/08/06"}},{"type":"Feature","geometry":{"type":"Point","coordinates":[-70.9295495,43.28423483]},"properties":{"group":"airport","dataStatus":"reference","color":"#9be1ff","title":"Skyhaven","status":"Public use airport","details":"Rochester, NH \u00b7 DAW / KDAW \u00b7 Publicly owned \u00b7 322.1 ft elevation","provider":"FAA NASR 28-day subscription","sourceUrl":"https://www.faa.gov/air_traffic/flight_info/aeronav/Aero_Data/NASR_Subscription/2026-08-06/","faaId":"DAW","icao":"KDAW","facilityType":"Airport","facilityUse":"public","state":"nh","county":"Strafford","effectiveDate":"2026/08/06"}},{"type":"Feature","geometry":{"type":"Point","coordinates":[-73.24640388,42.89133027]},"properties":{"group":"airport","dataStatus":"reference","color":"#9be1ff","title":"William H Morse State","status":"Public use airport","details":"Bennington, VT \u00b7 DDH / KDDH \u00b7 Publicly owned \u00b7 826.6 ft elevation","provider":"FAA NASR 28-day subscription","sourceUrl":"https://www.faa.gov/air_traffic/flight_info/aeronav/Aero_Data/NASR_Subscription/2026-08-06/","faaId":"DDH","icao":"KDDH","facilityType":"Airport","facilityUse":"public","state":"vt","county":"Bennington","effectiveDate":"2026/08/06"}},{"type":"Feature","geometry":{"type":"Point","coordinates":[-73.48218944,41.37153444]},"properties":{"group":"airport","dataStatus":"reference","color":"#9be1ff","title":"Danbury Muni","status":"Public use airport","details":"Danbury, CT \u00b7 DXR / KDXR \u00b7 Publicly owned \u00b7 456.7 ft elevation","provider":"FAA NASR 28-day subscription","sourceUrl":"https://www.faa.gov/air_traffic/flight_info/aeronav/Aero_Data/NASR_Subscription/2026-08-06/","faaId":"DXR","icao":"KDXR","facilityType":"Airport","facilityUse":"public","state":"ct","county":"Fairfield","effectiveDate":"2026/08/06"}},{"type":"Feature","geometry":{"type":"Point","coordinates":[-72.27077777,42.89838888]},"properties":{"group":"airport","dataStatus":"reference","color":"#9be1ff","title":"Dillant/Hopkins","status":"Public use airport","details":"Keene, NH \u00b7 EEN / KEEN \u00b7 Publicly owned \u00b7 488 ft elevation","provider":"FAA NASR 28-day subscription","sourceUrl":"https://www.faa.gov/air_traffic/flight_info/aeronav/Aero_Data/NASR_Subscription/2026-08-06/","faaId":"EEN","icao":"KEEN","facilityType":"Airport","facilityUse":"public","state":"nh","county":"Cheshire","effectiveDate":"2026/08/06"}},{"type":"Feature","geometry":{"type":"Point","coordinates":[-72.22863527,44.88817555]},"properties":{"group":"airport","dataStatus":"reference","color":"#9be1ff","title":"Northeast Kingdom Intl","status":"Public use airport","details":"Newport, VT \u00b7 EFK / KEFK \u00b7 Publicly owned \u00b7 933.9 ft elevation","provider":"FAA NASR 28-day subscription","sourceUrl":"https://www.faa.gov/air_traffic/flight_info/aeronav/Aero_Data/NASR_Subscription/2026-08-06/","faaId":"EFK","icao":"KEFK","facilityType":"Airport","facilityUse":"public","state":"vt","county":"Orleans","effectiveDate":"2026/08/06"}},{"type":"Feature","geometry":{"type":"Point","coordinates":[-67.01269444,44.91011111]},"properties":{"group":"airport","dataStatus":"reference","color":"#9be1ff","title":"Eastport Muni","status":"Public use airport","details":"Eastport, ME \u00b7 EPM / KEPM \u00b7 Publicly owned \u00b7 45.3 ft elevation","provider":"FAA NASR 28-day subscription","sourceUrl":"https://www.faa.gov/air_traffic/flight_info/aeronav/Aero_Data/NASR_Subscription/2026-08-06/","faaId":"EPM","icao":"KEPM","facilityType":"Airport","facilityUse":"public","state":"me","county":"Washington","effectiveDate":"2026/08/06"}},{"type":"Feature","geometry":{"type":"Point","coordinates":[-71.16452525,44.79216666]},"properties":{"group":"airport","dataStatus":"reference","color":"#9be1ff","title":"Errol","status":"Public use airport","details":"Errol, NH \u00b7 ERR / KERR \u00b7 Privately owned \u00b7 1248 ft elevation","provider":"FAA NASR 28-day subscription","sourceUrl":"https://www.faa.gov/air_traffic/flight_info/aeronav/Aero_Data/NASR_Subscription/2026-08-06/","faaId":"ERR","icao":"KERR","facilityType":"Airport","facilityUse":"public","state":"nh","county":"Coos","effectiveDate":"2026/08/06"}},{"type":"Feature","geometry":{"type":"Point","coordinates":[-70.95783611,41.67656611]},"properties":{"group":"airport","dataStatus":"reference","color":"#9be1ff","title":"New Bedford Rgnl","status":"Public use airport","details":"New Bedford, MA \u00b7 EWB / KEWB \u00b7 Publicly owned \u00b7 79.1 ft elevation","provider":"FAA NASR 28-day subscription","sourceUrl":"https://www.faa.gov/air_traffic/flight_info/aeronav/Aero_Data/NASR_Subscription/2026-08-06/","faaId":"EWB","icao":"KEWB","facilityType":"Airport","facilityUse":"public","state":"ma","county":"Bristol","effectiveDate":"2026/08/06"}},{"type":"Feature","geometry":{"type":"Point","coordinates":[-71.75917388,42.55384722]},"properties":{"group":"airport","dataStatus":"reference","color":"#9be1ff","title":"Fitchburg Muni","status":"Public use airport","details":"Fitchburg, MA \u00b7 FIT / KFIT \u00b7 Publicly owned \u00b7 344.5 ft elevation","provider":"FAA NASR 28-day subscription","sourceUrl":"https://www.faa.gov/air_traffic/flight_info/aeronav/Aero_Data/NASR_Subscription/2026-08-06/","faaId":"FIT","icao":"KFIT","facilityType":"Airport","facilityUse":"public","state":"ma","county":"Worcester","effectiveDate":"2026/08/06"}},{"type":"Feature","geometry":{"type":"Point","coordinates":[-70.52280555,41.65913888]},"properties":{"group":"airport","dataStatus":"reference","color":"#9be1ff","title":"Cape Cod Coast Guard Air Station","status":"Private use airport","details":"Falmouth, MA \u00b7 FMH / KFMH \u00b7 Other ownership \u00b7 130.2 ft elevation","provider":"FAA NASR 28-day subscription","sourceUrl":"https://www.faa.gov/air_traffic/flight_info/aeronav/Aero_Data/NASR_Subscription/2026-08-06/","faaId":"FMH","icao":"KFMH","facilityType":"Airport","facilityUse":"private","state":"ma","county":"Barnstable","effectiveDate":"2026/08/06"}},{"type":"Feature","geometry":{"type":"Point","coordinates":[-73.09713472,44.93892638]},"properties":{"group":"airport","dataStatus":"reference","color":"#9be1ff","title":"Franklin County State","status":"Public use airport","details":"Highgate, VT \u00b7 FSO / KFSO \u00b7 Publicly owned \u00b7 227.9 ft elevation","provider":"FAA NASR 28-day subscription","sourceUrl":"https://www.faa.gov/air_traffic/flight_info/aeronav/Aero_Data/NASR_Subscription/2026-08-06/","faaId":"FSO","icao":"KFSO","facilityType":"Airport","facilityUse":"public","state":"vt","county":"Franklin","effectiveDate":"2026/08/06"}},{"type":"Feature","geometry":{"type":"Point","coordinates":[-68.31272222,47.2855]},"properties":{"group":"airport","dataStatus":"reference","color":"#9be1ff","title":"Northern Aroostook Rgnl","status":"Public use airport","details":"Frenchville, ME \u00b7 FVE / KFVE \u00b7 Publicly owned \u00b7 987.2 ft elevation","provider":"FAA NASR 28-day subscription","sourceUrl":"https://www.faa.gov/air_traffic/flight_info/aeronav/Aero_Data/NASR_Subscription/2026-08-06/","faaId":"FVE","icao":"KFVE","facilityType":"Airport","facilityUse":"public","state":"me","county":"Aroostook","effectiveDate":"2026/08/06"}},{"type":"Feature","geometry":{"type":"Point","coordinates":[-73.40324055,42.18421416]},"properties":{"group":"airport","dataStatus":"reference","color":"#9be1ff","title":"Great Barrington","status":"Public use airport","details":"Great Barrington, MA \u00b7 GBR / KGBR \u00b7 Privately owned \u00b7 739.4 ft elevation","provider":"FAA NASR 28-day subscription","sourceUrl":"https://www.faa.gov/air_traffic/flight_info/aeronav/Aero_Data/NASR_Subscription/2026-08-06/","faaId":"GBR","icao":"KGBR","facilityType":"Airport","facilityUse":"public","state":"ma","county":"Berkshire","effectiveDate":"2026/08/06"}},{"type":"Feature","geometry":{"type":"Point","coordinates":[-72.01601888,42.54988305]},"properties":{"group":"airport","dataStatus":"reference","color":"#9be1ff","title":"Gardner Muni","status":"Public use airport","details":"Gardner, MA \u00b7 GDM / KGDM \u00b7 Publicly owned \u00b7 954.1 ft elevation","provider":"FAA NASR 28-day subscription","sourceUrl":"https://www.faa.gov/air_traffic/flight_info/aeronav/Aero_Data/NASR_Subscription/2026-08-06/","faaId":"GDM","icao":"KGDM","facilityType":"Airport","facilityUse":"public","state":"ma","county":"Worcester","effectiveDate":"2026/08/06"}},{"type":"Feature","geometry":{"type":"Point","coordinates":[-70.67301986,42.09749883]},"properties":{"group":"airport","dataStatus":"reference","color":"#9be1ff","title":"Marshfield Muni - George Harlow Fld","status":"Public use airport","details":"Marshfield, MA \u00b7 GHG / KGHG \u00b7 Publicly owned \u00b7 8.9 ft elevation","provider":"FAA NASR 28-day subscription","sourceUrl":"https://www.faa.gov/air_traffic/flight_info/aeronav/Aero_Data/NASR_Subscription/2026-08-06/","faaId":"GHG","icao":"KGHG","facilityType":"Airport","facilityUse":"public","state":"ma","county":"Plymouth","effectiveDate":"2026/08/06"}},{"type":"Feature","geometry":{"type":"Point","coordinates":[-72.04513888,41.33005555]},"properties":{"group":"airport","dataStatus":"reference","color":"#9be1ff","title":"Groton-New London","status":"Public use airport","details":"Groton (New London), CT \u00b7 GON / KGON \u00b7 Publicly owned \u00b7 9.1 ft elevation","provider":"FAA NASR 28-day subscription","sourceUrl":"https://www.faa.gov/air_traffic/flight_info/aeronav/Aero_Data/NASR_Subscription/2026-08-06/","faaId":"GON","icao":"KGON","facilityType":"Airport","facilityUse":"public","state":"ct","county":"New London","effectiveDate":"2026/08/06"}},{"type":"Feature","geometry":{"type":"Point","coordinates":[-72.6494325,41.73671]},"properties":{"group":"airport","dataStatus":"reference","color":"#9be1ff","title":"Hartford-Brainard","status":"Public use airport","details":"Hartford, CT \u00b7 HFD / KHFD \u00b7 Publicly owned \u00b7 18.3 ft elevation","provider":"FAA NASR 28-day subscription","sourceUrl":"https://www.faa.gov/air_traffic/flight_info/aeronav/Aero_Data/NASR_Subscription/2026-08-06/","faaId":"HFD","icao":"KHFD","facilityType":"Airport","facilityUse":"public","state":"ct","county":"Hartford","effectiveDate":"2026/08/06"}},{"type":"Feature","geometry":{"type":"Point","coordinates":[-71.54580555,44.36755555]},"properties":{"group":"airport","dataStatus":"reference","color":"#9be1ff","title":"Mount Washington Rgnl","status":"Public use airport","details":"Whitefield, NH \u00b7 HIE / KHIE \u00b7 Publicly owned \u00b7 1072 ft elevation","provider":"FAA NASR 28-day subscription","sourceUrl":"https://www.faa.gov/air_traffic/flight_info/aeronav/Aero_Data/NASR_Subscription/2026-08-06/","faaId":"HIE","icao":"KHIE","facilityType":"Airport","facilityUse":"public","state":"nh","county":"Coos","effectiveDate":"2026/08/06"}},{"type":"Feature","geometry":{"type":"Point","coordinates":[-67.79236027,46.12460694]},"properties":{"group":"airport","dataStatus":"reference","color":"#9be1ff","title":"Houlton Intl","status":"Public use airport","details":"Houlton, ME \u00b7 HUL / KHUL \u00b7 Publicly owned \u00b7 489.4 ft elevation","provider":"FAA NASR 28-day subscription","sourceUrl":"https://www.faa.gov/air_traffic/flight_info/aeronav/Aero_Data/NASR_Subscription/2026-08-06/","faaId":"HUL","icao":"KHUL","facilityType":"Airport","facilityUse":"public","state":"me","county":"Aroostook","effectiveDate":"2026/08/06"}},{"type":"Feature","geometry":{"type":"Point","coordinates":[-72.88772916,41.26372472]},"properties":{"group":"airport","dataStatus":"reference","color":"#9be1ff","title":"Tweed/New Haven","status":"Public use airport","details":"New Haven, CT \u00b7 HVN / KHVN \u00b7 Publicly owned \u00b7 12.6 ft elevation","provider":"FAA NASR 28-day subscription","sourceUrl":"https://www.faa.gov/air_traffic/flight_info/aeronav/Aero_Data/NASR_Subscription/2026-08-06/","faaId":"HVN","icao":"KHVN","facilityType":"Airport","facilityUse":"public","state":"ct","county":"New Haven","effectiveDate":"2026/08/06"}},{"type":"Feature","geometry":{"type":"Point","coordinates":[-70.28035916,41.66933722]},"properties":{"group":"airport","dataStatus":"reference","color":"#9be1ff","title":"Cape Cod Gateway","status":"Public use airport","details":"Hyannis, MA \u00b7 HYA / KHYA \u00b7 Publicly owned \u00b7 54.1 ft elevation","provider":"FAA NASR 28-day subscription","sourceUrl":"https://www.faa.gov/air_traffic/flight_info/aeronav/Aero_Data/NASR_Subscription/2026-08-06/","faaId":"HYA","icao":"KHYA","facilityType":"Airport","facilityUse":"public","state":"ma","county":"Barnstable","effectiveDate":"2026/08/06"}},{"type":"Feature","geometry":{"type":"Point","coordinates":[-72.18022222,41.74402777]},"properties":{"group":"airport","dataStatus":"reference","color":"#9be1ff","title":"Windham","status":"Public use airport","details":"Willimantic, CT \u00b7 IJD / KIJD \u00b7 Publicly owned \u00b7 246.1 ft elevation","provider":"FAA NASR 28-day subscription","sourceUrl":"https://www.faa.gov/air_traffic/flight_info/aeronav/Aero_Data/NASR_Subscription/2026-08-06/","faaId":"IJD","icao":"KIJD","facilityType":"Airport","facilityUse":"public","state":"ct","county":"Windham","effectiveDate":"2026/08/06"}},{"type":"Feature","geometry":{"type":"Point","coordinates":[-69.71255555,43.96141666]},"properties":{"group":"airport","dataStatus":"reference","color":"#9be1ff","title":"Wiscasset","status":"Public use airport","details":"Wiscasset, ME \u00b7 IWI / KIWI \u00b7 Publicly owned \u00b7 70.2 ft elevation","provider":"FAA NASR 28-day subscription","sourceUrl":"https://www.faa.gov/air_traffic/flight_info/aeronav/Aero_Data/NASR_Subscription/2026-08-06/","faaId":"IWI","icao":"KIWI","facilityType":"Airport","facilityUse":"public","state":"me","county":"Lincoln","effectiveDate":"2026/08/06"}},{"type":"Feature","geometry":{"type":"Point","coordinates":[-70.94788888,43.99113888]},"properties":{"group":"airport","dataStatus":"reference","color":"#9be1ff","title":"White Mountain Rgnl","status":"Public use airport","details":"Fryeburg, ME \u00b7 IZG / KIZG \u00b7 Publicly owned \u00b7 454.6 ft elevation","provider":"FAA NASR 28-day subscription","sourceUrl":"https://www.faa.gov/air_traffic/flight_info/aeronav/Aero_Data/NASR_Subscription/2026-08-06/","faaId":"IZG","icao":"KIZG","facilityType":"Airport","facilityUse":"public","state":"me","county":"Oxford","effectiveDate":"2026/08/06"}},{"type":"Feature","geometry":{"type":"Point","coordinates":[-73.09776111,41.24733333]},"properties":{"group":"airport","dataStatus":"reference","color":"#9be1ff","title":"Sikorsky","status":"Private use heliport","details":"Stratford, CT \u00b7 JSD / KJSD \u00b7 Privately owned \u00b7 20.5 ft elevation","provider":"FAA NASR 28-day subscription","sourceUrl":"https://www.faa.gov/air_traffic/flight_info/aeronav/Aero_Data/NASR_Subscription/2026-08-06/","faaId":"JSD","icao":"KJSD","facilityType":"Heliport","facilityUse":"private","state":"ct","county":"Fairfield","effectiveDate":"2026/08/06"}},{"type":"Feature","geometry":{"type":"Point","coordinates":[-71.41784166,43.57304166]},"properties":{"group":"airport","dataStatus":"reference","color":"#9be1ff","title":"Laconia Muni","status":"Public use airport","details":"Laconia, NH \u00b7 LCI / KLCI \u00b7 Publicly owned \u00b7 545.4 ft elevation","provider":"FAA NASR 28-day subscription","sourceUrl":"https://www.faa.gov/air_traffic/flight_info/aeronav/Aero_Data/NASR_Subscription/2026-08-06/","faaId":"LCI","icao":"KLCI","facilityType":"Airport","facilityUse":"public","state":"nh","county":"Belknap","effectiveDate":"2026/08/06"}},{"type":"Feature","geometry":{"type":"Point","coordinates":[-72.30419444,43.62611111]},"properties":{"group":"airport","dataStatus":"reference","color":"#9be1ff","title":"Lebanon Muni","status":"Public use airport","details":"Lebanon, NH \u00b7 LEB / KLEB \u00b7 Publicly owned \u00b7 603.3 ft elevation","provider":"FAA NASR 28-day subscription","sourceUrl":"https://www.faa.gov/air_traffic/flight_info/aeronav/Aero_Data/NASR_Subscription/2026-08-06/","faaId":"LEB","icao":"KLEB","facilityType":"Airport","facilityUse":"public","state":"nh","county":"Grafton","effectiveDate":"2026/08/06"}},{"type":"Feature","geometry":{"type":"Point","coordinates":[-70.2835075,44.04847277]},"properties":{"group":"airport","dataStatus":"reference","color":"#9be1ff","title":"Auburn/Lewiston Muni","status":"Public use airport","details":"Auburn/Lewiston, ME \u00b7 LEW / KLEW \u00b7 Publicly owned \u00b7 287.5 ft elevation","provider":"FAA NASR 28-day subscription","sourceUrl":"https://www.faa.gov/air_traffic/flight_info/aeronav/Aero_Data/NASR_Subscription/2026-08-06/","faaId":"LEW","icao":"KLEW","facilityType":"Airport","facilityUse":"public","state":"me","county":"Androscoggin","effectiveDate":"2026/08/06"}},{"type":"Feature","geometry":{"type":"Point","coordinates":[-68.53445777,45.36185]},"properties":{"group":"airport","dataStatus":"reference","color":"#9be1ff","title":"Lincoln Rgnl","status":"Public use airport","details":"Lincoln, ME \u00b7 LRG / KLRG \u00b7 Publicly owned \u00b7 207.9 ft elevation","provider":"FAA NASR 28-day subscription","sourceUrl":"https://www.faa.gov/air_traffic/flight_info/aeronav/Aero_Data/NASR_Subscription/2026-08-06/","faaId":"LRG","icao":"KLRG","facilityType":"Airport","facilityUse":"public","state":"me","county":"Penobscot","effectiveDate":"2026/08/06"}},{"type":"Feature","geometry":{"type":"Point","coordinates":[-71.12353333,42.71704222]},"properties":{"group":"airport","dataStatus":"reference","color":"#9be1ff","title":"Lawrence Muni","status":"Public use airport","details":"Lawrence, MA \u00b7 LWM / KLWM \u00b7 Publicly owned \u00b7 147.6 ft elevation","provider":"FAA NASR 28-day subscription","sourceUrl":"https://www.faa.gov/air_traffic/flight_info/aeronav/Aero_Data/NASR_Subscription/2026-08-06/","faaId":"LWM","icao":"KLWM","facilityType":"Airport","facilityUse":"public","state":"ma","county":"Essex","effectiveDate":"2026/08/06"}},{"type":"Feature","geometry":{"type":"Point","coordinates":[-71.90097222,41.81975]},"properties":{"group":"airport","dataStatus":"reference","color":"#9be1ff","title":"Danielson","status":"Public use airport","details":"Danielson, CT \u00b7 LZD / KLZD \u00b7 Publicly owned \u00b7 238 ft elevation","provider":"FAA NASR 28-day subscription","sourceUrl":"https://www.faa.gov/air_traffic/flight_info/aeronav/Aero_Data/NASR_Subscription/2026-08-06/","faaId":"LZD","icao":"KLZD","facilityType":"Airport","facilityUse":"public","state":"ct","county":"Windham","effectiveDate":"2026/08/06"}},{"type":"Feature","geometry":{"type":"Point","coordinates":[-69.78171111,44.26756888]},"properties":{"group":"airport","dataStatus":"reference","color":"#9be1ff","title":"Augusta","status":"Public use seaplane base","details":"Augusta, ME \u00b7 M00 \u00b7 Publicly owned \u00b7 23 ft elevation","provider":"FAA NASR 28-day subscription","sourceUrl":"https://www.faa.gov/air_traffic/flight_info/aeronav/Aero_Data/NASR_Subscription/2026-08-06/","faaId":"M00","icao":"","facilityType":"Seaplane base","facilityUse":"public","state":"me","county":"Kennebec","effectiveDate":"2026/08/06"}},{"type":"Feature","geometry":{"type":"Point","coordinates":[-70.66305555,44.95330555]},"properties":{"group":"airport","dataStatus":"reference","color":"#9be1ff","title":"Rangeley Lake","status":"Public use seaplane base","details":"Rangeley, ME \u00b7 M57 \u00b7 Privately owned \u00b7 1518 ft elevation","provider":"FAA NASR 28-day subscription","sourceUrl":"https://www.faa.gov/air_traffic/flight_info/aeronav/Aero_Data/NASR_Subscription/2026-08-06/","faaId":"M57","icao":"","facilityType":"Seaplane base","facilityUse":"public","state":"me","county":"Franklin","effectiveDate":"2026/08/06"}},{"type":"Feature","geometry":{"type":"Point","coordinates":[-71.26328888,42.08866111]},"properties":{"group":"airport","dataStatus":"reference","color":"#9be1ff","title":"Gillette Stadium","status":"Private use heliport","details":"Foxborough, MA \u00b7 MA01 \u00b7 Privately owned \u00b7 271 ft elevation","provider":"FAA NASR 28-day subscription","sourceUrl":"https://www.faa.gov/air_traffic/flight_info/aeronav/Aero_Data/NASR_Subscription/2026-08-06/","faaId":"MA01","icao":"","facilityType":"Heliport","facilityUse":"private","state":"ma","county":"Norfolk","effectiveDate":"2026/08/06"}},{"type":"Feature","geometry":{"type":"Point","coordinates":[-71.41583083,42.2965943]},"properties":{"group":"airport","dataStatus":"reference","color":"#9be1ff","title":"Msp Ghq","status":"Private use heliport","details":"Framingham, MA \u00b7 MA02 \u00b7 Privately owned \u00b7 203 ft elevation","provider":"FAA NASR 28-day subscription","sourceUrl":"https://www.faa.gov/air_traffic/flight_info/aeronav/Aero_Data/NASR_Subscription/2026-08-06/","faaId":"MA02","icao":"","facilityType":"Heliport","facilityUse":"private","state":"ma","county":"Middlesex","effectiveDate":"2026/08/06"}},{"type":"Feature","geometry":{"type":"Point","coordinates":[-71.27710277,41.94047777]},"properties":{"group":"airport","dataStatus":"reference","color":"#9be1ff","title":"Sturdy Meml Hospital","status":"Private use heliport","details":"Attleboro, MA \u00b7 MA03 \u00b7 Privately owned \u00b7 116 ft elevation","provider":"FAA NASR 28-day subscription","sourceUrl":"https://www.faa.gov/air_traffic/flight_info/aeronav/Aero_Data/NASR_Subscription/2026-08-06/","faaId":"MA03","icao":"","facilityType":"Heliport","facilityUse":"private","state":"ma","county":"Bristol","effectiveDate":"2026/08/06"}},{"type":"Feature","geometry":{"type":"Point","coordinates":[-71.89023055,42.05029166]},"properties":{"group":"airport","dataStatus":"reference","color":"#9be1ff","title":"Mojarr","status":"Private use heliport","details":"Dudley, MA \u00b7 MA09 \u00b7 Privately owned \u00b7 458 ft elevation","provider":"FAA NASR 28-day subscription","sourceUrl":"https://www.faa.gov/air_traffic/flight_info/aeronav/Aero_Data/NASR_Subscription/2026-08-06/","faaId":"MA09","icao":"","facilityType":"Heliport","facilityUse":"private","state":"ma","county":"Worcester","effectiveDate":"2026/08/06"}},{"type":"Feature","geometry":{"type":"Point","coordinates":[-71.08857222,42.37815555]},"properties":{"group":"airport","dataStatus":"reference","color":"#9be1ff","title":"Chambers","status":"Private use heliport","details":"Somerville, MA \u00b7 MA10 \u00b7 Privately owned \u00b7 60 ft elevation","provider":"FAA NASR 28-day subscription","sourceUrl":"https://www.faa.gov/air_traffic/flight_info/aeronav/Aero_Data/NASR_Subscription/2026-08-06/","faaId":"MA10","icao":"","facilityType":"Heliport","facilityUse":"private","state":"ma","county":"Middlesex","effectiveDate":"2026/08/06"}},{"type":"Feature","geometry":{"type":"Point","coordinates":[-70.80475555,41.35422222]},"properties":{"group":"airport","dataStatus":"reference","color":"#9be1ff","title":"Dog Fish Bar","status":"Private use heliport","details":"Aquinnah, MA \u00b7 MA11 \u00b7 Privately owned \u00b7 8 ft elevation","provider":"FAA NASR 28-day subscription","sourceUrl":"https://www.faa.gov/air_traffic/flight_info/aeronav/Aero_Data/NASR_Subscription/2026-08-06/","faaId":"MA11","icao":"","facilityType":"Heliport","facilityUse":"private","state":"ma","county":"Dukes","effectiveDate":"2026/08/06"}},{"type":"Feature","geometry":{"type":"Point","coordinates":[-70.41752777,41.669]},"properties":{"group":"airport","dataStatus":"reference","color":"#9be1ff","title":"Middle Pond","status":"Private use seaplane base","details":"Marstons Mills, MA \u00b7 MA12 \u00b7 Privately owned \u00b7 44 ft elevation","provider":"FAA NASR 28-day subscription","sourceUrl":"https://www.faa.gov/air_traffic/flight_info/aeronav/Aero_Data/NASR_Subscription/2026-08-06/","faaId":"MA12","icao":"","facilityType":"Seaplane base","facilityUse":"private","state":"ma","county":"Barnstable","effectiveDate":"2026/08/06"}},{"type":"Feature","geometry":{"type":"Point","coordinates":[-70.63782138,42.62787305]},"properties":{"group":"airport","dataStatus":"reference","color":"#9be1ff","title":"Nugent","status":"Private use heliport","details":"Gloucester, MA \u00b7 MA13 \u00b7 Privately owned \u00b7 100 ft elevation","provider":"FAA NASR 28-day subscription","sourceUrl":"https://www.faa.gov/air_traffic/flight_info/aeronav/Aero_Data/NASR_Subscription/2026-08-06/","faaId":"MA13","icao":"","facilityType":"Heliport","facilityUse":"private","state":"ma","county":"Essex","effectiveDate":"2026/08/06"}},{"type":"Feature","geometry":{"type":"Point","coordinates":[-70.64338083,42.62842861]},"properties":{"group":"airport","dataStatus":"reference","color":"#9be1ff","title":"Pond Road","status":"Private use heliport","details":"Gloucester, MA \u00b7 MA15 \u00b7 Privately owned \u00b7 50 ft elevation","provider":"FAA NASR 28-day subscription","sourceUrl":"https://www.faa.gov/air_traffic/flight_info/aeronav/Aero_Data/NASR_Subscription/2026-08-06/","faaId":"MA15","icao":"","facilityType":"Heliport","facilityUse":"private","state":"ma","county":"Essex","effectiveDate":"2026/08/06"}},{"type":"Feature","geometry":{"type":"Point","coordinates":[-71.02497222,42.35158333]},"properties":{"group":"airport","dataStatus":"reference","color":"#9be1ff","title":"Tailwind Boston","status":"Private use seaplane base","details":"Boston, MA \u00b7 MA17 \u00b7 Privately owned \u00b7 0 ft elevation","provider":"FAA NASR 28-day subscription","sourceUrl":"https://www.faa.gov/air_traffic/flight_info/aeronav/Aero_Data/NASR_Subscription/2026-08-06/","faaId":"MA17","icao":"","facilityType":"Seaplane base","facilityUse":"private","state":"ma","county":"Suffolk","effectiveDate":"2026/08/06"}},{"type":"Feature","geometry":{"type":"Point","coordinates":[-73.30718055,42.07910833]},"properties":{"group":"airport","dataStatus":"reference","color":"#9be1ff","title":"Cmelak Fld","status":"Private use airport","details":"Sheffield, MA \u00b7 MA18 \u00b7 Privately owned \u00b7 980 ft elevation","provider":"FAA NASR 28-day subscription","sourceUrl":"https://www.faa.gov/air_traffic/flight_info/aeronav/Aero_Data/NASR_Subscription/2026-08-06/","faaId":"MA18","icao":"","facilityType":"Airport","facilityUse":"private","state":"ma","county":"Berkshire","effectiveDate":"2026/08/06"}},{"type":"Feature","geometry":{"type":"Point","coordinates":[-70.878225,42.5662]},"properties":{"group":"airport","dataStatus":"reference","color":"#9be1ff","title":"Beverly Hospital","status":"Private use heliport","details":"Beverly, MA \u00b7 MA20 \u00b7 Privately owned \u00b7 84 ft elevation","provider":"FAA NASR 28-day subscription","sourceUrl":"https://www.faa.gov/air_traffic/flight_info/aeronav/Aero_Data/NASR_Subscription/2026-08-06/","faaId":"MA20","icao":"","facilityType":"Heliport","facilityUse":"private","state":"ma","county":"Essex","effectiveDate":"2026/08/06"}},{"type":"Feature","geometry":{"type":"Point","coordinates":[-71.04926388,42.31512777]},"properties":{"group":"airport","dataStatus":"reference","color":"#9be1ff","title":"The Beat","status":"Private use heliport","details":"Boston, MA \u00b7 MA22 \u00b7 Privately owned \u00b7 55 ft elevation","provider":"FAA NASR 28-day subscription","sourceUrl":"https://www.faa.gov/air_traffic/flight_info/aeronav/Aero_Data/NASR_Subscription/2026-08-06/","faaId":"MA22","icao":"","facilityType":"Heliport","facilityUse":"private","state":"ma","county":"Suffolk","effectiveDate":"2026/08/06"}},{"type":"Feature","geometry":{"type":"Point","coordinates":[-70.39961666,41.6268]},"properties":{"group":"airport","dataStatus":"reference","color":"#9be1ff","title":"North Bay","status":"Private use heliport","details":"Osterville, MA \u00b7 MA23 \u00b7 Privately owned \u00b7 10 ft elevation","provider":"FAA NASR 28-day subscription","sourceUrl":"https://www.faa.gov/air_traffic/flight_info/aeronav/Aero_Data/NASR_Subscription/2026-08-06/","faaId":"MA23","icao":"","facilityType":"Heliport","facilityUse":"private","state":"ma","county":"Barnstable","effectiveDate":"2026/08/06"}},{"type":"Feature","geometry":{"type":"Point","coordinates":[-70.06112861,41.73205444]},"properties":{"group":"airport","dataStatus":"reference","color":"#9be1ff","title":"Long Pond","status":"Private use seaplane base","details":"Brewster, MA \u00b7 MA25 \u00b7 Privately owned \u00b7 31 ft elevation","provider":"FAA NASR 28-day subscription","sourceUrl":"https://www.faa.gov/air_traffic/flight_info/aeronav/Aero_Data/NASR_Subscription/2026-08-06/","faaId":"MA25","icao":"","facilityType":"Seaplane base","facilityUse":"private","state":"ma","county":"Barnstable","effectiveDate":"2026/08/06"}},{"type":"Feature","geometry":{"type":"Point","coordinates":[-70.56475138,41.67149611]},"properties":{"group":"airport","dataStatus":"reference","color":"#9be1ff","title":"Camp Edwards","status":"Private use heliport","details":"Bourne, MA \u00b7 MA29 \u00b7 Publicly owned \u00b7 135 ft elevation","provider":"FAA NASR 28-day subscription","sourceUrl":"https://www.faa.gov/air_traffic/flight_info/aeronav/Aero_Data/NASR_Subscription/2026-08-06/","faaId":"MA29","icao":"","facilityType":"Heliport","facilityUse":"private","state":"ma","county":"Barnstable","effectiveDate":"2026/08/06"}},{"type":"Feature","geometry":{"type":"Point","coordinates":[-71.96618472,42.100095]},"properties":{"group":"airport","dataStatus":"reference","color":"#9be1ff","title":"Dresser Hill","status":"Private use airport","details":"Charlton, MA \u00b7 MA30 \u00b7 Privately owned \u00b7 810 ft elevation","provider":"FAA NASR 28-day subscription","sourceUrl":"https://www.faa.gov/air_traffic/flight_info/aeronav/Aero_Data/NASR_Subscription/2026-08-06/","faaId":"MA30","icao":"","facilityType":"Airport","facilityUse":"private","state":"ma","county":"Worcester","effectiveDate":"2026/08/06"}},{"type":"Feature","geometry":{"type":"Point","coordinates":[-71.14680277,41.70977222]},"properties":{"group":"airport","dataStatus":"reference","color":"#9be1ff","title":"Charlton Meml Hospital","status":"Private use heliport","details":"Fall River, MA \u00b7 MA31 \u00b7 Privately owned \u00b7 240 ft elevation","provider":"FAA NASR 28-day subscription","sourceUrl":"https://www.faa.gov/air_traffic/flight_info/aeronav/Aero_Data/NASR_Subscription/2026-08-06/","faaId":"MA31","icao":"","facilityType":"Heliport","facilityUse":"private","state":"ma","county":"Bristol","effectiveDate":"2026/08/06"}},{"type":"Feature","geometry":{"type":"Point","coordinates":[-71.76951944,42.26119611]},"properties":{"group":"airport","dataStatus":"reference","color":"#9be1ff","title":"Atlantic Trade","status":"Private use heliport","details":"Worcester, MA \u00b7 MA32 \u00b7 Privately owned \u00b7 570 ft elevation","provider":"FAA NASR 28-day subscription","sourceUrl":"https://www.faa.gov/air_traffic/flight_info/aeronav/Aero_Data/NASR_Subscription/2026-08-06/","faaId":"MA32","icao":"","facilityType":"Heliport","facilityUse":"private","state":"ma","county":"Worcester","effectiveDate":"2026/08/06"}},{"type":"Feature","geometry":{"type":"Point","coordinates":[-70.93108333,42.835125]},"properties":{"group":"airport","dataStatus":"reference","color":"#9be1ff","title":"Hat Factory","status":"Private use heliport","details":"Amesbury, MA \u00b7 MA35 \u00b7 Privately owned \u00b7 10 ft elevation","provider":"FAA NASR 28-day subscription","sourceUrl":"https://www.faa.gov/air_traffic/flight_info/aeronav/Aero_Data/NASR_Subscription/2026-08-06/","faaId":"MA35","icao":"","facilityType":"Heliport","facilityUse":"private","state":"ma","county":"Essex","effectiveDate":"2026/08/06"}},{"type":"Feature","geometry":{"type":"Point","coordinates":[-70.85296666,42.6664825]},"properties":{"group":"airport","dataStatus":"reference","color":"#9be1ff","title":"Snow","status":"Private use airport","details":"Ipswich, MA \u00b7 MA36 \u00b7 Privately owned \u00b7 61 ft elevation","provider":"FAA NASR 28-day subscription","sourceUrl":"https://www.faa.gov/air_traffic/flight_info/aeronav/Aero_Data/NASR_Subscription/2026-08-06/","faaId":"MA36","icao":"","facilityType":"Airport","facilityUse":"private","state":"ma","county":"Essex","effectiveDate":"2026/08/06"}},{"type":"Feature","geometry":{"type":"Point","coordinates":[-70.62465555,41.56514166]},"properties":{"group":"airport","dataStatus":"reference","color":"#9be1ff","title":"Falmouth Hospital","status":"Private use heliport","details":"Falmouth, MA \u00b7 MA37 \u00b7 Privately owned \u00b7 105 ft elevation","provider":"FAA NASR 28-day subscription","sourceUrl":"https://www.faa.gov/air_traffic/flight_info/aeronav/Aero_Data/NASR_Subscription/2026-08-06/","faaId":"MA37","icao":"","facilityType":"Heliport","facilityUse":"private","state":"ma","county":"Barnstable","effectiveDate":"2026/08/06"}},{"type":"Feature","geometry":{"type":"Point","coordinates":[-71.10675,42.33638888]},"properties":{"group":"airport","dataStatus":"reference","color":"#9be1ff","title":"Brigham & Women'S Hospital","status":"Private use heliport","details":"Boston, MA \u00b7 MA39 \u00b7 Privately owned \u00b7 255.5 ft elevation","provider":"FAA NASR 28-day subscription","sourceUrl":"https://www.faa.gov/air_traffic/flight_info/aeronav/Aero_Data/NASR_Subscription/2026-08-06/","faaId":"MA39","icao":"","facilityType":"Heliport","facilityUse":"private","state":"ma","county":"Suffolk","effectiveDate":"2026/08/06"}},{"type":"Feature","geometry":{"type":"Point","coordinates":[-71.96841,42.5434225]},"properties":{"group":"airport","dataStatus":"reference","color":"#9be1ff","title":"Diesel Dogs","status":"Private use seaplane base","details":"Gardner, MA \u00b7 MA40 \u00b7 Privately owned \u00b7 325 ft elevation","provider":"FAA NASR 28-day subscription","sourceUrl":"https://www.faa.gov/air_traffic/flight_info/aeronav/Aero_Data/NASR_Subscription/2026-08-06/","faaId":"MA40","icao":"","facilityType":"Seaplane base","facilityUse":"private","state":"ma","county":"Worcester","effectiveDate":"2026/08/06"}},{"type":"Feature","geometry":{"type":"Point","coordinates":[-71.55968055,42.22435555]},"properties":{"group":"airport","dataStatus":"reference","color":"#9be1ff","title":"Princess Lane","status":"Private use heliport","details":"Hopkinton, MA \u00b7 MA41 \u00b7 Privately owned \u00b7 135 ft elevation","provider":"FAA NASR 28-day subscription","sourceUrl":"https://www.faa.gov/air_traffic/flight_info/aeronav/Aero_Data/NASR_Subscription/2026-08-06/","faaId":"MA41","icao":"","facilityType":"Heliport","facilityUse":"private","state":"ma","county":"Middlesex","effectiveDate":"2026/08/06"}},{"type":"Feature","geometry":{"type":"Point","coordinates":[-70.66004416,42.61009527]},"properties":{"group":"airport","dataStatus":"reference","color":"#9be1ff","title":"U S C G","status":"Private use heliport","details":"Gloucester, MA \u00b7 MA42 \u00b7 Publicly owned \u00b7 10 ft elevation","provider":"FAA NASR 28-day subscription","sourceUrl":"https://www.faa.gov/air_traffic/flight_info/aeronav/Aero_Data/NASR_Subscription/2026-08-06/","faaId":"MA42","icao":"","facilityType":"Heliport","facilityUse":"private","state":"ma","county":"Essex","effectiveDate":"2026/08/06"}},{"type":"Feature","geometry":{"type":"Point","coordinates":[-72.9001,42.07231555]},"properties":{"group":"airport","dataStatus":"reference","color":"#9be1ff","title":"Morehaven","status":"Private use airport","details":"Granville, MA \u00b7 MA43 \u00b7 Privately owned \u00b7 1120 ft elevation","provider":"FAA NASR 28-day subscription","sourceUrl":"https://www.faa.gov/air_traffic/flight_info/aeronav/Aero_Data/NASR_Subscription/2026-08-06/","faaId":"MA43","icao":"","facilityType":"Airport","facilityUse":"private","state":"ma","county":"Hampden","effectiveDate":"2026/08/06"}},{"type":"Feature","geometry":{"type":"Point","coordinates":[-70.57030555,41.44177944]},"properties":{"group":"airport","dataStatus":"reference","color":"#9be1ff","title":"Trade Wind","status":"Private use airport","details":"Oak Bluffs, MA \u00b7 MA44 \u00b7 Privately owned \u00b7 43 ft elevation","provider":"FAA NASR 28-day subscription","sourceUrl":"https://www.faa.gov/air_traffic/flight_info/aeronav/Aero_Data/NASR_Subscription/2026-08-06/","faaId":"MA44","icao":"","facilityType":"Airport","facilityUse":"private","state":"ma","county":"Dukes","effectiveDate":"2026/08/06"}},{"type":"Feature","geometry":{"type":"Point","coordinates":[-70.84309777,42.12510111]},"properties":{"group":"airport","dataStatus":"reference","color":"#9be1ff","title":"Simmons","status":"Private use heliport","details":"Hanover, MA \u00b7 MA45 \u00b7 Privately owned \u00b7 90 ft elevation","provider":"FAA NASR 28-day subscription","sourceUrl":"https://www.faa.gov/air_traffic/flight_info/aeronav/Aero_Data/NASR_Subscription/2026-08-06/","faaId":"MA45","icao":"","facilityType":"Heliport","facilityUse":"private","state":"ma","county":"Plymouth","effectiveDate":"2026/08/06"}},{"type":"Feature","geometry":{"type":"Point","coordinates":[-71.48422777,42.13065277]},"properties":{"group":"airport","dataStatus":"reference","color":"#9be1ff","title":"Army Ntl Guard","status":"Private use heliport","details":"Milford, MA \u00b7 MA46 \u00b7 Publicly owned \u00b7 300 ft elevation","provider":"FAA NASR 28-day subscription","sourceUrl":"https://www.faa.gov/air_traffic/flight_info/aeronav/Aero_Data/NASR_Subscription/2026-08-06/","faaId":"MA46","icao":"","facilityType":"Heliport","facilityUse":"private","state":"ma","county":"Worcester","effectiveDate":"2026/08/06"}},{"type":"Feature","geometry":{"type":"Point","coordinates":[-72.56147694,42.18259277]},"properties":{"group":"airport","dataStatus":"reference","color":"#9be1ff","title":"Chicopee","status":"Private use heliport","details":"Chicopee, MA \u00b7 MA47 \u00b7 Privately owned \u00b7 245 ft elevation","provider":"FAA NASR 28-day subscription","sourceUrl":"https://www.faa.gov/air_traffic/flight_info/aeronav/Aero_Data/NASR_Subscription/2026-08-06/","faaId":"MA47","icao":"","facilityType":"Heliport","facilityUse":"private","state":"ma","county":"Hampden","effectiveDate":"2026/08/06"}},{"type":"Feature","geometry":{"type":"Point","coordinates":[-71.57617666,42.326205]},"properties":{"group":"airport","dataStatus":"reference","color":"#9be1ff","title":"Compaq Marlboro","status":"Private use heliport","details":"Marlboro, MA \u00b7 MA50 \u00b7 Privately owned \u00b7 430 ft elevation","provider":"FAA NASR 28-day subscription","sourceUrl":"https://www.faa.gov/air_traffic/flight_info/aeronav/Aero_Data/NASR_Subscription/2026-08-06/","faaId":"MA50","icao":"","facilityType":"Heliport","facilityUse":"private","state":"ma","county":"Middlesex","effectiveDate":"2026/08/06"}},{"type":"Feature","geometry":{"type":"Point","coordinates":[-71.039425,41.63834722]},"properties":{"group":"airport","dataStatus":"reference","color":"#9be1ff","title":"Richie'S","status":"Private use heliport","details":"North Dartmouth, MA \u00b7 MA51 \u00b7 Privately owned \u00b7 104 ft elevation","provider":"FAA NASR 28-day subscription","sourceUrl":"https://www.faa.gov/air_traffic/flight_info/aeronav/Aero_Data/NASR_Subscription/2026-08-06/","faaId":"MA51","icao":"","facilityType":"Heliport","facilityUse":"private","state":"ma","county":"Bristol","effectiveDate":"2026/08/06"}},{"type":"Feature","geometry":{"type":"Point","coordinates":[-71.47013333,42.43805833]},"properties":{"group":"airport","dataStatus":"reference","color":"#9be1ff","title":"Sids","status":"Private use airport","details":"Maynard, MA \u00b7 MA52 \u00b7 Privately owned \u00b7 220 ft elevation","provider":"FAA NASR 28-day subscription","sourceUrl":"https://www.faa.gov/air_traffic/flight_info/aeronav/Aero_Data/NASR_Subscription/2026-08-06/","faaId":"MA52","icao":"","facilityType":"Airport","facilityUse":"private","state":"ma","county":"Middlesex","effectiveDate":"2026/08/06"}},{"type":"Feature","geometry":{"type":"Point","coordinates":[-72.21480166,42.28203638]},"properties":{"group":"airport","dataStatus":"reference","color":"#9be1ff","title":"Ware","status":"Private use airport","details":"Ware, MA \u00b7 MA53 \u00b7 Privately owned \u00b7 483 ft elevation","provider":"FAA NASR 28-day subscription","sourceUrl":"https://www.faa.gov/air_traffic/flight_info/aeronav/Aero_Data/NASR_Subscription/2026-08-06/","faaId":"MA53","icao":"","facilityType":"Airport","facilityUse":"private","state":"ma","county":"Hampshire","effectiveDate":"2026/08/06"}},{"type":"Feature","geometry":{"type":"Point","coordinates":[-70.29946444,41.33484361]},"properties":{"group":"airport","dataStatus":"reference","color":"#9be1ff","title":"Muskeget Island","status":"Private use airport","details":"Muskeget Island, MA \u00b7 MA55 \u00b7 Privately owned \u00b7 90 ft elevation","provider":"FAA NASR 28-day subscription","sourceUrl":"https://www.faa.gov/air_traffic/flight_info/aeronav/Aero_Data/NASR_Subscription/2026-08-06/","faaId":"MA55","icao":"","facilityType":"Airport","facilityUse":"private","state":"ma","county":"Nantucket","effectiveDate":"2026/08/06"}},{"type":"Feature","geometry":{"type":"Point","coordinates":[-71.36617027,42.28342944]},"properties":{"group":"airport","dataStatus":"reference","color":"#9be1ff","title":"Us Property & Fiscal Office","status":"Private use heliport","details":"Natick, MA \u00b7 MA57 \u00b7 Publicly owned \u00b7 200 ft elevation","provider":"FAA NASR 28-day subscription","sourceUrl":"https://www.faa.gov/air_traffic/flight_info/aeronav/Aero_Data/NASR_Subscription/2026-08-06/","faaId":"MA57","icao":"","facilityType":"Heliport","facilityUse":"private","state":"ma","county":"Middlesex","effectiveDate":"2026/08/06"}},{"type":"Feature","geometry":{"type":"Point","coordinates":[-70.84309583,42.00982388]},"properties":{"group":"airport","dataStatus":"reference","color":"#9be1ff","title":"Monponsett Pond","status":"Public use seaplane base","details":"Halifax, MA \u00b7 MA6 \u00b7 Privately owned \u00b7 52 ft elevation","provider":"FAA NASR 28-day subscription","sourceUrl":"https://www.faa.gov/air_traffic/flight_info/aeronav/Aero_Data/NASR_Subscription/2026-08-06/","faaId":"MA6","icao":"","facilityType":"Seaplane base","facilityUse":"public","state":"ma","county":"Plymouth","effectiveDate":"2026/08/06"}},{"type":"Feature","geometry":{"type":"Point","coordinates":[-70.57892069,41.45981166]},"properties":{"group":"airport","dataStatus":"reference","color":"#9be1ff","title":"Marthas Vineyard Hospital","status":"Private use heliport","details":"Oak Bluffs, MA \u00b7 MA62 \u00b7 Privately owned \u00b7 1 ft elevation","provider":"FAA NASR 28-day subscription","sourceUrl":"https://www.faa.gov/air_traffic/flight_info/aeronav/Aero_Data/NASR_Subscription/2026-08-06/","faaId":"MA62","icao":"","facilityType":"Heliport","facilityUse":"private","state":"ma","county":"Dukes","effectiveDate":"2026/08/06"}},{"type":"Feature","geometry":{"type":"Point","coordinates":[-70.79809611,42.07399055]},"properties":{"group":"airport","dataStatus":"reference","color":"#9be1ff","title":"Sherman-Pvt","status":"Private use airport","details":"Pembroke, MA \u00b7 MA63 \u00b7 Privately owned \u00b7 34 ft elevation","provider":"FAA NASR 28-day subscription","sourceUrl":"https://www.faa.gov/air_traffic/flight_info/aeronav/Aero_Data/NASR_Subscription/2026-08-06/","faaId":"MA63","icao":"","facilityType":"Airport","facilityUse":"private","state":"ma","county":"Plymouth","effectiveDate":"2026/08/06"}},{"type":"Feature","geometry":{"type":"Point","coordinates":[-70.81531861,42.07537944]},"properties":{"group":"airport","dataStatus":"reference","color":"#9be1ff","title":"Pheasant Fld","status":"Private use airport","details":"Pembroke, MA \u00b7 MA64 \u00b7 Privately owned \u00b7 40 ft elevation","provider":"FAA NASR 28-day subscription","sourceUrl":"https://www.faa.gov/air_traffic/flight_info/aeronav/Aero_Data/NASR_Subscription/2026-08-06/","faaId":"MA64","icao":"","facilityType":"Airport","facilityUse":"private","state":"ma","county":"Plymouth","effectiveDate":"2026/08/06"}},{"type":"Feature","geometry":{"type":"Point","coordinates":[-70.87309416,41.77176944]},"properties":{"group":"airport","dataStatus":"reference","color":"#9be1ff","title":"Island Air Service","status":"Private use seaplane base","details":"Rochester, MA \u00b7 MA65 \u00b7 Privately owned \u00b7 53 ft elevation","provider":"FAA NASR 28-day subscription","sourceUrl":"https://www.faa.gov/air_traffic/flight_info/aeronav/Aero_Data/NASR_Subscription/2026-08-06/","faaId":"MA65","icao":"","facilityType":"Seaplane base","facilityUse":"private","state":"ma","county":"Plymouth","effectiveDate":"2026/08/06"}},{"type":"Feature","geometry":{"type":"Point","coordinates":[-71.06322405,42.34903747]},"properties":{"group":"airport","dataStatus":"reference","color":"#9be1ff","title":"Tufts Medical Center","status":"Private use heliport","details":"Boston, MA \u00b7 MA66 \u00b7 Privately owned \u00b7 230 ft elevation","provider":"FAA NASR 28-day subscription","sourceUrl":"https://www.faa.gov/air_traffic/flight_info/aeronav/Aero_Data/NASR_Subscription/2026-08-06/","faaId":"MA66","icao":"","facilityType":"Heliport","facilityUse":"private","state":"ma","county":"Suffolk","effectiveDate":"2026/08/06"}},{"type":"Feature","geometry":{"type":"Point","coordinates":[-72.54255927,42.11623275]},"properties":{"group":"airport","dataStatus":"reference","color":"#9be1ff","title":"Massachusetts Mutual Life Insurance Company","status":"Private use heliport","details":"Springfield, MA \u00b7 MA68 \u00b7 Privately owned \u00b7 202 ft elevation","provider":"FAA NASR 28-day subscription","sourceUrl":"https://www.faa.gov/air_traffic/flight_info/aeronav/Aero_Data/NASR_Subscription/2026-08-06/","faaId":"MA68","icao":"","facilityType":"Heliport","facilityUse":"private","state":"ma","county":"Hampden","effectiveDate":"2026/08/06"}},{"type":"Feature","geometry":{"type":"Point","coordinates":[-71.41811944,42.69147861]},"properties":{"group":"airport","dataStatus":"reference","color":"#9be1ff","title":"Larson'S","status":"Private use seaplane base","details":"Tyngsboro, MA \u00b7 MA74 \u00b7 Privately owned \u00b7 90 ft elevation","provider":"FAA NASR 28-day subscription","sourceUrl":"https://www.faa.gov/air_traffic/flight_info/aeronav/Aero_Data/NASR_Subscription/2026-08-06/","faaId":"MA74","icao":"","facilityType":"Seaplane base","facilityUse":"private","state":"ma","county":"Middlesex","effectiveDate":"2026/08/06"}},{"type":"Feature","geometry":{"type":"Point","coordinates":[-70.62781138,41.91788138]},"properties":{"group":"airport","dataStatus":"reference","color":"#9be1ff","title":"Russell Mill Pond","status":"Private use seaplane base","details":"Plymouth, MA \u00b7 MA78 \u00b7 Privately owned \u00b7 55 ft elevation","provider":"FAA NASR 28-day subscription","sourceUrl":"https://www.faa.gov/air_traffic/flight_info/aeronav/Aero_Data/NASR_Subscription/2026-08-06/","faaId":"MA78","icao":"","facilityType":"Seaplane base","facilityUse":"private","state":"ma","county":"Plymouth","effectiveDate":"2026/08/06"}},{"type":"Feature","geometry":{"type":"Point","coordinates":[-72.81426277,42.11981472]},"properties":{"group":"airport","dataStatus":"reference","color":"#9be1ff","title":"Mundale","status":"Private use airport","details":"Westfield, MA \u00b7 MA80 \u00b7 Privately owned \u00b7 280 ft elevation","provider":"FAA NASR 28-day subscription","sourceUrl":"https://www.faa.gov/air_traffic/flight_info/aeronav/Aero_Data/NASR_Subscription/2026-08-06/","faaId":"MA80","icao":"","facilityType":"Airport","facilityUse":"private","state":"ma","county":"Hampden","effectiveDate":"2026/08/06"}},{"type":"Feature","geometry":{"type":"Point","coordinates":[-71.852825,42.02750555]},"properties":{"group":"airport","dataStatus":"reference","color":"#9be1ff","title":"Hubbard Rgnl Hospital","status":"Private use heliport","details":"Webster, MA \u00b7 MA83 \u00b7 Privately owned \u00b7 510 ft elevation","provider":"FAA NASR 28-day subscription","sourceUrl":"https://www.faa.gov/air_traffic/flight_info/aeronav/Aero_Data/NASR_Subscription/2026-08-06/","faaId":"MA83","icao":"","facilityType":"Heliport","facilityUse":"private","state":"ma","county":"Worcester","effectiveDate":"2026/08/06"}},{"type":"Feature","geometry":{"type":"Point","coordinates":[-71.02583333,42.3525]},"properties":{"group":"airport","dataStatus":"reference","color":"#9be1ff","title":"Cape Air Seaplanes On Boston Harbor","status":"Private use seaplane base","details":"Boston, MA \u00b7 MA87 \u00b7 Privately owned \u00b7 0 ft elevation","provider":"FAA NASR 28-day subscription","sourceUrl":"https://www.faa.gov/air_traffic/flight_info/aeronav/Aero_Data/NASR_Subscription/2026-08-06/","faaId":"MA87","icao":"","facilityType":"Seaplane base","facilityUse":"private","state":"ma","county":"Suffolk","effectiveDate":"2026/08/06"}},{"type":"Feature","geometry":{"type":"Point","coordinates":[-72.93093111,42.39008694]},"properties":{"group":"airport","dataStatus":"reference","color":"#9be1ff","title":"Albert Farms","status":"Private use airport","details":"Worthington, MA \u00b7 MA88 \u00b7 Privately owned \u00b7 1425 ft elevation","provider":"FAA NASR 28-day subscription","sourceUrl":"https://www.faa.gov/air_traffic/flight_info/aeronav/Aero_Data/NASR_Subscription/2026-08-06/","faaId":"MA88","icao":"","facilityType":"Airport","facilityUse":"private","state":"ma","county":"Hampshire","effectiveDate":"2026/08/06"}},{"type":"Feature","geometry":{"type":"Point","coordinates":[-72.10388888,42.34611111]},"properties":{"group":"airport","dataStatus":"reference","color":"#9be1ff","title":"B&B Farm","status":"Private use airport","details":"New Braintree, MA \u00b7 MA89 \u00b7 Privately owned \u00b7 980 ft elevation","provider":"FAA NASR 28-day subscription","sourceUrl":"https://www.faa.gov/air_traffic/flight_info/aeronav/Aero_Data/NASR_Subscription/2026-08-06/","faaId":"MA89","icao":"","facilityType":"Airport","facilityUse":"private","state":"ma","county":"Worcester","effectiveDate":"2026/08/06"}},{"type":"Feature","geometry":{"type":"Point","coordinates":[-72.66953555,42.12648194]},"properties":{"group":"airport","dataStatus":"reference","color":"#9be1ff","title":"Bear Hole","status":"Private use heliport","details":"West Springfield, MA \u00b7 MA95 \u00b7 Privately owned \u00b7 235 ft elevation","provider":"FAA NASR 28-day subscription","sourceUrl":"https://www.faa.gov/air_traffic/flight_info/aeronav/Aero_Data/NASR_Subscription/2026-08-06/","faaId":"MA95","icao":"","facilityType":"Heliport","facilityUse":"private","state":"ma","county":"Hampden","effectiveDate":"2026/08/06"}},{"type":"Feature","geometry":{"type":"Point","coordinates":[-70.89154444,42.81383888]},"properties":{"group":"airport","dataStatus":"reference","color":"#9be1ff","title":"Anna Jaques Hospital","status":"Private use heliport","details":"Newburyport, MA \u00b7 MA98 \u00b7 Privately owned \u00b7 100 ft elevation","provider":"FAA NASR 28-day subscription","sourceUrl":"https://www.faa.gov/air_traffic/flight_info/aeronav/Aero_Data/NASR_Subscription/2026-08-06/","faaId":"MA98","icao":"","facilityType":"Heliport","facilityUse":"private","state":"ma","county":"Essex","effectiveDate":"2026/08/06"}},{"type":"Feature","geometry":{"type":"Point","coordinates":[-71.10782305,41.86121222]},"properties":{"group":"airport","dataStatus":"reference","color":"#9be1ff","title":"Princess House","status":"Private use heliport","details":"Taunton, MA \u00b7 MA99 \u00b7 Privately owned \u00b7 12 ft elevation","provider":"FAA NASR 28-day subscription","sourceUrl":"https://www.faa.gov/air_traffic/flight_info/aeronav/Aero_Data/NASR_Subscription/2026-08-06/","faaId":"MA99","icao":"","facilityType":"Heliport","facilityUse":"private","state":"ma","county":"Bristol","effectiveDate":"2026/08/06"}},{"type":"Feature","geometry":{"type":"Point","coordinates":[-70.46255611,43.95701777]},"properties":{"group":"airport","dataStatus":"reference","color":"#9be1ff","title":"Crescent Lake","status":"Private use seaplane base","details":"East Raymond, ME \u00b7 ME01 \u00b7 Privately owned \u00b7 278 ft elevation","provider":"FAA NASR 28-day subscription","sourceUrl":"https://www.faa.gov/air_traffic/flight_info/aeronav/Aero_Data/NASR_Subscription/2026-08-06/","faaId":"ME01","icao":"","facilityType":"Seaplane base","facilityUse":"private","state":"me","county":"Cumberland","effectiveDate":"2026/08/06"}},{"type":"Feature","geometry":{"type":"Point","coordinates":[-68.75213055,44.80824444]},"properties":{"group":"airport","dataStatus":"reference","color":"#9be1ff","title":"Eastern Maine Medical Center","status":"Private use heliport","details":"Bangor, ME \u00b7 ME02 \u00b7 Privately owned \u00b7 145 ft elevation","provider":"FAA NASR 28-day subscription","sourceUrl":"https://www.faa.gov/air_traffic/flight_info/aeronav/Aero_Data/NASR_Subscription/2026-08-06/","faaId":"ME02","icao":"","facilityType":"Heliport","facilityUse":"private","state":"me","county":"Penobscot","effectiveDate":"2026/08/06"}},{"type":"Feature","geometry":{"type":"Point","coordinates":[-69.05087444,45.33616194]},"properties":{"group":"airport","dataStatus":"reference","color":"#9be1ff","title":"Webber Jones","status":"Private use airport","details":"Brownville, ME \u00b7 ME03 \u00b7 Privately owned \u00b7 400 ft elevation","provider":"FAA NASR 28-day subscription","sourceUrl":"https://www.faa.gov/air_traffic/flight_info/aeronav/Aero_Data/NASR_Subscription/2026-08-06/","faaId":"ME03","icao":"","facilityType":"Airport","facilityUse":"private","state":"me","county":"Piscataquis","effectiveDate":"2026/08/06"}},{"type":"Feature","geometry":{"type":"Point","coordinates":[-69.53061166,46.60947527]},"properties":{"group":"airport","dataStatus":"reference","color":"#9be1ff","title":"Ilco Landing Area","status":"Private use seaplane base","details":"Clayton Lake, ME \u00b7 ME04 \u00b7 Privately owned \u00b7 1031 ft elevation","provider":"FAA NASR 28-day subscription","sourceUrl":"https://www.faa.gov/air_traffic/flight_info/aeronav/Aero_Data/NASR_Subscription/2026-08-06/","faaId":"ME04","icao":"","facilityType":"Seaplane base","facilityUse":"private","state":"me","county":"Aroostook","effectiveDate":"2026/08/06"}},{"type":"Feature","geometry":{"type":"Point","coordinates":[-68.47115416,46.75004111]},"properties":{"group":"airport","dataStatus":"reference","color":"#9be1ff","title":"Allen St Peter Meml","status":"Private use airport","details":"Portage, ME \u00b7 ME05 \u00b7 Privately owned \u00b7 800 ft elevation","provider":"FAA NASR 28-day subscription","sourceUrl":"https://www.faa.gov/air_traffic/flight_info/aeronav/Aero_Data/NASR_Subscription/2026-08-06/","faaId":"ME05","icao":"","facilityType":"Airport","facilityUse":"private","state":"me","county":"Aroostook","effectiveDate":"2026/08/06"}},{"type":"Feature","geometry":{"type":"Point","coordinates":[-67.30943444,45.02785416]},"properties":{"group":"airport","dataStatus":"reference","color":"#9be1ff","title":"Flying Ed","status":"Private use airport","details":"Charlotte, ME \u00b7 ME06 \u00b7 Privately owned \u00b7 440 ft elevation","provider":"FAA NASR 28-day subscription","sourceUrl":"https://www.faa.gov/air_traffic/flight_info/aeronav/Aero_Data/NASR_Subscription/2026-08-06/","faaId":"ME06","icao":"","facilityType":"Airport","facilityUse":"private","state":"me","county":"Washington","effectiveDate":"2026/08/06"}},{"type":"Feature","geometry":{"type":"Point","coordinates":[-68.21958333,44.39805]},"properties":{"group":"airport","dataStatus":"reference","color":"#9be1ff","title":"Acadian","status":"Private use seaplane base","details":"Bar Harbor, ME \u00b7 ME07 \u00b7 Privately owned \u00b7 0 ft elevation","provider":"FAA NASR 28-day subscription","sourceUrl":"https://www.faa.gov/air_traffic/flight_info/aeronav/Aero_Data/NASR_Subscription/2026-08-06/","faaId":"ME07","icao":"","facilityType":"Seaplane base","facilityUse":"private","state":"me","county":"Hancock","effectiveDate":"2026/08/06"}},{"type":"Feature","geometry":{"type":"Point","coordinates":[-69.86894722,45.04033388]},"properties":{"group":"airport","dataStatus":"reference","color":"#9be1ff","title":"Gadabout Gaddis","status":"Private use airport","details":"Bingham, ME \u00b7 ME08 \u00b7 Privately owned \u00b7 342 ft elevation","provider":"FAA NASR 28-day subscription","sourceUrl":"https://www.faa.gov/air_traffic/flight_info/aeronav/Aero_Data/NASR_Subscription/2026-08-06/","faaId":"ME08","icao":"","facilityType":"Airport","facilityUse":"private","state":"me","county":"Somerset","effectiveDate":"2026/08/06"}},{"type":"Feature","geometry":{"type":"Point","coordinates":[-70.45311111,43.93007416]},"properties":{"group":"airport","dataStatus":"reference","color":"#9be1ff","title":"Panther Pond","status":"Private use seaplane base","details":"Raymond, ME \u00b7 ME09 \u00b7 Privately owned \u00b7 277 ft elevation","provider":"FAA NASR 28-day subscription","sourceUrl":"https://www.faa.gov/air_traffic/flight_info/aeronav/Aero_Data/NASR_Subscription/2026-08-06/","faaId":"ME09","icao":"","facilityType":"Seaplane base","facilityUse":"private","state":"me","county":"Cumberland","effectiveDate":"2026/08/06"}},{"type":"Feature","geometry":{"type":"Point","coordinates":[-70.28783555,44.34229]},"properties":{"group":"airport","dataStatus":"reference","color":"#9be1ff","title":"Cooper","status":"Private use seaplane base","details":"Hartford, ME \u00b7 ME11 \u00b7 Privately owned \u00b7 373 ft elevation","provider":"FAA NASR 28-day subscription","sourceUrl":"https://www.faa.gov/air_traffic/flight_info/aeronav/Aero_Data/NASR_Subscription/2026-08-06/","faaId":"ME11","icao":"","facilityType":"Seaplane base","facilityUse":"private","state":"me","county":"Oxford","effectiveDate":"2026/08/06"}},{"type":"Feature","geometry":{"type":"Point","coordinates":[-68.58799722,44.41201388]},"properties":{"group":"airport","dataStatus":"reference","color":"#9be1ff","title":"Blue Hill Meml Hospital","status":"Private use heliport","details":"Blue Hill, ME \u00b7 ME15 \u00b7 Privately owned \u00b7 41 ft elevation","provider":"FAA NASR 28-day subscription","sourceUrl":"https://www.faa.gov/air_traffic/flight_info/aeronav/Aero_Data/NASR_Subscription/2026-08-06/","faaId":"ME15","icao":"","facilityType":"Heliport","facilityUse":"private","state":"me","county":"Hancock","effectiveDate":"2026/08/06"}},{"type":"Feature","geometry":{"type":"Point","coordinates":[-67.88586111,46.95042777]},"properties":{"group":"airport","dataStatus":"reference","color":"#9be1ff","title":"Loring Intl","status":"Private use airport","details":"Limestone, ME \u00b7 ME16 \u00b7 Privately owned \u00b7 746 ft elevation","provider":"FAA NASR 28-day subscription","sourceUrl":"https://www.faa.gov/air_traffic/flight_info/aeronav/Aero_Data/NASR_Subscription/2026-08-06/","faaId":"ME16","icao":"","facilityType":"Airport","facilityUse":"private","state":"me","county":"Aroostook","effectiveDate":"2026/08/06"}},{"type":"Feature","geometry":{"type":"Point","coordinates":[-70.588,44.66023333]},"properties":{"group":"airport","dataStatus":"reference","color":"#9be1ff","title":"Thomas","status":"Private use airport","details":"Roxbury, ME \u00b7 ME17 \u00b7 Privately owned \u00b7 670 ft elevation","provider":"FAA NASR 28-day subscription","sourceUrl":"https://www.faa.gov/air_traffic/flight_info/aeronav/Aero_Data/NASR_Subscription/2026-08-06/","faaId":"ME17","icao":"","facilityType":"Airport","facilityUse":"private","state":"me","county":"Oxford","effectiveDate":"2026/08/06"}},{"type":"Feature","geometry":{"type":"Point","coordinates":[-69.23375283,45.88231783]},"properties":{"group":"airport","dataStatus":"reference","color":"#9be1ff","title":"Chesuncook Forestry District","status":"Private use heliport","details":"Chesuncook, ME \u00b7 ME18 \u00b7 Publicly owned \u00b7 960 ft elevation","provider":"FAA NASR 28-day subscription","sourceUrl":"https://www.faa.gov/air_traffic/flight_info/aeronav/Aero_Data/NASR_Subscription/2026-08-06/","faaId":"ME18","icao":"","facilityType":"Heliport","facilityUse":"private","state":"me","county":"Piscataquis","effectiveDate":"2026/08/06"}},{"type":"Feature","geometry":{"type":"Point","coordinates":[-69.52227805,46.61614194]},"properties":{"group":"airport","dataStatus":"reference","color":"#9be1ff","title":"Clayton Lake Strip","status":"Private use airport","details":"Clayton Lake, ME \u00b7 ME19 \u00b7 Privately owned \u00b7 1150 ft elevation","provider":"FAA NASR 28-day subscription","sourceUrl":"https://www.faa.gov/air_traffic/flight_info/aeronav/Aero_Data/NASR_Subscription/2026-08-06/","faaId":"ME19","icao":"","facilityType":"Airport","facilityUse":"private","state":"me","county":"Aroostook","effectiveDate":"2026/08/06"}},{"type":"Feature","geometry":{"type":"Point","coordinates":[-67.26436111,44.68]},"properties":{"group":"airport","dataStatus":"reference","color":"#9be1ff","title":"Cutler Rgnl","status":"Public use airport","details":"Cutler, ME \u00b7 ME2 \u00b7 Privately owned \u00b7 55 ft elevation","provider":"FAA NASR 28-day subscription","sourceUrl":"https://www.faa.gov/air_traffic/flight_info/aeronav/Aero_Data/NASR_Subscription/2026-08-06/","faaId":"ME2","icao":"","facilityType":"Airport","facilityUse":"public","state":"me","county":"Washington","effectiveDate":"2026/08/06"}},{"type":"Feature","geometry":{"type":"Point","coordinates":[-69.623935,44.59923194]},"properties":{"group":"airport","dataStatus":"reference","color":"#9be1ff","title":"Bob-Mar","status":"Private use airport","details":"Fairfield, ME \u00b7 ME20 \u00b7 Privately owned \u00b7 310 ft elevation","provider":"FAA NASR 28-day subscription","sourceUrl":"https://www.faa.gov/air_traffic/flight_info/aeronav/Aero_Data/NASR_Subscription/2026-08-06/","faaId":"ME20","icao":"","facilityType":"Airport","facilityUse":"private","state":"me","county":"Somerset","effectiveDate":"2026/08/06"}},{"type":"Feature","geometry":{"type":"Point","coordinates":[-70.12698333,43.72906666]},"properties":{"group":"airport","dataStatus":"reference","color":"#9be1ff","title":"Chebeague Island School","status":"Private use heliport","details":"Chebeague Island, ME \u00b7 ME21 \u00b7 Privately owned \u00b7 130 ft elevation","provider":"FAA NASR 28-day subscription","sourceUrl":"https://www.faa.gov/air_traffic/flight_info/aeronav/Aero_Data/NASR_Subscription/2026-08-06/","faaId":"ME21","icao":"","facilityType":"Heliport","facilityUse":"private","state":"me","county":"Cumberland","effectiveDate":"2026/08/06"}},{"type":"Feature","geometry":{"type":"Point","coordinates":[-69.80677777,45.67116666]},"properties":{"group":"airport","dataStatus":"reference","color":"#9be1ff","title":"Avery Fld","status":"Private use airport","details":"Rockwood, ME \u00b7 ME22 \u00b7 Privately owned \u00b7 1070 ft elevation","provider":"FAA NASR 28-day subscription","sourceUrl":"https://www.faa.gov/air_traffic/flight_info/aeronav/Aero_Data/NASR_Subscription/2026-08-06/","faaId":"ME22","icao":"","facilityType":"Airport","facilityUse":"private","state":"me","county":"Somerset","effectiveDate":"2026/08/06"}},{"type":"Feature","geometry":{"type":"Point","coordinates":[-70.16206944,44.62653888]},"properties":{"group":"airport","dataStatus":"reference","color":"#9be1ff","title":"Franklin Meml Hospital","status":"Private use heliport","details":"Farmington, ME \u00b7 ME23 \u00b7 Privately owned \u00b7 408 ft elevation","provider":"FAA NASR 28-day subscription","sourceUrl":"https://www.faa.gov/air_traffic/flight_info/aeronav/Aero_Data/NASR_Subscription/2026-08-06/","faaId":"ME23","icao":"","facilityType":"Heliport","facilityUse":"private","state":"me","county":"Franklin","effectiveDate":"2026/08/06"}},{"type":"Feature","geometry":{"type":"Point","coordinates":[-69.23920972,44.28327083]},"properties":{"group":"airport","dataStatus":"reference","color":"#9be1ff","title":"Ben Hur","status":"Private use heliport","details":"Appleton, ME \u00b7 ME24 \u00b7 Privately owned \u00b7 240 ft elevation","provider":"FAA NASR 28-day subscription","sourceUrl":"https://www.faa.gov/air_traffic/flight_info/aeronav/Aero_Data/NASR_Subscription/2026-08-06/","faaId":"ME24","icao":"","facilityType":"Heliport","facilityUse":"private","state":"me","county":"Knox","effectiveDate":"2026/08/06"}},{"type":"Feature","geometry":{"type":"Point","coordinates":[-68.39198611,47.16615111]},"properties":{"group":"airport","dataStatus":"reference","color":"#9be1ff","title":"Sunrise Farms","status":"Private use airport","details":"Fort Kent, ME \u00b7 ME25 \u00b7 Privately owned \u00b7 640 ft elevation","provider":"FAA NASR 28-day subscription","sourceUrl":"https://www.faa.gov/air_traffic/flight_info/aeronav/Aero_Data/NASR_Subscription/2026-08-06/","faaId":"ME25","icao":"","facilityType":"Airport","facilityUse":"private","state":"me","county":"Aroostook","effectiveDate":"2026/08/06"}},{"type":"Feature","geometry":{"type":"Point","coordinates":[-69.53381944,46.01958611]},"properties":{"group":"airport","dataStatus":"reference","color":"#9be1ff","title":"Ragmuff","status":"Private use airport","details":"Greenville, ME \u00b7 ME26 \u00b7 Privately owned \u00b7 1046 ft elevation","provider":"FAA NASR 28-day subscription","sourceUrl":"https://www.faa.gov/air_traffic/flight_info/aeronav/Aero_Data/NASR_Subscription/2026-08-06/","faaId":"ME26","icao":"","facilityType":"Airport","facilityUse":"private","state":"me","county":"Piscataquis","effectiveDate":"2026/08/06"}},{"type":"Feature","geometry":{"type":"Point","coordinates":[-68.80225833,44.90090222]},"properties":{"group":"airport","dataStatus":"reference","color":"#9be1ff","title":"Double A","status":"Private use seaplane base","details":"Glenburn, ME \u00b7 ME27 \u00b7 Privately owned \u00b7 115 ft elevation","provider":"FAA NASR 28-day subscription","sourceUrl":"https://www.faa.gov/air_traffic/flight_info/aeronav/Aero_Data/NASR_Subscription/2026-08-06/","faaId":"ME27","icao":"","facilityType":"Seaplane base","facilityUse":"private","state":"me","county":"Penobscot","effectiveDate":"2026/08/06"}},{"type":"Feature","geometry":{"type":"Point","coordinates":[-70.33005277,43.82368888]},"properties":{"group":"airport","dataStatus":"reference","color":"#9be1ff","title":"Forest Lake","status":"Private use seaplane base","details":"Cumberland, ME \u00b7 ME28 \u00b7 Privately owned \u00b7 274 ft elevation","provider":"FAA NASR 28-day subscription","sourceUrl":"https://www.faa.gov/air_traffic/flight_info/aeronav/Aero_Data/NASR_Subscription/2026-08-06/","faaId":"ME28","icao":"","facilityType":"Seaplane base","facilityUse":"private","state":"me","county":"Cumberland","effectiveDate":"2026/08/06"}},{"type":"Feature","geometry":{"type":"Point","coordinates":[-69.71441111,44.75772777]},"properties":{"group":"airport","dataStatus":"reference","color":"#9be1ff","title":"Redington-Fairview General Hospital","status":"Private use heliport","details":"Skowhegan, ME \u00b7 ME29 \u00b7 Privately owned \u00b7 205 ft elevation","provider":"FAA NASR 28-day subscription","sourceUrl":"https://www.faa.gov/air_traffic/flight_info/aeronav/Aero_Data/NASR_Subscription/2026-08-06/","faaId":"ME29","icao":"","facilityType":"Heliport","facilityUse":"private","state":"me","county":"Somerset","effectiveDate":"2026/08/06"}},{"type":"Feature","geometry":{"type":"Point","coordinates":[-69.005,46.39583333]},"properties":{"group":"airport","dataStatus":"reference","color":"#9be1ff","title":"Bradford Camps","status":"Public use seaplane base","details":"Ashland, ME \u00b7 ME3 \u00b7 Privately owned \u00b7 815 ft elevation","provider":"FAA NASR 28-day subscription","sourceUrl":"https://www.faa.gov/air_traffic/flight_info/aeronav/Aero_Data/NASR_Subscription/2026-08-06/","faaId":"ME3","icao":"","facilityType":"Seaplane base","facilityUse":"public","state":"me","county":"Piscataquis","effectiveDate":"2026/08/06"}},{"type":"Feature","geometry":{"type":"Point","coordinates":[-69.25865555,45.09033333]},"properties":{"group":"airport","dataStatus":"reference","color":"#9be1ff","title":"Tailwind Farm","status":"Private use airport","details":"Sangerville, ME \u00b7 ME32 \u00b7 Privately owned \u00b7 500 ft elevation","provider":"FAA NASR 28-day subscription","sourceUrl":"https://www.faa.gov/air_traffic/flight_info/aeronav/Aero_Data/NASR_Subscription/2026-08-06/","faaId":"ME32","icao":"","facilityType":"Airport","facilityUse":"private","state":"me","county":"Piscataquis","effectiveDate":"2026/08/06"}},{"type":"Feature","geometry":{"type":"Point","coordinates":[-70.01310333,43.77869361]},"properties":{"group":"airport","dataStatus":"reference","color":"#9be1ff","title":"Farr Fld","status":"Private use airport","details":"Harpswell, ME \u00b7 ME33 \u00b7 Privately owned \u00b7 70 ft elevation","provider":"FAA NASR 28-day subscription","sourceUrl":"https://www.faa.gov/air_traffic/flight_info/aeronav/Aero_Data/NASR_Subscription/2026-08-06/","faaId":"ME33","icao":"","facilityType":"Airport","facilityUse":"private","state":"me","county":"Cumberland","effectiveDate":"2026/08/06"}},{"type":"Feature","geometry":{"type":"Point","coordinates":[-69.42865583,44.1736875]},"properties":{"group":"airport","dataStatus":"reference","color":"#9be1ff","title":"Robinson Ridge Fld","status":"Private use airport","details":"Jefferson, ME \u00b7 ME34 \u00b7 Privately owned \u00b7 250 ft elevation","provider":"FAA NASR 28-day subscription","sourceUrl":"https://www.faa.gov/air_traffic/flight_info/aeronav/Aero_Data/NASR_Subscription/2026-08-06/","faaId":"ME34","icao":"","facilityType":"Airport","facilityUse":"private","state":"me","county":"Lincoln","effectiveDate":"2026/08/06"}},{"type":"Feature","geometry":{"type":"Point","coordinates":[-69.00726138,44.93145666]},"properties":{"group":"airport","dataStatus":"reference","color":"#9be1ff","title":"Terra B & B","status":"Private use airport","details":"Levant, ME \u00b7 ME35 \u00b7 Privately owned \u00b7 382 ft elevation","provider":"FAA NASR 28-day subscription","sourceUrl":"https://www.faa.gov/air_traffic/flight_info/aeronav/Aero_Data/NASR_Subscription/2026-08-06/","faaId":"ME35","icao":"","facilityType":"Airport","facilityUse":"private","state":"me","county":"Penobscot","effectiveDate":"2026/08/06"}},{"type":"Feature","geometry":{"type":"Point","coordinates":[-70.71303888,44.04616388]},"properties":{"group":"airport","dataStatus":"reference","color":"#9be1ff","title":"Bridgton Hospital","status":"Private use heliport","details":"Bridgton, ME \u00b7 ME37 \u00b7 Privately owned \u00b7 560 ft elevation","provider":"FAA NASR 28-day subscription","sourceUrl":"https://www.faa.gov/air_traffic/flight_info/aeronav/Aero_Data/NASR_Subscription/2026-08-06/","faaId":"ME37","icao":"","facilityType":"Heliport","facilityUse":"private","state":"me","county":"Cumberland","effectiveDate":"2026/08/06"}},{"type":"Feature","geometry":{"type":"Point","coordinates":[-70.13255555,44.23536111]},"properties":{"group":"airport","dataStatus":"reference","color":"#9be1ff","title":"Rocky Ridge","status":"Private use airport","details":"Greene, ME \u00b7 ME39 \u00b7 Privately owned \u00b7 480 ft elevation","provider":"FAA NASR 28-day subscription","sourceUrl":"https://www.faa.gov/air_traffic/flight_info/aeronav/Aero_Data/NASR_Subscription/2026-08-06/","faaId":"ME39","icao":"","facilityType":"Airport","facilityUse":"private","state":"me","county":"Androscoggin","effectiveDate":"2026/08/06"}},{"type":"Feature","geometry":{"type":"Point","coordinates":[-67.87666666,46.52888888]},"properties":{"group":"airport","dataStatus":"reference","color":"#9be1ff","title":"Mars Hill","status":"Private use airport","details":"Mars Hill, ME \u00b7 ME40 \u00b7 Privately owned \u00b7 432 ft elevation","provider":"FAA NASR 28-day subscription","sourceUrl":"https://www.faa.gov/air_traffic/flight_info/aeronav/Aero_Data/NASR_Subscription/2026-08-06/","faaId":"ME40","icao":"","facilityType":"Airport","facilityUse":"private","state":"me","county":"Aroostook","effectiveDate":"2026/08/06"}},{"type":"Feature","geometry":{"type":"Point","coordinates":[-68.87642083,44.15258]},"properties":{"group":"airport","dataStatus":"reference","color":"#9be1ff","title":"Witherspoons Landing Strip","status":"Private use airport","details":"North Haven, ME \u00b7 ME41 \u00b7 Privately owned \u00b7 80 ft elevation","provider":"FAA NASR 28-day subscription","sourceUrl":"https://www.faa.gov/air_traffic/flight_info/aeronav/Aero_Data/NASR_Subscription/2026-08-06/","faaId":"ME41","icao":"","facilityType":"Airport","facilityUse":"private","state":"me","county":"Knox","effectiveDate":"2026/08/06"}},{"type":"Feature","geometry":{"type":"Point","coordinates":[-69.89116666,43.90496388]},"properties":{"group":"airport","dataStatus":"reference","color":"#9be1ff","title":"Mid Coast Hospital","status":"Private use heliport","details":"Brunswick, ME \u00b7 ME42 \u00b7 Privately owned \u00b7 29 ft elevation","provider":"FAA NASR 28-day subscription","sourceUrl":"https://www.faa.gov/air_traffic/flight_info/aeronav/Aero_Data/NASR_Subscription/2026-08-06/","faaId":"ME42","icao":"","facilityType":"Heliport","facilityUse":"private","state":"me","county":"Cumberland","effectiveDate":"2026/08/06"}},{"type":"Feature","geometry":{"type":"Point","coordinates":[-69.23675833,45.18855833]},"properties":{"group":"airport","dataStatus":"reference","color":"#9be1ff","title":"Northern Light Mayo Hospital","status":"Private use heliport","details":"Dover-Foxcroft, ME \u00b7 ME43 \u00b7 Privately owned \u00b7 370 ft elevation","provider":"FAA NASR 28-day subscription","sourceUrl":"https://www.faa.gov/air_traffic/flight_info/aeronav/Aero_Data/NASR_Subscription/2026-08-06/","faaId":"ME43","icao":"","facilityType":"Heliport","facilityUse":"private","state":"me","county":"Piscataquis","effectiveDate":"2026/08/06"}},{"type":"Feature","geometry":{"type":"Point","coordinates":[-69.59569444,43.92273888]},"properties":{"group":"airport","dataStatus":"reference","color":"#9be1ff","title":"Rigby Fld","status":"Private use heliport","details":"Boothbay, ME \u00b7 ME44 \u00b7 Privately owned \u00b7 56 ft elevation","provider":"FAA NASR 28-day subscription","sourceUrl":"https://www.faa.gov/air_traffic/flight_info/aeronav/Aero_Data/NASR_Subscription/2026-08-06/","faaId":"ME44","icao":"","facilityType":"Heliport","facilityUse":"private","state":"me","county":"Lincoln","effectiveDate":"2026/08/06"}},{"type":"Feature","geometry":{"type":"Point","coordinates":[-70.4322725,43.40564111]},"properties":{"group":"airport","dataStatus":"reference","color":"#9be1ff","title":"Goosefair","status":"Private use airport","details":"Kennebunkport, ME \u00b7 ME45 \u00b7 Privately owned \u00b7 40 ft elevation","provider":"FAA NASR 28-day subscription","sourceUrl":"https://www.faa.gov/air_traffic/flight_info/aeronav/Aero_Data/NASR_Subscription/2026-08-06/","faaId":"ME45","icao":"","facilityType":"Airport","facilityUse":"private","state":"me","county":"York","effectiveDate":"2026/08/06"}},{"type":"Feature","geometry":{"type":"Point","coordinates":[-70.44671722,43.4123075]},"properties":{"group":"airport","dataStatus":"reference","color":"#9be1ff","title":"Back Acres","status":"Private use airport","details":"Kennebunkport, ME \u00b7 ME46 \u00b7 Privately owned \u00b7 60 ft elevation","provider":"FAA NASR 28-day subscription","sourceUrl":"https://www.faa.gov/air_traffic/flight_info/aeronav/Aero_Data/NASR_Subscription/2026-08-06/","faaId":"ME46","icao":"","facilityType":"Airport","facilityUse":"private","state":"me","county":"York","effectiveDate":"2026/08/06"}},{"type":"Feature","geometry":{"type":"Point","coordinates":[-69.45643638,44.85450555]},"properties":{"group":"airport","dataStatus":"reference","color":"#9be1ff","title":"Payne Fld","status":"Private use airport","details":"Hartland, ME \u00b7 ME47 \u00b7 Privately owned \u00b7 350 ft elevation","provider":"FAA NASR 28-day subscription","sourceUrl":"https://www.faa.gov/air_traffic/flight_info/aeronav/Aero_Data/NASR_Subscription/2026-08-06/","faaId":"ME47","icao":"","facilityType":"Airport","facilityUse":"private","state":"me","county":"Somerset","effectiveDate":"2026/08/06"}},{"type":"Feature","geometry":{"type":"Point","coordinates":[-68.59326666,47.26488611]},"properties":{"group":"airport","dataStatus":"reference","color":"#9be1ff","title":"Northern Maine Medical Center","status":"Private use heliport","details":"Fort Kent, ME \u00b7 ME48 \u00b7 Privately owned \u00b7 600 ft elevation","provider":"FAA NASR 28-day subscription","sourceUrl":"https://www.faa.gov/air_traffic/flight_info/aeronav/Aero_Data/NASR_Subscription/2026-08-06/","faaId":"ME48","icao":"","facilityType":"Heliport","facilityUse":"private","state":"me","county":"Aroostook","effectiveDate":"2026/08/06"}},{"type":"Feature","geometry":{"type":"Point","coordinates":[-69.61155555,45.45813888]},"properties":{"group":"airport","dataStatus":"reference","color":"#9be1ff","title":"C A Dean Meml Hospital","status":"Private use heliport","details":"Greenville, ME \u00b7 ME49 \u00b7 Privately owned \u00b7 1087 ft elevation","provider":"FAA NASR 28-day subscription","sourceUrl":"https://www.faa.gov/air_traffic/flight_info/aeronav/Aero_Data/NASR_Subscription/2026-08-06/","faaId":"ME49","icao":"","facilityType":"Heliport","facilityUse":"private","state":"me","county":"Piscataquis","effectiveDate":"2026/08/06"}},{"type":"Feature","geometry":{"type":"Point","coordinates":[-68.42816666,44.16538888]},"properties":{"group":"airport","dataStatus":"reference","color":"#9be1ff","title":"Banks","status":"Public use airport","details":"Swans Island, ME \u00b7 ME5 \u00b7 Privately owned \u00b7 100 ft elevation","provider":"FAA NASR 28-day subscription","sourceUrl":"https://www.faa.gov/air_traffic/flight_info/aeronav/Aero_Data/NASR_Subscription/2026-08-06/","faaId":"ME5","icao":"","facilityType":"Airport","facilityUse":"public","state":"me","county":"Hancock","effectiveDate":"2026/08/06"}},{"type":"Feature","geometry":{"type":"Point","coordinates":[-68.71697777,45.65326666]},"properties":{"group":"airport","dataStatus":"reference","color":"#9be1ff","title":"Millinocket Rgnl","status":"Private use heliport","details":"Millinocket, ME \u00b7 ME50 \u00b7 Privately owned \u00b7 459 ft elevation","provider":"FAA NASR 28-day subscription","sourceUrl":"https://www.faa.gov/air_traffic/flight_info/aeronav/Aero_Data/NASR_Subscription/2026-08-06/","faaId":"ME50","icao":"","facilityType":"Heliport","facilityUse":"private","state":"me","county":"Penobscot","effectiveDate":"2026/08/06"}},{"type":"Feature","geometry":{"type":"Point","coordinates":[-70.61061194,43.73702222]},"properties":{"group":"airport","dataStatus":"reference","color":"#9be1ff","title":"Douglass","status":"Private use seaplane base","details":"Standish, ME \u00b7 ME51 \u00b7 Privately owned \u00b7 270 ft elevation","provider":"FAA NASR 28-day subscription","sourceUrl":"https://www.faa.gov/air_traffic/flight_info/aeronav/Aero_Data/NASR_Subscription/2026-08-06/","faaId":"ME51","icao":"","facilityType":"Seaplane base","facilityUse":"private","state":"me","county":"Cumberland","effectiveDate":"2026/08/06"}},{"type":"Feature","geometry":{"type":"Point","coordinates":[-67.47587222,44.71344444]},"properties":{"group":"airport","dataStatus":"reference","color":"#9be1ff","title":"Down East Community Hospital","status":"Private use heliport","details":"Machias, ME \u00b7 ME52 \u00b7 Privately owned \u00b7 150 ft elevation","provider":"FAA NASR 28-day subscription","sourceUrl":"https://www.faa.gov/air_traffic/flight_info/aeronav/Aero_Data/NASR_Subscription/2026-08-06/","faaId":"ME52","icao":"","facilityType":"Heliport","facilityUse":"private","state":"me","county":"Washington","effectiveDate":"2026/08/06"}},{"type":"Feature","geometry":{"type":"Point","coordinates":[-68.81963888,44.07277777]},"properties":{"group":"airport","dataStatus":"reference","color":"#9be1ff","title":"Vinalhaven","status":"Private use airport","details":"Vinalhaven, ME \u00b7 ME55 \u00b7 Publicly owned \u00b7 72 ft elevation","provider":"FAA NASR 28-day subscription","sourceUrl":"https://www.faa.gov/air_traffic/flight_info/aeronav/Aero_Data/NASR_Subscription/2026-08-06/","faaId":"ME55","icao":"","facilityType":"Airport","facilityUse":"private","state":"me","county":"Knox","effectiveDate":"2026/08/06"}},{"type":"Feature","geometry":{"type":"Point","coordinates":[-70.73533416,43.35897277]},"properties":{"group":"airport","dataStatus":"reference","color":"#9be1ff","title":"Bauneg Beg","status":"Private use seaplane base","details":"North Berwick, ME \u00b7 ME57 \u00b7 Privately owned \u00b7 305 ft elevation","provider":"FAA NASR 28-day subscription","sourceUrl":"https://www.faa.gov/air_traffic/flight_info/aeronav/Aero_Data/NASR_Subscription/2026-08-06/","faaId":"ME57","icao":"","facilityType":"Seaplane base","facilityUse":"private","state":"me","county":"York","effectiveDate":"2026/08/06"}},{"type":"Feature","geometry":{"type":"Point","coordinates":[-69.60754444,44.20312777]},"properties":{"group":"airport","dataStatus":"reference","color":"#9be1ff","title":"Maine Helicopters","status":"Private use heliport","details":"North Whitefield, ME \u00b7 ME59 \u00b7 Privately owned \u00b7 150 ft elevation","provider":"FAA NASR 28-day subscription","sourceUrl":"https://www.faa.gov/air_traffic/flight_info/aeronav/Aero_Data/NASR_Subscription/2026-08-06/","faaId":"ME59","icao":"","facilityType":"Heliport","facilityUse":"private","state":"me","county":"Lincoln","effectiveDate":"2026/08/06"}},{"type":"Feature","geometry":{"type":"Point","coordinates":[-70.01894444,44.17452777]},"properties":{"group":"airport","dataStatus":"reference","color":"#9be1ff","title":"Wales","status":"Public use airport","details":"Wales, ME \u00b7 ME6 \u00b7 Privately owned \u00b7 210 ft elevation","provider":"FAA NASR 28-day subscription","sourceUrl":"https://www.faa.gov/air_traffic/flight_info/aeronav/Aero_Data/NASR_Subscription/2026-08-06/","faaId":"ME6","icao":"","facilityType":"Airport","facilityUse":"public","state":"me","county":"Androscoggin","effectiveDate":"2026/08/06"}},{"type":"Feature","geometry":{"type":"Point","coordinates":[-69.81782638,44.46839972]},"properties":{"group":"airport","dataStatus":"reference","color":"#9be1ff","title":"Sunny Hill","status":"Private use airport","details":"Belgrade, ME \u00b7 ME60 \u00b7 Privately owned \u00b7 390 ft elevation","provider":"FAA NASR 28-day subscription","sourceUrl":"https://www.faa.gov/air_traffic/flight_info/aeronav/Aero_Data/NASR_Subscription/2026-08-06/","faaId":"ME60","icao":"","facilityType":"Airport","facilityUse":"private","state":"me","county":"Kennebec","effectiveDate":"2026/08/06"}},{"type":"Feature","geometry":{"type":"Point","coordinates":[-70.899505,43.29452694]},"properties":{"group":"airport","dataStatus":"reference","color":"#9be1ff","title":"Salmon Falls","status":"Private use airport","details":"Berwick, ME \u00b7 ME61 \u00b7 Privately owned \u00b7 190 ft elevation","provider":"FAA NASR 28-day subscription","sourceUrl":"https://www.faa.gov/air_traffic/flight_info/aeronav/Aero_Data/NASR_Subscription/2026-08-06/","faaId":"ME61","icao":"","facilityType":"Airport","facilityUse":"private","state":"me","county":"York","effectiveDate":"2026/08/06"}},{"type":"Feature","geometry":{"type":"Point","coordinates":[-69.47038888,44.80938611]},"properties":{"group":"airport","dataStatus":"reference","color":"#9be1ff","title":"Thompson Meml Fld","status":"Private use airport","details":"Pittsfield, ME \u00b7 ME62 \u00b7 Privately owned \u00b7 390 ft elevation","provider":"FAA NASR 28-day subscription","sourceUrl":"https://www.faa.gov/air_traffic/flight_info/aeronav/Aero_Data/NASR_Subscription/2026-08-06/","faaId":"ME62","icao":"","facilityType":"Airport","facilityUse":"private","state":"me","county":"Somerset","effectiveDate":"2026/08/06"}},{"type":"Feature","geometry":{"type":"Point","coordinates":[-70.555475,44.5513]},"properties":{"group":"airport","dataStatus":"reference","color":"#9be1ff","title":"Rumford Community Hospital","status":"Private use heliport","details":"Rumford, ME \u00b7 ME63 \u00b7 Privately owned \u00b7 667 ft elevation","provider":"FAA NASR 28-day subscription","sourceUrl":"https://www.faa.gov/air_traffic/flight_info/aeronav/Aero_Data/NASR_Subscription/2026-08-06/","faaId":"ME63","icao":"","facilityType":"Heliport","facilityUse":"private","state":"me","county":"Oxford","effectiveDate":"2026/08/06"}},{"type":"Feature","geometry":{"type":"Point","coordinates":[-70.92922861,43.37508138]},"properties":{"group":"airport","dataStatus":"reference","color":"#9be1ff","title":"Skydive New England","status":"Private use airport","details":"West Lebanon, ME \u00b7 ME64 \u00b7 Privately owned \u00b7 365 ft elevation","provider":"FAA NASR 28-day subscription","sourceUrl":"https://www.faa.gov/air_traffic/flight_info/aeronav/Aero_Data/NASR_Subscription/2026-08-06/","faaId":"ME64","icao":"","facilityType":"Airport","facilityUse":"private","state":"me","county":"York","effectiveDate":"2026/08/06"}},{"type":"Feature","geometry":{"type":"Point","coordinates":[-69.88430833,43.85846944]},"properties":{"group":"airport","dataStatus":"reference","color":"#9be1ff","title":"Miara","status":"Private use heliport","details":"West Bath, ME \u00b7 ME65 \u00b7 Privately owned \u00b7 10 ft elevation","provider":"FAA NASR 28-day subscription","sourceUrl":"https://www.faa.gov/air_traffic/flight_info/aeronav/Aero_Data/NASR_Subscription/2026-08-06/","faaId":"ME65","icao":"","facilityType":"Heliport","facilityUse":"private","state":"me","county":"Sagadahoc","effectiveDate":"2026/08/06"}},{"type":"Feature","geometry":{"type":"Point","coordinates":[-70.35727194,43.61258222]},"properties":{"group":"airport","dataStatus":"reference","color":"#9be1ff","title":"Scottow Bog Flightpark","status":"Private use ultralight facility","details":"Scarborough, ME \u00b7 ME66 \u00b7 Privately owned \u00b7 30 ft elevation","provider":"FAA NASR 28-day subscription","sourceUrl":"https://www.faa.gov/air_traffic/flight_info/aeronav/Aero_Data/NASR_Subscription/2026-08-06/","faaId":"ME66","icao":"","facilityType":"Ultralight facility","facilityUse":"private","state":"me","county":"Cumberland","effectiveDate":"2026/08/06"}},{"type":"Feature","geometry":{"type":"Point","coordinates":[-69.23838083,44.82006527]},"properties":{"group":"airport","dataStatus":"reference","color":"#9be1ff","title":"Newport Sky Park","status":"Private use airport","details":"Newport, ME \u00b7 ME68 \u00b7 Privately owned \u00b7 300 ft elevation","provider":"FAA NASR 28-day subscription","sourceUrl":"https://www.faa.gov/air_traffic/flight_info/aeronav/Aero_Data/NASR_Subscription/2026-08-06/","faaId":"ME68","icao":"","facilityType":"Airport","facilityUse":"private","state":"me","county":"Penobscot","effectiveDate":"2026/08/06"}},{"type":"Feature","geometry":{"type":"Point","coordinates":[-70.06449694,44.06896416]},"properties":{"group":"airport","dataStatus":"reference","color":"#9be1ff","title":"Cliffords","status":"Private use airport","details":"Sabattus, ME \u00b7 ME69 \u00b7 Privately owned \u00b7 280 ft elevation","provider":"FAA NASR 28-day subscription","sourceUrl":"https://www.faa.gov/air_traffic/flight_info/aeronav/Aero_Data/NASR_Subscription/2026-08-06/","faaId":"ME69","icao":"","facilityType":"Airport","facilityUse":"private","state":"me","county":"Androscoggin","effectiveDate":"2026/08/06"}},{"type":"Feature","geometry":{"type":"Point","coordinates":[-69.47921472,45.03755583]},"properties":{"group":"airport","dataStatus":"reference","color":"#9be1ff","title":"Greenfield Hill","status":"Private use airport","details":"Cambridge, ME \u00b7 ME70 \u00b7 Privately owned \u00b7 672 ft elevation","provider":"FAA NASR 28-day subscription","sourceUrl":"https://www.faa.gov/air_traffic/flight_info/aeronav/Aero_Data/NASR_Subscription/2026-08-06/","faaId":"ME70","icao":"","facilityType":"Airport","facilityUse":"private","state":"me","county":"Somerset","effectiveDate":"2026/08/06"}},{"type":"Feature","geometry":{"type":"Point","coordinates":[-70.42815,44.66978055]},"properties":{"group":"airport","dataStatus":"reference","color":"#9be1ff","title":"Webb Lake","status":"Private use seaplane base","details":"Weld, ME \u00b7 ME71 \u00b7 Privately owned \u00b7 678 ft elevation","provider":"FAA NASR 28-day subscription","sourceUrl":"https://www.faa.gov/air_traffic/flight_info/aeronav/Aero_Data/NASR_Subscription/2026-08-06/","faaId":"ME71","icao":"","facilityType":"Seaplane base","facilityUse":"private","state":"me","county":"Franklin","effectiveDate":"2026/08/06"}},{"type":"Feature","geometry":{"type":"Point","coordinates":[-69.98284333,45.88337083]},"properties":{"group":"airport","dataStatus":"reference","color":"#9be1ff","title":"Seboomook Forestry District Headquarters","status":"Private use heliport","details":"Pittston Farm, ME \u00b7 ME72 \u00b7 Publicly owned \u00b7 1081 ft elevation","provider":"FAA NASR 28-day subscription","sourceUrl":"https://www.faa.gov/air_traffic/flight_info/aeronav/Aero_Data/NASR_Subscription/2026-08-06/","faaId":"ME72","icao":"","facilityType":"Heliport","facilityUse":"private","state":"me","county":"Somerset","effectiveDate":"2026/08/06"}},{"type":"Feature","geometry":{"type":"Point","coordinates":[-68.98277777,44.75138888]},"properties":{"group":"airport","dataStatus":"reference","color":"#9be1ff","title":"Miller'S Fld","status":"Private use airport","details":"Newburgh, ME \u00b7 ME74 \u00b7 Privately owned \u00b7 160 ft elevation","provider":"FAA NASR 28-day subscription","sourceUrl":"https://www.faa.gov/air_traffic/flight_info/aeronav/Aero_Data/NASR_Subscription/2026-08-06/","faaId":"ME74","icao":"","facilityType":"Airport","facilityUse":"private","state":"me","county":"Penobscot","effectiveDate":"2026/08/06"}},{"type":"Feature","geometry":{"type":"Point","coordinates":[-70.14144111,43.95396611]},"properties":{"group":"airport","dataStatus":"reference","color":"#9be1ff","title":"Margerison-Kincer","status":"Private use airport","details":"Durham, ME \u00b7 ME75 \u00b7 Privately owned \u00b7 220 ft elevation","provider":"FAA NASR 28-day subscription","sourceUrl":"https://www.faa.gov/air_traffic/flight_info/aeronav/Aero_Data/NASR_Subscription/2026-08-06/","faaId":"ME75","icao":"","facilityType":"Airport","facilityUse":"private","state":"me","county":"Androscoggin","effectiveDate":"2026/08/06"}},{"type":"Feature","geometry":{"type":"Point","coordinates":[-69.08541111,44.14313888]},"properties":{"group":"airport","dataStatus":"reference","color":"#9be1ff","title":"Penobscot Bay Medical Center","status":"Private use heliport","details":"Rockport, ME \u00b7 ME76 \u00b7 Privately owned \u00b7 107 ft elevation","provider":"FAA NASR 28-day subscription","sourceUrl":"https://www.faa.gov/air_traffic/flight_info/aeronav/Aero_Data/NASR_Subscription/2026-08-06/","faaId":"ME76","icao":"","facilityType":"Heliport","facilityUse":"private","state":"me","county":"Knox","effectiveDate":"2026/08/06"}},{"type":"Feature","geometry":{"type":"Point","coordinates":[-68.26861944,44.25133611]},"properties":{"group":"airport","dataStatus":"reference","color":"#9be1ff","title":"Cranberry Isles","status":"Private use heliport","details":"Cranberry Isles, ME \u00b7 ME77 \u00b7 Privately owned \u00b7 50 ft elevation","provider":"FAA NASR 28-day subscription","sourceUrl":"https://www.faa.gov/air_traffic/flight_info/aeronav/Aero_Data/NASR_Subscription/2026-08-06/","faaId":"ME77","icao":"","facilityType":"Heliport","facilityUse":"private","state":"me","county":"Hancock","effectiveDate":"2026/08/06"}},{"type":"Feature","geometry":{"type":"Point","coordinates":[-69.31452777,43.76433333]},"properties":{"group":"airport","dataStatus":"reference","color":"#9be1ff","title":"Monhegan Island","status":"Private use heliport","details":"Monhegan Island, ME \u00b7 ME78 \u00b7 Privately owned \u00b7 130 ft elevation","provider":"FAA NASR 28-day subscription","sourceUrl":"https://www.faa.gov/air_traffic/flight_info/aeronav/Aero_Data/NASR_Subscription/2026-08-06/","faaId":"ME78","icao":"","facilityType":"Heliport","facilityUse":"private","state":"me","county":"Lincoln","effectiveDate":"2026/08/06"}},{"type":"Feature","geometry":{"type":"Point","coordinates":[-69.34671472,45.30560583]},"properties":{"group":"airport","dataStatus":"reference","color":"#9be1ff","title":"Two Falls","status":"Private use airport","details":"Willimantic, ME \u00b7 ME79 \u00b7 Privately owned \u00b7 366 ft elevation","provider":"FAA NASR 28-day subscription","sourceUrl":"https://www.faa.gov/air_traffic/flight_info/aeronav/Aero_Data/NASR_Subscription/2026-08-06/","faaId":"ME79","icao":"","facilityType":"Airport","facilityUse":"private","state":"me","county":"Piscataquis","effectiveDate":"2026/08/06"}},{"type":"Feature","geometry":{"type":"Point","coordinates":[-70.35638888,43.93388888]},"properties":{"group":"airport","dataStatus":"reference","color":"#9be1ff","title":"Dry Pond","status":"Private use seaplane base","details":"Gray, ME \u00b7 ME80 \u00b7 Privately owned \u00b7 309 ft elevation","provider":"FAA NASR 28-day subscription","sourceUrl":"https://www.faa.gov/air_traffic/flight_info/aeronav/Aero_Data/NASR_Subscription/2026-08-06/","faaId":"ME80","icao":"","facilityType":"Seaplane base","facilityUse":"private","state":"me","county":"Cumberland","effectiveDate":"2026/08/06"}},{"type":"Feature","geometry":{"type":"Point","coordinates":[-69.32161111,43.75833333]},"properties":{"group":"airport","dataStatus":"reference","color":"#9be1ff","title":"4 Winds","status":"Private use heliport","details":"Monhegan, ME \u00b7 ME81 \u00b7 Privately owned \u00b7 30 ft elevation","provider":"FAA NASR 28-day subscription","sourceUrl":"https://www.faa.gov/air_traffic/flight_info/aeronav/Aero_Data/NASR_Subscription/2026-08-06/","faaId":"ME81","icao":"","facilityType":"Heliport","facilityUse":"private","state":"me","county":"Lincoln","effectiveDate":"2026/08/06"}},{"type":"Feature","geometry":{"type":"Point","coordinates":[-70.77736111,43.70118055]},"properties":{"group":"airport","dataStatus":"reference","color":"#9be1ff","title":"Pickerel Pond","status":"Private use seaplane base","details":"Limerick, ME \u00b7 ME83 \u00b7 Privately owned \u00b7 340 ft elevation","provider":"FAA NASR 28-day subscription","sourceUrl":"https://www.faa.gov/air_traffic/flight_info/aeronav/Aero_Data/NASR_Subscription/2026-08-06/","faaId":"ME83","icao":"","facilityType":"Seaplane base","facilityUse":"private","state":"me","county":"York","effectiveDate":"2026/08/06"}},{"type":"Feature","geometry":{"type":"Point","coordinates":[-70.85070277,44.75813888]},"properties":{"group":"airport","dataStatus":"reference","color":"#9be1ff","title":"Perrys Landing","status":"Private use seaplane base","details":"Andover, ME \u00b7 ME84 \u00b7 Privately owned \u00b7 1450 ft elevation","provider":"FAA NASR 28-day subscription","sourceUrl":"https://www.faa.gov/air_traffic/flight_info/aeronav/Aero_Data/NASR_Subscription/2026-08-06/","faaId":"ME84","icao":"","facilityType":"Seaplane base","facilityUse":"private","state":"me","county":"Oxford","effectiveDate":"2026/08/06"}},{"type":"Feature","geometry":{"type":"Point","coordinates":[-69.23560055,45.18338805]},"properties":{"group":"airport","dataStatus":"reference","color":"#9be1ff","title":"Riverside","status":"Private use seaplane base","details":"Dover Foxcroft, ME \u00b7 ME85 \u00b7 Privately owned \u00b7 342 ft elevation","provider":"FAA NASR 28-day subscription","sourceUrl":"https://www.faa.gov/air_traffic/flight_info/aeronav/Aero_Data/NASR_Subscription/2026-08-06/","faaId":"ME85","icao":"","facilityType":"Seaplane base","facilityUse":"private","state":"me","county":"Piscataquis","effectiveDate":"2026/08/06"}},{"type":"Feature","geometry":{"type":"Point","coordinates":[-68.84361111,46.30833333]},"properties":{"group":"airport","dataStatus":"reference","color":"#9be1ff","title":"Libby Camps","status":"Private use seaplane base","details":"Ashland, ME \u00b7 ME86 \u00b7 Privately owned \u00b7 754 ft elevation","provider":"FAA NASR 28-day subscription","sourceUrl":"https://www.faa.gov/air_traffic/flight_info/aeronav/Aero_Data/NASR_Subscription/2026-08-06/","faaId":"ME86","icao":"","facilityType":"Seaplane base","facilityUse":"private","state":"me","county":"Piscataquis","effectiveDate":"2026/08/06"}},{"type":"Feature","geometry":{"type":"Point","coordinates":[-70.76859444,43.44871944]},"properties":{"group":"airport","dataStatus":"reference","color":"#9be1ff","title":"Southern Maine Health Care/Sanford","status":"Private use heliport","details":"Sanford, ME \u00b7 ME87 \u00b7 Privately owned \u00b7 375 ft elevation","provider":"FAA NASR 28-day subscription","sourceUrl":"https://www.faa.gov/air_traffic/flight_info/aeronav/Aero_Data/NASR_Subscription/2026-08-06/","faaId":"ME87","icao":"","facilityType":"Heliport","facilityUse":"private","state":"me","county":"York","effectiveDate":"2026/08/06"}},{"type":"Feature","geometry":{"type":"Point","coordinates":[-67.07442527,44.99174472]},"properties":{"group":"airport","dataStatus":"reference","color":"#9be1ff","title":"Morrison'S","status":"Private use airport","details":"Perry, ME \u00b7 ME88 \u00b7 Privately owned \u00b7 200 ft elevation","provider":"FAA NASR 28-day subscription","sourceUrl":"https://www.faa.gov/air_traffic/flight_info/aeronav/Aero_Data/NASR_Subscription/2026-08-06/","faaId":"ME88","icao":"","facilityType":"Airport","facilityUse":"private","state":"me","county":"Washington","effectiveDate":"2026/08/06"}},{"type":"Feature","geometry":{"type":"Point","coordinates":[-70.96812,43.60841194]},"properties":{"group":"airport","dataStatus":"reference","color":"#9be1ff","title":"Buzzy'S Fld","status":"Private use airport","details":"Acton, ME \u00b7 ME89 \u00b7 Privately owned \u00b7 650 ft elevation","provider":"FAA NASR 28-day subscription","sourceUrl":"https://www.faa.gov/air_traffic/flight_info/aeronav/Aero_Data/NASR_Subscription/2026-08-06/","faaId":"ME89","icao":"","facilityType":"Airport","facilityUse":"private","state":"me","county":"York","effectiveDate":"2026/08/06"}},{"type":"Feature","geometry":{"type":"Point","coordinates":[-70.69644638,43.61313527]},"properties":{"group":"airport","dataStatus":"reference","color":"#9be1ff","title":"Little Ossipee Lake","status":"Private use seaplane base","details":"Waterboro Center, ME \u00b7 ME90 \u00b7 Privately owned \u00b7 311 ft elevation","provider":"FAA NASR 28-day subscription","sourceUrl":"https://www.faa.gov/air_traffic/flight_info/aeronav/Aero_Data/NASR_Subscription/2026-08-06/","faaId":"ME90","icao":"","facilityType":"Seaplane base","facilityUse":"private","state":"me","county":"York","effectiveDate":"2026/08/06"}},{"type":"Feature","geometry":{"type":"Point","coordinates":[-70.49560833,43.67507972]},"properties":{"group":"airport","dataStatus":"reference","color":"#9be1ff","title":"Webster Fld","status":"Private use airport","details":"Gorham, ME \u00b7 ME91 \u00b7 Privately owned \u00b7 200 ft elevation","provider":"FAA NASR 28-day subscription","sourceUrl":"https://www.faa.gov/air_traffic/flight_info/aeronav/Aero_Data/NASR_Subscription/2026-08-06/","faaId":"ME91","icao":"","facilityType":"Airport","facilityUse":"private","state":"me","county":"Cumberland","effectiveDate":"2026/08/06"}},{"type":"Feature","geometry":{"type":"Point","coordinates":[-70.22228194,44.51673027]},"properties":{"group":"airport","dataStatus":"reference","color":"#9be1ff","title":"Hilltop","status":"Private use airport","details":"Jay, ME \u00b7 ME92 \u00b7 Privately owned \u00b7 600 ft elevation","provider":"FAA NASR 28-day subscription","sourceUrl":"https://www.faa.gov/air_traffic/flight_info/aeronav/Aero_Data/NASR_Subscription/2026-08-06/","faaId":"ME92","icao":"","facilityType":"Airport","facilityUse":"private","state":"me","county":"Franklin","effectiveDate":"2026/08/06"}},{"type":"Feature","geometry":{"type":"Point","coordinates":[-70.40382777,43.53851388]},"properties":{"group":"airport","dataStatus":"reference","color":"#9be1ff","title":"Beaulieu","status":"Private use heliport","details":"Old Orchard Beach, ME \u00b7 ME93 \u00b7 Privately owned \u00b7 56 ft elevation","provider":"FAA NASR 28-day subscription","sourceUrl":"https://www.faa.gov/air_traffic/flight_info/aeronav/Aero_Data/NASR_Subscription/2026-08-06/","faaId":"ME93","icao":"","facilityType":"Heliport","facilityUse":"private","state":"me","county":"York","effectiveDate":"2026/08/06"}},{"type":"Feature","geometry":{"type":"Point","coordinates":[-70.65066944,43.14158333]},"properties":{"group":"airport","dataStatus":"reference","color":"#9be1ff","title":"York Hospital","status":"Private use heliport","details":"York, ME \u00b7 ME94 \u00b7 Privately owned \u00b7 72 ft elevation","provider":"FAA NASR 28-day subscription","sourceUrl":"https://www.faa.gov/air_traffic/flight_info/aeronav/Aero_Data/NASR_Subscription/2026-08-06/","faaId":"ME94","icao":"","facilityType":"Heliport","facilityUse":"private","state":"me","county":"York","effectiveDate":"2026/08/06"}},{"type":"Feature","geometry":{"type":"Point","coordinates":[-70.21507222,44.10323333]},"properties":{"group":"airport","dataStatus":"reference","color":"#9be1ff","title":"Cmmc Air Ambulance Landing Site","status":"Private use heliport","details":"Lewiston, ME \u00b7 ME95 \u00b7 Privately owned \u00b7 241 ft elevation","provider":"FAA NASR 28-day subscription","sourceUrl":"https://www.faa.gov/air_traffic/flight_info/aeronav/Aero_Data/NASR_Subscription/2026-08-06/","faaId":"ME95","icao":"","facilityType":"Heliport","facilityUse":"private","state":"me","county":"Androscoggin","effectiveDate":"2026/08/06"}},{"type":"Feature","geometry":{"type":"Point","coordinates":[-70.16728611,43.68585277]},"properties":{"group":"airport","dataStatus":"reference","color":"#9be1ff","title":"Long Island","status":"Private use heliport","details":"Long Island, ME \u00b7 ME98 \u00b7 Privately owned \u00b7 65 ft elevation","provider":"FAA NASR 28-day subscription","sourceUrl":"https://www.faa.gov/air_traffic/flight_info/aeronav/Aero_Data/NASR_Subscription/2026-08-06/","faaId":"ME98","icao":"","facilityType":"Heliport","facilityUse":"private","state":"me","county":"Cumberland","effectiveDate":"2026/08/06"}},{"type":"Feature","geometry":{"type":"Point","coordinates":[-71.43575,42.93280555]},"properties":{"group":"airport","dataStatus":"reference","color":"#9be1ff","title":"Manchester Boston Rgnl","status":"Public use airport","details":"Manchester, NH \u00b7 MHT / KMHT \u00b7 Publicly owned \u00b7 266.4 ft elevation","provider":"FAA NASR 28-day subscription","sourceUrl":"https://www.faa.gov/air_traffic/flight_info/aeronav/Aero_Data/NASR_Subscription/2026-08-06/","faaId":"MHT","icao":"KMHT","facilityType":"Airport","facilityUse":"public","state":"nh","county":"Hillsborough","effectiveDate":"2026/08/06"}},{"type":"Feature","geometry":{"type":"Point","coordinates":[-68.68555555,45.64783333]},"properties":{"group":"airport","dataStatus":"reference","color":"#9be1ff","title":"Millinocket Muni","status":"Public use airport","details":"Millinocket, ME \u00b7 MLT / KMLT \u00b7 Publicly owned \u00b7 408.1 ft elevation","provider":"FAA NASR 28-day subscription","sourceUrl":"https://www.faa.gov/air_traffic/flight_info/aeronav/Aero_Data/NASR_Subscription/2026-08-06/","faaId":"MLT","icao":"KMLT","facilityType":"Airport","facilityUse":"public","state":"me","county":"Penobscot","effectiveDate":"2026/08/06"}},{"type":"Feature","geometry":{"type":"Point","coordinates":[-72.82947833,41.50871472]},"properties":{"group":"airport","dataStatus":"reference","color":"#9be1ff","title":"Meriden Markham Muni","status":"Public use airport","details":"Meriden, CT \u00b7 MMK / KMMK \u00b7 Publicly owned \u00b7 103 ft elevation","provider":"FAA NASR 28-day subscription","sourceUrl":"https://www.faa.gov/air_traffic/flight_info/aeronav/Aero_Data/NASR_Subscription/2026-08-06/","faaId":"MMK","icao":"KMMK","facilityType":"Airport","facilityUse":"public","state":"ct","county":"New Haven","effectiveDate":"2026/08/06"}},{"type":"Feature","geometry":{"type":"Point","coordinates":[-72.56209638,44.20348916]},"properties":{"group":"airport","dataStatus":"reference","color":"#9be1ff","title":"Edward F Knapp State","status":"Public use airport","details":"Barre/Montpelier, VT \u00b7 MPV / KMPV \u00b7 Publicly owned \u00b7 1165.6 ft elevation","provider":"FAA NASR 28-day subscription","sourceUrl":"https://www.faa.gov/air_traffic/flight_info/aeronav/Aero_Data/NASR_Subscription/2026-08-06/","faaId":"MPV","icao":"KMPV","facilityType":"Airport","facilityUse":"public","state":"vt","county":"Washington","effectiveDate":"2026/08/06"}},{"type":"Feature","geometry":{"type":"Point","coordinates":[-72.61399194,44.53435472]},"properties":{"group":"airport","dataStatus":"reference","color":"#9be1ff","title":"Morrisville-Stowe State","status":"Public use airport","details":"Morrisville, VT \u00b7 MVL / KMVL \u00b7 Publicly owned \u00b7 732.9 ft elevation","provider":"FAA NASR 28-day subscription","sourceUrl":"https://www.faa.gov/air_traffic/flight_info/aeronav/Aero_Data/NASR_Subscription/2026-08-06/","faaId":"MVL","icao":"KMVL","facilityType":"Airport","facilityUse":"public","state":"vt","county":"Lamoille","effectiveDate":"2026/08/06"}},{"type":"Feature","geometry":{"type":"Point","coordinates":[-67.47859027,44.70309555]},"properties":{"group":"airport","dataStatus":"reference","color":"#9be1ff","title":"Machias Valley","status":"Public use airport","details":"Machias, ME \u00b7 MVM / KMVM \u00b7 Publicly owned \u00b7 96.2 ft elevation","provider":"FAA NASR 28-day subscription","sourceUrl":"https://www.faa.gov/air_traffic/flight_info/aeronav/Aero_Data/NASR_Subscription/2026-08-06/","faaId":"MVM","icao":"KMVM","facilityType":"Airport","facilityUse":"public","state":"me","county":"Washington","effectiveDate":"2026/08/06"}},{"type":"Feature","geometry":{"type":"Point","coordinates":[-70.61387444,41.3934175]},"properties":{"group":"airport","dataStatus":"reference","color":"#9be1ff","title":"Martha'S Vineyard","status":"Public use airport","details":"Vineyard Haven, MA \u00b7 MVY / KMVY \u00b7 Publicly owned \u00b7 66.9 ft elevation","provider":"FAA NASR 28-day subscription","sourceUrl":"https://www.faa.gov/air_traffic/flight_info/aeronav/Aero_Data/NASR_Subscription/2026-08-06/","faaId":"MVY","icao":"KMVY","facilityType":"Airport","facilityUse":"public","state":"ma","county":"Dukes","effectiveDate":"2026/08/06"}},{"type":"Feature","geometry":{"type":"Point","coordinates":[-73.11566555,41.72370805]},"properties":{"group":"airport","dataStatus":"reference","color":"#9be1ff","title":"Northfield","status":"Public use heliport","details":"Thomaston, CT \u00b7 N09 \u00b7 Privately owned \u00b7 903 ft elevation","provider":"FAA NASR 28-day subscription","sourceUrl":"https://www.faa.gov/air_traffic/flight_info/aeronav/Aero_Data/NASR_Subscription/2026-08-06/","faaId":"N09","icao":"","facilityType":"Heliport","facilityUse":"public","state":"ct","county":"Litchfield","effectiveDate":"2026/08/06"}},{"type":"Feature","geometry":{"type":"Point","coordinates":[-73.04677388,41.63343027]},"properties":{"group":"airport","dataStatus":"reference","color":"#9be1ff","title":"Mount Tobe","status":"Public use airport","details":"Waterbury, CT \u00b7 N41 \u00b7 Privately owned \u00b7 850 ft elevation","provider":"FAA NASR 28-day subscription","sourceUrl":"https://www.faa.gov/air_traffic/flight_info/aeronav/Aero_Data/NASR_Subscription/2026-08-06/","faaId":"N41","icao":"","facilityType":"Airport","facilityUse":"public","state":"ct","county":"Litchfield","effectiveDate":"2026/08/06"}},{"type":"Feature","geometry":{"type":"Point","coordinates":[-70.84626111,43.14179166]},"properties":{"group":"airport","dataStatus":"reference","color":"#9be1ff","title":"Bellamy River","status":"Private use seaplane base","details":"Dover, NH \u00b7 NH01 \u00b7 Privately owned \u00b7 0 ft elevation","provider":"FAA NASR 28-day subscription","sourceUrl":"https://www.faa.gov/air_traffic/flight_info/aeronav/Aero_Data/NASR_Subscription/2026-08-06/","faaId":"NH01","icao":"","facilityType":"Seaplane base","facilityUse":"private","state":"nh","county":"Strafford","effectiveDate":"2026/08/06"}},{"type":"Feature","geometry":{"type":"Point","coordinates":[-71.24530555,43.48241666]},"properties":{"group":"airport","dataStatus":"reference","color":"#9be1ff","title":"Puzzo-Lakewood","status":"Private use heliport","details":"Alton, NH \u00b7 NH02 \u00b7 Privately owned \u00b7 700 ft elevation","provider":"FAA NASR 28-day subscription","sourceUrl":"https://www.faa.gov/air_traffic/flight_info/aeronav/Aero_Data/NASR_Subscription/2026-08-06/","faaId":"NH02","icao":"","facilityType":"Heliport","facilityUse":"private","state":"nh","county":"Belknap","effectiveDate":"2026/08/06"}},{"type":"Feature","geometry":{"type":"Point","coordinates":[-71.36777777,42.79416666]},"properties":{"group":"airport","dataStatus":"reference","color":"#9be1ff","title":"Granite","status":"Private use heliport","details":"Hudson, NH \u00b7 NH03 \u00b7 Privately owned \u00b7 217 ft elevation","provider":"FAA NASR 28-day subscription","sourceUrl":"https://www.faa.gov/air_traffic/flight_info/aeronav/Aero_Data/NASR_Subscription/2026-08-06/","faaId":"NH03","icao":"","facilityType":"Heliport","facilityUse":"private","state":"nh","county":"Hillsborough","effectiveDate":"2026/08/06"}},{"type":"Feature","geometry":{"type":"Point","coordinates":[-71.61879722,42.80579722]},"properties":{"group":"airport","dataStatus":"reference","color":"#9be1ff","title":"Ciardelli Fld","status":"Private use heliport","details":"Milford, NH \u00b7 NH04 \u00b7 Privately owned \u00b7 458 ft elevation","provider":"FAA NASR 28-day subscription","sourceUrl":"https://www.faa.gov/air_traffic/flight_info/aeronav/Aero_Data/NASR_Subscription/2026-08-06/","faaId":"NH04","icao":"","facilityType":"Heliport","facilityUse":"private","state":"nh","county":"Hillsborough","effectiveDate":"2026/08/06"}},{"type":"Feature","geometry":{"type":"Point","coordinates":[-71.64698888,42.90071111]},"properties":{"group":"airport","dataStatus":"reference","color":"#9be1ff","title":"Seacoast Helicopters West","status":"Private use heliport","details":"Mont Vernon, NH \u00b7 NH05 \u00b7 Privately owned \u00b7 544 ft elevation","provider":"FAA NASR 28-day subscription","sourceUrl":"https://www.faa.gov/air_traffic/flight_info/aeronav/Aero_Data/NASR_Subscription/2026-08-06/","faaId":"NH05","icao":"","facilityType":"Heliport","facilityUse":"private","state":"nh","county":"Hillsborough","effectiveDate":"2026/08/06"}},{"type":"Feature","geometry":{"type":"Point","coordinates":[-71.45661111,43.28036111]},"properties":{"group":"airport","dataStatus":"reference","color":"#9be1ff","title":"Cooper Farm","status":"Private use airport","details":"Loudon, NH \u00b7 NH07 \u00b7 Privately owned \u00b7 485 ft elevation","provider":"FAA NASR 28-day subscription","sourceUrl":"https://www.faa.gov/air_traffic/flight_info/aeronav/Aero_Data/NASR_Subscription/2026-08-06/","faaId":"NH07","icao":"","facilityType":"Airport","facilityUse":"private","state":"nh","county":"Merrimack","effectiveDate":"2026/08/06"}},{"type":"Feature","geometry":{"type":"Point","coordinates":[-71.57500833,44.69329166]},"properties":{"group":"airport","dataStatus":"reference","color":"#9be1ff","title":"Marbina Woods","status":"Private use heliport","details":"North Stratford, NH \u00b7 NH08 \u00b7 Privately owned \u00b7 1429 ft elevation","provider":"FAA NASR 28-day subscription","sourceUrl":"https://www.faa.gov/air_traffic/flight_info/aeronav/Aero_Data/NASR_Subscription/2026-08-06/","faaId":"NH08","icao":"","facilityType":"Heliport","facilityUse":"private","state":"nh","county":"Coos","effectiveDate":"2026/08/06"}},{"type":"Feature","geometry":{"type":"Point","coordinates":[-71.88883333,43.961]},"properties":{"group":"airport","dataStatus":"reference","color":"#9be1ff","title":"Swain Hill","status":"Private use heliport","details":"Warren, NH \u00b7 NH11 \u00b7 Privately owned \u00b7 1110 ft elevation","provider":"FAA NASR 28-day subscription","sourceUrl":"https://www.faa.gov/air_traffic/flight_info/aeronav/Aero_Data/NASR_Subscription/2026-08-06/","faaId":"NH11","icao":"","facilityType":"Heliport","facilityUse":"private","state":"nh","county":"Grafton","effectiveDate":"2026/08/06"}},{"type":"Feature","geometry":{"type":"Point","coordinates":[-71.46990833,43.03735277]},"properties":{"group":"airport","dataStatus":"reference","color":"#9be1ff","title":"Evans","status":"Private use seaplane base","details":"Manchester, NH \u00b7 NH12 \u00b7 Privately owned \u00b7 182 ft elevation","provider":"FAA NASR 28-day subscription","sourceUrl":"https://www.faa.gov/air_traffic/flight_info/aeronav/Aero_Data/NASR_Subscription/2026-08-06/","faaId":"NH12","icao":"","facilityType":"Seaplane base","facilityUse":"private","state":"nh","county":"Merrimack","effectiveDate":"2026/08/06"}},{"type":"Feature","geometry":{"type":"Point","coordinates":[-71.56064166,43.19751666]},"properties":{"group":"airport","dataStatus":"reference","color":"#9be1ff","title":"Concord Hospital","status":"Private use heliport","details":"Concord, NH \u00b7 NH13 \u00b7 Privately owned \u00b7 411 ft elevation","provider":"FAA NASR 28-day subscription","sourceUrl":"https://www.faa.gov/air_traffic/flight_info/aeronav/Aero_Data/NASR_Subscription/2026-08-06/","faaId":"NH13","icao":"","facilityType":"Heliport","facilityUse":"private","state":"nh","county":"Merrimack","effectiveDate":"2026/08/06"}},{"type":"Feature","geometry":{"type":"Point","coordinates":[-71.86111111,42.92944444]},"properties":{"group":"airport","dataStatus":"reference","color":"#9be1ff","title":"Parker Intl","status":"Private use heliport","details":"Greenfield, NH \u00b7 NH14 \u00b7 Privately owned \u00b7 1065 ft elevation","provider":"FAA NASR 28-day subscription","sourceUrl":"https://www.faa.gov/air_traffic/flight_info/aeronav/Aero_Data/NASR_Subscription/2026-08-06/","faaId":"NH14","icao":"","facilityType":"Heliport","facilityUse":"private","state":"nh","county":"Belknap","effectiveDate":"2026/08/06"}},{"type":"Feature","geometry":{"type":"Point","coordinates":[-71.7075725,42.74175416]},"properties":{"group":"airport","dataStatus":"reference","color":"#9be1ff","title":"Brookline","status":"Private use airport","details":"Brookline, NH \u00b7 NH16 \u00b7 Privately owned \u00b7 415 ft elevation","provider":"FAA NASR 28-day subscription","sourceUrl":"https://www.faa.gov/air_traffic/flight_info/aeronav/Aero_Data/NASR_Subscription/2026-08-06/","faaId":"NH16","icao":"","facilityType":"Airport","facilityUse":"private","state":"nh","county":"Hillsborough","effectiveDate":"2026/08/06"}},{"type":"Feature","geometry":{"type":"Point","coordinates":[-71.71761111,42.72756666]},"properties":{"group":"airport","dataStatus":"reference","color":"#9be1ff","title":"Zim","status":"Private use airport","details":"Mason, NH \u00b7 NH17 \u00b7 Privately owned \u00b7 560 ft elevation","provider":"FAA NASR 28-day subscription","sourceUrl":"https://www.faa.gov/air_traffic/flight_info/aeronav/Aero_Data/NASR_Subscription/2026-08-06/","faaId":"NH17","icao":"","facilityType":"Airport","facilityUse":"private","state":"nh","county":"Hillsborough","effectiveDate":"2026/08/06"}},{"type":"Feature","geometry":{"type":"Point","coordinates":[-71.15117916,43.73340972]},"properties":{"group":"airport","dataStatus":"reference","color":"#9be1ff","title":"Chickville","status":"Private use airport","details":"Center Ossipee, NH \u00b7 NH18 \u00b7 Privately owned \u00b7 560 ft elevation","provider":"FAA NASR 28-day subscription","sourceUrl":"https://www.faa.gov/air_traffic/flight_info/aeronav/Aero_Data/NASR_Subscription/2026-08-06/","faaId":"NH18","icao":"","facilityType":"Airport","facilityUse":"private","state":"nh","county":"Carroll","effectiveDate":"2026/08/06"}},{"type":"Feature","geometry":{"type":"Point","coordinates":[-72.35231333,43.54312666]},"properties":{"group":"airport","dataStatus":"reference","color":"#9be1ff","title":"Air-Wood","status":"Private use heliport","details":"Plainfield, NH \u00b7 NH19 \u00b7 Privately owned \u00b7 540 ft elevation","provider":"FAA NASR 28-day subscription","sourceUrl":"https://www.faa.gov/air_traffic/flight_info/aeronav/Aero_Data/NASR_Subscription/2026-08-06/","faaId":"NH19","icao":"","facilityType":"Heliport","facilityUse":"private","state":"nh","county":"Sullivan","effectiveDate":"2026/08/06"}},{"type":"Feature","geometry":{"type":"Point","coordinates":[-71.167875,44.14908888]},"properties":{"group":"airport","dataStatus":"reference","color":"#9be1ff","title":"Abbott","status":"Private use heliport","details":"Jackson, NH \u00b7 NH21 \u00b7 Privately owned \u00b7 1303 ft elevation","provider":"FAA NASR 28-day subscription","sourceUrl":"https://www.faa.gov/air_traffic/flight_info/aeronav/Aero_Data/NASR_Subscription/2026-08-06/","faaId":"NH21","icao":"","facilityType":"Heliport","facilityUse":"private","state":"nh","county":"Carroll","effectiveDate":"2026/08/06"}},{"type":"Feature","geometry":{"type":"Point","coordinates":[-71.56925111,44.50366805]},"properties":{"group":"airport","dataStatus":"reference","color":"#9be1ff","title":"Lancaster","status":"Private use heliport","details":"Lancaster, NH \u00b7 NH22 \u00b7 Privately owned \u00b7 860 ft elevation","provider":"FAA NASR 28-day subscription","sourceUrl":"https://www.faa.gov/air_traffic/flight_info/aeronav/Aero_Data/NASR_Subscription/2026-08-06/","faaId":"NH22","icao":"","facilityType":"Heliport","facilityUse":"private","state":"nh","county":"Coos","effectiveDate":"2026/08/06"}},{"type":"Feature","geometry":{"type":"Point","coordinates":[-72.02447777,44.13540833]},"properties":{"group":"airport","dataStatus":"reference","color":"#9be1ff","title":"Cottage Hospital","status":"Private use heliport","details":"Woodsville, NH \u00b7 NH23 \u00b7 Privately owned \u00b7 551 ft elevation","provider":"FAA NASR 28-day subscription","sourceUrl":"https://www.faa.gov/air_traffic/flight_info/aeronav/Aero_Data/NASR_Subscription/2026-08-06/","faaId":"NH23","icao":"","facilityType":"Heliport","facilityUse":"private","state":"nh","county":"Grafton","effectiveDate":"2026/08/06"}},{"type":"Feature","geometry":{"type":"Point","coordinates":[-71.99611111,43.54527777]},"properties":{"group":"airport","dataStatus":"reference","color":"#9be1ff","title":"Prescott Hill","status":"Private use heliport","details":"Grafton, NH \u00b7 NH24 \u00b7 Privately owned \u00b7 1460 ft elevation","provider":"FAA NASR 28-day subscription","sourceUrl":"https://www.faa.gov/air_traffic/flight_info/aeronav/Aero_Data/NASR_Subscription/2026-08-06/","faaId":"NH24","icao":"","facilityType":"Heliport","facilityUse":"private","state":"nh","county":"Grafton","effectiveDate":"2026/08/06"}},{"type":"Feature","geometry":{"type":"Point","coordinates":[-71.43953611,43.13226666]},"properties":{"group":"airport","dataStatus":"reference","color":"#9be1ff","title":"Tsam","status":"Private use heliport","details":"Pembroke, NH \u00b7 NH25 \u00b7 Privately owned \u00b7 302 ft elevation","provider":"FAA NASR 28-day subscription","sourceUrl":"https://www.faa.gov/air_traffic/flight_info/aeronav/Aero_Data/NASR_Subscription/2026-08-06/","faaId":"NH25","icao":"","facilityType":"Heliport","facilityUse":"private","state":"nh","county":"Merrimack","effectiveDate":"2026/08/06"}},{"type":"Feature","geometry":{"type":"Point","coordinates":[-71.57303055,42.97080555]},"properties":{"group":"airport","dataStatus":"reference","color":"#9be1ff","title":"Dragonwings","status":"Private use heliport","details":"Bedford, NH \u00b7 NH26 \u00b7 Privately owned \u00b7 666 ft elevation","provider":"FAA NASR 28-day subscription","sourceUrl":"https://www.faa.gov/air_traffic/flight_info/aeronav/Aero_Data/NASR_Subscription/2026-08-06/","faaId":"NH26","icao":"","facilityType":"Heliport","facilityUse":"private","state":"nh","county":"Hillsborough","effectiveDate":"2026/08/06"}},{"type":"Feature","geometry":{"type":"Point","coordinates":[-71.201725,43.58226111]},"properties":{"group":"airport","dataStatus":"reference","color":"#9be1ff","title":"Huggins Hospital","status":"Private use heliport","details":"Wolfeboro, NH \u00b7 NH27 \u00b7 Privately owned \u00b7 570 ft elevation","provider":"FAA NASR 28-day subscription","sourceUrl":"https://www.faa.gov/air_traffic/flight_info/aeronav/Aero_Data/NASR_Subscription/2026-08-06/","faaId":"NH27","icao":"","facilityType":"Heliport","facilityUse":"private","state":"nh","county":"Carroll","effectiveDate":"2026/08/06"}},{"type":"Feature","geometry":{"type":"Point","coordinates":[-71.91733333,43.11]},"properties":{"group":"airport","dataStatus":"reference","color":"#9be1ff","title":"Hillsboro Ford","status":"Private use heliport","details":"Hillsboro, NH \u00b7 NH28 \u00b7 Privately owned \u00b7 551 ft elevation","provider":"FAA NASR 28-day subscription","sourceUrl":"https://www.faa.gov/air_traffic/flight_info/aeronav/Aero_Data/NASR_Subscription/2026-08-06/","faaId":"NH28","icao":"","facilityType":"Heliport","facilityUse":"private","state":"nh","county":"Hillsborough","effectiveDate":"2026/08/06"}},{"type":"Feature","geometry":{"type":"Point","coordinates":[-72.2089,43.58247222]},"properties":{"group":"airport","dataStatus":"reference","color":"#9be1ff","title":"Hollander'S","status":"Private use heliport","details":"Plainfield, NH \u00b7 NH29 \u00b7 Privately owned \u00b7 1351 ft elevation","provider":"FAA NASR 28-day subscription","sourceUrl":"https://www.faa.gov/air_traffic/flight_info/aeronav/Aero_Data/NASR_Subscription/2026-08-06/","faaId":"NH29","icao":"","facilityType":"Heliport","facilityUse":"private","state":"nh","county":"Sullivan","effectiveDate":"2026/08/06"}},{"type":"Feature","geometry":{"type":"Point","coordinates":[-71.40272222,43.6755]},"properties":{"group":"airport","dataStatus":"reference","color":"#9be1ff","title":"Avery Point","status":"Private use airport","details":"Moultonborough, NH \u00b7 NH30 \u00b7 Privately owned \u00b7 505 ft elevation","provider":"FAA NASR 28-day subscription","sourceUrl":"https://www.faa.gov/air_traffic/flight_info/aeronav/Aero_Data/NASR_Subscription/2026-08-06/","faaId":"NH30","icao":"","facilityType":"Airport","facilityUse":"private","state":"nh","county":"Carroll","effectiveDate":"2026/08/06"}},{"type":"Feature","geometry":{"type":"Point","coordinates":[-71.14951194,43.6500775]},"properties":{"group":"airport","dataStatus":"reference","color":"#9be1ff","title":"Mountain View Fld","status":"Private use airport","details":"Wolfeboro, NH \u00b7 NH31 \u00b7 Privately owned \u00b7 965 ft elevation","provider":"FAA NASR 28-day subscription","sourceUrl":"https://www.faa.gov/air_traffic/flight_info/aeronav/Aero_Data/NASR_Subscription/2026-08-06/","faaId":"NH31","icao":"","facilityType":"Airport","facilityUse":"private","state":"nh","county":"Carroll","effectiveDate":"2026/08/06"}},{"type":"Feature","geometry":{"type":"Point","coordinates":[-71.47729222,43.19591472]},"properties":{"group":"airport","dataStatus":"reference","color":"#9be1ff","title":"Brigham","status":"Private use heliport","details":"Pembroke, NH \u00b7 NH33 \u00b7 Privately owned \u00b7 360 ft elevation","provider":"FAA NASR 28-day subscription","sourceUrl":"https://www.faa.gov/air_traffic/flight_info/aeronav/Aero_Data/NASR_Subscription/2026-08-06/","faaId":"NH33","icao":"","facilityType":"Heliport","facilityUse":"private","state":"nh","county":"Merrimack","effectiveDate":"2026/08/06"}},{"type":"Feature","geometry":{"type":"Point","coordinates":[-71.46533611,42.99239444]},"properties":{"group":"airport","dataStatus":"reference","color":"#9be1ff","title":"Brady Sullivan-Elm Helistop","status":"Private use heliport","details":"Manchester, NH \u00b7 NH34 \u00b7 Privately owned \u00b7 250 ft elevation","provider":"FAA NASR 28-day subscription","sourceUrl":"https://www.faa.gov/air_traffic/flight_info/aeronav/Aero_Data/NASR_Subscription/2026-08-06/","faaId":"NH34","icao":"","facilityType":"Heliport","facilityUse":"private","state":"nh","county":"Hillsborough","effectiveDate":"2026/08/06"}},{"type":"Feature","geometry":{"type":"Point","coordinates":[-71.554,44.4865]},"properties":{"group":"airport","dataStatus":"reference","color":"#9be1ff","title":"Weeks Medical Center","status":"Private use heliport","details":"Lancaster, NH \u00b7 NH36 \u00b7 Privately owned \u00b7 1009 ft elevation","provider":"FAA NASR 28-day subscription","sourceUrl":"https://www.faa.gov/air_traffic/flight_info/aeronav/Aero_Data/NASR_Subscription/2026-08-06/","faaId":"NH36","icao":"","facilityType":"Heliport","facilityUse":"private","state":"nh","county":"Coos","effectiveDate":"2026/08/06"}},{"type":"Feature","geometry":{"type":"Point","coordinates":[-71.46156666,42.75557777]},"properties":{"group":"airport","dataStatus":"reference","color":"#9be1ff","title":"Southern Nh Medical Center","status":"Private use heliport","details":"Nashua, NH \u00b7 NH37 \u00b7 Privately owned \u00b7 192 ft elevation","provider":"FAA NASR 28-day subscription","sourceUrl":"https://www.faa.gov/air_traffic/flight_info/aeronav/Aero_Data/NASR_Subscription/2026-08-06/","faaId":"NH37","icao":"","facilityType":"Heliport","facilityUse":"private","state":"nh","county":"Hillsborough","effectiveDate":"2026/08/06"}},{"type":"Feature","geometry":{"type":"Point","coordinates":[-71.1697925,43.97257111]},"properties":{"group":"airport","dataStatus":"reference","color":"#9be1ff","title":"Dolittle Fld","status":"Private use airport","details":"Albany, NH \u00b7 NH38 \u00b7 Privately owned \u00b7 860 ft elevation","provider":"FAA NASR 28-day subscription","sourceUrl":"https://www.faa.gov/air_traffic/flight_info/aeronav/Aero_Data/NASR_Subscription/2026-08-06/","faaId":"NH38","icao":"","facilityType":"Airport","facilityUse":"private","state":"nh","county":"Carroll","effectiveDate":"2026/08/06"}},{"type":"Feature","geometry":{"type":"Point","coordinates":[-72.42981,43.03341305]},"properties":{"group":"airport","dataStatus":"reference","color":"#9be1ff","title":"Frank D Comerford","status":"Private use airport","details":"Walpole, NH \u00b7 NH39 \u00b7 Privately owned \u00b7 640 ft elevation","provider":"FAA NASR 28-day subscription","sourceUrl":"https://www.faa.gov/air_traffic/flight_info/aeronav/Aero_Data/NASR_Subscription/2026-08-06/","faaId":"NH39","icao":"","facilityType":"Airport","facilityUse":"private","state":"nh","county":"Cheshire","effectiveDate":"2026/08/06"}},{"type":"Feature","geometry":{"type":"Point","coordinates":[-71.94864444,43.40451111]},"properties":{"group":"airport","dataStatus":"reference","color":"#9be1ff","title":"Eagles Nest","status":"Private use airport","details":"New London, NH \u00b7 NH40 \u00b7 Privately owned \u00b7 973 ft elevation","provider":"FAA NASR 28-day subscription","sourceUrl":"https://www.faa.gov/air_traffic/flight_info/aeronav/Aero_Data/NASR_Subscription/2026-08-06/","faaId":"NH40","icao":"","facilityType":"Airport","facilityUse":"private","state":"nh","county":"Merrimack","effectiveDate":"2026/08/06"}},{"type":"Feature","geometry":{"type":"Point","coordinates":[-71.94111666,42.89251388]},"properties":{"group":"airport","dataStatus":"reference","color":"#9be1ff","title":"Monadnock Community Hospital","status":"Private use heliport","details":"Peterborough, NH \u00b7 NH47 \u00b7 Privately owned \u00b7 805 ft elevation","provider":"FAA NASR 28-day subscription","sourceUrl":"https://www.faa.gov/air_traffic/flight_info/aeronav/Aero_Data/NASR_Subscription/2026-08-06/","faaId":"NH47","icao":"","facilityType":"Heliport","facilityUse":"private","state":"nh","county":"Hillsborough","effectiveDate":"2026/08/06"}},{"type":"Feature","geometry":{"type":"Point","coordinates":[-71.43772222,42.98494444]},"properties":{"group":"airport","dataStatus":"reference","color":"#9be1ff","title":"Elliot Hospital","status":"Private use heliport","details":"Manchester, NH \u00b7 NH48 \u00b7 Privately owned \u00b7 329 ft elevation","provider":"FAA NASR 28-day subscription","sourceUrl":"https://www.faa.gov/air_traffic/flight_info/aeronav/Aero_Data/NASR_Subscription/2026-08-06/","faaId":"NH48","icao":"","facilityType":"Heliport","facilityUse":"private","state":"nh","county":"Hillsborough","effectiveDate":"2026/08/06"}},{"type":"Feature","geometry":{"type":"Point","coordinates":[-71.67952416,43.97034583]},"properties":{"group":"airport","dataStatus":"reference","color":"#9be1ff","title":"Bradley Fld","status":"Private use airport","details":"Woodstock, NH \u00b7 NH49 \u00b7 Privately owned \u00b7 650 ft elevation","provider":"FAA NASR 28-day subscription","sourceUrl":"https://www.faa.gov/air_traffic/flight_info/aeronav/Aero_Data/NASR_Subscription/2026-08-06/","faaId":"NH49","icao":"","facilityType":"Airport","facilityUse":"private","state":"nh","county":"Grafton","effectiveDate":"2026/08/06"}},{"type":"Feature","geometry":{"type":"Point","coordinates":[-71.15686944,44.15593611]},"properties":{"group":"airport","dataStatus":"reference","color":"#9be1ff","title":"Wickson","status":"Private use heliport","details":"Jackson, NH \u00b7 NH51 \u00b7 Privately owned \u00b7 1650 ft elevation","provider":"FAA NASR 28-day subscription","sourceUrl":"https://www.faa.gov/air_traffic/flight_info/aeronav/Aero_Data/NASR_Subscription/2026-08-06/","faaId":"NH51","icao":"","facilityType":"Heliport","facilityUse":"private","state":"nh","county":"Carroll","effectiveDate":"2026/08/06"}},{"type":"Feature","geometry":{"type":"Point","coordinates":[-71.31534572,42.87716927]},"properties":{"group":"airport","dataStatus":"reference","color":"#9be1ff","title":"Parkland Medical Center","status":"Private use heliport","details":"Derry, NH \u00b7 NH54 \u00b7 Privately owned \u00b7 274 ft elevation","provider":"FAA NASR 28-day subscription","sourceUrl":"https://www.faa.gov/air_traffic/flight_info/aeronav/Aero_Data/NASR_Subscription/2026-08-06/","faaId":"NH54","icao":"","facilityType":"Heliport","facilityUse":"private","state":"nh","county":"Rockingham","effectiveDate":"2026/08/06"}},{"type":"Feature","geometry":{"type":"Point","coordinates":[-70.87414286,43.21441352]},"properties":{"group":"airport","dataStatus":"reference","color":"#9be1ff","title":"Wentworth-Douglass Hospital","status":"Private use heliport","details":"Dover, NH \u00b7 NH56 \u00b7 Privately owned \u00b7 147 ft elevation","provider":"FAA NASR 28-day subscription","sourceUrl":"https://www.faa.gov/air_traffic/flight_info/aeronav/Aero_Data/NASR_Subscription/2026-08-06/","faaId":"NH56","icao":"","facilityType":"Heliport","facilityUse":"private","state":"nh","county":"Strafford","effectiveDate":"2026/08/06"}},{"type":"Feature","geometry":{"type":"Point","coordinates":[-70.93623611,42.981975]},"properties":{"group":"airport","dataStatus":"reference","color":"#9be1ff","title":"Exeter Hospital","status":"Private use heliport","details":"Exeter, NH \u00b7 NH57 \u00b7 Privately owned \u00b7 78 ft elevation","provider":"FAA NASR 28-day subscription","sourceUrl":"https://www.faa.gov/air_traffic/flight_info/aeronav/Aero_Data/NASR_Subscription/2026-08-06/","faaId":"NH57","icao":"","facilityType":"Heliport","facilityUse":"private","state":"nh","county":"Rockingham","effectiveDate":"2026/08/06"}},{"type":"Feature","geometry":{"type":"Point","coordinates":[-71.65311666,42.95905555]},"properties":{"group":"airport","dataStatus":"reference","color":"#9be1ff","title":"Huff Meml","status":"Private use airport","details":"New Boston, NH \u00b7 NH60 \u00b7 Privately owned \u00b7 840 ft elevation","provider":"FAA NASR 28-day subscription","sourceUrl":"https://www.faa.gov/air_traffic/flight_info/aeronav/Aero_Data/NASR_Subscription/2026-08-06/","faaId":"NH60","icao":"","facilityType":"Airport","facilityUse":"private","state":"nh","county":"Hillsborough","effectiveDate":"2026/08/06"}},{"type":"Feature","geometry":{"type":"Point","coordinates":[-71.18117194,42.967475]},"properties":{"group":"airport","dataStatus":"reference","color":"#9be1ff","title":"New Poverty Flats","status":"Private use airport","details":"Chester, NH \u00b7 NH61 \u00b7 Privately owned \u00b7 188 ft elevation","provider":"FAA NASR 28-day subscription","sourceUrl":"https://www.faa.gov/air_traffic/flight_info/aeronav/Aero_Data/NASR_Subscription/2026-08-06/","faaId":"NH61","icao":"","facilityType":"Airport","facilityUse":"private","state":"nh","county":"Rockingham","effectiveDate":"2026/08/06"}},{"type":"Feature","geometry":{"type":"Point","coordinates":[-71.26388888,43.62166666]},"properties":{"group":"airport","dataStatus":"reference","color":"#9be1ff","title":"Mirror Lake","status":"Private use seaplane base","details":"Tuftonboro, NH \u00b7 NH64 \u00b7 Privately owned \u00b7 509 ft elevation","provider":"FAA NASR 28-day subscription","sourceUrl":"https://www.faa.gov/air_traffic/flight_info/aeronav/Aero_Data/NASR_Subscription/2026-08-06/","faaId":"NH64","icao":"","facilityType":"Seaplane base","facilityUse":"private","state":"nh","county":"Carroll","effectiveDate":"2026/08/06"}},{"type":"Feature","geometry":{"type":"Point","coordinates":[-71.50840111,42.92230722]},"properties":{"group":"airport","dataStatus":"reference","color":"#9be1ff","title":"Dean Kamen Ii","status":"Private use heliport","details":"Bedford, NH \u00b7 NH65 \u00b7 Privately owned \u00b7 500 ft elevation","provider":"FAA NASR 28-day subscription","sourceUrl":"https://www.faa.gov/air_traffic/flight_info/aeronav/Aero_Data/NASR_Subscription/2026-08-06/","faaId":"NH65","icao":"","facilityType":"Heliport","facilityUse":"private","state":"nh","county":"Hillsborough","effectiveDate":"2026/08/06"}},{"type":"Feature","geometry":{"type":"Point","coordinates":[-71.06331091,42.91934933]},"properties":{"group":"airport","dataStatus":"reference","color":"#9be1ff","title":"Pleasant View","status":"Private use seaplane base","details":"Kingston, NH \u00b7 NH66 \u00b7 Privately owned \u00b7 117 ft elevation","provider":"FAA NASR 28-day subscription","sourceUrl":"https://www.faa.gov/air_traffic/flight_info/aeronav/Aero_Data/NASR_Subscription/2026-08-06/","faaId":"NH66","icao":"","facilityType":"Seaplane base","facilityUse":"private","state":"nh","county":"Rockingham","effectiveDate":"2026/08/06"}},{"type":"Feature","geometry":{"type":"Point","coordinates":[-71.00950222,42.97842083]},"properties":{"group":"airport","dataStatus":"reference","color":"#9be1ff","title":"Winterwood","status":"Private use airport","details":"Brentwood, NH \u00b7 NH67 \u00b7 Privately owned \u00b7 130 ft elevation","provider":"FAA NASR 28-day subscription","sourceUrl":"https://www.faa.gov/air_traffic/flight_info/aeronav/Aero_Data/NASR_Subscription/2026-08-06/","faaId":"NH67","icao":"","facilityType":"Airport","facilityUse":"private","state":"nh","county":"Rockingham","effectiveDate":"2026/08/06"}},{"type":"Feature","geometry":{"type":"Point","coordinates":[-71.17015555,43.47996944]},"properties":{"group":"airport","dataStatus":"reference","color":"#9be1ff","title":"Merrymeeting Lake","status":"Private use seaplane base","details":"New Durham, NH \u00b7 NH68 \u00b7 Privately owned \u00b7 647 ft elevation","provider":"FAA NASR 28-day subscription","sourceUrl":"https://www.faa.gov/air_traffic/flight_info/aeronav/Aero_Data/NASR_Subscription/2026-08-06/","faaId":"NH68","icao":"","facilityType":"Seaplane base","facilityUse":"private","state":"nh","county":"Strafford","effectiveDate":"2026/08/06"}},{"type":"Feature","geometry":{"type":"Point","coordinates":[-71.18482777,43.82625555]},"properties":{"group":"airport","dataStatus":"reference","color":"#9be1ff","title":"Windsock Village","status":"Private use airport","details":"West Ossipee, NH \u00b7 NH69 \u00b7 Privately owned \u00b7 460 ft elevation","provider":"FAA NASR 28-day subscription","sourceUrl":"https://www.faa.gov/air_traffic/flight_info/aeronav/Aero_Data/NASR_Subscription/2026-08-06/","faaId":"NH69","icao":"","facilityType":"Airport","facilityUse":"private","state":"nh","county":"Carroll","effectiveDate":"2026/08/06"}},{"type":"Feature","geometry":{"type":"Point","coordinates":[-71.15722222,44.0431]},"properties":{"group":"airport","dataStatus":"reference","color":"#9be1ff","title":"Forbes","status":"Private use heliport","details":"North Conway, NH \u00b7 NH70 \u00b7 Privately owned \u00b7 540 ft elevation","provider":"FAA NASR 28-day subscription","sourceUrl":"https://www.faa.gov/air_traffic/flight_info/aeronav/Aero_Data/NASR_Subscription/2026-08-06/","faaId":"NH70","icao":"","facilityType":"Heliport","facilityUse":"private","state":"nh","county":"Carroll","effectiveDate":"2026/08/06"}},{"type":"Feature","geometry":{"type":"Point","coordinates":[-71.17691388,43.79263333]},"properties":{"group":"airport","dataStatus":"reference","color":"#9be1ff","title":"Meader'S","status":"Private use heliport","details":"Center Ossipee, NH \u00b7 NH73 \u00b7 Privately owned \u00b7 420 ft elevation","provider":"FAA NASR 28-day subscription","sourceUrl":"https://www.faa.gov/air_traffic/flight_info/aeronav/Aero_Data/NASR_Subscription/2026-08-06/","faaId":"NH73","icao":"","facilityType":"Heliport","facilityUse":"private","state":"nh","county":"Carroll","effectiveDate":"2026/08/06"}},{"type":"Feature","geometry":{"type":"Point","coordinates":[-71.78423888,42.728975]},"properties":{"group":"airport","dataStatus":"reference","color":"#9be1ff","title":"Mason Airfield","status":"Private use airport","details":"Mason, NH \u00b7 NH76 \u00b7 Privately owned \u00b7 740 ft elevation","provider":"FAA NASR 28-day subscription","sourceUrl":"https://www.faa.gov/air_traffic/flight_info/aeronav/Aero_Data/NASR_Subscription/2026-08-06/","faaId":"NH76","icao":"","facilityType":"Airport","facilityUse":"private","state":"nh","county":"Hillsborough","effectiveDate":"2026/08/06"}},{"type":"Feature","geometry":{"type":"Point","coordinates":[-71.56545833,43.62538611]},"properties":{"group":"airport","dataStatus":"reference","color":"#9be1ff","title":"Smiling Jack","status":"Private use heliport","details":"Meredith, NH \u00b7 NH77 \u00b7 Privately owned \u00b7 712 ft elevation","provider":"FAA NASR 28-day subscription","sourceUrl":"https://www.faa.gov/air_traffic/flight_info/aeronav/Aero_Data/NASR_Subscription/2026-08-06/","faaId":"NH77","icao":"","facilityType":"Heliport","facilityUse":"private","state":"nh","county":"Belknap","effectiveDate":"2026/08/06"}},{"type":"Feature","geometry":{"type":"Point","coordinates":[-71.36923,42.7471725]},"properties":{"group":"airport","dataStatus":"reference","color":"#9be1ff","title":"Steck Farm","status":"Private use airport","details":"Pelham, NH \u00b7 NH78 \u00b7 Privately owned \u00b7 460 ft elevation","provider":"FAA NASR 28-day subscription","sourceUrl":"https://www.faa.gov/air_traffic/flight_info/aeronav/Aero_Data/NASR_Subscription/2026-08-06/","faaId":"NH78","icao":"","facilityType":"Airport","facilityUse":"private","state":"nh","county":"Hillsborough","effectiveDate":"2026/08/06"}},{"type":"Feature","geometry":{"type":"Point","coordinates":[-71.74115,42.82570833]},"properties":{"group":"airport","dataStatus":"reference","color":"#9be1ff","title":"Shanklin","status":"Private use heliport","details":"Wilton, NH \u00b7 NH80 \u00b7 Privately owned \u00b7 820 ft elevation","provider":"FAA NASR 28-day subscription","sourceUrl":"https://www.faa.gov/air_traffic/flight_info/aeronav/Aero_Data/NASR_Subscription/2026-08-06/","faaId":"NH80","icao":"","facilityType":"Heliport","facilityUse":"private","state":"nh","county":"Hillsborough","effectiveDate":"2026/08/06"}},{"type":"Feature","geometry":{"type":"Point","coordinates":[-71.64543055,43.44834166]},"properties":{"group":"airport","dataStatus":"reference","color":"#9be1ff","title":"Concord Hospital - Franklin","status":"Private use heliport","details":"Franklin, NH \u00b7 NH81 \u00b7 Privately owned \u00b7 480 ft elevation","provider":"FAA NASR 28-day subscription","sourceUrl":"https://www.faa.gov/air_traffic/flight_info/aeronav/Aero_Data/NASR_Subscription/2026-08-06/","faaId":"NH81","icao":"","facilityType":"Heliport","facilityUse":"private","state":"nh","county":"Merrimack","effectiveDate":"2026/08/06"}},{"type":"Feature","geometry":{"type":"Point","coordinates":[-72.27109722,43.67758888]},"properties":{"group":"airport","dataStatus":"reference","color":"#9be1ff","title":"Dartmouth Hitchcock Medical Center","status":"Private use heliport","details":"Lebanon, NH \u00b7 NH82 \u00b7 Privately owned \u00b7 708 ft elevation","provider":"FAA NASR 28-day subscription","sourceUrl":"https://www.faa.gov/air_traffic/flight_info/aeronav/Aero_Data/NASR_Subscription/2026-08-06/","faaId":"NH82","icao":"","facilityType":"Heliport","facilityUse":"private","state":"nh","county":"Grafton","effectiveDate":"2026/08/06"}},{"type":"Feature","geometry":{"type":"Point","coordinates":[-71.63805555,43.10944444]},"properties":{"group":"airport","dataStatus":"reference","color":"#9be1ff","title":"Chiefs Hut","status":"Private use heliport","details":"Dunbarton, NH \u00b7 NH83 \u00b7 Privately owned \u00b7 619 ft elevation","provider":"FAA NASR 28-day subscription","sourceUrl":"https://www.faa.gov/air_traffic/flight_info/aeronav/Aero_Data/NASR_Subscription/2026-08-06/","faaId":"NH83","icao":"","facilityType":"Heliport","facilityUse":"private","state":"nh","county":"Merrimack","effectiveDate":"2026/08/06"}},{"type":"Feature","geometry":{"type":"Point","coordinates":[-71.22115555,43.20758888]},"properties":{"group":"airport","dataStatus":"reference","color":"#9be1ff","title":"Northwood","status":"Private use airport","details":"Northwood, NH \u00b7 NH84 \u00b7 Privately owned \u00b7 640 ft elevation","provider":"FAA NASR 28-day subscription","sourceUrl":"https://www.faa.gov/air_traffic/flight_info/aeronav/Aero_Data/NASR_Subscription/2026-08-06/","faaId":"NH84","icao":"","facilityType":"Airport","facilityUse":"private","state":"nh","county":"Rockingham","effectiveDate":"2026/08/06"}},{"type":"Feature","geometry":{"type":"Point","coordinates":[-71.14618166,44.03340305]},"properties":{"group":"airport","dataStatus":"reference","color":"#9be1ff","title":"Sutton","status":"Private use heliport","details":"North Conway, NH \u00b7 NH85 \u00b7 Privately owned \u00b7 760 ft elevation","provider":"FAA NASR 28-day subscription","sourceUrl":"https://www.faa.gov/air_traffic/flight_info/aeronav/Aero_Data/NASR_Subscription/2026-08-06/","faaId":"NH85","icao":"","facilityType":"Heliport","facilityUse":"private","state":"nh","county":"Carroll","effectiveDate":"2026/08/06"}},{"type":"Feature","geometry":{"type":"Point","coordinates":[-71.7873,43.17508055]},"properties":{"group":"airport","dataStatus":"reference","color":"#9be1ff","title":"Intervale","status":"Private use airport","details":"Henniker, NH \u00b7 NH86 \u00b7 Privately owned \u00b7 425 ft elevation","provider":"FAA NASR 28-day subscription","sourceUrl":"https://www.faa.gov/air_traffic/flight_info/aeronav/Aero_Data/NASR_Subscription/2026-08-06/","faaId":"NH86","icao":"","facilityType":"Airport","facilityUse":"private","state":"nh","county":"Merrimack","effectiveDate":"2026/08/06"}},{"type":"Feature","geometry":{"type":"Point","coordinates":[-71.67880833,43.73378611]},"properties":{"group":"airport","dataStatus":"reference","color":"#9be1ff","title":"Blue Light","status":"Private use heliport","details":"Plymouth, NH \u00b7 NH87 \u00b7 Privately owned \u00b7 839 ft elevation","provider":"FAA NASR 28-day subscription","sourceUrl":"https://www.faa.gov/air_traffic/flight_info/aeronav/Aero_Data/NASR_Subscription/2026-08-06/","faaId":"NH87","icao":"","facilityType":"Heliport","facilityUse":"private","state":"nh","county":"Grafton","effectiveDate":"2026/08/06"}},{"type":"Feature","geometry":{"type":"Point","coordinates":[-71.61118305,43.06730444]},"properties":{"group":"airport","dataStatus":"reference","color":"#9be1ff","title":"Country Club Air Park","status":"Private use airport","details":"Goffstown, NH \u00b7 NH88 \u00b7 Privately owned \u00b7 780 ft elevation","provider":"FAA NASR 28-day subscription","sourceUrl":"https://www.faa.gov/air_traffic/flight_info/aeronav/Aero_Data/NASR_Subscription/2026-08-06/","faaId":"NH88","icao":"","facilityType":"Airport","facilityUse":"private","state":"nh","county":"Merrimack","effectiveDate":"2026/08/06"}},{"type":"Feature","geometry":{"type":"Point","coordinates":[-71.16673333,44.04383333]},"properties":{"group":"airport","dataStatus":"reference","color":"#9be1ff","title":"Cheney","status":"Private use heliport","details":"Hales Location, NH \u00b7 NH91 \u00b7 Privately owned \u00b7 600 ft elevation","provider":"FAA NASR 28-day subscription","sourceUrl":"https://www.faa.gov/air_traffic/flight_info/aeronav/Aero_Data/NASR_Subscription/2026-08-06/","faaId":"NH91","icao":"","facilityType":"Heliport","facilityUse":"private","state":"nh","county":"Carroll","effectiveDate":"2026/08/06"}},{"type":"Feature","geometry":{"type":"Point","coordinates":[-71.82677222,44.31758055]},"properties":{"group":"airport","dataStatus":"reference","color":"#9be1ff","title":"Littleton Rgnl Hospital","status":"Private use heliport","details":"Littleton, NH \u00b7 NH92 \u00b7 Privately owned \u00b7 1120 ft elevation","provider":"FAA NASR 28-day subscription","sourceUrl":"https://www.faa.gov/air_traffic/flight_info/aeronav/Aero_Data/NASR_Subscription/2026-08-06/","faaId":"NH92","icao":"","facilityType":"Heliport","facilityUse":"private","state":"nh","county":"Grafton","effectiveDate":"2026/08/06"}},{"type":"Feature","geometry":{"type":"Point","coordinates":[-71.69866666,42.805]},"properties":{"group":"airport","dataStatus":"reference","color":"#9be1ff","title":"Spring Creek","status":"Private use heliport","details":"Milford, NH \u00b7 NH94 \u00b7 Privately owned \u00b7 329 ft elevation","provider":"FAA NASR 28-day subscription","sourceUrl":"https://www.faa.gov/air_traffic/flight_info/aeronav/Aero_Data/NASR_Subscription/2026-08-06/","faaId":"NH94","icao":"","facilityType":"Heliport","facilityUse":"private","state":"nh","county":"Hillsborough","effectiveDate":"2026/08/06"}},{"type":"Feature","geometry":{"type":"Point","coordinates":[-71.90472222,43.87344444]},"properties":{"group":"airport","dataStatus":"reference","color":"#9be1ff","title":"Wentworth Aerodrome","status":"Private use airport","details":"Wentworth, NH \u00b7 NH96 \u00b7 Privately owned \u00b7 610 ft elevation","provider":"FAA NASR 28-day subscription","sourceUrl":"https://www.faa.gov/air_traffic/flight_info/aeronav/Aero_Data/NASR_Subscription/2026-08-06/","faaId":"NH96","icao":"","facilityType":"Airport","facilityUse":"private","state":"nh","county":"Grafton","effectiveDate":"2026/08/06"}},{"type":"Feature","geometry":{"type":"Point","coordinates":[-72.34154666,43.38408913]},"properties":{"group":"airport","dataStatus":"reference","color":"#9be1ff","title":"Valley Rgnl Hospital","status":"Private use heliport","details":"Claremont, NH \u00b7 NH97 \u00b7 Privately owned \u00b7 594 ft elevation","provider":"FAA NASR 28-day subscription","sourceUrl":"https://www.faa.gov/air_traffic/flight_info/aeronav/Aero_Data/NASR_Subscription/2026-08-06/","faaId":"NH97","icao":"","facilityType":"Heliport","facilityUse":"private","state":"nh","county":"Sullivan","effectiveDate":"2026/08/06"}},{"type":"Feature","geometry":{"type":"Point","coordinates":[-71.31666944,43.04406388]},"properties":{"group":"airport","dataStatus":"reference","color":"#9be1ff","title":"Brady-Candia","status":"Private use heliport","details":"Candia, NH \u00b7 NH98 \u00b7 Privately owned \u00b7 470 ft elevation","provider":"FAA NASR 28-day subscription","sourceUrl":"https://www.faa.gov/air_traffic/flight_info/aeronav/Aero_Data/NASR_Subscription/2026-08-06/","faaId":"NH98","icao":"","facilityType":"Heliport","facilityUse":"private","state":"nh","county":"Rockingham","effectiveDate":"2026/08/06"}},{"type":"Feature","geometry":{"type":"Point","coordinates":[-71.99885833,43.42008055]},"properties":{"group":"airport","dataStatus":"reference","color":"#9be1ff","title":"New London Hospital","status":"Private use heliport","details":"New London, NH \u00b7 NH99 \u00b7 Privately owned \u00b7 1288 ft elevation","provider":"FAA NASR 28-day subscription","sourceUrl":"https://www.faa.gov/air_traffic/flight_info/aeronav/Aero_Data/NASR_Subscription/2026-08-06/","faaId":"NH99","icao":"","facilityType":"Heliport","facilityUse":"private","state":"nh","county":"Merrimack","effectiveDate":"2026/08/06"}},{"type":"Feature","geometry":{"type":"Point","coordinates":[-68.67449555,44.952335]},"properties":{"group":"airport","dataStatus":"reference","color":"#9be1ff","title":"Dewitt Fld/Old Town Muni","status":"Public use airport","details":"Old Town, ME \u00b7 OLD / KOLD \u00b7 Publicly owned \u00b7 126.5 ft elevation","provider":"FAA NASR 28-day subscription","sourceUrl":"https://www.faa.gov/air_traffic/flight_info/aeronav/Aero_Data/NASR_Subscription/2026-08-06/","faaId":"OLD","icao":"KOLD","facilityType":"Airport","facilityUse":"public","state":"me","county":"Penobscot","effectiveDate":"2026/08/06"}},{"type":"Feature","geometry":{"type":"Point","coordinates":[-71.41240944,41.59740722]},"properties":{"group":"airport","dataStatus":"reference","color":"#9be1ff","title":"Quonset State","status":"Public use airport","details":"North Kingstown, RI \u00b7 OQU / KOQU \u00b7 Publicly owned \u00b7 18.2 ft elevation","provider":"FAA NASR 28-day subscription","sourceUrl":"https://www.faa.gov/air_traffic/flight_info/aeronav/Aero_Data/NASR_Subscription/2026-08-06/","faaId":"OQU","icao":"KOQU","facilityType":"Airport","facilityUse":"public","state":"ri","county":"Washington","effectiveDate":"2026/08/06"}},{"type":"Feature","geometry":{"type":"Point","coordinates":[-72.28849833,42.56999694]},"properties":{"group":"airport","dataStatus":"reference","color":"#9be1ff","title":"Orange Muni","status":"Public use airport","details":"Orange, MA \u00b7 ORE / KORE \u00b7 Publicly owned \u00b7 555.6 ft elevation","provider":"FAA NASR 28-day subscription","sourceUrl":"https://www.faa.gov/air_traffic/flight_info/aeronav/Aero_Data/NASR_Subscription/2026-08-06/","faaId":"ORE","icao":"KORE","facilityType":"Airport","facilityUse":"public","state":"ma","county":"Franklin","effectiveDate":"2026/08/06"}},{"type":"Feature","geometry":{"type":"Point","coordinates":[-71.87561111,42.26713888]},"properties":{"group":"airport","dataStatus":"reference","color":"#9be1ff","title":"Worcester Rgnl","status":"Public use airport","details":"Worcester, MA \u00b7 ORH / KORH \u00b7 Publicly owned \u00b7 1009 ft elevation","provider":"FAA NASR 28-day subscription","sourceUrl":"https://www.faa.gov/air_traffic/flight_info/aeronav/Aero_Data/NASR_Subscription/2026-08-06/","faaId":"ORH","icao":"KORH","facilityType":"Airport","facilityUse":"public","state":"ma","county":"Worcester","effectiveDate":"2026/08/06"}},{"type":"Feature","geometry":{"type":"Point","coordinates":[-71.17294444,42.19052777]},"properties":{"group":"airport","dataStatus":"reference","color":"#9be1ff","title":"Norwood Meml","status":"Public use airport","details":"Norwood, MA \u00b7 OWD / KOWD \u00b7 Publicly owned \u00b7 49.2 ft elevation","provider":"FAA NASR 28-day subscription","sourceUrl":"https://www.faa.gov/air_traffic/flight_info/aeronav/Aero_Data/NASR_Subscription/2026-08-06/","faaId":"OWD","icao":"KOWD","facilityType":"Airport","facilityUse":"public","state":"ma","county":"Norfolk","effectiveDate":"2026/08/06"}},{"type":"Feature","geometry":{"type":"Point","coordinates":[-69.86647222,44.7155]},"properties":{"group":"airport","dataStatus":"reference","color":"#9be1ff","title":"Central Maine/Norridgewock","status":"Public use airport","details":"Norridgewock, ME \u00b7 OWK / KOWK \u00b7 Publicly owned \u00b7 270.2 ft elevation","provider":"FAA NASR 28-day subscription","sourceUrl":"https://www.faa.gov/air_traffic/flight_info/aeronav/Aero_Data/NASR_Subscription/2026-08-06/","faaId":"OWK","icao":"KOWK","facilityType":"Airport","facilityUse":"public","state":"me","county":"Somerset","effectiveDate":"2026/08/06"}},{"type":"Feature","geometry":{"type":"Point","coordinates":[-73.1351825,41.47828055]},"properties":{"group":"airport","dataStatus":"reference","color":"#9be1ff","title":"Waterbury-Oxford","status":"Public use airport","details":"Oxford, CT \u00b7 OXC / KOXC \u00b7 Publicly owned \u00b7 730.1 ft elevation","provider":"FAA NASR 28-day subscription","sourceUrl":"https://www.faa.gov/air_traffic/flight_info/aeronav/Aero_Data/NASR_Subscription/2026-08-06/","faaId":"OXC","icao":"KOXC","facilityType":"Airport","facilityUse":"public","state":"ct","county":"New Haven","effectiveDate":"2026/08/06"}},{"type":"Feature","geometry":{"type":"Point","coordinates":[-68.97710555,44.86772222]},"properties":{"group":"airport","dataStatus":"reference","color":"#9be1ff","title":"Griffin Fld","status":"Public use airport","details":"Levant, ME \u00b7 PG1 \u00b7 Privately owned \u00b7 200 ft elevation","provider":"FAA NASR 28-day subscription","sourceUrl":"https://www.faa.gov/air_traffic/flight_info/aeronav/Aero_Data/NASR_Subscription/2026-08-06/","faaId":"PG1","icao":"","facilityType":"Airport","facilityUse":"public","state":"me","county":"Penobscot","effectiveDate":"2026/08/06"}},{"type":"Feature","geometry":{"type":"Point","coordinates":[-67.56439888,45.20065972]},"properties":{"group":"airport","dataStatus":"reference","color":"#9be1ff","title":"Princeton Muni","status":"Public use airport","details":"Princeton, ME \u00b7 PNN / KPNN \u00b7 Publicly owned \u00b7 264.9 ft elevation","provider":"FAA NASR 28-day subscription","sourceUrl":"https://www.faa.gov/air_traffic/flight_info/aeronav/Aero_Data/NASR_Subscription/2026-08-06/","faaId":"PNN","icao":"KPNN","facilityType":"Airport","facilityUse":"public","state":"me","county":"Washington","effectiveDate":"2026/08/06"}},{"type":"Feature","geometry":{"type":"Point","coordinates":[-68.04479138,46.68896388]},"properties":{"group":"airport","dataStatus":"reference","color":"#9be1ff","title":"Presque Isle Intl","status":"Public use airport","details":"Presque Isle, ME \u00b7 PQI / KPQI \u00b7 Publicly owned \u00b7 534 ft elevation","provider":"FAA NASR 28-day subscription","sourceUrl":"https://www.faa.gov/air_traffic/flight_info/aeronav/Aero_Data/NASR_Subscription/2026-08-06/","faaId":"PQI","icao":"KPQI","facilityType":"Airport","facilityUse":"public","state":"me","county":"Aroostook","effectiveDate":"2026/08/06"}},{"type":"Feature","geometry":{"type":"Point","coordinates":[-73.29079222,42.42763027]},"properties":{"group":"airport","dataStatus":"reference","color":"#9be1ff","title":"Pittsfield Muni","status":"Public use airport","details":"Pittsfield, MA \u00b7 PSF / KPSF \u00b7 Publicly owned \u00b7 1188.5 ft elevation","provider":"FAA NASR 28-day subscription","sourceUrl":"https://www.faa.gov/air_traffic/flight_info/aeronav/Aero_Data/NASR_Subscription/2026-08-06/","faaId":"PSF","icao":"KPSF","facilityType":"Airport","facilityUse":"public","state":"ma","county":"Berkshire","effectiveDate":"2026/08/06"}},{"type":"Feature","geometry":{"type":"Point","coordinates":[-70.82327777,43.07794444]},"properties":{"group":"airport","dataStatus":"reference","color":"#9be1ff","title":"Portsmouth Intl At Pease","status":"Public use airport","details":"Portsmouth, NH \u00b7 PSM / KPSM \u00b7 Publicly owned \u00b7 100.4 ft elevation","provider":"FAA NASR 28-day subscription","sourceUrl":"https://www.faa.gov/air_traffic/flight_info/aeronav/Aero_Data/NASR_Subscription/2026-08-06/","faaId":"PSM","icao":"KPSM","facilityType":"Airport","facilityUse":"public","state":"nh","county":"Rockingham","effectiveDate":"2026/08/06"}},{"type":"Feature","geometry":{"type":"Point","coordinates":[-70.22072222,42.07227777]},"properties":{"group":"airport","dataStatus":"reference","color":"#9be1ff","title":"Provincetown Muni","status":"Public use airport","details":"Provincetown, MA \u00b7 PVC / KPVC \u00b7 Publicly owned \u00b7 7.8 ft elevation","provider":"FAA NASR 28-day subscription","sourceUrl":"https://www.faa.gov/air_traffic/flight_info/aeronav/Aero_Data/NASR_Subscription/2026-08-06/","faaId":"PVC","icao":"KPVC","facilityType":"Airport","facilityUse":"public","state":"ma","county":"Barnstable","effectiveDate":"2026/08/06"}},{"type":"Feature","geometry":{"type":"Point","coordinates":[-71.42772222,41.72233333]},"properties":{"group":"airport","dataStatus":"reference","color":"#9be1ff","title":"Rhode Island Tf Green Intl","status":"Public use airport","details":"Providence, RI \u00b7 PVD / KPVD \u00b7 Publicly owned \u00b7 54 ft elevation","provider":"FAA NASR 28-day subscription","sourceUrl":"https://www.faa.gov/air_traffic/flight_info/aeronav/Aero_Data/NASR_Subscription/2026-08-06/","faaId":"PVD","icao":"KPVD","facilityType":"Airport","facilityUse":"public","state":"ri","county":"Kent","effectiveDate":"2026/08/06"}},{"type":"Feature","geometry":{"type":"Point","coordinates":[-70.30861636,43.6456435]},"properties":{"group":"airport","dataStatus":"reference","color":"#9be1ff","title":"Portland Intl Jetport","status":"Public use airport","details":"Portland, ME \u00b7 PWM / KPWM \u00b7 Publicly owned \u00b7 75.7 ft elevation","provider":"FAA NASR 28-day subscription","sourceUrl":"https://www.faa.gov/air_traffic/flight_info/aeronav/Aero_Data/NASR_Subscription/2026-08-06/","faaId":"PWM","icao":"KPWM","facilityType":"Airport","facilityUse":"public","state":"me","county":"Cumberland","effectiveDate":"2026/08/06"}},{"type":"Feature","geometry":{"type":"Point","coordinates":[-70.72762805,41.90878833]},"properties":{"group":"airport","dataStatus":"reference","color":"#9be1ff","title":"Plymouth Muni","status":"Public use airport","details":"Plymouth, MA \u00b7 PYM / KPYM \u00b7 Publicly owned \u00b7 148.1 ft elevation","provider":"FAA NASR 28-day subscription","sourceUrl":"https://www.faa.gov/air_traffic/flight_info/aeronav/Aero_Data/NASR_Subscription/2026-08-06/","faaId":"PYM","icao":"KPYM","facilityType":"Airport","facilityUse":"public","state":"ma","county":"Plymouth","effectiveDate":"2026/08/06"}},{"type":"Feature","geometry":{"type":"Point","coordinates":[-71.47750277,41.70724444]},"properties":{"group":"airport","dataStatus":"reference","color":"#9be1ff","title":"Kent County Meml Hospital","status":"Private use heliport","details":"Warwick, RI \u00b7 RI01 \u00b7 Privately owned \u00b7 104 ft elevation","provider":"FAA NASR 28-day subscription","sourceUrl":"https://www.faa.gov/air_traffic/flight_info/aeronav/Aero_Data/NASR_Subscription/2026-08-06/","faaId":"RI01","icao":"","facilityType":"Heliport","facilityUse":"private","state":"ri","county":"Kent","effectiveDate":"2026/08/06"}},{"type":"Feature","geometry":{"type":"Point","coordinates":[-71.41539722,41.94931111]},"properties":{"group":"airport","dataStatus":"reference","color":"#9be1ff","title":"Grayrock Ridge","status":"Private use heliport","details":"Cumberland, RI \u00b7 RI02 \u00b7 Privately owned \u00b7 314 ft elevation","provider":"FAA NASR 28-day subscription","sourceUrl":"https://www.faa.gov/air_traffic/flight_info/aeronav/Aero_Data/NASR_Subscription/2026-08-06/","faaId":"RI02","icao":"","facilityType":"Heliport","facilityUse":"private","state":"ri","county":"Providence","effectiveDate":"2026/08/06"}},{"type":"Feature","geometry":{"type":"Point","coordinates":[-71.14171083,41.57899194]},"properties":{"group":"airport","dataStatus":"reference","color":"#9be1ff","title":"Wing-Over Farm","status":"Private use airport","details":"Tiverton, RI \u00b7 RI07 \u00b7 Privately owned \u00b7 113 ft elevation","provider":"FAA NASR 28-day subscription","sourceUrl":"https://www.faa.gov/air_traffic/flight_info/aeronav/Aero_Data/NASR_Subscription/2026-08-06/","faaId":"RI07","icao":"","facilityType":"Airport","facilityUse":"private","state":"ri","county":"Newport","effectiveDate":"2026/08/06"}},{"type":"Feature","geometry":{"type":"Point","coordinates":[-71.49805277,41.43065833]},"properties":{"group":"airport","dataStatus":"reference","color":"#9be1ff","title":"South County Hospital","status":"Private use heliport","details":"Wakefield, RI \u00b7 RI08 \u00b7 Privately owned \u00b7 26 ft elevation","provider":"FAA NASR 28-day subscription","sourceUrl":"https://www.faa.gov/air_traffic/flight_info/aeronav/Aero_Data/NASR_Subscription/2026-08-06/","faaId":"RI08","icao":"","facilityType":"Heliport","facilityUse":"private","state":"ri","county":"Washington","effectiveDate":"2026/08/06"}},{"type":"Feature","geometry":{"type":"Point","coordinates":[-71.78368083,41.69676583]},"properties":{"group":"airport","dataStatus":"reference","color":"#9be1ff","title":"Riconn","status":"Private use airport","details":"Greene, RI \u00b7 RI11 \u00b7 Privately owned \u00b7 385 ft elevation","provider":"FAA NASR 28-day subscription","sourceUrl":"https://www.faa.gov/air_traffic/flight_info/aeronav/Aero_Data/NASR_Subscription/2026-08-06/","faaId":"RI11","icao":"","facilityType":"Airport","facilityUse":"private","state":"ri","county":"Kent","effectiveDate":"2026/08/06"}},{"type":"Feature","geometry":{"type":"Point","coordinates":[-71.3279,41.49015277]},"properties":{"group":"airport","dataStatus":"reference","color":"#9be1ff","title":"Goat Island","status":"Private use heliport","details":"Newport, RI \u00b7 RI21 \u00b7 Privately owned \u00b7 8 ft elevation","provider":"FAA NASR 28-day subscription","sourceUrl":"https://www.faa.gov/air_traffic/flight_info/aeronav/Aero_Data/NASR_Subscription/2026-08-06/","faaId":"RI21","icao":"","facilityType":"Heliport","facilityUse":"private","state":"ri","county":"Newport","effectiveDate":"2026/08/06"}},{"type":"Feature","geometry":{"type":"Point","coordinates":[-71.82230833,41.36239166]},"properties":{"group":"airport","dataStatus":"reference","color":"#9be1ff","title":"Westerly Hospital","status":"Private use heliport","details":"Westerly, RI \u00b7 RI23 \u00b7 Privately owned \u00b7 120 ft elevation","provider":"FAA NASR 28-day subscription","sourceUrl":"https://www.faa.gov/air_traffic/flight_info/aeronav/Aero_Data/NASR_Subscription/2026-08-06/","faaId":"RI23","icao":"","facilityType":"Heliport","facilityUse":"private","state":"ri","county":"Washington","effectiveDate":"2026/08/06"}},{"type":"Feature","geometry":{"type":"Point","coordinates":[-71.40946944,41.81018055]},"properties":{"group":"airport","dataStatus":"reference","color":"#9be1ff","title":"Rhode Island Hospital","status":"Private use heliport","details":"Providence, RI \u00b7 RI25 \u00b7 Privately owned \u00b7 71 ft elevation","provider":"FAA NASR 28-day subscription","sourceUrl":"https://www.faa.gov/air_traffic/flight_info/aeronav/Aero_Data/NASR_Subscription/2026-08-06/","faaId":"RI25","icao":"","facilityType":"Heliport","facilityUse":"private","state":"ri","county":"Providence","effectiveDate":"2026/08/06"}},{"type":"Feature","geometry":{"type":"Point","coordinates":[-71.495025,42.003625]},"properties":{"group":"airport","dataStatus":"reference","color":"#9be1ff","title":"Landmark Medical Center","status":"Private use heliport","details":"Woonsocket, RI \u00b7 RI26 \u00b7 Privately owned \u00b7 202 ft elevation","provider":"FAA NASR 28-day subscription","sourceUrl":"https://www.faa.gov/air_traffic/flight_info/aeronav/Aero_Data/NASR_Subscription/2026-08-06/","faaId":"RI26","icao":"","facilityType":"Heliport","facilityUse":"private","state":"ri","county":"Providence","effectiveDate":"2026/08/06"}},{"type":"Feature","geometry":{"type":"Point","coordinates":[-71.5903,41.87528333]},"properties":{"group":"airport","dataStatus":"reference","color":"#9be1ff","title":"Plouffe Landing","status":"Private use seaplane base","details":"Glocester, RI \u00b7 RI28 \u00b7 Privately owned \u00b7 328 ft elevation","provider":"FAA NASR 28-day subscription","sourceUrl":"https://www.faa.gov/air_traffic/flight_info/aeronav/Aero_Data/NASR_Subscription/2026-08-06/","faaId":"RI28","icao":"","facilityType":"Seaplane base","facilityUse":"private","state":"ri","county":"Providence","effectiveDate":"2026/08/06"}},{"type":"Feature","geometry":{"type":"Point","coordinates":[-71.64117333,41.37871222]},"properties":{"group":"airport","dataStatus":"reference","color":"#9be1ff","title":"East Arnolda Farm","status":"Private use heliport","details":"Charlestown, RI \u00b7 RI30 \u00b7 Privately owned \u00b7 22 ft elevation","provider":"FAA NASR 28-day subscription","sourceUrl":"https://www.faa.gov/air_traffic/flight_info/aeronav/Aero_Data/NASR_Subscription/2026-08-06/","faaId":"RI30","icao":"","facilityType":"Heliport","facilityUse":"private","state":"ri","county":"Washington","effectiveDate":"2026/08/06"}},{"type":"Feature","geometry":{"type":"Point","coordinates":[-69.09966972,44.06014222]},"properties":{"group":"airport","dataStatus":"reference","color":"#9be1ff","title":"Knox County Rgnl","status":"Public use airport","details":"Rockland, ME \u00b7 RKD / KRKD \u00b7 Publicly owned \u00b7 55.4 ft elevation","provider":"FAA NASR 28-day subscription","sourceUrl":"https://www.faa.gov/air_traffic/flight_info/aeronav/Aero_Data/NASR_Subscription/2026-08-06/","faaId":"RKD","icao":"KRKD","facilityType":"Airport","facilityUse":"public","state":"me","county":"Knox","effectiveDate":"2026/08/06"}},{"type":"Feature","geometry":{"type":"Point","coordinates":[-72.94962611,43.52973027]},"properties":{"group":"airport","dataStatus":"reference","color":"#9be1ff","title":"Rutland/Southern Vermont Rgnl","status":"Public use airport","details":"Rutland, VT \u00b7 RUT / KRUT \u00b7 Publicly owned \u00b7 787.3 ft elevation","provider":"FAA NASR 28-day subscription","sourceUrl":"https://www.faa.gov/air_traffic/flight_info/aeronav/Aero_Data/NASR_Subscription/2026-08-06/","faaId":"RUT","icao":"KRUT","facilityType":"Airport","facilityUse":"public","state":"vt","county":"Rutland","effectiveDate":"2026/08/06"}},{"type":"Feature","geometry":{"type":"Point","coordinates":[-70.708,43.39380555]},"properties":{"group":"airport","dataStatus":"reference","color":"#9be1ff","title":"Sanford Seacoast Rgnl","status":"Public use airport","details":"Sanford, ME \u00b7 SFM / KSFM \u00b7 Publicly owned \u00b7 244.1 ft elevation","provider":"FAA NASR 28-day subscription","sourceUrl":"https://www.faa.gov/air_traffic/flight_info/aeronav/Aero_Data/NASR_Subscription/2026-08-06/","faaId":"SFM","icao":"KSFM","facilityType":"Airport","facilityUse":"public","state":"me","county":"York","effectiveDate":"2026/08/06"}},{"type":"Feature","geometry":{"type":"Point","coordinates":[-71.49141666,41.92075]},"properties":{"group":"airport","dataStatus":"reference","color":"#9be1ff","title":"North Central State","status":"Public use airport","details":"Pawtucket, RI \u00b7 SFZ / KSFZ \u00b7 Publicly owned \u00b7 440.5 ft elevation","provider":"FAA NASR 28-day subscription","sourceUrl":"https://www.faa.gov/air_traffic/flight_info/aeronav/Aero_Data/NASR_Subscription/2026-08-06/","faaId":"SFZ","icao":"KSFZ","facilityType":"Airport","facilityUse":"public","state":"ri","county":"Providence","effectiveDate":"2026/08/06"}},{"type":"Feature","geometry":{"type":"Point","coordinates":[-72.50578722,41.38370944]},"properties":{"group":"airport","dataStatus":"reference","color":"#9be1ff","title":"Chester","status":"Public use airport","details":"Chester, CT \u00b7 SNC / KSNC \u00b7 Privately owned \u00b7 416 ft elevation","provider":"FAA NASR 28-day subscription","sourceUrl":"https://www.faa.gov/air_traffic/flight_info/aeronav/Aero_Data/NASR_Subscription/2026-08-06/","faaId":"SNC","icao":"KSNC","facilityType":"Airport","facilityUse":"public","state":"ct","county":"Middlesex","effectiveDate":"2026/08/06"}},{"type":"Feature","geometry":{"type":"Point","coordinates":[-71.01523277,41.87408027]},"properties":{"group":"airport","dataStatus":"reference","color":"#9be1ff","title":"Taunton Muni/King Fld","status":"Public use airport","details":"Taunton, MA \u00b7 TAN / KTAN \u00b7 Publicly owned \u00b7 41.3 ft elevation","provider":"FAA NASR 28-day subscription","sourceUrl":"https://www.faa.gov/air_traffic/flight_info/aeronav/Aero_Data/NASR_Subscription/2026-08-06/","faaId":"TAN","icao":"KTAN","facilityType":"Airport","facilityUse":"public","state":"ma","county":"Bristol","effectiveDate":"2026/08/06"}},{"type":"Feature","geometry":{"type":"Point","coordinates":[-71.28154394,41.53243975]},"properties":{"group":"airport","dataStatus":"reference","color":"#9be1ff","title":"Newport State","status":"Public use airport","details":"Newport, RI \u00b7 UUU / KUUU \u00b7 Publicly owned \u00b7 171.8 ft elevation","provider":"FAA NASR 28-day subscription","sourceUrl":"https://www.faa.gov/air_traffic/flight_info/aeronav/Aero_Data/NASR_Subscription/2026-08-06/","faaId":"UUU","icao":"KUUU","facilityType":"Airport","facilityUse":"public","state":"ri","county":"Newport","effectiveDate":"2026/08/06"}},{"type":"Feature","geometry":{"type":"Point","coordinates":[-72.51727777,43.34372222]},"properties":{"group":"airport","dataStatus":"reference","color":"#9be1ff","title":"Hartness State (Springfield)","status":"Public use airport","details":"Springfield, VT \u00b7 VSF / KVSF \u00b7 Publicly owned \u00b7 577.5 ft elevation","provider":"FAA NASR 28-day subscription","sourceUrl":"https://www.faa.gov/air_traffic/flight_info/aeronav/Aero_Data/NASR_Subscription/2026-08-06/","faaId":"VSF","icao":"KVSF","facilityType":"Airport","facilityUse":"public","state":"vt","county":"Windsor","effectiveDate":"2026/08/06"}},{"type":"Feature","geometry":{"type":"Point","coordinates":[-72.98094916,44.08867111]},"properties":{"group":"airport","dataStatus":"reference","color":"#9be1ff","title":"Maules Roost","status":"Private use airport","details":"Lincoln, VT \u00b7 VT03 \u00b7 Privately owned \u00b7 1100 ft elevation","provider":"FAA NASR 28-day subscription","sourceUrl":"https://www.faa.gov/air_traffic/flight_info/aeronav/Aero_Data/NASR_Subscription/2026-08-06/","faaId":"VT03","icao":"","facilityType":"Airport","facilityUse":"private","state":"vt","county":"Addison","effectiveDate":"2026/08/06"}},{"type":"Feature","geometry":{"type":"Point","coordinates":[-73.20722802,42.87356486]},"properties":{"group":"airport","dataStatus":"reference","color":"#9be1ff","title":"Southwestern Vermont","status":"Private use heliport","details":"Bennington, VT \u00b7 VT04 \u00b7 Privately owned \u00b7 794 ft elevation","provider":"FAA NASR 28-day subscription","sourceUrl":"https://www.faa.gov/air_traffic/flight_info/aeronav/Aero_Data/NASR_Subscription/2026-08-06/","faaId":"VT04","icao":"","facilityType":"Heliport","facilityUse":"private","state":"vt","county":"Bennington","effectiveDate":"2026/08/06"}},{"type":"Feature","geometry":{"type":"Point","coordinates":[-72.47369444,43.00444444]},"properties":{"group":"airport","dataStatus":"reference","color":"#9be1ff","title":"Santa'S","status":"Private use airport","details":"Putney, VT \u00b7 VT06 \u00b7 Privately owned \u00b7 673 ft elevation","provider":"FAA NASR 28-day subscription","sourceUrl":"https://www.faa.gov/air_traffic/flight_info/aeronav/Aero_Data/NASR_Subscription/2026-08-06/","faaId":"VT06","icao":"","facilityType":"Airport","facilityUse":"private","state":"vt","county":"Windham","effectiveDate":"2026/08/06"}},{"type":"Feature","geometry":{"type":"Point","coordinates":[-72.12314583,44.00145527]},"properties":{"group":"airport","dataStatus":"reference","color":"#9be1ff","title":"Bradford Armory","status":"Private use heliport","details":"Bradford, VT \u00b7 VT08 \u00b7 Publicly owned \u00b7 465 ft elevation","provider":"FAA NASR 28-day subscription","sourceUrl":"https://www.faa.gov/air_traffic/flight_info/aeronav/Aero_Data/NASR_Subscription/2026-08-06/","faaId":"VT08","icao":"","facilityType":"Heliport","facilityUse":"private","state":"vt","county":"Orange","effectiveDate":"2026/08/06"}},{"type":"Feature","geometry":{"type":"Point","coordinates":[-73.29027777,44.11361111]},"properties":{"group":"airport","dataStatus":"reference","color":"#9be1ff","title":"Spencer","status":"Private use airport","details":"Addison, VT \u00b7 VT09 \u00b7 Privately owned \u00b7 310 ft elevation","provider":"FAA NASR 28-day subscription","sourceUrl":"https://www.faa.gov/air_traffic/flight_info/aeronav/Aero_Data/NASR_Subscription/2026-08-06/","faaId":"VT09","icao":"","facilityType":"Airport","facilityUse":"private","state":"vt","county":"Addison","effectiveDate":"2026/08/06"}},{"type":"Feature","geometry":{"type":"Point","coordinates":[-73.38567722,43.98144611]},"properties":{"group":"airport","dataStatus":"reference","color":"#9be1ff","title":"Manning Personal Airstrip","status":"Private use airport","details":"Bridport, VT \u00b7 VT10 \u00b7 Privately owned \u00b7 255 ft elevation","provider":"FAA NASR 28-day subscription","sourceUrl":"https://www.faa.gov/air_traffic/flight_info/aeronav/Aero_Data/NASR_Subscription/2026-08-06/","faaId":"VT10","icao":"","facilityType":"Airport","facilityUse":"private","state":"vt","county":"Addison","effectiveDate":"2026/08/06"}},{"type":"Feature","geometry":{"type":"Point","coordinates":[-73.37344444,44.06866666]},"properties":{"group":"airport","dataStatus":"reference","color":"#9be1ff","title":"Ass-Pirin Acres","status":"Private use airport","details":"Addison, VT \u00b7 VT11 \u00b7 Privately owned \u00b7 130 ft elevation","provider":"FAA NASR 28-day subscription","sourceUrl":"https://www.faa.gov/air_traffic/flight_info/aeronav/Aero_Data/NASR_Subscription/2026-08-06/","faaId":"VT11","icao":"","facilityType":"Airport","facilityUse":"private","state":"vt","county":"Addison","effectiveDate":"2026/08/06"}},{"type":"Feature","geometry":{"type":"Point","coordinates":[-73.28318083,44.29116305]},"properties":{"group":"airport","dataStatus":"reference","color":"#9be1ff","title":"E A Deeds Farm","status":"Private use airport","details":"Charlotte, VT \u00b7 VT12 \u00b7 Privately owned \u00b7 127 ft elevation","provider":"FAA NASR 28-day subscription","sourceUrl":"https://www.faa.gov/air_traffic/flight_info/aeronav/Aero_Data/NASR_Subscription/2026-08-06/","faaId":"VT12","icao":"","facilityType":"Airport","facilityUse":"private","state":"vt","county":"Chittenden","effectiveDate":"2026/08/06"}},{"type":"Feature","geometry":{"type":"Point","coordinates":[-72.71759583,43.30007388]},"properties":{"group":"airport","dataStatus":"reference","color":"#9be1ff","title":"Holloway","status":"Private use airport","details":"Chester, VT \u00b7 VT13 \u00b7 Privately owned \u00b7 1520 ft elevation","provider":"FAA NASR 28-day subscription","sourceUrl":"https://www.faa.gov/air_traffic/flight_info/aeronav/Aero_Data/NASR_Subscription/2026-08-06/","faaId":"VT13","icao":"","facilityType":"Airport","facilityUse":"private","state":"vt","county":"Windsor","effectiveDate":"2026/08/06"}},{"type":"Feature","geometry":{"type":"Point","coordinates":[-73.24596388,44.70393305]},"properties":{"group":"airport","dataStatus":"reference","color":"#9be1ff","title":"Savage Island","status":"Private use airport","details":"Grand Isle, VT \u00b7 VT15 \u00b7 Privately owned \u00b7 125 ft elevation","provider":"FAA NASR 28-day subscription","sourceUrl":"https://www.faa.gov/air_traffic/flight_info/aeronav/Aero_Data/NASR_Subscription/2026-08-06/","faaId":"VT15","icao":"","facilityType":"Airport","facilityUse":"private","state":"vt","county":"Grand Isle","effectiveDate":"2026/08/06"}},{"type":"Feature","geometry":{"type":"Point","coordinates":[-72.67426166,43.36896166]},"properties":{"group":"airport","dataStatus":"reference","color":"#9be1ff","title":"Smith","status":"Private use airport","details":"Ludlow, VT \u00b7 VT17 \u00b7 Privately owned \u00b7 1502 ft elevation","provider":"FAA NASR 28-day subscription","sourceUrl":"https://www.faa.gov/air_traffic/flight_info/aeronav/Aero_Data/NASR_Subscription/2026-08-06/","faaId":"VT17","icao":"","facilityType":"Airport","facilityUse":"private","state":"vt","county":"Windsor","effectiveDate":"2026/08/06"}},{"type":"Feature","geometry":{"type":"Point","coordinates":[-73.10436944,43.87473888]},"properties":{"group":"airport","dataStatus":"reference","color":"#9be1ff","title":"Blsg Leicester","status":"Private use heliport","details":"Leicester, VT \u00b7 VT21 \u00b7 Privately owned \u00b7 441 ft elevation","provider":"FAA NASR 28-day subscription","sourceUrl":"https://www.faa.gov/air_traffic/flight_info/aeronav/Aero_Data/NASR_Subscription/2026-08-06/","faaId":"VT21","icao":"","facilityType":"Heliport","facilityUse":"private","state":"vt","county":"Addison","effectiveDate":"2026/08/06"}},{"type":"Feature","geometry":{"type":"Point","coordinates":[-73.26707138,44.40143888]},"properties":{"group":"airport","dataStatus":"reference","color":"#9be1ff","title":"Shelburne Farms","status":"Private use airport","details":"Shelburne, VT \u00b7 VT22 \u00b7 Privately owned \u00b7 130 ft elevation","provider":"FAA NASR 28-day subscription","sourceUrl":"https://www.faa.gov/air_traffic/flight_info/aeronav/Aero_Data/NASR_Subscription/2026-08-06/","faaId":"VT22","icao":"","facilityType":"Airport","facilityUse":"private","state":"vt","county":"Chittenden","effectiveDate":"2026/08/06"}},{"type":"Feature","geometry":{"type":"Point","coordinates":[-73.25040361,44.37088388]},"properties":{"group":"airport","dataStatus":"reference","color":"#9be1ff","title":"Bostwick Farm","status":"Private use airport","details":"Shelburne, VT \u00b7 VT23 \u00b7 Privately owned \u00b7 220 ft elevation","provider":"FAA NASR 28-day subscription","sourceUrl":"https://www.faa.gov/air_traffic/flight_info/aeronav/Aero_Data/NASR_Subscription/2026-08-06/","faaId":"VT23","icao":"","facilityType":"Airport","facilityUse":"private","state":"vt","county":"Chittenden","effectiveDate":"2026/08/06"}},{"type":"Feature","geometry":{"type":"Point","coordinates":[-73.25293888,43.98860277]},"properties":{"group":"airport","dataStatus":"reference","color":"#9be1ff","title":"West Street Property","status":"Private use heliport","details":"Cornwall, VT \u00b7 VT24 \u00b7 Privately owned \u00b7 181.1 ft elevation","provider":"FAA NASR 28-day subscription","sourceUrl":"https://www.faa.gov/air_traffic/flight_info/aeronav/Aero_Data/NASR_Subscription/2026-08-06/","faaId":"VT24","icao":"","facilityType":"Heliport","facilityUse":"private","state":"vt","county":"Addison","effectiveDate":"2026/08/06"}},{"type":"Feature","geometry":{"type":"Point","coordinates":[-73.16623694,44.41671722]},"properties":{"group":"airport","dataStatus":"reference","color":"#9be1ff","title":"Sky Acres","status":"Private use airport","details":"South Burlington, VT \u00b7 VT25 \u00b7 Privately owned \u00b7 330 ft elevation","provider":"FAA NASR 28-day subscription","sourceUrl":"https://www.faa.gov/air_traffic/flight_info/aeronav/Aero_Data/NASR_Subscription/2026-08-06/","faaId":"VT25","icao":"","facilityType":"Airport","facilityUse":"private","state":"vt","county":"Chittenden","effectiveDate":"2026/08/06"}},{"type":"Feature","geometry":{"type":"Point","coordinates":[-73.24678888,44.17088805]},"properties":{"group":"airport","dataStatus":"reference","color":"#9be1ff","title":"Vergennes Armory","status":"Private use heliport","details":"Vergennes, VT \u00b7 VT28 \u00b7 Publicly owned \u00b7 200 ft elevation","provider":"FAA NASR 28-day subscription","sourceUrl":"https://www.faa.gov/air_traffic/flight_info/aeronav/Aero_Data/NASR_Subscription/2026-08-06/","faaId":"VT28","icao":"","facilityType":"Heliport","facilityUse":"private","state":"vt","county":"Addison","effectiveDate":"2026/08/06"}},{"type":"Feature","geometry":{"type":"Point","coordinates":[-72.83400361,44.16255944]},"properties":{"group":"airport","dataStatus":"reference","color":"#9be1ff","title":"Ketcham Lndg Area","status":"Private use airport","details":"Waitsfield, VT \u00b7 VT30 \u00b7 Privately owned \u00b7 780 ft elevation","provider":"FAA NASR 28-day subscription","sourceUrl":"https://www.faa.gov/air_traffic/flight_info/aeronav/Aero_Data/NASR_Subscription/2026-08-06/","faaId":"VT30","icao":"","facilityType":"Airport","facilityUse":"private","state":"vt","county":"Washington","effectiveDate":"2026/08/06"}},{"type":"Feature","geometry":{"type":"Point","coordinates":[-72.44399,44.11117416]},"properties":{"group":"airport","dataStatus":"reference","color":"#9be1ff","title":"Carriers Skypark","status":"Private use airport","details":"Washington, VT \u00b7 VT31 \u00b7 Privately owned \u00b7 1600 ft elevation","provider":"FAA NASR 28-day subscription","sourceUrl":"https://www.faa.gov/air_traffic/flight_info/aeronav/Aero_Data/NASR_Subscription/2026-08-06/","faaId":"VT31","icao":"","facilityType":"Airport","facilityUse":"private","state":"vt","county":"Orange","effectiveDate":"2026/08/06"}},{"type":"Feature","geometry":{"type":"Point","coordinates":[-73.11301944,43.80203333]},"properties":{"group":"airport","dataStatus":"reference","color":"#9be1ff","title":"Blsg Brandon","status":"Private use heliport","details":"Brandon, VT \u00b7 VT33 \u00b7 Privately owned \u00b7 361 ft elevation","provider":"FAA NASR 28-day subscription","sourceUrl":"https://www.faa.gov/air_traffic/flight_info/aeronav/Aero_Data/NASR_Subscription/2026-08-06/","faaId":"VT33","icao":"","facilityType":"Heliport","facilityUse":"private","state":"vt","county":"Rutland","effectiveDate":"2026/08/06"}},{"type":"Feature","geometry":{"type":"Point","coordinates":[-72.49203305,43.06007916]},"properties":{"group":"airport","dataStatus":"reference","color":"#9be1ff","title":"Major W Guth","status":"Private use airport","details":"Westminster, VT \u00b7 VT34 \u00b7 Privately owned \u00b7 819 ft elevation","provider":"FAA NASR 28-day subscription","sourceUrl":"https://www.faa.gov/air_traffic/flight_info/aeronav/Aero_Data/NASR_Subscription/2026-08-06/","faaId":"VT34","icao":"","facilityType":"Airport","facilityUse":"private","state":"vt","county":"Windham","effectiveDate":"2026/08/06"}},{"type":"Feature","geometry":{"type":"Point","coordinates":[-73.24666666,45.00916666]},"properties":{"group":"airport","dataStatus":"reference","color":"#9be1ff","title":"Greenwoods Airfield","status":"Private use airport","details":"Alburg, VT \u00b7 VT38 \u00b7 Privately owned \u00b7 179 ft elevation","provider":"FAA NASR 28-day subscription","sourceUrl":"https://www.faa.gov/air_traffic/flight_info/aeronav/Aero_Data/NASR_Subscription/2026-08-06/","faaId":"VT38","icao":"","facilityType":"Airport","facilityUse":"private","state":"vt","county":"Grand Isle","effectiveDate":"2026/08/06"}},{"type":"Feature","geometry":{"type":"Point","coordinates":[-72.60705833,44.51255277]},"properties":{"group":"airport","dataStatus":"reference","color":"#9be1ff","title":"Two Tails","status":"Private use airport","details":"Morrisville, VT \u00b7 VT42 \u00b7 Privately owned \u00b7 754 ft elevation","provider":"FAA NASR 28-day subscription","sourceUrl":"https://www.faa.gov/air_traffic/flight_info/aeronav/Aero_Data/NASR_Subscription/2026-08-06/","faaId":"VT42","icao":"","facilityType":"Airport","facilityUse":"private","state":"vt","county":"Lamoille","effectiveDate":"2026/08/06"}},{"type":"Feature","geometry":{"type":"Point","coordinates":[-72.65287027,43.01924638]},"properties":{"group":"airport","dataStatus":"reference","color":"#9be1ff","title":"Onyon","status":"Private use airport","details":"Townshend, VT \u00b7 VT43 \u00b7 Privately owned \u00b7 427 ft elevation","provider":"FAA NASR 28-day subscription","sourceUrl":"https://www.faa.gov/air_traffic/flight_info/aeronav/Aero_Data/NASR_Subscription/2026-08-06/","faaId":"VT43","icao":"","facilityType":"Airport","facilityUse":"private","state":"vt","county":"Windham","effectiveDate":"2026/08/06"}},{"type":"Feature","geometry":{"type":"Point","coordinates":[-72.58150305,44.52671944]},"properties":{"group":"airport","dataStatus":"reference","color":"#9be1ff","title":"Perras Fld","status":"Private use airport","details":"Morrisville, VT \u00b7 VT44 \u00b7 Privately owned \u00b7 820 ft elevation","provider":"FAA NASR 28-day subscription","sourceUrl":"https://www.faa.gov/air_traffic/flight_info/aeronav/Aero_Data/NASR_Subscription/2026-08-06/","faaId":"VT44","icao":"","facilityType":"Airport","facilityUse":"private","state":"vt","county":"Lamoille","effectiveDate":"2026/08/06"}},{"type":"Feature","geometry":{"type":"Point","coordinates":[-72.97929361,44.51727277]},"properties":{"group":"airport","dataStatus":"reference","color":"#9be1ff","title":"Davis","status":"Private use airport","details":"Jericho, VT \u00b7 VT45 \u00b7 Privately owned \u00b7 640 ft elevation","provider":"FAA NASR 28-day subscription","sourceUrl":"https://www.faa.gov/air_traffic/flight_info/aeronav/Aero_Data/NASR_Subscription/2026-08-06/","faaId":"VT45","icao":"","facilityType":"Airport","facilityUse":"private","state":"vt","county":"Chittenden","effectiveDate":"2026/08/06"}},{"type":"Feature","geometry":{"type":"Point","coordinates":[-73.28652,44.87198555]},"properties":{"group":"airport","dataStatus":"reference","color":"#9be1ff","title":"Northern Lights","status":"Private use airport","details":"Alburg, VT \u00b7 VT46 \u00b7 Privately owned \u00b7 130 ft elevation","provider":"FAA NASR 28-day subscription","sourceUrl":"https://www.faa.gov/air_traffic/flight_info/aeronav/Aero_Data/NASR_Subscription/2026-08-06/","faaId":"VT46","icao":"","facilityType":"Airport","facilityUse":"private","state":"vt","county":"Grand Isle","effectiveDate":"2026/08/06"}},{"type":"Feature","geometry":{"type":"Point","coordinates":[-72.52777777,42.77861111]},"properties":{"group":"airport","dataStatus":"reference","color":"#9be1ff","title":"Miller Farm Airfield","status":"Private use airport","details":"Vernon, VT \u00b7 VT47 \u00b7 Privately owned \u00b7 285 ft elevation","provider":"FAA NASR 28-day subscription","sourceUrl":"https://www.faa.gov/air_traffic/flight_info/aeronav/Aero_Data/NASR_Subscription/2026-08-06/","faaId":"VT47","icao":"","facilityType":"Airport","facilityUse":"private","state":"vt","county":"Windham","effectiveDate":"2026/08/06"}},{"type":"Feature","geometry":{"type":"Point","coordinates":[-73.18763138,44.64337972]},"properties":{"group":"airport","dataStatus":"reference","color":"#9be1ff","title":"Shaw Meadow","status":"Private use airport","details":"Milton, VT \u00b7 VT52 \u00b7 Privately owned \u00b7 230 ft elevation","provider":"FAA NASR 28-day subscription","sourceUrl":"https://www.faa.gov/air_traffic/flight_info/aeronav/Aero_Data/NASR_Subscription/2026-08-06/","faaId":"VT52","icao":"","facilityType":"Airport","facilityUse":"private","state":"vt","county":"Chittenden","effectiveDate":"2026/08/06"}},{"type":"Feature","geometry":{"type":"Point","coordinates":[-73.37873555,44.11755444]},"properties":{"group":"airport","dataStatus":"reference","color":"#9be1ff","title":"Bailey","status":"Private use airport","details":"Panton, VT \u00b7 VT53 \u00b7 Privately owned \u00b7 140 ft elevation","provider":"FAA NASR 28-day subscription","sourceUrl":"https://www.faa.gov/air_traffic/flight_info/aeronav/Aero_Data/NASR_Subscription/2026-08-06/","faaId":"VT53","icao":"","facilityType":"Airport","facilityUse":"private","state":"vt","county":"Addison","effectiveDate":"2026/08/06"}},{"type":"Feature","geometry":{"type":"Point","coordinates":[-73.23985833,43.98949444]},"properties":{"group":"airport","dataStatus":"reference","color":"#9be1ff","title":"Foote Farm Association Rla","status":"Private use heliport","details":"Cornwall, VT \u00b7 VT54 \u00b7 Privately owned \u00b7 167.1 ft elevation","provider":"FAA NASR 28-day subscription","sourceUrl":"https://www.faa.gov/air_traffic/flight_info/aeronav/Aero_Data/NASR_Subscription/2026-08-06/","faaId":"VT54","icao":"","facilityType":"Heliport","facilityUse":"private","state":"vt","county":"Addison","effectiveDate":"2026/08/06"}},{"type":"Feature","geometry":{"type":"Point","coordinates":[-72.58287888,43.90117694]},"properties":{"group":"airport","dataStatus":"reference","color":"#9be1ff","title":"Brandon","status":"Private use airport","details":"Randolph, VT \u00b7 VT55 \u00b7 Privately owned \u00b7 710 ft elevation","provider":"FAA NASR 28-day subscription","sourceUrl":"https://www.faa.gov/air_traffic/flight_info/aeronav/Aero_Data/NASR_Subscription/2026-08-06/","faaId":"VT55","icao":"","facilityType":"Airport","facilityUse":"private","state":"vt","county":"Orange","effectiveDate":"2026/08/06"}},{"type":"Feature","geometry":{"type":"Point","coordinates":[-71.98092888,44.61310888]},"properties":{"group":"airport","dataStatus":"reference","color":"#9be1ff","title":"West Burke Aerodrome","status":"Private use airport","details":"West Burke, VT \u00b7 VT56 \u00b7 Privately owned \u00b7 1285 ft elevation","provider":"FAA NASR 28-day subscription","sourceUrl":"https://www.faa.gov/air_traffic/flight_info/aeronav/Aero_Data/NASR_Subscription/2026-08-06/","faaId":"VT56","icao":"","facilityType":"Airport","facilityUse":"private","state":"vt","county":"Caledonia","effectiveDate":"2026/08/06"}},{"type":"Feature","geometry":{"type":"Point","coordinates":[-73.24040666,44.56060277]},"properties":{"group":"airport","dataStatus":"reference","color":"#9be1ff","title":"Malletts Head","status":"Private use seaplane base","details":"Colchester, VT \u00b7 VT57 \u00b7 Privately owned \u00b7 95 ft elevation","provider":"FAA NASR 28-day subscription","sourceUrl":"https://www.faa.gov/air_traffic/flight_info/aeronav/Aero_Data/NASR_Subscription/2026-08-06/","faaId":"VT57","icao":"","facilityType":"Seaplane base","facilityUse":"private","state":"vt","county":"Chittenden","effectiveDate":"2026/08/06"}},{"type":"Feature","geometry":{"type":"Point","coordinates":[-72.91083333,43.27777777]},"properties":{"group":"airport","dataStatus":"reference","color":"#9be1ff","title":"Ardell Flying Fld","status":"Private use airport","details":"Manchester, VT \u00b7 VT59 \u00b7 Privately owned \u00b7 1919 ft elevation","provider":"FAA NASR 28-day subscription","sourceUrl":"https://www.faa.gov/air_traffic/flight_info/aeronav/Aero_Data/NASR_Subscription/2026-08-06/","faaId":"VT59","icao":"","facilityType":"Airport","facilityUse":"private","state":"vt","county":"Bennington","effectiveDate":"2026/08/06"}},{"type":"Feature","geometry":{"type":"Point","coordinates":[-73.24260555,43.33007222]},"properties":{"group":"airport","dataStatus":"reference","color":"#9be1ff","title":"Hulett Landing Strip","status":"Private use airport","details":"West Pawlett, VT \u00b7 VT60 \u00b7 Privately owned \u00b7 720 ft elevation","provider":"FAA NASR 28-day subscription","sourceUrl":"https://www.faa.gov/air_traffic/flight_info/aeronav/Aero_Data/NASR_Subscription/2026-08-06/","faaId":"VT60","icao":"","facilityType":"Airport","facilityUse":"private","state":"vt","county":"Rutland","effectiveDate":"2026/08/06"}},{"type":"Feature","geometry":{"type":"Point","coordinates":[-72.95379394,43.59711972]},"properties":{"group":"airport","dataStatus":"reference","color":"#9be1ff","title":"Rutland Rgnl Medical Center","status":"Private use heliport","details":"Rutland, VT \u00b7 VT61 \u00b7 Privately owned \u00b7 659 ft elevation","provider":"FAA NASR 28-day subscription","sourceUrl":"https://www.faa.gov/air_traffic/flight_info/aeronav/Aero_Data/NASR_Subscription/2026-08-06/","faaId":"VT61","icao":"","facilityType":"Heliport","facilityUse":"private","state":"vt","county":"Rutland","effectiveDate":"2026/08/06"}},{"type":"Feature","geometry":{"type":"Point","coordinates":[-72.35063888,44.39036666]},"properties":{"group":"airport","dataStatus":"reference","color":"#9be1ff","title":"Catamount Airfield","status":"Private use airport","details":"Cabot, VT \u00b7 VT62 \u00b7 Privately owned \u00b7 1350 ft elevation","provider":"FAA NASR 28-day subscription","sourceUrl":"https://www.faa.gov/air_traffic/flight_info/aeronav/Aero_Data/NASR_Subscription/2026-08-06/","faaId":"VT62","icao":"","facilityType":"Airport","facilityUse":"private","state":"vt","county":"Washington","effectiveDate":"2026/08/06"}},{"type":"Feature","geometry":{"type":"Point","coordinates":[-72.56040833,44.21936944]},"properties":{"group":"airport","dataStatus":"reference","color":"#9be1ff","title":"Central Vermont Medical Center","status":"Private use heliport","details":"Barre, VT \u00b7 VT65 \u00b7 Privately owned \u00b7 960 ft elevation","provider":"FAA NASR 28-day subscription","sourceUrl":"https://www.faa.gov/air_traffic/flight_info/aeronav/Aero_Data/NASR_Subscription/2026-08-06/","faaId":"VT65","icao":"","facilityType":"Heliport","facilityUse":"private","state":"vt","county":"Washington","effectiveDate":"2026/08/06"}},{"type":"Feature","geometry":{"type":"Point","coordinates":[-72.19952777,44.95603611]},"properties":{"group":"airport","dataStatus":"reference","color":"#9be1ff","title":"North Country Hospital","status":"Private use heliport","details":"Newport, VT \u00b7 VT70 \u00b7 Privately owned \u00b7 690 ft elevation","provider":"FAA NASR 28-day subscription","sourceUrl":"https://www.faa.gov/air_traffic/flight_info/aeronav/Aero_Data/NASR_Subscription/2026-08-06/","faaId":"VT70","icao":"","facilityType":"Heliport","facilityUse":"private","state":"vt","county":"Orleans","effectiveDate":"2026/08/06"}},{"type":"Feature","geometry":{"type":"Point","coordinates":[-72.95451388,44.51575]},"properties":{"group":"airport","dataStatus":"reference","color":"#9be1ff","title":"Villeneuve Fld","status":"Private use airport","details":"Jericho, VT \u00b7 VT72 \u00b7 Privately owned \u00b7 668 ft elevation","provider":"FAA NASR 28-day subscription","sourceUrl":"https://www.faa.gov/air_traffic/flight_info/aeronav/Aero_Data/NASR_Subscription/2026-08-06/","faaId":"VT72","icao":"","facilityType":"Airport","facilityUse":"private","state":"vt","county":"Chittenden","effectiveDate":"2026/08/06"}},{"type":"Feature","geometry":{"type":"Point","coordinates":[-73.31683333,43.94486111]},"properties":{"group":"airport","dataStatus":"reference","color":"#9be1ff","title":"Melrose Springs Airfield","status":"Private use airport","details":"Bridport, VT \u00b7 VT73 \u00b7 Privately owned \u00b7 300 ft elevation","provider":"FAA NASR 28-day subscription","sourceUrl":"https://www.faa.gov/air_traffic/flight_info/aeronav/Aero_Data/NASR_Subscription/2026-08-06/","faaId":"VT73","icao":"","facilityType":"Airport","facilityUse":"private","state":"vt","county":"Addison","effectiveDate":"2026/08/06"}},{"type":"Feature","geometry":{"type":"Point","coordinates":[-72.97840375,44.10441011]},"properties":{"group":"airport","dataStatus":"reference","color":"#9be1ff","title":"Little Goose Farm","status":"Private use airport","details":"Lincoln, VT \u00b7 VT76 \u00b7 Privately owned \u00b7 1294 ft elevation","provider":"FAA NASR 28-day subscription","sourceUrl":"https://www.faa.gov/air_traffic/flight_info/aeronav/Aero_Data/NASR_Subscription/2026-08-06/","faaId":"VT76","icao":"","facilityType":"Airport","facilityUse":"private","state":"vt","county":"Addison","effectiveDate":"2026/08/06"}},{"type":"Feature","geometry":{"type":"Point","coordinates":[-73.22639444,44.36030277]},"properties":{"group":"airport","dataStatus":"reference","color":"#9be1ff","title":"Shelburne","status":"Public use airport","details":"Shelburne, VT \u00b7 VT8 \u00b7 Privately owned \u00b7 325 ft elevation","provider":"FAA NASR 28-day subscription","sourceUrl":"https://www.faa.gov/air_traffic/flight_info/aeronav/Aero_Data/NASR_Subscription/2026-08-06/","faaId":"VT8","icao":"","facilityType":"Airport","facilityUse":"public","state":"vt","county":"Chittenden","effectiveDate":"2026/08/06"}},{"type":"Feature","geometry":{"type":"Point","coordinates":[-73.01948333,44.05893888]},"properties":{"group":"airport","dataStatus":"reference","color":"#9be1ff","title":"Vtpad","status":"Private use heliport","details":"South Lincoln, VT \u00b7 VT88 \u00b7 Privately owned \u00b7 1908 ft elevation","provider":"FAA NASR 28-day subscription","sourceUrl":"https://www.faa.gov/air_traffic/flight_info/aeronav/Aero_Data/NASR_Subscription/2026-08-06/","faaId":"VT88","icao":"","facilityType":"Heliport","facilityUse":"private","state":"vt","county":"Addison","effectiveDate":"2026/08/06"}},{"type":"Feature","geometry":{"type":"Point","coordinates":[-72.66596161,43.91719386]},"properties":{"group":"airport","dataStatus":"reference","color":"#9be1ff","title":"Gifford Meml Hospital","status":"Private use heliport","details":"Randolph, VT \u00b7 VT95 \u00b7 Privately owned \u00b7 745 ft elevation","provider":"FAA NASR 28-day subscription","sourceUrl":"https://www.faa.gov/air_traffic/flight_info/aeronav/Aero_Data/NASR_Subscription/2026-08-06/","faaId":"VT95","icao":"","facilityType":"Heliport","facilityUse":"private","state":"vt","county":"Orange","effectiveDate":"2026/08/06"}},{"type":"Feature","geometry":{"type":"Point","coordinates":[-73.16426666,44.60004166]},"properties":{"group":"airport","dataStatus":"reference","color":"#9be1ff","title":"Mansfield Heliflight Inc","status":"Private use heliport","details":"Milton, VT \u00b7 VT96 \u00b7 Privately owned \u00b7 182 ft elevation","provider":"FAA NASR 28-day subscription","sourceUrl":"https://www.faa.gov/air_traffic/flight_info/aeronav/Aero_Data/NASR_Subscription/2026-08-06/","faaId":"VT96","icao":"","facilityType":"Heliport","facilityUse":"private","state":"vt","county":"Chittenden","effectiveDate":"2026/08/06"}},{"type":"Feature","geometry":{"type":"Point","coordinates":[-71.80341683,41.34963297]},"properties":{"group":"airport","dataStatus":"reference","color":"#9be1ff","title":"Westerly State","status":"Public use airport","details":"Westerly, RI \u00b7 WST / KWST \u00b7 Publicly owned \u00b7 81.1 ft elevation","provider":"FAA NASR 28-day subscription","sourceUrl":"https://www.faa.gov/air_traffic/flight_info/aeronav/Aero_Data/NASR_Subscription/2026-08-06/","faaId":"WST","icao":"KWST","facilityType":"Airport","facilityUse":"public","state":"ri","county":"Washington","effectiveDate":"2026/08/06"}},{"type":"Feature","geometry":{"type":"Point","coordinates":[-69.67552777,44.53325]},"properties":{"group":"airport","dataStatus":"reference","color":"#9be1ff","title":"Waterville Rgnl","status":"Public use airport","details":"Waterville, ME \u00b7 WVL / KWVL \u00b7 Publicly owned \u00b7 332.8 ft elevation","provider":"FAA NASR 28-day subscription","sourceUrl":"https://www.faa.gov/air_traffic/flight_info/aeronav/Aero_Data/NASR_Subscription/2026-08-06/","faaId":"WVL","icao":"KWVL","facilityType":"Airport","facilityUse":"public","state":"me","county":"Kennebec","effectiveDate":"2026/08/06"}}]}